36149
35490
27981
39149
23851
10401
29732
27338
13467
23652
10617
1119
33315
35162
40535
49761
33146
36706
12130
2420
30517
47473
19445
17396
30959
23021
18012
31970
37177
17103
129
4868
13326
43944
48416
26546
25070
29666
43831
40807
5327
16245
34280
44970
4353
42400
42892
40867
28138
38586
31880
29487
24051
17969
28113
44145
33421
20014
5952
44476
31127
20233
11416
36786
35149
44637
3066
19094
10952
36621
31144
21761
46936
1708
12960
5533
25016
2718
15494
29232
28208
49837
5003
17328
28866
26049
44770
24753
22189
49507
3918
21272
4935
10267
36606
35916
37178
19027
33700
34944
22967
43542
12284
39138
43951
17355
41152
5082
18697
16686
32411
41971
11535
41702
13835
213
18953
765
48557
48560
9853
17054
28036
48001
30709
757
34235
17842
33509
1709
5642
29880
6085
27516
3852
25659
44887
45525
38791
27047
31726
47050
12461
46585
16004
46409
16169
29189
24681
35662
2855
32076
32056
23478
20217
19814
48419
14413
47456
48968
41628
13497
8578
33117
12916
16954
6687
28675
14169
21997
448
23791
26592
21288
16825
48187
1684
22418
13028
28627
5115
19529
8382
27202
5928
41030
34283
29578
22875
32432
35430
17100
7520
29888
43757
8160
28548
179
1493
32309
22970
24491
7263
33414
27749
15992
23254
2341
7014
38913
42231
14268
23797
48378
13480
34189
40504
38536
9984
27522
35248
46655
48347
1335
34783
5874
40733
9119
22410
33926
44709
10804
13090
15502
8853
3859
1935
13549
19859
40639
457
26200
14592
11216
38943
3831
2169
27686
35269
32107
48653
15353
17203
22991
17743
23522
8097
35475
10323
16965
43659
7081
26743
41880
13801
46749
46632
29104
3478
36312
10741
872
40104
27440
21539
4322
38431
49868
32626
18508
12209
19115
23825
28515
23245
44975
18525
26552
26840
26824
45349
5314
20404
38770
25838
32109
33243
18694
24113
35369
31098
24079
30271
41167
36180
39584
13289
10989
47431
46763
22264
27431
41546
41524
39995
12165
42754
8857
28703
2287
44275
32283
36886
46782
7663
13561
17084
49525
31837
2660
15623
27147
14509
35820
25199
20319
8849
44143
436
37504
42844
39553
16148
11913
43483
31391
4420
25198
19041
37103
4030
1560
34318
37522
8746
43245
22383
13714
17520
49050
3713
22844
33819
34917
47329
2021
39480
6973
25460
15115
4348
14460
10301
48197
23175
11912
27931
49245
44369
28223
7907
37276
17026
32341
16460
27986
349
3011
43867
24257
5984
30205
29860
45010
34724
17247
45143
32903
30052
27768
30324
39691
36497
5743
11944
36183
41242
41068
40649
33127
37324
41858
9464
27179
8774
48032
41484
8425
26507
24169
658
33062
14137
49735
10761
11615
40542
650
34190
42332
29153
32483
2861
1960
2639
497
16785
3197
9819
2959
26495
29257
23377
32326
26427
24355
46987
43828
4592
8623
35418
49497
34750
35883
5349
27867
21782
42235
48492
36506
22118
41756
42808
9181
22167
7550
12754
47991
30487
24488
27128
5428
38010
14456
26342
41797
10690
17465
17692
21522
18767
26311
4991
31591
40241
27176
35132
6947
23126
23113
36924
39179
10955
22904
7527
5331
40607
13357
19103
14528
26783
15866
3951
17222
12659
2034
48663
38235
2633
28833
20434
6113
115
19294
43077
12435
26704
7509
33416
44805
11424
1470
2264
33160
34026
36737
20980
48861
27323
13966
46148
29286
7925
13260
19860
44749
93
32873
26184
36353
10637
41324
1954
8858
31213
35434
8912
29053
46419
44764
29348
19982
6067
44662
28363
47834
4410
39027
40442
37870
28003
293
4282
24365
47404
9611
8392
32251
27533
47022
31888
43002
38326
44426
36386
19634
24668
26724
20086
10141
36446
22159
17514
6663
22951
32602
48013
7914
36106
33249
27710
48054
9390
19878
42931
116
6688
30895
21874
29225
37189
24447
40211
44820
31521
37788
38344
16487
32398
42984
8934
43211
34421
5530
18271
21798
3903
33572
11305
39959
40197
46770
13594
27813
46324
15707
13436
2642
20188
27042
26499
13817
49651
14341
11169
23866
31757
29803
14909
13031
18782
15949
10867
39056
39719
29336
12129
47771
39049
1243
24642
19644
44743
18406
33148
32403
29244
17763
14782
22604
30695
4281
47421
20349
8577
4271
44940
27639
30355
36862
45232
5684
35446
45666
4683
1142
22973
31600
34998
29497
37087
25719
43740
36049
24521
25267
33087
48145
36322
34780
15678
10656
37240
7434
44176
5094
30152
35403
40851
39080
16579
42166
29653
4787
15628
14025
37355
11425
16253
25191
32081
23999
32009
220
7060
38900
317
17352
20097
25531
782
17076
13068
16497
11671
45559
11237
37032
5249
30069
42869
33514
39631
49671
14948
30408
47446
21023
42711
40418
40619
23830
41600
37999
42272
5362
35317
11251
32401
30979
23674
13312
47754
7174
40796
10470
10893
44875
10732
32078
48130
16529
27004
1166
18383
49371
41490
16297
40321
45956
17677
18451
11643
5696
11958
12915
40018
37493
2707
47763
32369
23096
4046
13613
13194
35286
44045
18133
22674
15102
9171
6553
989
16553
18105
29599
43657
3114
18999
39927
37022
42572
43184
708
6512
12836
41682
36195
39397
48554
24834
4653
44830
12785
453
40346
17432
45163
16137
25905
5163
43253
8118
23924
11263
22308
40861
47946
31635
22800
39236
7631
6015
44035
4619
13507
4060
43525
30730
37949
48782
1147
8217
1195
38254
42972
12079
29980
40644
25808
27760
37146
35570
15554
20751
12028
19386
2401
6954
7490
12991
33867
29173
28360
26505
18306
165
28063
35626
20824
371
43292
39819
8116
15086
9614
45113
5623
5391
27425
9868
29941
35546
17490
28212
3725
9616
30744
28978
20611
7212
46872
31904
279
8806
21732
43454
35039
35798
38222
43771
35690
39372
38479
27059
47862
27961
2171
42796
36358
39589
18677
4470
23398
19749
29307
33638
10148
29341
43475
7792
10151
32905
45845
44961
47176
24802
18100
8695
36119
19084
30048
27571
20997
44731
21605
36289
39530
42476
21721
47381
2680
48489
1871
25546
38091
47328
1524
23077
25532
12730
3701
29748
36698
2683
8072
40492
39875
25275
10197
19730
49168
2027
20985
41855
21054
44298
24690
34831
19332
9895
3382
16423
7311
42057
15581
25969
4798
44849
20790
24931
24792
49441
44616
23371
9925
42883
38545
41762
7883
15893
24791
14334
38711
4368
46108
37984
27832
30924
12363
37867
38307
18630
21387
14136
28025
40873
17080
28267
7444
49559
47048
38828
17458
39760
3344
8759
5346
20035
44508
46192
13084
49205
11661
18710
16734
48458
5843
11554
5954
45919
12037
41300
34109
46864
439
17093
40379
14216
40113
40485
42083
25462
35963
35196
49410
46041
14482
24163
45763
19329
31987
26488
46922
17156
18299
10548
46831
34123
8155
37078
2066
40245
32173
16596
31246
7196
11374
43992
33076
28883
36789
32968
29844
11474
21305
48788
28179
16146
40928
10674
9430
35528
5703
10275
26269
6380
35952
45270
28525
22109
16075
15225
44925
10010
34036
17838
9687
11975
906
47483
38198
687
44498
9799
17349
46513
46474
37566
12493
47711
37160
45621
37279
22641
7588
13420
28272
15900
38633
21815
36901
48359
6428
25599
45413
49739
43288
45088
49423
43194
21760
38299
18940
21825
32058
25787
22521
27646
308
6640
44350
5649
695
21634
34607
31004
47398
39886
1466
6629
48556
46756
33781
28140
15436
22997
19104
15473
5955
9413
1980
49628
22699
5604
37976
13400
9328
45419
11768
42435
2010
2808
22271
36287
29783
2209
9236
48026
47102
33767
43403
20454
7528
41019
41731
16704
13710
5069
5194
10713
24750
6142
15483
27312
19677
12083
11783
47916
13707
11509
18391
47243
43875
5093
23899
40271
21248
47201
40320
37718
44245
20743
16316
46054
46338
46619
14213
17884
37371
9373
29759
33242
22258
35685
21105
20045
43750
35209
14594
23684
8421
39104
5470
37049
30114
32016
38217
48859
37062
36279
32479
8535
13979
47486
24492
9510
7502
731
21074
44799
17517
34037
17862
24957
37377
2355
23386
16776
38591
28068
1514
23822
13419
32194
30415
17525
16920
21594
16305
35846
26088
33011
10796
33128
12328
45233
25066
11122
18203
30820
14307
1178
6098
33229
26412
44619
22579
12809
28636
19127
32436
33214
34537
5266
4567
9755
13181
16375
49535
44668
4269
2429
15465
18905
21930
29039
35377
37646
17764
32233
20852
17438
32505
49100
38618
15620
30977
14407
41613
5972
43754
23629
6919
47320
42283
39664
12010
44630
24360
35731
39486
12634
4524
4726
48971
35059
3352
43458
7808
19286
34101
46637
26286
1926
39904
21092
26722
33530
14666
25624
6858
25037
14193
11224
42376
17233
43073
49387
5924
12178
18955
1522
4214
30
32033
6711
24300
39666
3263
24111
39519
48318
3063
45509
5803
13473
40355
14520
42852
14488
24258
7727
19761
47678
27000
8132
11721
28400
36573
26007
48691
19804
36750
34341
40761
27434
20916
10043
10954
2574
24600
38977
46990
264
38675
41121
1598
41118
2996
26207
31863
11240
46839
5775
10487
16903
24939
4869
24943
42241
9121
48430
44484
8242
45737
24983
33905
15352
8663
35283
43054
19527
1594
20584
46981
27278
44500
4651
21974
33603
27487
9058
223
38683
34761
20127
4504
32131
22609
10798
9062
2882
12131
16625
13008
37883
25571
47651
19633
7930
26312
36627
28300
21602
43076
39739
34279
17303
45393
30272
23099
48485
49856
27170
35414
30426
14486
21306
37130
38499
17456
8359
29856
39121
35509
16196
40476
1381
1086
32884
43849
6276
12499
2446
4821
1740
38052
27502
9193
21439
9140
1607
11732
5414
17486
27954
799
2863
11709
35859
24567
22129
48842
17568
38320
43775
23660
48212
45166
7547
17511
18847
41774
18538
46725
19630
38823
21144
564
19904
32761
42597
35381
4373
32484
5516
37841
16677
8098
27758
15548
38224
26493
27324
46680
19554
10205
21243
19409
32592
29665
40479
26000
2720
20973
10146
39709
16346
46294
3585
9401
7203
47444
4061
39396
39260
45484
41234
20566
21119
40131
45186
43375
11772
30963
28887
32220
29587
7826
49439
39170
45297
11946
17082
15435
45265
39907
23781
41164
20474
49799
1632
44884
32460
44746
28828
33471
30029
37728
27780
9325
18603
44609
6221
16637
18291
4655
11178
8437
19237
24887
10064
38628
3789
36370
20398
18211
48671
29293
8969
18218
16513
21467
19664
22684
5657
27444
401
9985
27375
37456
41696
41457
30968
7320
2598
19988
4778
18505
13489
29641
4540
45423
32627
28133
21639
27231
39301
2478
32631
26341
12477
10764
17976
42465
30604
25549
49863
3318
37250
10340
20709
21533
3332
22799
43980
42204
23786
44243
18680
18925
16456
16918
2617
41806
6425
9157
26332
33419
47882
34558
7002
31023
33489
28401
42992
14567
17932
5015
1824
32954
30749
41243
927
4097
29544
43727
3304
48105
36723
21440
29879
8478
37648
28912
18906
41677
31000
415
8190
22713
32318
16521
31358
13660
11022
14848
34676
1039
43508
20759
16238
31207
10782
12029
16531
23581
31048
33589
1227
28080
33996
2262
20190
30888
14069
20539
9059
48109
30400
42190
19282
44778
22178
15839
18864
8638
29444
36007
27751
24605
26744
36771
1214
9385
20015
26124
20383
32990
4774
15887
35788
16015
46434
23808
28402
34070
17133
28817
39379
34828
47227
37905
37199
13490
27075
23352
344
8741
8096
7299
6743
48986
19639
30699
11008
40287
26522
43731
2490
48100
37191
36404
27267
31728
20039
1463
19067
2145
2391
2233
49006
37783
1185
15580
34746
22326
27901
12375
16752
36763
27934
30172
42148
18614
30769
14124
28919
18808
25810
25316
38580
44864
21472
5426
29295
37328
36395
22692
27873
9542
4537
15240
42301
20817
6062
40022
13575
3292
41606
21674
43907
12807
45304
34748
5587
20658
29380
45827
27137
42320
40332
38885
1306
38551
36836
12820
47925
3564
43279
9493
34787
30267
44924
405
6308
34131
5858
32455
10338
7991
48891
33831
20424
40125
24057
39271
3336
4854
25574
46750
46486
41588
14550
29513
16552
9312
27048
10353
30829
47981
37325
27609
9094
34578
43664
24818
33347
20262
36389
29160
9123
40012
32573
46458
20831
49149
19173
332
33683
4759
26430
10061
25615
6570
22293
36356
18591
48217
16397
2006
40411
29927
8209
46876
16793
16371
16511
2824
24589
30321
30240
39026
9767
33764
18102
6665
10212
42165
47140
22249
17166
46277
10130
29881
28619
1540
20452
47943
45387
32613
34745
40830
12009
45035
31947
33647
36325
24592
19945
3644
26226
15466
22858
29884
3246
44719
17015
33258
25942
10589
5770
27211
22645
8963
6702
26913
37950
7360
16225
12749
47336
15288
25190
38566
29819
34250
5557
18231
1434
44303
4249
40460
22693
20924
28665
7144
25797
8199
25092
24700
27415
23952
26421
23079
5665
33923
44680
3549
33438
47104
19017
376
604
37181
39863
30257
41055
21158
9471
46394
752
37039
38053
41818
12854
35603
47599
4746
44580
16548
35553
16392
6719
4925
1507
46159
3211
46738
9801
8147
22026
34711
13069
23984
17959
12704
37102
18402
11919
3113
28512
38849
41557
6328
30295
7470
11642
22190
46969
1270
21393
45615
30635
2460
6396
30837
12922
6132
42372
27301
9292
13382
25330
48777
14856
38980
5529
15008
45357
7965
16056
32149
2107
9813
20473
31083
8868
41414
11304
38340
45344
44320
42309
24814
40984
26846
9657
14487
34270
16763
31015
18436
36155
12967
41740
6609
18893
43829
3092
42589
10553
18572
42867
40703
10394
14468
11682
47068
9525
46554
373
43649
44299
4918
8342
48389
30429
41792
46137
42559
39628
5883
41040
45656
17088
48924
1260
4721
19807
24387
30331
42201
42446
30595
26045
16952
3049
21195
18302
43479
16840
47267
36018
24502
4559
7543
37879
46678
7972
40190
455
9287
23602
22506
5323
44167
10812
2780
21878
25976
35121
49107
18768
2060
20710
47324
15851
32967
10526
45004
15594
7347
36357
13833
49219
26027
33750
49308
18106
23667
23449
1234
38419
36482
23804
47401
2258
41073
1432
17357
28972
39780
25644
24058
39650
44175
31955
42804
49018
45556
37712
11056
9934
27944
6188
23847
4096
41863
31471
43947
25391
34017
27777
45384
47676
3347
12764
32022
3329
45313
42069
9890
12296
14393
23155
48291
33360
11431
25140
14023
17866
39574
36134
31506
41238
25337
45106
20295
46603
20523
11276
21322
5549
35835
23836
15541
8444
6370
35594
21924
20722
5174
6860
32365
29542
32670
9057
20169
32206
25581
46945
37182
605
13880
8102
40740
13747
15500
33694
45339
36693
26060
6503
37035
23997
13434
36955
26040
17792
2342
15044
41851
34646
24644
24252
6008
32263
33654
25502
10326
37066
3362
24622
21803
35996
26684
8185
17174
46701
46297
2413
47105
38285
2053
9619
26076
8136
7801
5371
2692
27623
4273
18368
43378
36415
15661
9714
42566
39223
21345
28924
1338
13086
10776
11802
23891
45564
29343
1097
22648
20682
23157
17488
27358
39815
2804
8272
20379
46523
11762
47093
48257
25244
33179
40349
5010
20265
31593
7747
28017
14079
33864
35147
42908
3674
637
36052
13570
24383
41151
45190
11356
4957
40548
10847
29864
31450
25514
11076
46706
2950
36634
28273
24721
28035
21231
39380
4476
16567
44126
43548
598
30467
39926
10516
45546
40747
25212
40526
34009
36889
481
4270
22062
49672
9945
47375
9881
24511
25489
34259
32290
37872
23240
7409
18861
12540
14194
735
7985
19216
6260
45156
47969
33386
16115
14949
9362
4411
4523
37672
38410
49510
1715
32346
35195
7810
7462
37944
24158
11897
31678
29413
12883
5477
18013
341
26092
13716
3466
48252
5322
31029
24851
32070
37931
49276
35763
29003
10008
32857
40872
43709
22299
13894
18215
38716
15871
38312
13649
19753
3140
8941
15509
45886
49615
11479
46113
34417
7674
45457
49255
23854
22688
24795
26003
7183
9004
48415
3909
19196
38205
34948
5969
1249
32708
28408
33502
35863
9646
30457
2588
24385
32083
15248
10380
40678
1790
35757
34336
13488
29777
37248
45322
30103
22762
4585
46840
2180
8548
44448
4944
18388
17112
12295
23361
10644
25488
17126
41279
20510
34358
47113
6515
39455
29330
22658
36594
13647
27794
25264
48899
10248
3212
24194
815
44412
44824
11895
34376
13884
29120
39936
39560
40118
12841
48263
28314
38031
33866
45001
38691
26532
94
42352
27194
20843
14461
46330
11571
37027
5885
47900
46953
23806
23032
42921
9745
41032
43085
7338
2249
12210
15061
11196
9898
25150
19063
12311
14048
38448
49539
32603
48631
33112
31957
41257
24206
44835
28265
32202
9754
12875
24725
18483
1389
18683
9478
8550
5021
4459
3485
41849
27905
41289
29876
5070
46928
2630
44308
2584
48975
14110
23164
1410
27382
43655
10479
772
42666
18907
45923
13240
6895
19947
6828
47686
40341
39387
34163
30154
30693
41230
48901
26090
41706
25685
34043
25377
30014
33640
30495
37390
17205
32135
5959
11134
47453
43605
40081
30641
41017
14776
19793
20857
9535
11683
25926
39058
15437
7841
44210
12064
40554
38514
8573
15885
40075
25827
37476
40569
33939
26899
8779
8938
38482
4557
32438
36490
41948
21423
49438
21118
46051
37136
568
26614
24807
19301
9247
9539
38822
28077
19399
39905
41550
35779
28848
44269
21455
28822
40582
13468
37979
28538
49040
41861
10249
47035
22314
20667
34066
17135
33188
16810
18438
10054
41896
22067
41338
47704
10912
5951
16331
42287
36298
5805
44134
2394
10229
15462
6733
27716
4942
49554
12849
275
17269
30119
7326
22822
41439
6544
38950
28626
41455
29409
13317
35756
45258
11470
5181
30902
21331
23190
9317
12856
9411
5709
42402
31147
30086
36033
48584
45859
41859
5356
30716
34081
12080
22303
20856
15460
30165
43394
27019
30399
2656
37260
21685
9127
37505
3062
14238
35106
45672
27132
33910
36663
12538
36672
2582
18583
29283
47532
21615
8225
11522
6411
37047
29875
11421
16268
28018
39948
1689
20440
20162
24284
9863
49163
21985
41637
25689
9088
41736
12232
13032
49562
38735
12548
31245
47026
32042
13149
12167
19765
19125
40290
45574
45377
11696
24041
3523
461
44168
36500
22533
43547
42060
12047
5099
16017
37611
25071
39964
29309
8607
34723
2184
2445
13523
32367
9007
18035
10251
29176
32502
29813
20155
38207
20970
17014
32787
49221
27802
19616
32623
33118
41133
17901
44097
25063
9946
29285
20536
34202
8757
6366
9849
43585
21398
21150
45099
12914
7915
60
42976
34420
22089
6121
19565
26467
49913
47314
47542
38878
26646
22054
42113
23929
27538
30891
9066
29088
39023
44102
36040
8547
34911
30951
28685
39735
45068
250
40472
41643
34832
2837
42935
49283
12865
35850
16087
47564
49509
14519
39322
38330
27084
41153
22529
12389
10362
32652
4949
6701
39333
22306
26930
27284
38872
23832
44474
16777
39102
21181
31445
26298
6141
29347
7953
8735
7358
45475
46099
21178
15100
947
26994
498
714
38446
19668
34927
13997
2615
49643
44138
33742
7357
21675
44889
16755
17319
13768
22982
24923
49569
26452
3404
36053
6608
15984
212
27656
41015
47618
46359
20858
17294
2496
40024
9017
18415
28790
13242
6589
15883
24540
36941
1052
7709
23959
43413
41010
25105
22422
14849
45268
36359
15425
15273
37494
10271
43646
45187
13156
30676
19862
16180
9998
12894
12283
43206
23277
36251
13158
22975
27970
24470
29252
12185
41663
23864
33314
2849
10747
32453
10168
5635
24200
14379
15281
16332
49426
18844
46127
44117
21720
2762
30244
36158
35651
39195
38858
17722
6955
45427
17209
18908
15315
39208
45455
2795
12560
37551
22833
47362
37480
36379
37269
26295
10953
28335
4517
19457
14717
24119
41857
45704
7587
39737
35576
32458
44767
9894
22552
38157
17223
43061
8058
22472
27601
32937
20391
2390
33963
38204
47926
13006
43687
21893
5420
24024
31395
43908
49060
25331
14035
36991
3386
43609
29019
3072
49604
17397
49436
2569
23887
5683
11955
41723
28957
40000
15988
29469
27465
44751
11831
12275
11708
6078
3233
40576
20752
42448
33907
39437
17647
8175
46177
13899
25020
29901
46135
49652
44754
34327
36715
33105
48669
49326
44282
47745
18926
3836
23901
20835
19609
10964
1394
8216
17091
4326
38327
12999
21003
29430
10714
10693
11614
7988
22957
41748
30810
12629
16368
9042
4172
9809
14358
46
13010
15662
9578
33426
7913
45316
22503
8449
32226
44483
8486
27195
43447
9335
43232
5392
9251
12303
3183
8622
11910
44966
29318
49886
24975
8427
15814
8294
27627
3009
13366
15286
27052
6928
46658
26652
28526
4866
16410
644
45324
547
34429
140
5810
41529
5076
255
25165
22088
35355
18057
39277
39291
10133
10790
42498
9766
21829
32743
17219
25910
14300
28196
49871
44936
8729
33085
4631
35264
30912
1820
25245
15195
14201
1242
29023
18932
176
37590
27089
26878
6347
1502
38929
44217
16338
30856
29308
3346
38542
13108
8476
41966
35803
30673
11799
34287
21154
8771
37296
40220
40172
13099
43797
39769
40283
19598
34065
5287
39848
7721
34064
16437
34145
36129
46865
10035
46427
17694
37043
49777
3840
7735
39234
32959
15381
28041
47968
11646
11787
35556
8232
13052
22500
41209
21530
8300
40013
41695
24109
26576
13544
5572
41654
43457
6233
17111
28818
22906
28344
21662
1448
45899
6871
16128
27650
44311
14967
43668
8932
48574
14367
48639
7875
34375
23203
24620
47863
17274
27402
25596
19363
27809
49795
29716
49932
22659
18670
37866
119
8977
18206
33561
45977
26293
962
8450
47266
9372
48972
6969
20331
22145
38522
44965
11395
30945
2731
35440
18303
46408
45866
43064
16261
28183
27953
11532
41291
23548
19939
28288
42991
19736
20494
36950
45580
21888
40453
39792
7312
27488
42124
30486
38257
38842
38812
37461
6353
42424
2545
12575
20661
8690
31711
41051
46748
40602
40759
18555
29512
33569
11558
29806
28038
18134
43267
9148
35550
25208
9781
39349
26550
10169
32311
24151
47633
31011
16855
10122
30374
42292
45834
25909
41701
9854
6765
13417
13667
6464
36686
49959
16471
44613
37455
27129
42281
28298
46328
17169
23058
14874
19769
35399
29275
7513
10522
34830
33625
35048
42715
2143
20844
8305
48375
48021
12927
24342
35051
45202
45787
22689
23338
20951
16023
12350
15669
49186
2306
32189
20056
48003
44415
29205
47178
13037
25799
18639
7430
21238
21152
48995
20311
28941
43638
7297
10074
18062
48528
28326
18093
45535
4607
31665
22261
13608
22984
17361
25069
24463
40958
13534
12814
13784
46906
30821
21270
25608
44870
9889
25007
6231
27405
15518
9765
4444
15742
39352
38710
35291
37428
37179
10576
49705
40449
13774
15558
38642
36542
41445
22358
24400
25881
45228
20605
12102
49084
3886
29171
1631
22060
45599
31322
29763
27404
43417
37301
16834
29522
24280
11817
23428
18425
27769
2851
26521
16276
35799
7605
38818
48269
3512
18754
40656
10377
33599
17986
42912
33859
18078
19165
25196
35366
46871
30445
20937
29967
36128
33658
20907
30463
40749
25389
11336
49733
41869
25857
27262
9263
46060
42978
1681
13505
42927
46078
7622
23500
396
11782
25405
16986
38646
21245
16981
15665
15801
13402
21416
35344
42007
11824
14247
41063
19313
46376
46649
46520
9459
46900
45602
37506
26986
34554
1570
13056
15797
47162
23280
27607
18228
44158
36520
32580
482
3605
27994
20811
13952
34069
6798
24591
45470
34862
32647
9582
14538
22936
44146
19354
43969
8696
18518
43806
37937
25479
25162
35605
6915
44266
2149
9402
27510
16956
43453
44385
21151
20453
45821
43372
20736
24602
23921
22817
24110
37320
38464
5685
42879
35878
11896
45584
18784
38596
8127
21112
30750
24446
8875
33540
22636
1611
4909
15357
17244
19002
835
5460
30696
49658
6736
28297
3387
37698
43280
25428
2039
13763
21215
34347
22952
34871
21585
4200
2568
14451
40367
18238
8566
23020
8855
17255
24544
25700
30050
28192
34484
20368
37792
17750
10292
6922
8244
41908
25614
40250
46904
29710
12228
12424
40410
37913
28541
32811
35338
25544
32418
5759
13701
31195
47703
9113
40655
39818
6659
49150
7738
31351
10771
47264
48294
833
39340
7861
7821
7448
19760
9576
7475
17718
12169
20796
11308
7148
13144
43317
49613
261
6429
42697
41710
35033
36015
16089
15891
31749
22419
32348
7438
42150
44487
15151
26127
35728
40394
5257
23601
10352
28096
29791
44246
4250
21890
226
30439
24486
2023
44281
30183
43006
33351
30712
46598
49136
30851
16197
5590
36445
36376
466
2661
11822
6683
15783
30840
29121
17984
1781
49411
19989
9085
48749
49616
35694
22111
302
49409
33870
24678
25842
24191
1747
11543
30135
48322
19144
49849
24963
47256
35145
11631
8856
5714
9620
12981
1364
21422
7130
27321
48799
3505
10839
20304
31959
22212
39240
46140
35966
32847
26601
26637
2268
33718
47549
30313
3727
2286
5301
29270
42834
6420
41433
43891
37264
16189
8371
6959
38682
27130
34588
4145
15906
28784
7401
3444
23151
21280
19866
35134
14507
12388
41963
8090
20475
16953
19710
375
18526
38919
36813
10403
26292
42425
20107
26617
15363
16813
3273
31100
3822
19522
25279
136
12732
8692
36101
27251
30923
33399
49022
5149
29822
25137
4553
7271
6122
10535
46173
41072
590
15423
16555
21429
39912
40518
20273
22334
31655
2511
31274
20643
35453
21976
24428
3781
43050
48141
43195
24762
18716
14713
34269
35613
36935
2800
21540
4958
11702
29616
16848
20595
38266
23983
10112
16990
23662
45500
14643
28958
9938
7912
26729
43853
48138
14448
20865
41217
10544
25280
43710
7983
34176
4648
14376
24561
6899
22516
3808
8059
36791
49345
28220
22596
32305
47109
18825
28105
29633
17331
28539
33228
26456
2433
5827
46514
38841
39749
4390
19181
6371
31297
14912
49392
40615
47370
10977
12340
41404
43618
35674
16012
27143
41105
37203
16082
31363
39405
27709
21234
44571
16726
30062
17471
46547
11497
45011
834
25567
48728
15456
15559
43015
34906
16133
47237
45030
28847
39953
11585
7198
578
34540
8426
5334
1455
43098
18776
25682
47495
21293
43954
24873
24466
20750
3230
18333
41398
42341
25278
46966
11966
64
47529
13922
33415
44828
33941
16766
17460
42507
41979
5769
45488
1006
32883
31512
43416
22399
15506
19867
37989
35404
38637
21627
14168
3601
26843
2362
44524
12384
29299
12586
13858
43519
26853
10748
14855
8667
36891
36400
18263
45194
2101
28882
33305
22037
18649
20376
10652
11407
2455
29966
6931
26905
30471
33126
599
30083
18458
33808
28694
6678
31539
41768
20057
6109
14593
30245
9965
48539
33748
30209
15386
39652
34364
16997
32472
23933
15868
2910
44537
41170
47208
18007
47839
22938
48746
20994
18859
34993
22165
2200
29711
16400
34548
22829
45768
10491
8227
37512
43089
20195
364
28617
7683
432
15609
31072
21230
5822
29675
36485
41192
17995
26077
15469
34301
28858
17479
28441
49594
27582
9988
49313
41666
12451
28640
42734
25874
46859
3085
48636
45425
24220
36107
12071
4458
38974
13526
33250
42237
36215
41114
32159
39484
31522
41241
28688
46717
48053
40090
44411
3142
5224
48496
31951
43684
16736
4762
6820
28347
9774
36736
493
3399
23127
43132
19581
17752
917
24441
13234
18354
14068
9216
49587
19143
22983
16412
45201
30136
30182
7214
4636
17031
21813
9400
22063
38487
38958
12264
47390
49674
38658
42709
5211
8812
17772
39805
42625
45780
31583
36648
35356
19564
30269
2094
16613
33285
45946
29829
40076
23768
17734
19865
20497
24512
24527
5157
49080
42913
7659
2887
9210
8174
49526
48806
19667
12676
40207
44620
38223
24891
14966
9179
40987
11037
17454
23923
47226
22899
28474
18527
16577
4385
19628
41471
4654
13558
28622
35668
48293
49234
35990
24018
23232
9480
35371
36611
33532
5014
16765
28276
5811
46206
15183
39566
45013
19971
28352
27814
2431
15770
46323
7288
16275
8884
19031
49566
980
10446
28643
37092
35866
22607
2756
40145
11664
36550
5459
42958
23379
32941
17662
3467
28394
31669
49151
30879
17268
25135
14498
15299
32979
44993
18810
43214
15702
5568
4334
8332
4591
41067
32601
21218
17701
8035
2185
33693
26870
25459
23006
33897
33754
34426
24263
15832
44876
16299
28008
22479
20897
19481
41092
30582
2765
12299
42143
3851
36848
37849
32665
12114
48128
27871
37418
36879
19450
28005
2283
6446
27268
26424
30236
46396
8796
11744
8119
18069
42130
11776
8556
15524
7371
42475
3935
37024
15069
28187
12702
9095
48115
13129
12746
32295
13999
43520
46956
24520
9538
6130
45548
12920
13191
29029
22072
28081
18063
37981
4132
11716
1731
29807
14096
39391
24417
38452
22070
45070
6751
49590
1079
25050
8374
30865
16594
19570
14721
936
24462
26740
42116
14381
21861
26294
6670
38577
26059
18961
43865
2289
12594
43861
14302
48564
14240
13277
16925
39524
20781
24003
38549
33734
21796
29146
41602
30650
44107
36208
10476
23546
24625
15528
4265
6779
11580
40034
6349
23752
20680
28245
44992
16066
41807
12276
14805
2173
41296
32258
8529
40475
40297
16365
45677
26474
12280
7777
14092
21959
31338
3735
20214
26935
39771
31126
11574
23477
13065
12893
46889
37235
25314
9837
46194
27099
14512
48078
15966
21309
48603
11695
19500
10832
31348
34913
38420
9997
30166
46693
28535
14209
34489
9439
13742
38047
35188
41262
15711
46588
9266
13897
6136
46914
47836
22697
6673
12412
32
4100
22365
9534
6453
49381
30999
5102
8801
19226
19533
16682
29277
48030
35335
17548
14129
31657
27024
12917
14204
3937
593
7649
47168
75
20592
40185
23711
22816
17284
201
18413
1320
12360
1694
5247
26368
45370
48441
1599
7600
33252
4084
49137
16083
48465
17457
97
23833
18246
19095
14339
34962
47364
29555
27354
1103
31046
45856
32886
12570
20513
23060
23015
25652
105
22292
33063
42637
34249
42490
20914
34128
7289
34493
3907
13908
38799
22499
38562
48610
19351
45
42753
15447
35827
25438
41984
14501
44185
30943
4244
29209
36929
26937
4021
3366
38152
48845
45399
25872
37412
49977
27730
42539
2328
11000
21407
8540
40880
36005
126
841
31510
36258
7936
43167
20764
38347
34701
31988
8419
41739
8791
14409
33059
37916
33114
28045
32736
28780
40814
10276
45715
5515
18331
6814
38174
40815
5616
34206
40758
11679
33974
29527
31502
23648
7048
1408
17409
1301
15583
46237
42437
32252
18247
28975
40972
10969
31534
7176
47457
11546
33838
6851
42877
49973
37779
41847
34940
10819
42163
41189
3779
49993
13994
22451
40258
7390
33321
16278
34300
6272
39218
13311
41844
23156
14165
26080
20619
47377
5895
5195
33392
35531
9878
40311
13040
32488
1145
45308
41794
22001
18345
20840
9365
37239
29290
47582
38571
22090
35322
28244
1520
13543
43020
2587
14764
49354
27442
12755
43602
30198
617
13996
44529
47060
25534
9309
35530
9602
40936
12766
37303
41307
6318
30949
4565
24338
325
24038
27506
46213
24010
39097
7221
3078
28763
40808
14716
22710
48000
7300
2046
45988
21328
47568
17553
65
28937
39338
43398
37995
37801
42658
9407
16850
14445
42307
14900
45968
17771
27792
14740
24224
27745
44686
12949
16992
5939
41686
4332
33198
9857
12470
16745
32913
34794
23423
34179
3744
39422
28873
34629
2827
32492
21149
4953
41392
23142
30234
2771
33751
22564
7728
46240
32564
29494
34802
37030
19946
45329
38175
840
48791
39892
13821
3934
49021
5311
37007
41489
49066
36046
38037
6244
35081
29963
6656
33034
49748
37620
16211
11403
6831
46796
46219
34905
41378
36593
7173
31288
44030
32679
25625
31694
23139
19773
43935
20074
33772
17802
2600
14074
44971
7077
1153
15740
16938
29905
1377
41563
47606
36238
21992
24157
29117
41463
19384
28108
16609
22511
21162
39062
38565
4521
13075
42891
28618
20859
14988
16050
28788
1921
63
17302
6549
8676
41890
25831
13831
7890
40177
37352
23552
35740
35405
29150
864
18952
24115
41591
28834
21491
19376
36316
31280
38989
33081
43873
29912
45785
3474
39729
49969
49870
49527
48994
13557
21750
32730
34597
48721
8967
16739
8043
36213
40918
9333
49817
23416
10396
22281
11705
5967
15611
49449
44510
19218
3845
35958
21210
36752
24919
38560
36095
38638
36122
30596
34996
7882
47180
1812
41930
9635
44544
37321
15068
33503
27393
39809
30893
17887
41299
24699
31374
41469
37121
43173
46254
29162
13856
21412
37374
26396
1409
43822
38535
23788
31677
8173
18790
18948
5825
8610
2470
30726
33899
43314
8888
26760
5370
40148
9191
39008
44688
49858
3301
8219
31802
21623
17206
3708
33310
1146
16326
22869
709
39112
23288
1566
29303
14029
41084
8395
45744
33474
19373
21819
40960
7783
36137
25847
35771
29920
35874
14915
16742
23442
7047
45252
31454
5226
22495
48973
28291
12752
43930
540
41556
46284
37820
29742
34930
13228
26398
38150
20308
35887
13226
42107
27326
25379
26274
43319
6886
20029
10083
17117
43261
46798
48012
11115
2693
21167
8528
46877
30480
34827
25516
37280
20547
22729
5913
19695
38007
23340
30181
9858
4342
2993
20579
35645
39857
20538
22032
11084
14364
34433
14252
10433
29532
41199
34614
19207
17134
3982
48093
36635
6414
28802
18088
15977
14814
13290
16530
26641
39686
49106
12067
10628
26855
23537
19655
33204
39515
40908
9631
3488
14926
33793
32951
47248
34566
28161
34580
26588
46784
9386
24885
34256
16472
34293
5871
43099
27685
13433
1258
34466
13659
14435
2126
33448
28862
12380
13114
2988
34325
34449
49721
47500
12753
2907
37337
39312
44193
11891
35140
45837
6327
30688
11006
20112
16660
21040
28158
16099
4014
45451
19157
28281
7151
2557
18376
37315
39655
1180
26990
10935
924
44783
14842
25400
3608
30665
47710
18372
6126
1576
25195
38765
15717
47584
42821
26762
38594
27477
20560
7449
18101
48589
10651
11175
5535
41470
30532
31420
32136
20038
17373
6488
36307
36339
38861
21849
6956
10089
46530
3254
13465
7009
8157
6996
5165
33108
5575
44831
6315
48090
2641
26523
5892
46575
8862
17291
47533
7038
25101
33508
23095
16093
38234
17016
9979
46933
3462
46733
24789
17712
5016
20839
9299
19204
20695
44008
40865
27555
17972
14120
19845
45120
13141
47803
13286
12074
21240
19231
41458
34789
47668
49297
44279
39687
33137
3068
30454
29448
14903
39983
34503
18496
1789
7135
1932
808
15837
13477
27744
39943
4588
10671
39514
3814
21981
2507
17043
35503
35940
29470
11354
2202
18661
24772
33680
13848
6477
31997
21486
48835
12651
13273
10428
12148
43287
33135
9290
30315
14088
36570
19686
27081
24636
45213
10616
24166
15654
46837
28345
4237
48547
12583
23217
7522
25018
18204
45926
37305
31169
47698
41644
14770
46870
44608
7696
10767
4620
48288
8377
18210
28348
533
43961
1372
9952
27482
14299
12219
18086
20845
11050
18234
40217
1971
25757
13154
37594
25628
46365
4138
43856
18901
30451
12250
33493
36658
43672
15139
24264
40017
26957
13671
9150
30224
35787
19463
36883
3848
42427
3259
16123
16357
13177
24313
28026
22639
3673
32330
26219
43190
21205
15505
18285
19440
28399
20212
29379
38311
24935
46491
17127
12667
45015
24134
31318
12940
27169
29779
40841
20990
38907
20712
29673
1475
29249
36835
42856
43990
18788
31519
35010
37409
46724
34346
21490
37581
34414
40488
18198
45822
49725
28814
48384
11286
40221
47695
21189
7552
42696
25512
32419
30740
35347
36825
10241
35823
4727
40716
46584
19241
34508
7258
32829
19576
49016
33881
37278
21426
22571
37586
35337
39001
42775
144
3012
40452
12058
16695
40625
40256
39683
2816
13340
33776
41454
4189
3101
6648
39991
17690
4525
36657
37008
5717
8366
42329
48712
4634
43441
22803
23395
34630
16057
34769
30751
3856
41716
48480
35882
5836
45238
41333
8314
35957
47718
45710
28031
37686
39747
25929
39861
3226
42489
42267
39960
47411
38605
27264
21487
22755
37502
22287
17786
19392
35348
25884
13362
13047
48259
19224
40403
30402
4806
42430
18360
27309
30453
35448
21399
31621
24409
8333
36268
15419
17669
14426
45424
4017
38939
12877
10588
4351
37511
19091
26175
15189
31343
26730
8736
26386
39310
7480
41125
46983
31074
4418
1852
37925
10683
8534
15398
25366
31941
27191
34495
26282
25302
43574
25295
26128
36184
1209
7761
29595
34050
1328
8454
19130
47010
22310
43080
31237
912
47371
33218
46389
37626
10027
8740
45558
25861
20260
22012
15464
13431
25381
6369
23003
21476
14175
34219
40965
13727
27186
35191
20189
790
9093
39728
35656
27729
13814
8767
28051
2098
13621
15356
4052
6069
35936
43421
25086
34266
11455
36185
30524
9016
13985
39222
37243
47932
46560
33544
10152
46967
37781
10289
16207
15118
21550
5219
8438
4375
44203
18510
16232
40727
16569
10018
1501
32908
35294
36972
45041
7877
40917
21057
3769
25203
41891
29570
31054
14078
39110
21656
10512
43078
5444
48694
2870
5818
218
11194
21885
38741
19359
19039
33379
4604
19918
11313
10398
23414
1532
31057
20009
28673
48944
44482
15054
6296
26169
48493
36639
38459
22014
35168
28114
37545
26568
31705
31040
6542
49020
13735
7589
28307
42197
43571
20621
9917
45411
42854
14496
26577
17651
35792
32604
43966
26019
13777
1609
45533
9876
356
35075
37435
33042
21090
2575
45131
5781
33849
31377
11959
49099
43513
1670
24962
33649
40701
22966
9503
45660
13564
19453
12602
29548
4880
37515
43570
6802
32353
34873
16202
22020
5096
138
11961
35466
31821
48870
41991
25274
36449
5531
42158
34497
10217
38365
11843
41933
14785
36492
46813
37488
46016
31090
34124
45647
14602
12156
34062
13007
8641
47674
28890
5618
20570
34023
32816
26968
22738
24533
6660
31785
42155
5299
24576
33121
28057
36398
44177
41995
33632
33263
39675
17559
20660
14094
18757
15696
15121
8112
41
48703
26891
45414
28224
17320
26629
13637
8362
41790
2812
787
36293
11256
18375
17902
24
21115
33602
28680
44070
14399
21668
49956
23343
28686
33412
40487
17339
907
7951
21433
29415
48344
5343
28043
36330
43823
57
43154
14672
16221
9350
33890
9577
32587
29424
36885
963
43898
11528
11012
975
39426
27492
37742
402
14843
48893
22702
3297
16690
20055
5903
13524
39952
17415
16288
48783
41407
21262
45229
12423
40305
19672
21591
4471
38801
17188
11187
19439
3119
38102
30584
9559
42532
46957
15065
37129
47252
19963
26058
45359
16678
33842
14918
2764
47631
41551
21725
48290
8182
42
30694
358
22114
1861
37277
31285
32299
17745
11035
3645
39931
19364
10968
11873
40704
502
19044
48545
29351
45341
36510
46014
25455
20876
45328
5571
31419
32697
6520
12323
21348
41947
39550
47910
18888
11436
13415
18138
20842
14774
33580
49800
5715
33481
9137
46972
27578
33023
27480
9002
2191
25166
18385
2902
34925
49784
33350
11962
17954
5992
45050
24437
36193
44186
1267
37578
46681
28377
44005
44995
12616
37127
29563
3760
29503
11710
6390
194
14206
1981
33234
10480
48800
8770
24670
13794
108
41562
36994
32467
13448
6133
17089
9215
8055
46516
20703
41024
8682
20864
9038
16041
44660
39535
49450
19425
7397
48692
47255
43478
41619
40209
16644
5922
49328
26663
41577
13640
4888
19789
23123
23944
15289
7275
21654
1533
12678
13898
22691
19337
27121
12710
43747
32972
26773
8165
8750
42269
40288
32153
42694
9940
34178
14304
36651
22441
18837
25398
14601
41071
1787
1084
25646
34608
11252
37166
22874
35862
29594
11587
30731
9556
7741
40849
40832
22797
3629
11882
35310
33836
48598
32526
31999
8843
13035
48064
26605
48628
23450
4526
26001
36382
44335
2537
44327
6801
47548
26864
17267
5758
34482
23632
37361
12506
4012
41342
19734
3791
2004
1542
21365
24097
17481
33270
48676
5933
14887
34624
10440
2744
2076
19267
24429
1444
17767
20779
10860
30700
30139
29706
49049
22373
21284
34305
36186
39786
19901
13752
29058
38991
36344
17561
16290
48531
11241
45713
15303
41834
22322
43503
33792
14463
22215
48
39836
20572
9989
13418
34907
23775
9740
18756
45521
39248
36245
27746
38480
4511
3675
38705
9580
29079
48733
21942
48089
1291
26696
10926
4023
35677
10469
6011
22845
3428
48287
38063
14720
14195
49730
43745
42942
21168
40515
2759
23597
13643
42602
41802
3210
18287
120
46759
48745
9403
29417
43450
12693
49881
5660
29988
10756
22275
11467
21076
25602
5847
7878
28225
16804
20048
23102
5506
38329
32470
1792
24199
33084
1040
2177
9341
1295
26305
2436
10360
20065
35363
26549
35420
2682
29885
25543
48391
11731
12819
44230
42995
33047
48015
27103
17808
9763
41423
2589
35104
25145
31002
27163
19977
12140
47360
32741
18162
21577
15913
38558
11443
29126
10263
14620
10898
6359
36423
44512
32308
16402
8065
32257
30040
46242
41346
42568
32809
20266
8178
2826
36367
18485
3520
42450
27865
20323
17407
29636
18092
43665
40282
5686
27072
26982
33846
25449
28593
1745
25593
44392
29995
32310
30102
45795
13567
42043
26204
10842
25833
6209
25130
5064
20285
12892
889
12582
46642
34555
19158
32723
31229
32028
37164
7410
2484
39976
42988
41548
46795
31687
33134
17832
20283
35870
31704
7521
11340
1430
3506
30834
23388
42091
11973
7962
4482
20468
20426
820
10204
35643
22728
40371
26425
24798
14739
9313
14199
33291
21987
32406
9089
35785
38996
46373
44867
38349
17538
24739
42706
15369
37615
39273
12473
23493
27705
15895
29517
16312
23293
46686
4257
30572
36138
42792
35360
7074
42483
30117
40398
36300
41860
13675
31809
9078
39847
33677
45953
29541
2971
40994
37336
13071
26155
42986
23165
26500
9354
20563
49558
39407
27874
42234
17382
648
11478
1065
36355
15944
32996
26768
24019
29389
1677
2784
35126
11684
42480
43216
30511
23705
49224
5132
41662
6884
2760
6018
38905
22563
13130
13478
1768
49666
30286
44208
43766
8669
123
33303
24223
7664
42774
26442
16415
45494
11815
425
13447
36539
32151
28944
41856
15589
12191
31410
34181
2742
21630
1705
32706
47281
23918
24272
25341
30765
15326
26390
49342
23559
44216
39308
46082
28173
28479
38731
6704
27863
17689
33300
30005
31289
28872
28107
17981
1884
18075
13698
11666
4367
4453
21637
25665
18588
35575
11934
35569
13059
30672
12317
28176
5005
3869
18163
8482
7745
33445
42746
38352
7452
45681
47800
45703
6963
37797
30377
30470
24977
14154
19615
27110
21452
31884
4656
19153
46106
2224
26265
43443
30466
30437
3417
3508
36920
8169
335
36801
18717
11198
24643
10801
21442
47850
701
20545
46118
9475
6976
44038
39233
35597
35148
28403
12173
22831
17227
23283
11825
42889
31063
12720
30025
26234
32693
39508
2626
7098
29048
44075
12782
37549
12060
31882
27549
16691
30542
22248
6412
1219
38054
33587
23670
5204
20633
36616
12748
26181
41970
37745
20145
35723
35718
1110
2136
37137
25192
47816
37816
9518
25496
31171
21332
48784
48873
5537
31850
14285
30021
7178
11992
39854
47872
40527
2230
22510
18882
10866
22726
37647
7586
14308
13278
11915
17249
4085
13759
15144
43118
49736
3321
16406
2408
19220
9175
6744
16622
14500
18650
12589
9114
9986
23950
7380
32711
13934
1003
13556
45460
48101
27737
43523
20957
16743
2269
15094
43781
46214
38129
2090
539
17122
45489
31770
36496
31375
14811
36152
40009
22587
46887
7596
20125
39821
3161
31562
33175
15695
18747
11548
1067
27097
38623
32059
47452
3372
7298
43059
17194
22676
649
11985
24064
15109
39389
11433
31496
32278
6547
15995
42428
9660
37198
15314
9585
47200
11087
43122
18503
36598
1497
2467
22667
34836
28521
34499
38883
37009
13677
44174
48388
36622
30669
27197
39671
15982
12675
48392
40791
46450
46895
26426
1918
44495
29300
7194
3291
41018
29812
47940
14752
8530
3535
4748
27800
34971
43738
2737
22446
45990
35722
48790
30108
35493
15972
5576
44652
22397
26648
14013
34885
16900
24633
39382
32687
6774
9101
11156
21223
2561
3454
3484
21363
48608
30396
44253
14588
35107
26242
34218
27597
43116
36726
29612
38766
39019
4196
9798
2983
3693
28227
14135
28557
39051
13195
25982
31045
6146
35721
34747
40736
28708
2543
38488
14793
45654
18646
32456
45005
38664
44595
16980
44574
49159
22448
9249
28770
38216
44766
23237
17900
43162
44658
4730
34729
49179
26308
35096
26961
40961
24254
22539
21208
35616
23315
48025
31231
19915
37143
22074
17421
14769
49536
25415
13761
17185
35880
24777
17682
41236
20551
12790
12465
12549
11452
24373
35860
25354
33054
11629
32420
3669
31294
31614
12070
16786
14404
32791
2789
27131
2708
40385
8275
33644
9519
6019
43244
16111
11936
35853
15658
8440
2533
22107
22931
47432
24780
7340
4853
37684
23636
40327
6323
48482
46053
4549
14768
38399
14280
22780
35477
39368
560
14829
6073
38745
40786
22602
37268
36845
24710
15700
47491
44048
24432
16352
23070
29948
44344
38981
16732
29845
41681
11650
35216
3416
19217
29087
22708
32167
24865
8990
19108
23147
29483
14860
1334
17735
20673
7635
46665
41884
29625
38291
31223
29363
19950
15649
5215
19815
22841
17892
15852
30246
16694
22733
46244
19998
44622
196
4356
45748
7888
36116
17818
1800
34363
1606
11295
10093
44938
13901
19806
45875
30940
2702
39178
18964
3402
42815
25484
40189
11779
31026
47481
26034
37934
35837
17239
25034
1676
44776
47594
40980
7942
42345
8957
43702
40714
46089
20580
43286
17273
26570
474
3440
10608
2948
29156
43019
9603
17779
41542
38750
21867
1793
25939
24978
28933
18489
41498
10240
4070
49101
42523
10498
19811
37485
5584
16045
8264
3586
45803
34393
19213
2546
8025
20102
35259
12847
35031
23588
26873
6616
36169
40966
43680
23519
47508
8100
5281
3446
38622
16761
44305
23911
4183
48594
44113
21099
40911
3299
19070
30969
29715
20457
49357
49972
463
21778
22313
25591
28112
36682
11089
32047
26630
16593
9448
49678
6
6388
22307
7555
271
9240
31759
30312
25174
29345
3309
4122
30818
17571
8789
6305
32071
31926
3368
3074
18635
23038
48553
14840
6757
22155
4819
48504
41599
18040
34735
27373
7766
25921
49987
28611
14062
24655
32916
10280
34408
34457
44288
20838
13891
43082
13081
34488
39882
48194
34654
33811
15214
30241
48232
32763
12200
7929
19888
31272
21701
47335
19328
19932
4896
3583
27239
11630
39499
46478
5603
44159
9520
28518
48518
12992
26536
12107
44467
18466
40084
33564
6499
5384
35460
46183
5296
19287
8713
43545
281
8874
39732
43095
42472
47719
7308
47750
2315
35309
16581
1527
33449
15751
18275
24210
31550
12536
21663
4425
16279
36441
37840
15981
32103
49877
30836
2927
3019
16314
32639
40032
33987
35387
5638
31707
15926
24496
39610
13639
30795
7279
17769
38182
39925
2349
804
43589
34262
48365
19001
1050
303
26976
33616
4598
38055
27973
19785
39528
21587
43010
1139
19981
16895
34866
27076
11342
4056
31531
46728
41255
42200
21805
15828
1359
27750
11456
43057
12871
36072
11362
11454
32289
38655
36261
30628
11713
39881
26176
20526
31623
6970
2846
48549
1438
42144
31173
46235
20656
22432
39390
27546
17363
33030
44584
23677
14899
9712
13989
24170
47260
19637
43285
14559
18529
32457
2093
42648
27091
31773
26795
35537
48951
33205
26803
40428
42020
38046
48092
47016
5386
10976
30493
30111
30874
30663
1077
28564
36170
41767
21860
7217
25268
45855
27878
38509
21925
19558
20996
46179
20183
49693
23347
38520
4370
19473
24016
10612
46766
44507
33427
47196
35549
40457
25179
32006
43800
22042
26154
36926
20034
8408
35459
22467
9609
36240
45249
22549
47313
18157
27876
37924
25545
15169
10441
5450
48912
22481
10784
25527
49408
28109
251
30737
6404
44913
384
46226
20760
15057
46182
7467
10304
32843
2559
46231
36870
48040
40954
34980
30806
12332
19276
4336
20159
22484
39375
24092
34501
9128
22425
24949
23998
28554
37217
7872
5578
32372
49044
24618
23862
3762
48058
41673
28157
41428
3709
45590
11727
18335
28437
26161
23306
20203
20569
1839
7615
3552
27544
16604
37370
15372
6585
31844
37510
7532
28488
6162
11998
45251
16296
5502
16872
33
18638
2174
34987
42023
1449
27796
19681
41826
9005
44429
40577
6758
7852
29834
4847
10705
32172
42153
28091
26928
15154
43877
6205
40058
4796
35163
7355
9909
27963
29215
28772
4465
26613
26323
1076
46805
16780
20117
48993
45502
28808
8592
41182
20281
32524
37554
13824
7460
37657
19787
20152
27698
25802
37966
5407
30332
49896
3875
20215
40384
43187
18169
1499
7220
44802
21655
46932
30868
45128
18838
17333
49773
37904
19647
26111
45632
27432
32449
47462
41364
31295
38829
5053
4010
44896
10753
7369
44173
42657
16209
13830
33894
27742
47963
7389
1815
20849
10182
35755
19839
25077
15300
15555
48306
49975
34914
48170
4760
6902
4439
10967
32230
40057
13167
35770
1055
3785
47684
3125
33828
47526
19717
41917
174
20704
6490
22125
2452
42845
30784
40764
42258
42455
19422
48233
40809
15953
19518
21727
36969
42827
22453
7309
25256
18111
33280
25782
39398
45158
4515
33041
5615
37408
78
26689
46801
39129
24749
37785
22226
43430
2982
38429
30059
36054
42357
35463
3043
49499
36511
30015
25535
24727
26260
45646
36440
28838
49336
38317
10960
25443
7814
8013
33801
30809
38648
18865
38912
8179
13914
27254
32509
26849
18867
5430
37180
142
25492
6169
45947
48933
14817
8606
24364
14225
34703
46094
4799
5744
48909
49576
33810
8288
2359
41102
47840
38894
48134
36366
34172
33653
25947
28447
47553
40756
44419
11294
4174
33607
5534
37756
17024
32098
43110
19060
46308
45026
25509
7551
19025
44127
5017
14031
10414
13813
5106
27165
35541
4772
30587
10135
39165
13541
15642
49807
34236
32180
47998
44953
38626
5088
12155
20330
21373
30461
25922
22239
29154
23048
37425
40668
11359
17144
30122
49089
11668
44859
26064
33238
5980
18186
9338
45330
29701
23314
30213
41057
1938
2501
26087
33714
12436
24522
48296
40459
46962
39506
13443
21739
38485
46596
46594
1104
38126
19607
46882
44481
21299
7487
2165
6108
12033
11976
17661
18446
1963
28773
14454
12366
3178
31632
48999
32320
23112
25008
6482
46070
7812
2068
46085
13094
45191
24301
19577
44093
3087
34016
31078
23228
25986
11680
26557
32222
5209
45670
28028
10854
1573
5445
8864
33100
48609
6980
13053
49901
26575
4921
36249
44142
2414
23658
39024
37367
37263
45066
24666
43742
6207
25812
25663
24538
24060
23120
1100
17410
16661
38127
38931
16705
4405
49775
22793
6324
3927
3813
37251
16289
7665
46286
18089
48946
43034
27904
9667
46838
44390
30611
17864
6714
27212
42131
19455
6868
27880
28811
2865
35994
4402
29887
19088
42336
19447
22695
22565
36828
26482
23372
20255
12618
4827
28717
35323
27608
416
23382
8030
11183
41389
17497
1528
30013
11211
40433
5023
35314
26189
6913
35697
40643
35442
23553
36948
2127
10575
8839
11752
47823
42920
14313
19327
41601
31908
43084
39140
49448
15226
48914
2944
33789
16851
15829
12190
774
21914
25771
36961
5242
4083
34756
25997
38068
28373
785
37167
43779
7123
25639
48507
6348
47554
43767
38377
792
39151
42545
21193
941
17414
4908
23536
14936
22028
1109
38423
39641
30975
46561
2254
29021
41872
30995
4449
49366
2696
33972
48629
15412
49632
43773
41372
21055
3565
30338
4669
1962
26770
21015
5598
44893
14321
18520
24571
31936
43751
49934
19496
18366
1803
27759
1196
37117
10452
38932
34593
32404
47901
49791
37236
11809
15603
6787
19514
6304
8790
46141
30452
39158
13560
35141
11195
40732
38951
9943
8680
16751
43685
49500
24775
27702
34714
39100
35124
17930
48144
23278
32264
43704
36145
22406
45456
13259
21882
10981
10595
3615
1368
23977
16586
22701
20271
49078
29936
9700
10137
33691
2564
28190
44745
45236
30288
48830
4128
159
37194
23807
1427
16740
46295
16273
7367
869
46352
8422
13019
26862
38942
27433
548
6590
20337
13458
49227
38215
8133
11131
46443
22161
24460
1864
8385
9164
2766
45552
43043
1892
47643
31974
24707
33940
4437
9107
15996
16301
7290
19352
20571
33779
16120
36900
4349
8139
15799
15181
26
32607
6619
12042
34806
14107
10634
39921
40232
49872
5914
35464
14942
46653
44987
21462
33358
36503
13826
35500
16013
9570
32075
49319
16680
15682
43845
19099
14297
21578
27525
17699
40127
41134
14289
15202
41154
46512
19752
7122
23594
41144
39175
24751
19229
25273
9073
4361
9156
24335
49443
19617
45091
2337
8714
21769
13593
3177
17300
37669
46424
13297
39235
21567
30779
41853
16950
33546
29488
27069
37038
1735
36633
46862
49792
39171
42930
44399
3365
7946
41713
35016
30756
38095
19544
10587
15794
11864
13971
32527
6872
36973
42189
40304
18954
5918
34517
39862
13502
11477
36567
11103
46341
331
37983
40263
39399
41497
31050
16322
44153
4674
857
7138
19795
39822
40985
39374
4483
6089
19075
40249
10492
19061
25953
34710
45625
22209
42604
13688
30573
5492
1772
35832
43493
47413
36027
37733
49922
44197
36588
18684
12118
22768
31103
11564
8319
34661
48952
10958
44800
49466
34647
46229
21368
32774
550
32134
36930
48742
18487
19780
8645
32826
46590
32844
41578
35769
34461
42650
46230
25983
11419
14373
34397
13205
3888
21420
29643
33709
46425
22512
12966
9304
39355
36351
28582
37973
6767
15234
42880
5008
15016
41993
1658
17567
13991
14647
7987
9120
4915
15278
45850
17540
11568
36548
24081
14269
38702
42433
29583
41027
36140
21070
38781
6263
23815
45514
32715
2376
101
31022
7234
30339
18862
44252
8686
17821
28953
32219
22560
38673
39220
19187
2324
16656
15341
25074
4564
10883
39689
2699
43922
13089
40914
20339
17214
24779
18147
16411
22302
40307
39194
34439
8330
24192
33560
30479
8520
3447
15122
29839
43850
258
31440
36738
40506
42496
37809
43762
45216
4887
19827
42056
14125
1966
21652
7932
20929
37204
22171
49944
35899
33964
48479
29012
27665
48638
48572
7213
39074
29855
29324
38100
27012
20194
25194
25103
14605
18216
43065
15856
49691
20335
21826
17340
48657
20261
34590
3109
37133
29177
1510
38706
1841
32312
1074
1496
26675
39294
21606
38364
31337
14344
12639
9624
35481
25254
46571
42882
3376
27270
32986
20488
43565
35581
23286
26964
15083
18408
49190
44103
992
49790
10463
45137
19312
45458
35375
41369
42789
4531
28592
6492
37640
41725
49835
9357
21832
1321
31204
45661
39552
28477
1555
17920
28556
33582
31013
20639
4982
26123
26455
15819
46886
33443
48957
28996
16536
27658
44322
33169
46232
23857
29397
8918
32416
29498
25324
46149
21864
43832
36124
49979
3110
19726
11960
23083
14709
4388
47830
34741
33409
7802
24402
43438
38521
16131
21053
20892
23136
49742
22933
39163
10209
19412
43349
45467
45380
43953
38390
24337
18949
24193
44973
6208
36812
30866
3052
16817
39903
5733
13189
27274
15937
1511
28149
43123
11449
33903
2042
36
11628
40726
24124
48331
37005
12872
10752
4876
42837
2627
30933
34997
33422
33642
29322
6557
13281
34933
22294
7307
19929
16758
31198
12601
5162
15706
36795
10565
32825
49906
1345
45351
25570
39941
47736
2312
45389
6883
22660
23114
4542
5586
8000
34496
9298
5876
15335
5086
43105
37982
3703
4829
29451
39287
9564
45382
31150
5800
253
10070
25471
29084
13581
4954
24842
2668
4569
30986
8503
41992
20397
4414
26224
43072
45634
18006
3100
46160
12811
23189
32998
15766
17578
30754
41914
7259
12449
37584
6936
4151
476
922
7474
25184
46542
37951
19578
334
38614
7501
13822
49157
19799
48722
20413
3486
17785
13064
9222
27361
7519
29038
35913
22778
35296
4630
27753
14938
34946
28657
20630
36157
37675
39681
12113
49600
3864
9173
25136
26357
39300
11231
28075
19113
10534
46437
10322
40369
42365
25676
7997
27605
35204
47478
11434
11874
38444
16971
18486
34779
12956
1363
6849
1961
41597
5110
31479
5400
27297
15793
13085
11476
26906
14064
46815
17074
10143
39924
43562
24991
3220
10192
24611
9976
39033
17036
37410
15345
24148
11291
13750
26485
16627
12500
11293
47717
7768
11736
38887
17062
48907
21873
17391
39289
30789
20058
5553
6330
8986
46627
25885
29165
48768
47198
8876
48494
6061
42787
29780
27077
36476
47219
45897
18662
28316
7142
46950
26534
33944
8598
2530
26716
16271
2168
1823
7584
38048
638
25490
21415
44318
37057
26721
37817
5072
4266
21712
40399
32443
3617
4073
33601
15818
46977
40973
8104
48524
28330
26283
30022
16335
31535
1265
26907
26736
27136
42801
47586
30708
2447
18072
26022
14014
13330
19738
48132
12823
43533
7837
36320
22049
12289
4177
4672
16928
48085
13221
10722
15080
30571
39325
29004
26883
34379
43497
20632
15471
37912
47322
4110
5321
1655
2348
22826
43707
32400
42590
44628
20953
24208
1041
33600
8386
12943
22914
23763
14685
12377
15523
13602
7924
20289
31380
17104
42766
6584
4294
6837
22507
7593
34116
26535
40690
18798
48200
31788
42481
49668
48007
40888
20371
38449
16864
37271
15311
44976
776
48426
8781
33880
11409
9995
41734
5147
49081
18240
46290
22842
28991
19381
23859
35032
11386
44621
44513
8761
4484
27331
7439
40226
41229
1120
5848
14122
9702
24704
45282
3371
10948
6402
10427
48772
14730
23715
35245
29484
31712
43843
15595
32558
4346
846
27233
16070
37906
37105
5877
14118
18462
603
44376
27909
29520
46729
33976
29705
16452
13857
12952
26244
37668
3758
31254
5473
33612
9632
22007
629
37546
21351
37513
20583
44707
28419
44029
16731
10189
17243
47217
18119
2375
46659
14623
36063
28609
44408
17841
25247
11025
45896
29439
5113
24384
34199
49832
14161
37091
7125
38040
27208
8101
27475
12786
9008
36745
45012
32304
49032
41035
41569
34934
46157
26965
15453
2892
28529
47918
42354
19427
48028
6981
12215
25424
49218
2565
46155
39608
29423
30896
4098
25055
33337
35313
45250
49741
20401
22555
1208
39496
22664
37765
2505
34682
16619
1059
1487
36066
5354
9145
20448
19673
4025
25933
21728
42740
3756
17164
46841
31542
47044
169
9752
37514
9670
33031
2181
13393
19234
1098
17003
47250
9332
46354
3646
11268
39616
14558
34225
31344
27250
10857
42999
10731
18414
42370
16808
33346
46515
39150
35272
9111
11366
18412
29923
47838
618
29395
30159
395
48452
48976
17047
7432
14282
12612
47902
19005
45057
49692
11758
9283
48808
10293
27485
29960
13612
39751
2738
30839
34581
31260
14187
49384
17053
17698
18858
47062
46432
7411
19875
882
1539
18449
5080
15156
11836
21552
10125
45471
3355
31148
9865
2307
35804
36725
21174
16308
48543
13793
45949
16583
11307
47603
8711
48585
16946
35154
46411
27275
30838
19820
36800
43336
39789
29273
1568
38903
30386
691
24262
4472
9973
41715
14536
38147
1025
29001
18452
34297
20080
49619
34545
36080
14237
34452
8974
11578
20714
38684
35704
22251
21468
11320
377
17646
31861
47892
11055
37110
32021
49468
1124
6306
17814
16284
47467
7869
22593
35935
3084
14253
35101
17137
26097
23235
36264
13601
47848
10454
14543
13202
42086
30721
15470
37523
36273
24896
20131
45209
15807
42321
5592
44020
42129
24189
25305
40792
48162
22855
41527
37662
21207
16035
28964
1845
49298
11370
22850
2130
16432
38149
16243
333
37812
37135
29074
9100
30476
27424
12007
20638
9830
26626
42773
38246
7268
27683
29313
28700
32052
3351
42744
22008
18651
49786
31146
5129
23974
43500
40007
28423
31179
37163
42492
9081
3787
15640
17430
35024
36809
45857
5963
28135
8162
23526
22216
25899
35923
25958
45433
24174
16363
29260
10430
35427
46919
3289
27209
2011
11763
21731
43328
47812
47804
91
32297
15876
49367
29050
3016
3524
31740
45901
32557
30459
9183
29982
38960
6319
9926
9020
28712
20204
22548
4146
11364
43040
35595
45508
19872
6405
26436
36431
22861
10048
16547
8262
15411
35359
9
17195
24733
12595
32043
27210
13862
6217
1608
5720
12776
46325
29028
40216
17828
5799
47997
18015
41343
29871
34858
7667
48867
49582
13530
47204
21544
1785
31199
39575
14527
17096
17897
30817
37161
5896
22463
4697
49223
5797
25378
46595
49614
21687
41874
13925
41815
41747
8161
702
12815
20522
49368
44657
6200
4310
24047
31907
4984
7107
48536
37417
25996
14230
25315
47098
22489
22866
20524
33262
41513
47995
41461
49178
32520
13811
10506
17978
10310
40362
24022
37753
7483
33841
19613
4934
18998
43339
9291
20963
11534
39871
14264
37500
22245
22364
9600
45192
48063
7075
21851
7765
2931
8370
3134
46697
12096
43598
29654
34160
47741
9842
6256
28725
42541
9856
17650
2141
49544
26934
29478
1271
28361
12255
39482
949
44152
8629
24330
37176
3550
7318
49701
18497
27064
1057
32142
23261
7539
43573
48112
46399
21818
36161
6060
678
37399
47502
41866
44124
7205
25664
17655
13630
40852
23475
36518
43254
49646
44865
37304
40877
20418
6462
9591
43626
34623
47897
15614
33092
3248
3302
38679
26544
27114
14032
45928
20469
18469
19566
22244
342
23995
33318
39773
12237
23353
5856
20525
44673
1030
45909
24961
27786
4117
26573
38445
35875
11079
11222
44267
44944
8056
35229
11760
22402
22759
13349
28824
47539
18814
49463
43411
45117
3801
17572
717
42633
4350
12329
22071
15313
30305
23884
10843
7121
41594
8336
6332
15269
21049
5493
29082
22542
44234
38012
39989
16871
28067
10788
20882
8349
39341
35128
6783
40907
28078
36275
28058
18389
1723
21256
41020
17413
27156
46817
2782
29247
25221
36779
15010
41269
34437
42176
26564
46265
23430
49492
9479
21347
9421
31406
6507
2270
48409
19771
37156
23942
43017
41421
6994
40196
29810
38400
39614
6014
18259
17660
9944
19140
34042
46347
36951
34360
23348
23885
20626
15053
6602
46568
42187
1846
40227
49918
43841
45667
31910
41213
33267
35772
18442
34197
49170
17441
13584
29159
13396
11858
46109
45053
1888
40775
8251
39045
35380
14089
31913
494
22523
42417
31900
6167
2057
41021
24958
44039
26472
44455
37804
15967
5507
9228
38171
3568
10527
49599
7804
11447
16814
26043
33788
24871
16904
34984
49819
41945
23992
18348
18422
38620
29567
10244
20151
17401
809
6700
32139
42783
36414
39554
4108
15912
40511
8822
31940
18222
14735
45152
12391
955
26876
35790
25214
45631
2132
16295
11324
19465
31400
20143
7566
14466
11531
16341
42474
27920
23322
27351
34185
46013
31633
48814
40996
21703
32145
21315
7906
29449
8259
37223
41540
26558
42382
33275
1879
20184
17644
6309
43955
20784
40922
266
37562
49386
31825
35919
45778
23365
26726
15448
32808
33511
5006
4835
15138
6729
10439
27641
34204
12971
43730
46204
12440
13247
33098
23018
30880
7928
20326
34243
31161
33371
5479
21022
29113
6574
24726
5192
17155
30606
42411
22568
44110
42779
18109
23326
46976
20017
20528
13446
6905
9930
10186
41053
25520
42445
17321
31065
17124
12105
21400
43262
9846
37829
23253
25934
20447
31754
36980
18896
42558
17496
46056
35299
11026
20210
10383
18582
32405
26690
6394
48285
14494
36219
27938
43283
15467
41521
40378
25943
11067
16154
21287
32054
17672
42551
11938
11236
26707
24669
45362
43239
13282
39942
43044
28903
41483
45002
47139
29101
28766
41608
29065
39509
15684
12103
3718
13959
40827
42314
3260
12075
23200
26048
35611
1212
43595
1904
28752
23276
2913
5946
47144
5440
1373
34895
8456
49751
36345
1880
34668
25401
8913
38708
22765
20046
26754
19285
40846
11562
17044
45239
9680
38869
23179
2943
2105
41178
14310
46506
19400
11542
29086
33523
19208
11994
47305
13832
23134
34343
20966
26631
33187
44942
24513
34852
45965
12301
8523
49564
4053
25863
13307
32445
31549
12727
14469
29670
43294
25250
30869
48605
4924
18363
38685
8705
35968
21619
47300
6056
35573
1826
25941
13012
23337
23350
40033
31030
38603
10849
14937
42969
8177
9546
41836
12989
20833
15663
21899
6249
44079
18821
42512
20411
47374
32276
45199
40553
11914
2297
11567
27613
14316
48760
25753
21582
32518
30132
20906
33749
14827
1712
21772
934
49504
37438
1762
47630
32280
45987
9633
46883
29827
20828
24778
24797
35175
35276
3839
39576
37431
29771
6437
49055
12478
11892
16244
2520
33499
14060
6569
36934
6389
35526
16112
22213
40660
9141
11759
40098
39561
48505
7670
10046
1457
12843
20274
21197
11398
10196
26978
8352
34561
12522
4328
26946
45333
45668
37805
25153
6378
20978
18034
15434
34331
6591
5909
18473
40071
3112
27812
9775
34680
9497
28522
30725
7301
27493
3145
36665
35135
34215
23879
34994
16024
27313
14645
24393
11982
29420
6891
6509
32634
34082
14000
45255
36466
27718
47166
14997
49098
23309
43172
37677
31702
3219
11945
31804
19460
30326
29496
34182
2703
12846
3981
44032
20343
4709
29329
4227
44747
13871
46416
26809
16615
48488
39005
26860
42967
39829
14773
33473
38465
40486
13663
6212
10154
35601
18014
28246
19006
15919
28278
37389
10239
40146
20778
6636
2486
43241
34882
29737
10023
41726
28769
40377
24900
35413
30353
30307
27817
45981
21341
9779
1022
11586
30341
48902
41005
1791
39067
3166
46185
43567
49718
29613
23445
22386
13427
25779
32018
20575
11930
38161
13309
43097
12663
925
31893
7317
20439
520
35538
37731
26114
39491
2085
49727
38578
46253
45133
7097
47928
11956
8970
32446
14075
23989
24785
42315
1903
38728
35675
30870
37707
30153
1339
17288
6990
44565
10982
48195
12737
34261
6710
27479
10207
43637
29471
36945
29738
21980
343
10592
28074
44641
27050
26329
19990
1387
6527
25893
11872
18028
8701
22133
29756
43420
48529
45381
15674
41286
36731
29489
32095
20964
39656
25346
23071
1937
2234
40116
15683
11794
18834
8417
12094
17707
42109
1953
14737
36896
7563
38972
19689
45611
9593
30008
37123
42656
33725
5931
9840
6770
43857
24804
41268
3587
30468
34575
45712
1870
22546
33383
5594
47855
21788
19803
13215
3761
3036
14670
47623
29610
26367
41590
9359
1663
32797
1644
20987
2811
10116
20573
24790
48478
6387
36552
31434
13363
12408
3001
8654
1312
3973
38015
6211
11315
49207
25231
19711
40186
5894
46502
7059
40803
22053
37853
1182
3855
49950
23057
39946
16101
20823
30917
4224
22203
6206
25474
19178
37214
31160
16842
45139
11116
35564
14041
16007
38824
7903
3445
42035
15152
37465
44397
32969
45517
5950
4032
19032
6879
31775
40629
33816
33013
22582
21389
17584
1666
14105
40277
37719
5501
42636
18398
31143
31153
32315
43682
20515
27062
8631
5624
22202
20270
21566
43234
2995
43170
6214
21068
484
20294
29404
25931
36884
1313
13875
33586
9592
47149
8720
45930
29046
3687
18813
1526
23161
9102
37288
38852
35806
31709
15021
46789
17552
2856
15947
15737
41252
43640
3612
28803
39596
37627
15201
1728
35809
26911
21838
6875
19852
6983
39481
43741
21666
20147
36662
41162
27882
28751
48309
6303
10415
22491
31006
24848
31515
44563
32890
41377
6421
34939
15267
19528
19385
9771
1855
24080
17161
18977
32179
42977
48860
30589
49974
45756
41825
49515
15525
46382
5259
6535
30911
5029
4182
27848
42643
48425
24485
28875
15256
17510
45801
24920
21176
254
36916
13513
33610
7712
27897
7119
42915
27513
11235
35186
22820
29111
43517
9615
13464
18272
17500
17576
22996
1303
6877
19790
39573
22985
45721
29869
30268
32756
1349
30881
38730
49251
32119
10222
23476
14022
18544
43557
20948
27236
26460
2216
43620
16465
14258
38940
13927
3913
40299
19471
30425
14787
27494
5998
29069
2088
47482
31060
16073
19406
41595
42910
44147
13005
22740
5490
1294
45124
9791
23474
15168
43049
45071
40088
49154
856
3189
13186
7775
15377
32478
36996
8890
30094
45076
11092
23327
5212
17674
14935
21117
28315
40560
20049
17286
14690
24222
43885
35777
4384
30715
38119
25147
46994
40496
4681
49586
39853
33099
10264
30464
40240
36199
1406
32491
22183
5721
41669
20173
29841
15723
23532
18304
22838
4741
31256
32786
30875
22749
30291
47053
24498
9695
42142
25292
39878
2976
5957
32553
26068
36855
40739
11820
28226
10766
28372
11871
29129
21626
40383
46779
46531
28561
40531
6562
43681
49318
26301
6950
6022
39177
13536
35517
30561
45665
41852
9544
1451
8338
16672
33703
30822
17937
27519
18437
10951
11499
41878
12261
14810
20498
33971
8068
27860
47534
39505
36105
1881
32776
30892
11582
26380
30884
15777
41294
40065
21260
45046
162
15238
20446
20610
46241
22677
2210
48787
16640
49990
32391
35854
40268
1169
15415
41127
45775
12208
5625
31476
40099
30900
32169
10728
42662
49199
26850
43494
43694
36090
1941
24769
35050
3577
46497
6180
27579
5844
16492
22148
32989
7099
38526
35797
44324
36655
33185
3533
32253
29100
2710
310
1615
37237
14359
13972
23334
39734
15773
46153
43188
39290
22857
32302
6612
11045
36294
42750
10970
40188
8247
46998
46333
22944
16195
31281
32947
8677
6652
36406
272
43563
14181
35066
44587
12805
43374
89
5788
43758
11860
46845
32368
17412
30593
3664
13164
16806
41961
49390
34638
35415
42342
7585
17483
41955
21385
5173
39495
149
44254
28072
11565
10851
42219
39615
10633
398
22617
18807
6110
13664
34365
48889
22144
26353
32415
20810
37018
7536
38259
31585
5214
25335
18403
14566
49518
13995
25444
28084
23076
7062
19043
34038
12698
8331
46036
36843
41301
22243
11036
25798
9147
42718
1509
23634
41522
18875
43337
35143
44368
42164
27914
18042
15259
47868
19704
18628
27029
39186
45515
12645
26710
19340
26959
42022
15918
10166
44172
6603
38077
45221
38967
4561
33920
8784
22698
11983
44705
25620
34217
49685
16194
22971
35378
19512
14560
27388
9260
32519
21480
32494
24067
11997
36326
11845
48878
48950
19014
38092
1657
14152
17719
34060
40285
1952
21676
758
4744
24997
39416
4317
18622
40375
23958
16068
47951
38386
1882
22536
38712
27074
6943
13023
11839
36755
28076
20511
49758
23545
17131
9529
42036
49243
43627
20772
27891
6560
7218
9950
24572
3936
44978
41136
9155
12026
13134
40974
18289
45410
44656
28191
27518
29947
34169
24171
42072
7283
35946
23252
17199
22981
33614
1968
29278
153
47611
6175
15428
521
41453
19145
23729
35432
20655
48211
35443
18536
41618
15004
45962
41033
38910
21173
6993
8997
42675
15112
44572
40580
28160
22247
36817
39947
24659
30345
10706
11118
44750
15538
622
24889
23072
6021
44963
7058
5902
45749
23655
30967
35324
33529
10947
4173
1005
22621
20282
2056
18418
5289
38123
34793
46133
39356
45605
19742
25860
23792
48876
32615
39162
22431
44729
45869
16434
15143
2695
38953
29787
13978
29184
24653
14704
4231
47348
8987
45881
2196
48862
27939
1640
49984
5229
34692
28647
33167
6410
12331
3630
345
37775
31932
16922
9776
16802
23737
41819
390
9731
24664
31751
21912
49237
23932
47644
37281
42313
34213
2329
36142
35743
4614
49597
30832
11769
45279
37665
17049
46021
18912
20136
33743
16908
45957
844
46753
6039
38979
44840
2896
2069
44846
9370
18056
44040
39932
14082
48879
12124
28186
15909
8396
712
2282
29743
45136
8915
14164
21327
38283
36204
21016
32094
29152
30794
13385
42695
6339
45510
33232
6924
30522
46250
28881
6103
42285
42570
1004
27491
7634
15656
2911
7656
43778
31167
24846
43151
10694
33719
46234
13946
3538
1297
32117
14656
4527
40397
18550
26099
4193
19943
11573
8823
1851
15666
18766
35395
414
18476
37004
25672
42383
10865
27322
44941
9949
18264
2418
3695
33002
49902
10604
14090
20785
24806
46650
24658
47573
16461
1889
7619
18320
47344
8490
48699
14600
24996
12611
27847
19936
9364
5940
33465
24866
43874
26346
32388
25299
27852
14607
7365
17594
7595
33066
38492
44962
35467
49488
14744
930
29098
37585
46703
24829
48738
28346
33480
11635
14324
48018
12505
16587
39470
47079
44834
14786
3133
16924
26497
10174
24630
28729
3566
6605
3306
41919
46384
47664
24942
36247
28739
20206
34752
44752
25643
39217
26475
31860
46884
48202
18155
8257
30206
27028
14474
6115
3300
3879
10629
27105
4978
48637
49946
42096
693
420
42725
29131
4738
41777
23394
10834
10615
26653
490
17787
27206
38661
32854
43024
2999
15760
42146
28603
5237
10055
32620
1557
11138
7035
7100
14147
42040
12143
20120
39785
7636
38076
14235
10015
30616
34350
3866
18196
23187
28
46476
47442
48969
30857
10419
30230
26062
21779
42603
9907
24430
25992
27547
15243
20956
46490
17877
7787
28228
25690
19047
45400
31075
28785
23591
18065
36442
10699
6681
26047
28151
13412
19194
39488
33197
29939
32593
33015
5462
21649
42830
19441
25818
5038
38354
7078
11859
43228
48621
41822
43718
40647
26307
22949
27017
642
39459
29237
10250
26638
11878
16173
27180
47975
21187
43231
15790
34947
40108
36989
4864
43147
44360
28823
37294
14879
10131
45645
31666
26586
13310
1925
4213
35624
37154
7382
32268
3027
12691
42664
29052
31755
2385
8834
45644
8143
19848
48781
18512
25024
40522
28939
10247
17338
33669
27469
29366
381
9395
26812
39772
44689
31689
15625
33171
10296
49954
25955
27409
49608
11765
41649
3077
34477
36646
20123
40529
20108
17039
36019
17686
1225
3141
19112
34824
25402
37234
3862
44717
36178
32818
18490
47004
29698
14362
16959
7559
31954
11967
28219
21845
43714
36225
2253
8652
40499
39146
39803
22005
45624
30414
3999
526
29821
22673
24236
11927
20373
23511
48484
12084
7362
20585
38497
372
15587
36566
19462
10478
38228
43030
14226
16038
2238
25579
20116
30061
21188
37757
15036
14869
42716
34127
9888
41737
43683
1934
35514
36182
15515
31027
33365
24830
3283
5345
37466
3759
9655
4905
8263
25556
4429
31349
13762
16951
34936
35484
13769
8462
44850
27946
21191
26892
41788
9848
11254
6361
39698
38755
45293
3397
30958
38134
43486
39618
23424
37116
36923
44516
48716
27014
46398
40707
12160
23823
2155
36764
15503
8375
27723
23255
27558
39439
1348
34344
32585
47972
1516
23362
24524
21768
16878
17507
44697
48731
16897
1350
4212
39467
8404
16433
10925
49023
831
13887
41766
17350
18818
16880
27921
17623
10561
49475
13145
40949
21794
42979
36652
43928
46164
42419
31003
41120
3750
4055
13987
29862
868
2190
32523
31547
43351
2725
49699
43386
45049
3776
26706
12484
44703
24884
13764
22173
34699
9018
33357
42418
41804
10350
40135
28793
23954
23354
12975
18340
10059
23968
2078
42535
268
17770
24308
7880
45286
26023
38146
9885
30151
35791
15095
19494
17077
21229
35956
21161
12921
33657
49895
30507
21078
33798
46047
49013
30256
23420
11785
9342
30942
29770
44939
27468
47626
46644
3560
31053
30528
37507
18384
40027
7206
28485
34464
34784
31429
29635
3360
19882
2712
35634
5179
26145
4447
44857
41554
49981
43473
31998
19584
42640
43974
16328
40631
20306
48881
36437
23455
2235
32929
9041
43810
44891
2465
20588
30551
12154
41547
18060
29071
23816
25781
43549
44804
26130
30707
15339
17307
30674
20096
19142
35942
31305
9389
49187
20374
17992
42904
14440
47126
18314
8860
22417
20543
18207
37721
9074
9105
17671
35077
47345
29183
46824
17667
32571
17033
30413
2213
11510
30225
31701
14557
158
14262
45234
16749
27391
36177
33369
19378
6181
38805
616
10877
21607
19458
17147
32731
5726
15744
7956
15530
42665
12636
27649
49898
47072
37987
22385
27205
25434
28613
45618
20730
44071
28271
46011
19912
30037
27303
41077
23869
10519
10404
36690
21041
36234
48159
33070
48351
12117
5350
5491
10973
3176
19643
11626
25232
8487
19627
7322
41953
1311
15254
8208
3797
11888
31898
4106
44790
41402
21346
47415
2591
16033
47312
10609
6173
45196
3030
43203
23611
23460
31271
43756
34087
46769
30044
19134
12343
33979
46119
45408
48305
3798
17613
40171
41451
41711
43934
36457
15012
35198
17266
34751
6532
35023
10472
43632
1299
11074
16893
5653
447
29291
17570
45110
18739
16264
48533
19654
3732
32201
31799
7024
30250
36336
27875
40642
14521
33302
10477
20564
32224
14283
48801
3897
15158
2461
18553
5178
711
39388
47796
7459
21642
33080
4286
15307
18566
13498
31446
18738
22990
13279
47867
16702
29376
49719
46319
19284
21492
46566
38895
13636
17839
660
49027
1407
5187
1654
24035
5405
33129
34425
27604
2450
477
22378
35560
19256
37340
29202
3509
28317
8423
39740
24810
47287
28789
8233
25481
8777
17852
49352
16515
47216
28319
31735
40835
26890
26897
38101
46150
36003
14957
1623
24582
32901
8004
669
35954
47239
28596
1535
28649
32867
20782
7383
19045
4640
2123
9234
9352
42729
22192
43238
16241
20890
31061
22823
32373
33479
32643
24464
572
28387
18606
47205
42138
14484
17608
13778
33115
4839
9777
30638
33512
14798
23739
26745
1575
4232
11862
11423
13691
5677
14036
11279
27466
44389
34819
6654
35474
6251
36517
37996
32789
17800
22646
6234
14974
20342
945
5754
725
20060
7828
1813
18008
45591
4394
33735
36292
13787
32459
49506
28799
46452
8581
1268
8732
47488
5706
33266
41097
30384
40597
12810
49421
17713
37345
44291
13102
27762
48399
18054
3802
49740
2691
25494
22619
34450
18115
29240
47538
48812
4307
3326
33482
17513
1388
42863
31683
16105
30499
17145
1569
7626
14186
434
2293
37563
25498
43410
18829
3507
35156
4666
9452
18602
36167
36740
17450
33434
20923
29250
22798
38584
44737
20521
7188
19957
33221
6314
5631
15487
34144
45299
2654
39752
12803
11435
42631
3464
32657
37599
4969
7822
47591
38593
19897
45689
26273
5342
9967
37192
36302
13785
26713
35622
28620
34227
26423
49598
34562
2842
27534
37469
27417
48513
23748
47798
22318
41270
7984
35212
2544
3948
38701
27630
36272
48796
12896
19903
48163
4156
45226
32029
39833
40469
38070
49605
47907
22783
45340
42903
4756
16058
41031
14397
32450
2442
41043
22369
39036
30125
8415
16542
20769
47503
9202
35304
6280
40473
31916
6027
16636
26924
46251
15395
47921
66
38247
26378
11161
44044
47293
22352
36867
40937
82
5756
14256
46076
14888
43950
10536
47861
9285
27282
15526
6465
4642
12672
14777
40854
23638
18365
20340
30799
13231
1347
17823
41897
11299
43524
45690
34840
22837
40943
10
27173
21853
21454
45121
14073
41659
38135
6274
21303
5364
17323
36694
34670
22519
48338
17179
27455
18032
37313
3816
39891
36327
30815
10570
10808
10006
9749
44844
16263
33685
17556
489
37274
35915
48235
46616
12416
4359
42216
13025
27276
28796
35397
9550
1018
24239
27302
29070
12997
23826
25347
25703
30289
31088
17635
46746
10262
21081
9083
40674
4801
32680
816
16845
36777
34760
4103
37193
42526
21405
48413
32997
42760
41810
5790
12108
33272
35760
3377
24624
27535
5075
43460
16865
2858
24369
44816
26584
15645
41987
11282
33872
36968
19657
8260
8447
16181
16151
39690
26297
9618
21391
16222
30627
3723
24306
22153
37576
33692
21061
22895
7864
46510
36206
5872
6279
17710
27520
20688
47757
35606
49399
43058
1517
6978
5853
33006
22423
36956
35902
12177
30662
26349
20090
28070
1111
14850
25287
20083
40331
46146
15709
2709
37419
25849
6965
39487
2722
7319
47424
29402
11740
37894
31218
29398
3751
20991
46482
670
44998
39733
37317
38079
5695
35034
41646
3496
20801
22715
12012
13100
34111
28982
43878
34391
2292
26072
46903
25026
25127
26024
14432
8917
18399
6561
26281
762
14034
8243
30095
48397
39790
45772
16544
49259
1417
13073
26079
16896
29631
19596
5090
49333
36899
17809
21534
5698
19029
37632
24558
2634
14750
13045
11735
28677
48754
3562
15449
607
25735
18913
46017
1786
33430
48674
10119
2604
47783
13676
40721
32516
18016
33354
16510
28440
29342
34884
40140
2316
43340
18440
44506
24953
41687
35918
35627
41480
11853
45007
11396
21421
41475
49105
8964
25661
33835
5547
25233
40717
37541
7157
1848
8866
11924
37434
46676
31696
22158
37436
22083
34132
8407
30017
46316
32833
16444
26473
13257
35507
18799
23756
44290
33737
28575
41339
22848
8040
3495
15166
23404
4814
18281
36041
996
20807
1198
39539
2843
39167
4632
26486
15475
48645
12974
19863
4074
29760
10831
29276
28093
31222
36191
47173
37341
15980
8691
37216
49455
18574
3576
16321
46201
4161
46793
23121
3132
49859
23614
25390
45207
15340
47496
26791
12235
35265
48010
23207
4716
47949
1521
32231
38739
7697
10382
8683
37310
17346
29554
17027
34757
37612
3456
7241
33723
28870
23488
6184
4639
17756
24546
39695
44990
12556
18230
18845
37880
27819
44330
12569
49552
22174
41371
5700
30703
17425
8730
36603
48900
9547
35394
5961
424
24015
20156
32431
8188
8601
40800
5043
35247
2231
47268
18427
10897
3280
25655
38695
25465
5837
2877
42033
37451
25260
17493
29946
24981
44300
17305
34059
40657
46083
11893
46984
17259
8747
26857
45482
18441
14119
30381
19007
18267
37381
43433
26134
47929
25925
10484
22103
19483
33259
24741
9649
40069
1991
33579
44223
29491
4740
49070
27732
10515
21910
22355
16081
44434
19506
17855
39124
35944
38099
6455
31568
35487
41365
19861
2125
31028
11166
31708
36202
37441
42076
30723
30308
14185
38882
32798
26251
28172
24651
36962
36421
20952
37486
49327
33962
11928
19423
23007
18074
46422
11790
42902
32333
45583
26889
33429
10657
31688
35964
37921
20315
32184
49565
47334
34660
39394
20733
14760
12716
5413
6771
1805
23712
25230
42582
31439
40989
27598
28995
6092
7192
26949
30701
12515
3547
11285
49579
34122
48199
1081
6047
32849
21920
43851
24822
16653
24440
21009
43120
16280
13758
21707
33455
8196
29795
41559
27947
35801
28460
17152
30310
3249
21502
42776
24309
25886
30763
47820
9586
43886
23557
32468
15371
42698
44396
14700
49707
19693
25249
45633
13960
27422
38004
38717
37338
14221
14691
7229
28754
15713
23663
20615
6760
38513
450
10971
25333
45941
21961
24344
8353
20483
25522
10703
30375
31516
22650
36532
28007
21261
40205
21879
43543
8851
24714
35786
37484
26679
277
28659
10315
35029
29774
20940
6340
30684
39647
19459
56
8230
15408
26591
35049
30742
42384
12532
26303
6580
3148
32598
18243
31582
15849
17358
23801
46716
40373
8287
17445
2367
7518
4635
40905
13517
33702
26330
10820
19800
1600
31647
40456
27289
15728
38305
8793
33424
3278
47621
10862
5233
7908
31650
44441
27053
7345
4882
39157
39411
34877
23623
4000
17343
19274
20905
6065
41583
33645
36126
34626
16494
30502
13685
19222
48817
38851
6232
8584
1486
22908
22188
21986
48625
26325
16658
851
9099
44583
7779
13375
20279
41752
28247
11083
27032
43387
26680
31330
33172
10768
17934
1636
43956
38160
22445
34105
42691
42111
47037
31578
3746
23774
751
37676
45742
33997
30506
2730
36673
18552
27956
11723
23249
10223
12274
35193
35190
38385
38303
35819
23661
11694
39414
11442
19663
36347
25919
18318
37252
22558
42451
33297
46546
18714
9929
28241
8326
6053
18758
500
28718
8252
45579
27950
33757
11072
36487
46997
37685
13251
23554
15764
3767
7742
28877
1244
35410
23067
45960
535
43615
2733
13173
999
46690
31543
12726
41789
2906
14355
35892
32048
46217
24763
31781
182
16431
767
28726
28282
13551
32924
42987
43347
41817
36354
25826
41798
1331
24098
5840
12890
34818
7150
17332
16886
16767
5379
11437
26808
4153
43399
36958
29575
41564
17971
6037
42686
13610
12686
44260
47447
27666
32031
33989
29804
12051
17795
32906
12098
33555
3803
33295
17501
35552
27664
11061
18608
30579
31782
32753
33304
15177
43979
22707
27016
40471
1713
43466
48421
18729
5448
5108
30540
5100
24105
3206
24952
47489
19350
46925
21616
1156
46927
22757
43225
42273
37169
15736
33622
34472
19938
1949
4419
29816
27065
36103
37471
38507
40620
35452
42828
27219
14076
31864
10014
919
814
38313
11142
19177
41069
37369
38627
16795
8878
25607
34755
37391
25840
18830
3421
16098
19319
45215
20394
49848
30889
49797
43890
33820
21318
12578
31116
2657
23949
24352
16873
4641
18064
36073
19240
18643
45653
6253
12661
31264
45501
40536
38140
38346
39587
39845
26896
33289
31234
10104
6707
46621
24702
4961
46264
24687
10759
12581
41499
41587
42397
20076
46565
49301
41915
8373
43189
15527
41708
4451
25775
30456
37598
42817
9729
39742
23185
6982
3293
29562
817
28976
38924
1661
40681
3420
39929
12649
29452
6333
42813
21911
34945
18189
39757
23176
41728
29945
12082
21379
45290
16540
31302
34207
33125
23059
5439
29624
9178
16199
24813
13057
15973
25662
27918
22932
9867
14875
26587
7729
7139
26179
35842
15089
20460
5057
40771
6730
5458
46441
21776
46436
5505
31031
43404
3173
28550
39538
32910
16580
47289
15602
29358
49294
30235
44848
43994
49964
47905
48330
9460
30290
43801
4456
21767
24506
30554
42846
38564
26971
24295
4316
9770
44497
16469
28831
37621
37885
40430
19690
26804
43753
3265
46924
20320
44899
12119
37915
2884
22427
10921
46899
18928
16453
4626
9397
35424
32978
24433
30819
40600
31017
40490
14121
11465
21233
10503
2271
26836
47477
22487
24196
8590
6222
33682
48303
43259
4692
48398
48724
48114
28516
46811
23777
2726
30519
4494
35112
28660
9377
22478
13773
16212
46487
23234
15798
49722
24244
39042
28251
5135
8154
732
39346
40697
27804
1091
26095
8282
33246
24553
45469
5613
31243
35609
42088
10995
39463
34738
34790
33720
48181
7162
30473
30283
37096
12682
3794
42494
39718
20451
26581
13527
16781
48566
44532
12825
17102
32769
20672
34221
2806
40004
47012
26255
29463
40366
47911
36235
11317
45503
18131
23385
21428
35328
35052
29204
2711
30129
10780
41025
8847
13161
31574
49647
40632
15393
41406
30718
11153
24128
33467
24226
17599
471
5965
45992
31995
47810
40772
34374
43819
1719
2073
25452
26731
3660
43275
10924
17528
750
15908
5749
19612
20414
9875
15362
17833
15943
47230
47134
5755
20776
41638
3021
15019
11322
30359
36127
8205
38672
44485
39525
4849
39456
9491
36093
28736
18986
28746
28612
14223
19154
3069
14160
27092
27408
7938
7105
38489
18731
37610
41425
10566
43209
24937
37059
4467
46536
11637
13087
23733
45870
12015
9174
27159
21682
16185
83
25824
13618
18575
15432
34403
23941
47507
23668
32935
35762
11536
9167
31856
30757
17711
35497
18934
27265
36411
35389
31303
49548
14391
12300
4990
26280
18229
20493
13532
42511
15733
36246
44164
26138
31973
5981
215
25845
43840
39029
28854
36030
44781
49866
44821
42178
33313
28438
49957
49665
43613
38021
42943
21271
47815
2482
38775
42218
12223
48673
28531
48537
45108
5265
45942
12621
30831
39214
9677
18212
20860
29832
20861
20387
27462
21126
7017
39714
22937
47919
14763
18634
43321
36259
47011
17065
42194
17236
33747
11525
7305
31716
46035
26504
44823
45636
22737
24663
24287
1922
28099
40754
12630
4125
4884
25740
34074
42286
339
5960
44358
5849
22301
13689
5905
14504
17527
18581
9594
17079
10669
44955
26277
49120
11701
7364
12884
30140
22416
4893
21190
37914
21089
33067
45206
4532
33161
30793
46669
49649
20421
27797
39332
33818
43468
29955
697
1503
28339
38692
10060
35289
3471
6723
18772
43009
38854
28294
19624
7280
20292
7590
7057
35949
46203
11016
21889
4406
3993
2500
32877
30735
2148
12571
8742
1691
20837
12480
40247
2305
27292
35189
22407
31833
34803
24648
48056
27879
44904
13673
28022
37364
26998
32118
5509
42491
28845
45273
30642
32255
20126
7726
1983
43868
49514
28741
42503
27514
43038
22229
21677
8674
14627
33064
47167
7699
39817
47160
49884
7679
15915
49845
17518
43307
14276
12341
13283
34854
48161
7815
37003
49188
26987
26028
41206
30356
11097
35386
29836
36392
10737
8412
43129
28062
20692
27633
22666
23285
36075
36335
23457
3080
1873
37272
30046
2120
11165
27397
49005
36660
28536
37750
10632
6694
49495
3028
42005
305
13781
32747
28350
26845
30337
24516
43798
29450
28341
21449
24826
9450
3499
38059
35152
40489
22390
32124
918
25854
47505
28217
9274
15219
12931
43330
31225
26728
2361
38896
24838
34888
8198
27925
20899
4600
27701
27771
44934
46930
44838
10482
33986
3082
6615
28661
16955
30871
33629
70
39920
3894
46785
12655
32012
32556
28779
8923
49867
42170
26954
42212
27383
29970
35125
32845
4260
48510
16852
28508
22657
34252
38966
26775
23802
36854
32122
32238
16358
49715
12205
28430
26030
19933
35390
21610
38624
1567
37900
5780
35053
34833
36227
26917
32352
46063
36035
7472
41942
44706
25658
13680
12833
734
31592
43087
39602
27225
44119
21127
7545
7873
12913
9811
25981
38245
37899
30847
23981
39458
48381
36964
44345
25272
48193
23482
3995
23518
47781
39569
45728
21006
23162
31673
4920
46525
29144
9264
19252
33163
33606
23587
10691
25730
30698
21352
13360
42293
39445
26543
3572
40421
46022
30978
49437
2794
6873
44847
42100
3828
40224
29713
44237
5004
7685
18852
21062
41442
36123
19404
10914
21855
21265
49111
42731
35015
38272
1072
41176
1204
12144
16009
37501
22473
46428
39973
30342
36952
44196
36871
40380
39318
22775
25515
44933
46700
31200
25418
675
11826
42016
11071
29996
10670
39090
48571
49017
35334
12322
14408
51
49254
44349
4822
41175
14227
38582
2685
4002
39783
25552
28047
41501
48444
46071
27150
10206
6105
22876
37958
20542
46918
18773
3949
43866
9835
3896
29321
42580
46734
20348
34008
31185
44211
45731
40688
11995
45178
31155
23641
1513
13721
21928
27903
20747
35602
23639
39070
36132
42317
40351
30231
2194
36944
8291
27974
46084
3008
4347
9879
27316
10978
1911
4694
46842
10710
29758
3017
17882
44085
44792
46635
13624
17898
37316
25205
34382
13765
46329
22722
5152
48050
23523
2095
12962
34659
43213
46318
34299
1979
23316
21356
3616
23510
39347
22387
8239
32199
21077
10181
4529
44325
36104
33707
3810
25774
40481
11376
16270
34732
6155
27805
40969
48786
6622
24028
47261
14673
13651
20416
22434
7750
46606
48736
46087
4312
13245
33035
2335
19683
18568
28389
27770
37986
13948
3966
42919
17591
33578
7260
47732
28758
48356
22086
47672
36224
29921
2266
35044
5421
4610
35752
1096
11861
46246
36362
34687
1986
48883
48454
8051
14273
44024
3667
18563
1942
33394
30301
35155
45705
25858
24703
41099
36002
28411
6033
542
43703
1134
784
38680
44403
3388
3394
3748
6483
31494
42966
43962
40944
30523
42344
30689
8328
19698
8496
13598
32530
10724
25262
17006
4127
49523
15510
36308
19003
49288
26382
49522
22131
7417
28946
41062
18873
23914
19150
27653
45762
26377
26370
18280
25053
15808
32386
29425
35879
31062
38988
46143
47659
7398
44432
33768
45450
5690
4188
45819
33136
44312
8269
33142
34003
29796
18945
12573
30085
14184
42518
43053
29566
41141
43133
23369
35227
34312
29304
43759
16361
44150
11077
17665
31667
28730
3162
41759
37708
8494
43526
4463
27445
5962
26589
2071
3641
18521
8223
37680
31091
11330
23967
30107
43115
1754
26313
47054
33628
5201
23039
26052
24357
4355
3968
32835
28595
18176
21834
24415
4878
45260
30090
41720
16419
38417
28756
31149
6642
46074
22879
34841
2294
15985
6017
30124
49422
38366
3282
49547
36653
22830
4424
38343
46809
48208
3714
37784
38758
39160
29037
11043
1136
928
9470
24339
39066
21320
41094
29757
3171
25157
43418
15861
21214
28144
20087
12202
7846
7476
3867
46638
31190
37815
31729
29422
46836
34084
49267
13103
42782
36988
49810
45245
4874
41812
21128
47629
4019
41565
18278
21450
45222
18137
49324
22061
31620
28999
30994
8050
19892
39730
25056
42432
22961
17880
5156
17265
31442
46112
19071
18946
27776
25720
12485
39645
15029
462
33477
33576
19606
34531
9433
26755
46165
31548
19022
44337
27943
48189
18815
10429
46973
13840
43467
37056
12839
13316
29603
16957
12005
16351
3747
2850
5503
24877
46096
34183
34516
31977
35510
17400
33269
18237
3778
23724
18569
7981
18971
18587
14975
32889
28427
49452
7978
3595
10556
26747
10514
35469
21839
24650
35652
4486
39497
37527
37746
36387
27941
21266
3902
17740
25821
20562
23689
2028
45952
48701
14762
26221
12652
36587
729
19635
46494
44439
9205
48785
23090
35941
42092
14337
49920
32336
44623
45083
12832
49242
25980
11094
12349
5305
42528
22338
195
20478
22671
21279
48004
7189
12559
26071
46289
43809
29268
43412
1093
27892
43005
48240
9772
7181
13983
2384
47463
23437
30711
22321
34859
43273
21186
36669
40940
23360
4890
17868
22493
4044
37740
29302
31994
6697
45473
10397
15257
21734
43651
1780
38108
22814
15968
27472
37834
45674
32137
35254
19491
44596
20684
47485
4862
2788
25408
11622
8756
18003
44700
42348
38118
17645
34458
30500
20322
30867
22059
11662
48048
48302
44118
21797
31641
13159
48666
37086
44112
22731
18516
40878
11189
8731
14734
12687
14707
42405
45581
27456
24153
9871
40783
34095
12518
38629
43011
31111
36057
27
25353
42530
30477
12701
27859
17297
17148
49682
37114
35639
16823
12053
1346
30275
49380
48632
16459
14570
22470
25248
37151
28825
17825
19723
47753
47038
32785
24363
36454
21124
24302
16236
27806
8276
1482
5517
8902
38790
36166
25356
29022
14841
18883
26363
6029
25733
48207
28484
875
35166
15378
1330
39712
4850
49720
46708
40997
2064
16043
16969
10270
37559
35695
24637
27869
198
35445
38210
28218
8799
4203
42798
31129
42946
39131
3396
11753
2416
42222
43025
31867
932
33079
28652
32452
33056
21595
28079
27348
7113
12390
18077
10294
25870
48383
38696
148
43107
16698
22392
7140
34941
48910
43920
47739
19835
14298
48328
11155
39880
8334
41210
32625
11405
24442
32001
45257
3498
11247
48980
21996
48418
25204
39403
13256
31877
26143
25065
16470
28510
28679
47847
47070
47720
33631
26185
25311
44593
30543
43455
34935
43221
14405
30155
36617
35751
18167
31409
27912
47440
16935
24951
46901
48301
4120
14682
17733
28439
5267
8960
7227
29521
24487
31551
28723
3356
5335
9815
31960
33965
34444
10082
32677
39967
43881
37360
20277
908
14246
40528
5544
21494
3005
22834
26640
16168
11032
7454
16534
29006
2013
11722
26753
30766
30989
22357
39869
42745
34846
40091
4844
34736
32863
14797
18347
1355
9707
2555
12431
38709
24831
34216
40932
11274
30931
13911
11988
45504
38886
17721
40543
28889
4067
839
13236
37291
26503
32782
34837
46350
8621
28386
36954
13499
44214
27835
45903
30395
43654
36840
44284
14965
6355
6259
36912
3060
36782
12352
46361
36048
5681
36997
18632
23803
21029
23044
18475
7921
21586
19105
24796
45828
7677
2398
34027
34112
18150
8400
32950
2621
569
5882
6095
38020
17999
32828
43887
11644
32674
15035
22066
44795
1154
26199
16386
24973
11647
19228
1637
1596
18809
31299
45895
46092
26091
49834
12434
18801
38251
38665
39159
3010
34696
30427
32339
31159
1802
48337
12240
41515
21807
22237
24000
5302
43958
30001
43973
44041
31820
10002
33787
49584
12081
13046
30724
837
37789
5268
27651
32599
14719
10579
25914
24626
19495
14133
24728
15192
28222
6297
22065
25793
24671
6599
31806
38290
10176
18944
27362
33216
20623
41516
29339
25475
14065
34230
351
49082
17029
42836
12019
4550
22610
44602
7806
3243
21228
49261
29833
33492
2411
39087
43210
32752
42009
24552
2267
8436
41870
27688
44518
21019
6804
46447
7159
40038
2299
49639
46835
30938
17448
40302
35983
22764
42762
529
39756
7226
31639
40468
47497
34286
2111
38527
9457
24808
37188
38993
38050
21989
40929
34142
37380
34716
41668
46307
24225
24232
12596
18618
1837
36687
23582
38534
46743
15440
29241
13213
7967
36263
23927
32802
3168
11672
16008
29103
23706
16603
38959
4644
42791
1760
48027
19281
8603
30666
25680
41443
26066
16097
11634
11756
1536
26469
27117
16201
44772
28139
38747
21424
5308
44346
22787
21730
36079
44590
48607
42906
48600
1374
1529
5402
45597
6686
36638
49135
43917
21359
39968
7720
14291
37835
13123
34322
27526
22157
1248
10200
3912
41374
18543
6213
34443
38721
41671
21038
25966
22328
12491
7762
7341
15962
18256
31672
1101
45900
10026
49171
43603
33436
48267
2407
41142
14345
25500
18615
921
24289
36232
41707
33497
10199
710
33213
13753
234
3947
37625
33256
21192
40039
24424
47352
20503
7278
819
15050
46388
2898
38450
37473
9978
49343
34394
35742
16393
47499
19707
680
10920
30336
43439
47874
3401
13029
45835
12193
43111
25904
34304
37907
36720
26940
4208
36522
4267
387
39636
6672
21292
25638
39969
47434
8734
34694
46134
44431
20934
7242
20025
36724
10828
45751
27508
7899
41940
26366
14267
34564
26413
42552
20930
5025
26429
48974
11675
29391
3095
25448
10444
15960
42093
37404
14163
11113
16585
38490
30920
18826
18676
41290
11651
17596
42510
49406
5898
48400
32985
31629
23257
22721
11066
42046
18070
36607
28106
25085
25169
1874
37717
12852
18904
40909
49214
38409
43588
43284
18002
27437
40882
2517
47650
718
33402
22256
2893
6500
12222
19823
15076
28355
12238
30644
24307
29751
26335
11098
2607
9233
36318
28993
49829
13137
33091
7710
22986
14621
19322
49302
40322
16789
6888
40568
7215
26383
7911
23912
45420
42416
44018
26476
33812
44073
47961
16668
42169
26537
21358
43663
21791
21704
14395
43424
31042
1485
49394
4570
48664
17282
38738
18816
29798
31891
16539
12221
38763
31942
42748
42980
4064
37956
29560
36012
20847
25990
29767
18868
11904
20021
33086
25025
15592
12939
124
46257
38397
1955
41796
15165
45385
41965
41196
35349
34415
48448
1550
32707
48710
31238
6620
35672
9785
3048
30833
5109
28481
38677
9481
13589
29456
32082
34861
32628
12359
15023
20767
12684
5020
9323
22885
18103
11468
22087
1246
3636
3458
37140
45592
38757
18884
13756
5000
47047
12203
10794
16782
15343
437
23592
19233
6246
17191
23680
27164
2631
38230
46952
10097
37593
20504
25493
46124
15064
25828
34684
39823
1741
28042
16478
46495
41399
46256
31558
44708
26247
30491
45585
13890
1131
7867
37097
1722
2937
15402
960
36642
16067
49667
7252
20297
40628
20148
4086
46612
7091
25645
37694
27793
34932
2503
46765
28494
39982
26419
36661
12887
43268
5513
2997
6960
39657
28277
807
19608
16713
24886
5583
7916
49289
1159
12666
32237
38773
14940
36368
2694
31570
17574
9554
231
28258
14625
151
13965
30536
25999
34141
1342
5361
40664
20501
25892
37714
29233
41106
38771
34754
48176
29731
8393
20146
40396
46721
38559
35971
29931
32648
13344
36881
33565
13153
25795
23370
6741
19763
35444
11489
41830
32454
15664
24888
49382
42374
38428
39922
12263
37887
9923
6025
28542
29360
20541
11968
49145
29691
46385
1635
30011
19230
9953
30089
12739
31753
23101
40323
9681
3567
19692
40685
33251
7824
38227
40274
37922
4279
20384
1948
961
30828
47712
40031
9241
25340
32340
37542
42099
11917
47545
5398
19077
40364
12151
29889
42444
16429
25913
13180
13441
18454
12034
23108
36790
33141
29383
38893
8215
19586
27992
18282
32975
40823
26919
27134
26103
2866
2625
3262
20254
41088
47222
34311
31895
3369
6463
12066
29434
9339
33366
7524
23570
27010
32174
46144
23606
4904
47764
33759
7143
4606
1085
1027
6406
39028
34674
37865
8108
7422
40946
32422
4881
7025
16389
48941
12171
22640
18988
39189
45753
3563
361
9126
45759
23539
26542
13018
47472
19731
46122
42819
36696
14884
36430
17427
14604
6581
9021
13802
48575
13479
34764
9764
45862
45534
29749
45794
23956
2998
32060
16333
9709
16606
9847
9839
12055
39867
33468
2409
25146
4077
46252
42888
49704
46545
4831
13932
44078
2146
6336
9431
33973
3018
29994
22909
1552
28061
7715
9381
1807
45638
5409
7070
20950
6267
24156
32993
4685
18173
34013
35094
32536
5122
12356
31270
17208
43581
35170
19870
24321
29296
16768
21183
29107
30012
12017
21620
3655
27389
26340
8832
43769
22926
10253
23387
49418
39814
44012
24382
33687
49836
30334
47474
42436
12550
45925
4403
42850
38786
26020
33517
13209
45227
25866
31508
16124
9706
20586
34058
13452
31118
30130
47115
41287
22332
15458
10985
14553
48765
13804
44096
1766
34264
7254
45793
8128
31500
7516
40498
33069
45300
15492
9098
25255
34795
8091
25985
9974
41722
1819
38355
35435
5921
18396
14039
13878
22393
6826
45524
46334
24781
12168
4284
49892
21072
29216
40640
20628
26432
22353
22836
41923
31235
4389
29847
9112
31140
17744
13515
23470
15060
48184
20666
22567
31794
27563
10108
17234
42616
30877
25396
3192
27473
16687
18407
24215
40952
20881
44650
14889
24231
8527
33543
16794
9050
3154
24732
26339
26409
43611
8071
26324
6578
16762
8611
34875
1436
28859
25000
42872
2276
32537
17688
34362
5380
38769
44314
22266
4682
28672
6938
28986
20717
8699
18021
44365
39010
22345
12736
14999
22081
23390
29108
12411
33309
22752
13797
37481
44573
35600
15479
10431
5636
26120
16887
27856
30202
28236
25456
19189
25035
5019
44184
5353
35739
34092
37992
7541
42015
16940
25059
38568
12897
41909
15218
33400
16242
47728
27937
42311
14959
13188
21463
26719
249
12779
38844
2226
13291
30976
2542
6932
27933
15360
12635
24394
36826
33769
31792
15787
4148
10273
34039
7866
40153
27095
9045
24701
20887
39630
46971
35930
27834
35506
32772
4907
9941
9969
20548
34804
11182
21079
42077
28136
2043
20012
5474
18179
48298
28668
40521
22525
37372
13143
937
2566
21313
22940
44989
7092
18665
16621
14444
46073
35412
40673
35747
46912
22004
30041
31889
23208
36903
2400
45295
48819
1933
48593
47471
38462
30842
39858
47240
43114
11438
31427
33466
17245
24649
11369
5599
30583
26151
16562
6391
25829
32191
21032
46600
45836
13410
46377
37759
3631
46974
35219
22242
34740
30816
16574
5745
48947
29976
17940
41487
5206
20177
12561
41431
43021
23780
5081
37378
15001
3707
2909
23678
35087
4015
13367
32694
18851
40264
26272
1175
48103
154
6749
11070
28032
44163
9245
35208
3266
20972
3311
20689
46915
47833
15084
13554
7975
12525
36984
49279
23542
30494
49537
9762
41331
28188
42334
31315
27403
8514
30390
18033
31656
4126
5292
10260
14342
3833
18029
39054
17790
43431
10256
10218
45266
24660
32616
25473
37579
40677
23934
4767
7632
26231
18656
27554
36656
37926
14894
15816
23339
7392
21872
2019
46075
23479
13261
27126
46311
40164
28325
19927
2336
44492
27154
12374
35090
31835
28492
37344
13596
18724
13383
13956
46403
30485
33848
34338
9814
19308
43380
16177
21177
21200
36768
27120
19482
7538
14241
23154
5661
22113
6536
32035
33785
5497
3504
49094
41326
20789
12458
26192
21481
10821
38169
15410
18158
347
10837
43027
32759
32359
6125
47870
39909
29640
10783
7860
7020
17172
11432
31353
47165
23451
12799
35480
46042
35370
39370
29372
10938
18653
32381
30143
35278
3621
33595
46558
41924
28445
24180
44077
40804
27082
22068
45958
47979
10946
2697
47465
28303
17738
30512
16285
39544
38151
27741
43028
15211
45383
13389
31727
19477
31933
47302
39122
45770
27008
2774
28565
16760
14639
9414
13496
31325
30057
28992
645
29426
30812
14622
45019
16409
164
17389
38843
27329
39206
26431
42196
6795
11833
3729
42641
9238
19148
46602
13176
43477
38337
49412
27376
326
36749
1031
18217
6554
7001
20993
40856
37021
18353
286
29815
7316
46007
9769
17476
20977
18338
37715
8979
1537
43645
42876
8709
20193
3411
43995
8763
28275
11303
40959
12624
43166
24918
4734
7064
28378
41641
47953
16913
31984
32193
10600
38548
47276
3712
47976
23082
19545
18571
12000
39791
13432
132
29696
35577
35119
12587
19732
14749
4094
29802
29878
4391
4415
34388
18509
20098
36257
1876
19877
20008
29095
3439
37748
39842
13500
13101
30563
47191
47135
17075
24672
37917
31279
47297
25344
2972
4167
10936
14274
2650
16353
12354
11150
29687
15474
30138
13600
26319
2288
368
14833
12930
30908
10889
23086
1317
12850
2364
15840
13988
37699
45582
17724
39086
19419
104
49462
28816
7994
48072
14027
37831
8737
41045
48770
39900
23686
15631
17285
6968
43298
39305
39200
34992
41074
17019
35123
7825
48369
10792
2729
45607
16970
43117
41350
21719
29093
26461
8002
14188
41553
25877
22347
5338
19013
3976
40261
41799
39226
15810
26517
36188
43069
11987
10220
37119
7993
23054
39464
2751
7650
21979
48866
42308
17060
29797
34942
43174
30918
44069
37289
46193
11346
8873
23130
1613
14951
17351
15657
2115
2124
26232
14544
4404
25358
17554
26197
16064
24198
24843
35561
44779
29310
41873
1453
41558
16862
17759
35845
18742
18494
19403
24854
22910
26395
49062
3435
33990
39639
18039
1809
13066
1192
6747
25298
28181
6926
6925
48897
35455
16507
27927
32868
26478
19959
3926
36023
23230
11827
4899
14084
32869
33924
30284
42261
42896
38508
37113
32197
11219
30739
15038
16545
21917
7315
9543
43546
48142
1646
11726
6416
350
14200
24966
19641
18595
7964
40920
14178
34447
44478
31651
49496
8231
7175
41160
2871
48526
7041
19087
26333
33425
8060
21800
48483
36847
34033
39315
47653
45355
1678
17000
210
7247
25382
7491
17566
935
1327
31342
27830
1944
35559
34075
17272
3203
6854
28421
43415
18208
10213
39031
4095
48218
40438
44393
1959
27051
43986
37351
13692
7486
11404
20986
36110
44428
25622
15478
6224
8679
41311
42619
2810
27843
45964
17480
22559
31447
37774
17238
24783
29965
44712
38864
30813
4031
37638
21580
4911
3861
10636
27087
10922
49909
46407
9161
7481
11397
34148
13168
15600
42859
9084
22058
49059
7003
1318
41801
24279
5588
19855
755
9477
27177
40850
11999
45135
24397
46868
46951
4966
13306
39188
48511
2978
31564
24882
25293
25900
17562
19715
40811
5359
17536
34209
1367
25430
35872
10757
40357
34539
21811
31682
2653
5522
49312
7795
38318
6645
11212
44224
40782
34965
38309
30323
27022
34632
48525
15805
14984
25878
3590
48895
28776
6367
19508
49459
8008
31025
15110
49351
47756
488
35620
26240
2519
12641
8950
49607
30149
17604
38671
7959
4035
36908
24510
47347
17938
17996
22863
36285
46970
3200
27660
43820
49320
33566
48659
45741
33663
19767
2605
29164
47578
45693
22947
49621
19770
45543
21965
15531
34986
38189
8949
22351
3223
37033
20372
3521
34652
49798
8442
21636
36922
46156
3593
33623
1842
35950
7937
32569
17295
25134
34874
19000
30741
45280
23745
15227
8872
34686
48841
15163
11588
37851
28732
42404
42232
38957
44985
38122
1222
24800
5376
28021
248
40170
31784
46469
37284
34542
47150
5169
42297
19675
35103
9833
18542
35312
4731
48932
25723
19430
204
1642
13611
31135
43414
28482
49119
17748
37918
8220
10007
9820
35240
18533
2295
42291
4022
36111
41652
34195
24864
745
327
39148
20641
46791
32690
31181
18334
24895
45944
9679
17684
44862
49623
1191
14428
40653
34786
10357
48977
46404
45225
9087
6003
17301
31826
39326
8206
28540
5845
18270
10227
49209
39203
42724
3986
45072
29538
47600
21937
19038
2241
14755
8335
38698
42778
863
14830
26634
9237
37231
556
38606
39337
36645
38088
9924
17283
9850
17715
47513
39997
38297
31257
16756
23087
40519
45518
17151
13619
19705
46846
44489
1917
23596
43258
12619
44239
21722
42565
48214
41029
46772
14824
9901
40767
19421
3111
39190
36586
6447
23050
17751
6712
4947
17925
15497
36564
7549
20027
42577
13734
34602
11310
31622
2179
12689
31577
44028
33627
46105
3676
31598
33953
45443
45686
4377
3603
11048
15445
2536
45474
31457
1982
25345
27678
37287
30367
23520
9416
11147
1690
36582
38137
18871
31616
4926
48565
48188
43302
22295
47707
48929
14906
1132
25972
49581
40094
32497
29408
8827
13838
2965
103
29089
24186
47407
49028
22337
9808
32918
2874
3991
41983
34139
2822
34912
21717
9197
3754
33758
8513
11733
33420
44402
46587
47937
13683
49708
48473
35458
12101
48460
28143
15552
1585
43182
38662
1730
18820
8015
12441
14443
31748
4980
48519
36304
8033
31963
11654
39224
36062
18532
40760
20927
30906
43308
44611
43933
8171
452
33411
19451
40437
47671
21970
5148
28490
48913
31112
29123
48203
8474
23193
619
25005
37261
10203
11273
33738
13335
15800
1371
11638
10052
32880
24946
19970
35571
49512
28820
39978
41887
16287
9515
31601
31964
16069
5796
17697
4409
38834
33506
11392
10374
44187
25519
36284
43426
25229
39133
37149
32212
47965
23328
15272
21831
12048
9756
49862
16546
30259
929
6754
28060
26205
15534
34725
38583
6273
4789
17310
7968
41049
17235
43488
49655
13440
39516
39874
16945
28413
44817
41491
27240
5263
27357
19366
13495
16508
49636
20802
46340
33018
45149
41203
34272
15041
8293
2992
23469
36348
48888
33298
31455
12199
46123
18990
3098
34430
10815
3724
11911
43201
30526
49361
35817
44872
38831
10364
22082
15719
10786
49311
48512
24743
38470
19272
20240
12928
36274
12302
11408
5964
24187
49754
45267
44536
41327
47396
32953
13080
32949
23747
27229
27346
14513
38572
2924
40675
17424
22439
13806
37701
8597
32812
10908
34775
11459
12632
20332
18910
5489
2475
46052
36089
15048
23616
4637
15291
49923
46921
30292
48230
34563
3716
11784
22631
43666
43761
31416
35585
15026
49210
22550
8803
14845
37890
8704
36282
38751
25442
10345
45978
10939
27353
27567
17491
20514
25761
5682
42777
30249
9521
3589
9029
10173
44250
15179
49046
16059
35904
6521
34849
6417
914
35664
12057
14629
36544
6127
39559
25678
19109
17858
9482
26428
40514
36613
46856
19762
12765
10510
33948
25815
42562
37564
7265
21806
46306
11719
44387
8815
7393
49948
26228
2796
27504
29292
35131
19559
25417
8583
24423
12824
9727
27464
36365
12337
15232
15039
31487
32966
47811
47161
15093
9855
5711
39637
16874
17370
17766
38401
34976
28322
39873
42358
232
13127
44733
10738
409
10036
4751
37705
49874
6592
29838
23517
8021
45976
22686
43407
34020
6664
29217
17857
43661
30800
682
3227
8612
28644
29080
41320
8509
0
23458
19834
30176
15971
15651
21435
36816
12214
25121
33799
39197
36596
31906
18433
35270
9208
12526
3041
40235
23030
33536
5728
25294
16960
13723
38659
7918
24143
49200
45039
36373
33548
44209
49853
39417
30748
33012
35732
34432
8820
1051
19955
24478
40329
19552
41064
42049
4770
1627
3290
29223
28722
17143
37556
38067
48177
49903
18712
42063
13631
24025
36718
22789
48938
33389
9823
1498
12888
4478
6600
5782
44378
28118
22887
21553
8521
31719
19467
35383
1927
45596
26314
49175
38616
2715
23486
8115
3890
3251
8724
22806
42470
5357
24368
8129
13732
4341
45950
39064
26422
6449
12683
45281
10490
44398
5542
22704
46747
25411
46857
32992
15073
40266
15098
7798
19089
2746
10813
131
45939
33046
27230
25957
24505
14002
5674
36078
6876
994
38814
36597
7325
20808
14983
41437
2301
48099
37430
10449
27113
43309
2701
10884
19466
16198
19777
25539
37651
20846
45722
47346
31049
8345
48020
20971
12243
11426
28719
789
48198
28240
771
35784
40646
26562
13737
45292
113
12535
32307
11046
35421
13083
38143
26515
43952
12142
16484
8966
49640
42514
21317
35176
9851
44297
41735
14589
22901
1902
15081
30925
47551
47046
16265
9628
44789
38265
43929
15481
10333
19691
40539
38425
33804
28868
4065
34015
29359
22520
5802
10158
36260
40045
43358
13376
13430
329
25213
17640
4218
14430
20158
17605
17569
31368
33949
10540
42812
46869
28249
9517
23699
3035
35988
14086
5779
4747
412
11
23290
42936
6776
48903
5027
45343
32382
21335
34277
37800
21814
1931
24012
13494
34955
30679
22398
48567
5126
21100
6194
26217
44753
38394
3854
21409
15317
13741
41416
39726
16876
22852
36897
32696
30981
37660
46270
9836
25554
17001
38615
46875
36654
41985
41496
16348
19978
38042
38884
24941
7781
623
42959
7186
22955
23988
23718
5991
37186
6261
30274
42426
44664
25562
44222
47459
47887
13394
8895
45376
21820
22725
12397
5295
44922
14446
28156
32700
45527
11581
2211
35062
5061
26963
39810
47604
47864
49010
35241
33299
24536
37449
43316
16477
40901
33904
13126
27172
14489
18139
40061
24499
11867
27849
42751
6072
45103
45561
25365
47817
40533
16654
12901
5447
1369
26895
16652
12864
48679
1442
43396
26006
33036
28914
38934
25079
34826
37458
26820
14630
16464
18843
48386
23627
14254
20166
32347
47321
10106
4544
36824
44784
5989
24088
13569
37118
21751
24050
5809
19909
23310
36136
35818
25102
3147
15806
28102
36265
37595
9409
7030
16868
20314
24856
22454
31452
14686
9422
40120
28429
43128
16995
40942
30781
1909
7819
4076
46601
294
84
22821
23867
22380
17563
23246
11595
33106
21108
44958
4315
29740
16114
40916
10308
3146
45610
44798
49850
25572
26032
1679
7016
33496
18079
20819
16750
2290
7833
15045
15853
11460
21107
5925
41898
23753
18911
11796
40374
25080
28579
27411
24948
25466
25637
15222
41700
14191
38145
28916
16914
27145
33902
14614
39700
19642
11417
34506
16074
7285
17462
18500
44874
41304
46300
2449
19739
15999
43536
5160
2614
23940
29185
24930
5652
26984
6864
3817
29719
2611
47058
27913
43227
48857
36205
7817
5761
43647
18701
17587
7055
29017
41805
43051
43255
44505
18258
42114
12272
1783
17181
45846
45204
29652
32399
8744
17464
35975
10735
39755
31326
49620
16941
42962
15157
28524
37292
954
4238
41655
48456
10384
14044
9581
2750
44610
1273
29365
25304
5313
13977
31513
27748
39513
31589
33191
47137
17198
36256
2331
825
14808
23506
18667
41039
17521
41679
42814
16350
19349
14745
3958
46370
26866
39667
23037
48349
3953
1858
14374
19962
49814
28894
1738
36281
39758
26732
28446
33151
41426
33019
2103
13333
11428
48927
34876
16324
9486
30824
18037
34241
6398
22457
13900
31321
7682
43941
43066
366
13351
36306
30167
27726
4809
22207
10643
33935
41462
16944
13516
440
18010
11053
45999
20202
25334
19844
24917
794
38604
14989
43247
48596
37695
33860
12778
42304
29062
39750
13442
30385
3715
6764
45861
37767
18219
49323
23501
25322
46055
33652
18435
7193
40604
48180
39255
11570
6271
34010
48265
37273
22772
10132
14215
24853
29622
33968
3255
2492
45112
9079
537
48060
34591
32152
4325
22179
48923
8481
25952
2651
29586
36831
20175
3543
28812
9075
43144
35020
47110
22601
20218
24599
29406
35046
37131
12838
34707
40866
39314
23835
12
49737
48236
48732
21001
5798
33636
46954
49350
35217
45476
34126
22076
6808
41755
46941
12320
49264
23236
16025
49706
15647
1414
30382
5403
40308
8430
9184
15859
36637
19179
23993
18504
31024
29369
34544
16788
44151
24439
2677
29840
37802
10259
40853
9225
19973
24004
42788
8984
45576
45932
26628
39408
15235
29588
19651
11611
3450
68
20347
24568
22222
12961
11057
12244
35290
32004
2480
22965
12476
40262
35400
20399
2807
36114
4790
18975
34569
28468
47983
21430
43792
20251
31491
8508
41129
19816
16633
10816
12565
44356
44826
4241
26767
39304
43833
595
16706
5927
36805
49183
32531
38225
28015
1828
17230
42951
29914
6117
24172
26208
19794
9587
7152
44025
43158
14641
24862
42117
45224
43436
40107
25613
22741
42719
2244
33475
5563
32898
26196
2620
47275
38415
21082
12677
22626
21617
10562
39181
27363
10538
19026
22015
12984
16355
22730
46167
46572
15325
11410
31597
44111
40295
34339
20010
19791
42095
2960
33203
15413
38176
35003
42330
22883
43242
27255
15850
25895
17377
30195
3013
24758
33045
44986
19832
5412
24995
36248
29137
6487
42886
40517
35110
2563
21388
22429
7885
19235
21787
25370
44796
14202
48204
10879
14222
21314
46691
35153
46754
27226
6326
26318
46018
10034
47382
49341
4253
22116
36580
15364
27987
34275
4901
22130
12327
43848
47308
21302
29648
17157
31967
43435
9741
1412
28951
10712
15002
17256
7323
41492
26490
20741
16021
7204
33660
25889
38920
33495
4736
17436
31359
40055
49391
26203
23676
18091
32177
35623
38474
6409
5001
26392
18292
13645
46942
22782
5044
16162
10235
8595
49377
17804
4236
41526
1806
24129
17110
38737
19408
1165
49293
19555
33522
21857
46168
10127
20792
28197
44843
40360
8694
1488
34257
41620
17581
35987
13605
35220
7829
18537
37980
16122
47731
31789
4178
22569
12690
17439
36513
29443
11841
39053
39799
18869
38195
48960
26788
27060
32932
33324
30187
9186
42338
31818
19062
11840
14928
35908
45724
25269
11278
41838
10140
14939
15167
32374
32395
19393
6734
6147
37837
17913
45000
47657
34356
20018
4285
40684
41968
37306
38279
23620
38528
26397
5035
41317
42680
4714
12479
42125
8921
11323
30174
20364
34151
41883
38249
14416
42259
26814
1583
45858
39985
2075
13353
39432
32053
3186
26669
42322
36394
30852
1302
47249
21367
30264
23682
18601
2973
611
24422
23585
391
29312
22566
211
46726
23344
24784
37683
13423
46067
14109
40692
32640
8052
38358
42659
16399
23131
7895
10502
9571
21482
43936
29158
3284
4024
24197
39172
26901
18401
8580
25865
23259
49630
32408
16300
6752
21613
9239
46400
33349
5385
2616
15079
11448
40859
394
10274
14517
10114
5121
12844
26687
3534
27423
31192
7191
13185
29208
34228
1650
8698
30890
37893
24892
42634
43152
688
44042
2724
37267
9331
14980
34688
5577
19008
41185
2243
17782
27098
26031
4833
8312
5047
21269
27055
25453
4928
27182
22267
5120
14057
27763
10584
662
14493
48466
45523
47356
948
26947
48343
42184
28801
16618
15979
38688
3955
43919
5101
14363
38110
1890
49451
19417
14272
7598
42018
41418
21136
18956
49203
33439
7400
49801
33553
26673
23308
20979
3975
46896
43246
7849
32239
9956
44453
38057
43896
35589
43530
49659
20476
6841
11877
29904
45027
37
5976
49103
8311
38780
40182
17876
14403
13638
43393
34469
45745
2912
21096
18775
7618
29886
38203
37266
22980
14725
20678
11136
34648
20392
5060
28150
26345
2140
10772
31320
37228
4396
41449
37000
2669
16719
27822
23852
25454
32185
4613
45087
4820
1742
29727
37884
3389
23484
3637
5188
10496
48720
21843
152
40439
7488
43355
27242
23794
1308
12998
36270
47438
10121
7558
8752
8537
3578
47366
1149
16826
6696
43717
38356
26165
34864
27189
20109
31036
14126
44878
26821
11605
30004
34438
21821
2553
4393
28082
44457
30919
27568
33071
18031
858
46391
23402
26444
43491
6792
48423
6588
47777
46455
49133
31247
17678
47673
13525
46383
3083
33712
29526
8818
15942
47301
2201
29481
727
22046
42137
16811
47835
52
5936
7564
11167
34847
33945
35768
14503
16824
23880
13892
36135
18339
33689
43791
2834
26810
32668
3592
49047
5710
33120
45833
25770
37760
7969
19968
8859
22485
29486
6076
15772
33189
9829
7011
33341
4996
9310
38367
10932
42052
41626
22031
20791
15822
15332
38597
7961
21784
35275
32948
25328
33995
29671
7197
21086
40306
11411
18051
44363
26166
6239
17643
21692
35252
12437
22444
12269
14375
17069
7402
14196
31117
16000
46694
47828
32020
49942
17989
4318
14801
6800
27320
1518
22121
24327
14775
413
7463
49019
12527
7863
40010
28480
9294
31477
1365
24824
47572
5058
3374
26910
32116
48717
45955
7079
25584
22792
9492
32514
4872
14862
8887
1716
20464
49745
25594
43844
29305
46620
24970
2311
46557
28977
49627
43185
14066
34848
4357
44642
36936
12627
17616
37082
6986
19582
25811
48858
8461
13193
25809
13237
37142
25917
7923
31779
16881
18528
47270
48576
7028
34161
41791
37635
19755
29211
5560
31569
16666
13026
6624
49270
1776
25156
41319
30092
13224
32296
36364
3651
36562
13622
4712
47724
49728
9621
30761
14582
46711
952
18411
25948
11102
6218
25701
8927
237
42126
40659
8664
22204
47466
1581
11697
39030
48829
42887
34904
37379
13280
25343
16376
18636
43512
23834
16005
7088
1489
30805
12099
1900
16334
20094
19461
6010
22554
8555
23675
17524
30319
42463
25116
37405
34613
32660
6818
45468
28243
14944
21120
4088
38713
44440
37892
33884
46549
25413
25601
8946
43706
49051
16040
34733
41332
12566
16298
29592
33026
25043
21007
5792
12157
37158
6842
25741
47665
289
19247
13014
32269
10225
15539
36303
43782
15400
46025
15599
32568
42685
49738
13450
37842
26973
48727
10348
35924
27327
35647
37716
23727
36017
39168
20699
1469
11146
6568
9214
32417
39717
48523
14799
32594
10580
114
31520
9789
17589
4485
19288
20992
27187
35002
23331
31873
13775
3054
8681
37679
14741
8608
49578
10047
34583
22180
37001
492
26464
40892
14431
41575
27217
18195
47323
36987
27824
8980
42299
5117
22592
32343
9315
30956
14370
36999
45256
27574
26451
43531
32610
739
28638
34401
1215
48848
7577
25568
6307
29957
45352
29387
19431
42051
11338
25791
26606
10905
49794
38803
9689
15067
10386
13146
1167
5239
18524
18491
46484
8619
33220
230
6739
42355
37122
12415
18695
16665
34559
11162
19162
8708
15881
35816
37159
15099
8391
49071
4441
20230
7624
6680
35093
25226
39351
25788
48066
30199
26163
25497
25868
19259
13706
20607
20681
33527
43230
35502
16467
41959
30568
49141
39270
10754
44892
44607
36959
18723
5279
16468
46783
32528
10347
39400
41517
31990
5336
4401
32503
47286
38256
41347
25896
46465
26661
47406
24472
6979
16828
10886
31554
25836
49162
9891
17059
14742
9906
48837
11154
20249
8817
23196
38550
22219
41001
24645
15769
36729
43260
29018
33382
22309
6255
27232
20757
17549
30397
49811
6552
30845
23364
29733
2458
40817
23910
40426
22106
9224
4933
35025
19064
43931
17618
11846
49893
34357
17023
17489
2405
8277
30581
21344
16144
3914
7604
38826
46583
36569
22403
10734
18688
35922
25068
25109
32061
11909
17837
1197
40106
48759
19940
12579
32779
18828
18556
16138
32995
12733
31595
25090
16022
7830
37474
12402
6164
11260
47197
30825
48551
29872
3364
17314
21773
47607
13295
26796
26056
21410
7027
30053
15514
32498
26017
38947
33825
44935
2015
39629
4554
30556
9711
20886
5538
46412
27374
18922
9436
25271
22854
27894
35158
30434
21276
22892
15013
35336
39536
22812
7085
28486
18144
45851
39111
46301
39144
8626
3317
30797
31461
49109
44098
30928
33908
31316
45505
582
12446
18448
38196
48865
43617
39180
7101
13409
49116
17652
2008
8904
45449
31276
32000
37763
26533
33775
5846
37670
14636
47923
29644
19636
24596
10422
11377
47039
8885
1835
20499
8372
17714
4782
23643
38121
9805
916
8897
34273
13749
5328
31958
14144
43774
21378
31992
42268
28965
4134
19951
29667
48579
20744
44982
3711
37205
10156
8038
49935
19712
45058
14910
32875
5863
40912
35512
6278
14865
10368
35729
23903
21891
48853
8604
26811
36098
29535
29916
37016
45394
17298
24311
7989
11788
13818
24908
23600
36203
17242
42485
6321
2541
28832
42290
12625
23829
47125
47844
1894
968
25848
40672
32704
7986
14102
15120
46797
34260
28710
36433
3481
13268
47575
11019
24267
13696
25107
31093
39219
5766
49885
20072
24227
12364
4898
46996
12705
44471
41854
25451
33805
41596
49943
17129
37211
34518
28496
15956
35385
34509
39088
37472
39727
49939
40064
28030
44286
32097
41795
40119
38918
44130
12756
38962
44347
40893
13092
21657
45034
24259
13445
8642
15579
42238
20544
21715
22414
7816
44000
37791
20903
35982
26411
43094
36352
13272
19206
18577
31764
27481
12271
26359
31034
30150
40356
46097
48453
6793
46040
11990
14603
19443
8367
14780
15296
42747
4037
18874
48258
2852
23304
3432
37889
45790
29047
9223
6320
87
44326
27396
34511
35056
15459
14897
16026
10560
9443
11996
2399
9451
47460
43256
17812
21622
31504
48490
24141
47082
27335
41754
4187
49763
21967
24815
45657
7894
11502
21742
3598
49689
32507
45353
5608
6287
32208
13339
13377
27035
46184
44166
41877
46792
7955
31529
28502
10307
32211
15791
21343
32673
27697
11749
42651
16052
24449
40834
15644
15047
21340
35962
19759
44221
26670
15117
2074
18534
44815
21396
35067
12381
3623
48149
10041
29910
40694
17081
22036
41123
40005
18923
28023
25369
26356
8306
22126
7666
32638
23132
34113
18916
48237
24974
2502
25876
8357
46581
44858
6695
30549
26270
15327
11390
10730
22958
38155
30538
4506
28264
29619
28911
41724
42555
32335
4258
1833
47092
28073
2430
40497
13628
38435
33254
45824
27505
8605
1857
46671
36589
4445
28257
17564
33678
24346
41693
1173
49815
36612
8465
39077
39720
16091
35710
24013
3343
21875
4883
46103
33684
48420
25329
37859
4133
27079
17993
18323
16344
6197
16667
16260
38575
42596
11870
26826
9086
13947
28498
23909
36565
15391
21301
48527
7076
37520
32162
36034
9072
21589
18791
47325
18549
1495
2360
23621
4078
15292
10226
28905
15691
5325
19772
43223
15551
39136
19304
48586
30760
32241
14372
11329
551
33155
9347
43322
46834
16227
6291
28969
39633
38611
12439
6497
27006
2554
4386
43079
24768
19802
34708
14233
21833
43293
41438
3939
24293
40999
28473
21394
44063
9958
31736
42339
17807
9165
8659
16589
23577
5034
21695
44718
48773
37230
5842
22323
31944
16854
49456
22291
26494
3348
1592
24026
42003
19600
30419
27637
27635
36820
44338
34165
14050
10623
16839
36839
45336
12763
28771
7609
40630
22896
15058
19361
23381
49760
43445
37601
2278
18972
35511
9672
33485
3487
14214
6573
36407
10602
9726
31659
17942
46368
31839
41974
39782
1549
40318
23778
14837
47189
3989
31468
30651
23860
12410
48357
12744
45725
6528
38180
15679
6763
43449
40731
30984
47598
36691
43556
3427
25755
754
7606
13192
470
35776
3649
46988
3606
19591
23609
7672
28727
44105
20247
4369
9329
19519
320
40021
18165
18997
1582
29026
5774
36399
24782
9271
33591
27778
10529
9496
33340
29081
5396
48487
43
45069
4427
47516
49978
46709
31965
4688
40141
956
37202
21660
28895
45416
29688
36144
23966
6966
45530
42816
47372
24517
4216
5982
15072
8640
17911
20186
19250
913
47794
5168
44406
15796
28884
8078
33981
10695
30599
37744
4248
17542
36619
10037
12633
42440
44578
18443
48948
11608
4793
34282
27782
4706
28044
12771
47251
17170
518
22751
5556
38412
48475
22455
45649
20300
280
42004
5999
25395
4670
32933
10065
47389
35365
26671
47202
8397
31354
7022
29786
36722
40191
39419
8525
47021
34893
27841
22976
33124
42499
8048
8588
21263
12176
6762
21267
37393
7535
5185
38524
44833
11673
29030
21451
42898
13041
18617
12194
28418
10975
38339
26672
47097
11005
37703
46142
5078
11158
9818
44444
5911
23757
8723
11272
34405
42359
39507
26784
40123
29601
40336
32426
45243
3449
20867
10848
32578
1732
40899
22649
46048
12806
17290
43872
47094
20540
49000
49897
14821
41440
12400
17252
11977
4298
36974
29477
4159
26583
43444
34792
3753
37437
42254
23214
20400
31929
3268
37335
31125
31183
18718
35895
9644
1914
3931
26951
27027
11207
23573
11327
36892
9160
49852
40368
44615
11177
40883
33418
49764
30639
25573
17250
22827
1429
47960
47945
44787
20739
25908
8852
40048
30035
3516
48042
49378
3860
46008
1162
24588
39154
19314
43678
10442
25348
47822
30664
26437
4892
32243
44720
49830
43623
42245
47341
30691
25566
45318
111
28115
24632
27536
44375
35295
24251
45892
10974
7149
43471
22401
43409
14058
592
4611
37659
1323
38733
5251
37258
19733
34462
46751
47827
21456
8014
25944
31795
15835
8861
958
36024
19530
43191
35726
3067
32501
25902
43348
25513
15250
10928
35468
11577
1721
10613
14718
9076
7716
4580
32840
32165
9483
9306
5054
26484
25123
17592
15239
47818
34094
21175
36739
69
3144
6435
20259
42182
34096
25336
5155
18950
24760
8180
47947
23871
33892
38495
4576
35496
11503
4514
20370
47214
47380
25987
32200
42161
14790
9913
47646
22218
10003
26703
49321
7231
14389
4507
20716
21785
1383
18305
24526
40345
10290
3056
17519
5750
20594
17010
3885
20620
37064
6627
20596
22712
33156
3967
30448
10919
37726
26316
11948
46292
30860
38694
47445
25412
707
40778
2255
6099
509
33356
31663
47118
13325
40147
22813
15092
30168
25557
3244
4304
9669
46210
31131
42842
4287
8235
6004
17683
33713
6679
25524
1506
43675
3898
43001
27655
7156
8802
1699
11627
5687
34198
5272
11086
17610
106
34691
45095
18996
49757
40683
19123
29773
18535
30509
1964
44059
15268
4093
20604
39802
20491
49216
11141
36405
8574
21377
26239
42371
7876
32019
35693
23117
27281
46223
47391
21919
40695
46001
25188
34521
41829
8006
10016
1822
21431
23342
30510
14637
1702
4233
14542
3832
28412
4879
40581
22409
28279
38065
25176
45159
46944
25258
29414
17162
34615
10956
38371
43817
43344
44659
8678
39702
36108
27337
9122
10376
41676
39015
39032
28928
46152
47342
31640
18312
10475
9663
27670
13695
36146
13315
5482
12650
44384
42897
15329
36220
2471
17890
46031
24140
38881
26371
48877
15721
25472
704
34825
32356
14529
18182
15367
17125
41835
6995
9467
9826
38567
49043
40614
19817
40988
41132
5416
19472
13027
15892
22471
16118
38727
19603
33626
3305
28153
22578
20812
16930
28743
39776
11576
36505
14969
29708
49025
4339
45148
10095
21862
26528
36297
45784
23681
5255
35301
4761
15422
48380
48271
31879
7941
7013
22300
20350
20652
36375
33111
7376
1282
1877
18514
12403
40019
11117
40270
16512
15237
14866
16846
49838
4851
2640
21579
18112
16443
7029
42884
27851
870
25029
40606
29479
42699
31250
9116
49910
41712
31032
3738
2593
2325
16820
20081
29689
1236
6717
47807
46540
21764
10620
48281
26993
10171
36001
36097
9032
21830
37308
12513
9844
35321
23799
40552
35425
4551
38631
33093
15671
11001
31196
26131
21545
43334
20719
35730
12233
31625
22551
18741
46111
8057
36636
2923
5030
14846
32651
44569
9351
29475
3764
45966
3170
45371
24894
31259
17394
24765
18812
554
11591
28324
39299
11906
6898
45024
36735
35540
3812
38323
44649
4723
31762
43899
30460
1245
5546
31220
21638
19413
17442
46015
36200
27057
4397
28642
29968
18644
17705
49865
49696
6718
21483
34681
10411
6219
46479
38927
38754
43183
23438
2160
42870
29239
34371
10585
40183
18125
26608
16132
32506
12600
10395
24689
31267
43278
8542
23672
35885
1032
23731
29134
31950
20237
39579
8414
48774
39766
10610
19132
33317
15111
21157
13476
37711
47400
29584
23125
41769
25501
42826
38525
23199
13545
41315
26863
41218
31917
24811
21479
25758
12498
26038
36746
13169
42266
1391
41913
46888
49746
15688
11266
9108
25737
14832
31085
39684
3065
31327
47791
42965
21880
22589
26338
6322
2914
40925
42515
49827
25691
14497
4180
33398
21172
39362
37823
32447
16161
3497
11490
45706
20461
19479
44333
31846
46768
42497
26563
48469
37786
23440
18492
30411
37323
12855
35727
26147
9109
13004
17874
41078
14208
16607
793
21667
465
23267
31367
5716
40491
14369
11842
29764
19131
38809
656
38625
36299
25163
715
18980
18154
11058
21042
26927
16167
24412
1775
40578
39592
28006
3155
12125
40137
44633
38214
7233
37959
39444
11149
15520
12801
42215
43534
30808
2284
24451
31526
49985
15161
26250
16620
6192
12599
43699
13481
24270
20000
43805
26981
15043
44728
10336
38666
47889
32727
27436
6143
38158
1011
1181
29762
596
22583
33005
38925
19592
34576
24501
9117
23355
29766
2381
17116
22518
11309
22214
2212
39193
5377
24142
24907
42032
32897
8903
13079
15743
28683
48076
21312
10337
32086
13912
36792
47733
16473
33055
8123
9540
17813
33165
27958
14736
8007
12020
49393
21298
34455
19020
44304
34041
9692
22705
7748
46128
39335
880
43846
49042
35588
23149
5910
1080
25399
38413
20612
46624
48943
27458
46100
2172
9387
3969
11613
39992
14054
17281
17736
27310
20239
37060
36864
40376
35315
47854
13851
13386
716
29317
9866
40122
6346
42534
3240
365
19718
28180
38899
31590
9346
46091
5732
14581
26718
43035
14901
37710
42720
7496
4205
47842
25487
37207
6964
10680
30106
46028
6379
601
37641
23258
42963
39424
47259
29690
38608
26055
8074
20617
2070
23625
10572
42521
47776
10142
36644
20118
32977
30329
35447
3680
16027
40881
34210
35719
46386
31675
22022
17048
49789
1680
10381
31480
32738
48120
18774
12093
41615
42066
13893
14684
21443
27241
24362
46387
46199
16156
42807
21169
8278
34870
20749
2658
24164
28782
32927
45809
23766
36770
29877
16608
44442
8401
12830
18274
31076
7361
42730
47894
32475
9617
29954
23583
37029
45161
32887
32698
4001
47236
27870
19398
35224
13868
41572
43644
48794
46617
15759
562
11566
32728
10997
41935
10172
16724
10437
36403
32461
971
18546
34718
1177
27352
45776
47206
967
39502
39454
37643
49568
19843
23693
42270
45954
31462
20863
574
6740
39278
48247
37873
7900
18461
11832
37348
4652
3874
18933
33335
8769
1255
34224
25002
21339
11706
16727
35268
35416
45743
42367
46431
20786
23011
31725
6316
36438
16435
6830
29056
31423
12918
14565
30941
11830
2462
12438
27643
35938
14831
19028
49916
23827
49968
32663
16217
34514
32852
2805
35088
2018
44759
22374
29500
45872
35408
8666
48297
3430
19069
21395
10483
42768
45309
18379
36221
34441
17416
26590
25124
2272
21884
10664
21253
11863
4823
39198
7966
100
20198
37953
8668
42763
20702
14551
13406
39283
475
45648
49861
45185
20040
44882
29984
786
20288
17277
15206
38255
43705
16457
48044
40391
6823
38779
18623
4863
5253
13305
11674
32271
26438
16832
49250
25503
48457
40738
39896
9039
13553
47780
41950
14872
17444
36856
12115
21226
24748
26172
32834
5373
19622
38221
43622
27068
11993
20209
44807
12457
40415
16942
30373
328
49654
9651
2819
33446
47871
25368
36526
49752
3130
7569
30533
4891
23085
43674
11352
32207
48756
10836
45994
33195
42692
26988
4383
42449
14028
19416
11665
3634
1058
12452
627
3405
6825
49144
19557
31919
26220
34523
39770
5795
24984
32279
26216
15745
26856
192
6055
23081
31390
45398
30863
28537
33384
43212
26328
30488
19090
4501
38458
5932
31001
19283
46197
41122
34333
20298
31787
18266
24277
37633
17012
39545
12196
31996
18806
16425
24185
44984
17933
27692
16159
19357
14982
40947
15746
11907
35505
5446
30388
49434
31170
21679
23962
31730
2646
2176
41744
26463
15843
19081
11345
10408
21294
10962
42781
36939
26140
14010
39210
23560
9188
14883
27339
46395
7129
30550
14854
29227
15935
34473
35173
27398
4539
14648
48668
9159
42847
13157
2523
7497
28239
19854
41292
8854
14979
47409
18616
44092
33078
6468
26925
13460
4594
25013
2879
49160
36933
35109
4595
18220
5528
27271
33287
17853
17654
47615
29850
16991
37692
13546
25364
18421
28768
20492
13266
23669
27378
27061
9037
16141
32767
39468
11261
10543
34208
11598
17073
26015
7695
37036
13115
48164
14766
18501
46636
15630
11965
25694
29734
22954
11253
33227
901
43982
9648
13731
32987
6791
36783
7131
35489
32560
3038
28284
13504
24608
39069
28332
37044
6880
47561
49388
45771
39184
24139
15928
30148
6912
38469
34814
37052
44236
16847
1056
19253
27747
46453
23219
10986
20728
47829
48670
62
16988
34284
49184
5820
25756
48107
35992
49553
45338
21681
43046
35160
46120
23838
39350
17120
44711
37516
39098
135
33861
29371
7702
6176
47655
25906
3584
92
12353
13355
8399
32357
7614
5523
27839
31853
33537
13582
4272
25207
21759
27056
46821
16304
3250
38619
39613
45853
26004
31332
20962
18349
11978
8982
44362
16072
9684
13694
18660
34636
4743
17168
2285
34577
35139
26108
4045
34468
20359
26547
44927
20082
7499
47806
14211
24841
13425
35345
21541
42247
2954
46736
12926
34655
38850
17318
49767
6846
30515
3094
8785
27034
14287
2036
3380
4780
18645
19954
19149
31188
7440
31596
19415
6139
41250
16483
29873
21111
29437
2735
47877
7443
10673
2558
23301
4916
10096
48936
25783
35078
19309
3093
49182
23538
24554
17799
35035
45868
4320
35192
10638
222
3978
22668
49374
44570
35985
2803
47746
42300
43895
33655
38138
38969
43029
46175
23045
16147
6159
13836
33407
31244
18140
39916
12868
38408
5360
29078
5463
16816
10639
14642
17533
34743
5245
17034
39253
45697
41201
27861
26352
42607
190
19502
24150
5764
4432
48440
9972
42917
18892
32448
19129
20949
26678
17894
33410
28230
43007
36262
35896
41629
27033
23865
2881
45073
45907
26214
27924
9682
585
7934
15811
44504
33815
34135
45924
9378
6728
44357
44763
13587
19725
26238
6916
26714
28493
34610
37814
29863
31097
1141
29319
12422
41450
24281
35491
34359
45807
397
41543
7468
46488
42611
14348
35663
20026
30252
31313
20762
22094
13350
8972
8222
25042
14011
17899
8113
5985
29674
41424
26639
44724
35826
19342
46068
32512
3720
38862
46787
45727
19097
46464
2679
11693
18726
18565
45777
14767
28431
24386
18783
26944
32609
29933
8150
21374
10445
12236
41109
24059
5787
12646
29199
27490
6342
16084
13666
32551
43198
48757
44331
4466
13738
48273
3579
19251
48905
34619
1686
25078
41165
37550
12772
13620
46543
43047
24315
16127
26923
29788
19768
2395
30169
46314
41429
18153
15914
18382
23110
35169
15955
17881
17130
24260
10810
44556
38870
36953
31608
33225
27715
49479
46854
45985
7012
11559
8830
32424
21241
44577
12319
32281
14693
46963
28687
32955
41225
22682
21058
39534
8138
22504
40062
15803
4965
35367
47628
41375
5427
8026
39442
27982
37534
7507
25725
45372
35436
31266
40409
12747
24876
49446
6247
35578
26457
41256
6773
41298
35825
46248
45447
36940
10068
5273
13854
31328
2847
18432
25521
45104
21434
14606
48698
49330
4837
19509
10663
14587
11798
15490
5941
26156
28450
19254
17789
40939
22862
19269
11942
19621
14870
5600
20110
1431
16246
47393
37771
39094
47186
10245
42574
34296
27988
2454
28586
17753
12954
29524
43136
41616
18122
40124
12153
18118
12543
7508
2487
5378
20100
6977
45890
34404
34100
2798
12172
30217
30443
7334
33322
30640
42316
30147
41002
20662
49090
20650
23281
38540
17330
23946
37477
42822
6565
30755
45619
19297
23031
43383
42835
11593
15405
30601
15607
30544
8111
14183
36555
15605
20502
30472
46313
4988
28562
1994
19513
41685
42469
22920
31915
9975
35619
43096
35687
9092
22147
4575
12861
23153
35621
4274
11900
39462
13883
21457
47597
14281
44043
12090
24509
1314
41864
42617
44681
43362
47608
30557
49551
13816
8248
48175
19605
34759
22010
34892
42002
37411
5250
32540
27896
29075
2221
41172
39298
41247
12520
15164
5073
46505
49967
35678
8471
20052
49473
44317
16206
28205
33119
736
29826
22581
31362
5658
1673
27124
26538
22056
9192
15927
17516
8906
8241
41714
25133
49953
19152
15757
4834
34248
2689
30882
48872
860
40667
20875
4191
32038
29726
3972
48725
35074
23454
13274
33613
48227
27842
39243
16476
46615
38107
21972
32814
15135
35018
29328
13501
48316
24178
34834
7294
37362
37398
15015
25855
35388
38332
13859
38362
39460
30745
45718
7109
45839
9344
15681
17617
20727
16856
10822
29981
12120
2417
16532
4979
38467
6123
18700
3670
5339
7447
18672
5283
49291
11306
8
35036
17180
31946
45442
13982
10530
37858
32618
10313
27561
44382
49976
507
1512
10456
36985
22262
6160
41042
44822
21998
8961
31763
12935
3642
34695
33184
30577
8273
24905
34292
9063
23595
28728
6397
8031
33385
45375
48333
36579
32349
8337
45830
45651
8211
28085
49258
23965
37988
48604
2820
6942
30335
35142
23960
43489
15007
23497
46442
32777
6474
20089
38382
26980
2743
27618
37994
17824
47825
1970
28016
39956
49677
22774
28396
19921
30328
29747
19214
18307
6478
24083
38949
47181
19124
46538
7995
42922
25031
48678
48299
27955
47373
32836
21840
33240
31511
35707
14876
40609
23973
40571
7630
31778
18232
13992
16044
5777
10625
2721
34315
18795
33651
29868
18725
49358
38162
49778
43794
40070
12481
45760
12544
36253
41957
31443
45898
9269
40592
5866
12189
8892
43889
49543
26105
35912
418
36931
40169
38978
3330
13576
8562
24093
4225
45620
29930
35679
5701
45788
42693
43662
29929
12813
4343
11488
23568
17345
4277
18444
20375
13572
24860
13197
5222
17013
15573
17588
23183
31981
29811
22635
1771
7871
44890
24350
13981
41833
34582
40395
22524
32322
10606
15553
45537
17935
27621
20954
12277
46985
34212
16898
46102
3857
18693
39089
45680
29661
13674
26801
24878
15780
31219
40110
38045
47476
16730
11069
10923
6238
23408
21028
20984
21246
41264
35917
15198
36949
46038
18991
27858
49165
40389
1797
42388
21936
26666
49955
38348
47814
12557
6138
30444
2979
20455
3638
8489
38857
31565
25386
43858
34894
10817
11569
34979
36882
36942
48562
12426
25823
4170
47114
25749
49257
24697
41808
10233
24102
40252
16388
20041
47527
3469
11676
37798
18081
49195
46764
26109
43291
31541
21802
21036
30164
49631
11042
22172
16140
8672
3160
35828
24629
35177
3950
19035
12490
15699
40700
33817
37794
38009
15011
25374
49389
17225
5278
13744
29695
46938
22440
49782
1671
39593
40347
41585
12907
33533
48920
37299
25653
8495
17922
40547
290
48081
4742
36876
12201
21013
43772
22340
2298
21296
42050
34677
8689
16042
47112
4646
12395
5752
859
45879
40983
17962
44364
41867
3294
10147
20942
8270
48874
8283
10917
36131
30926
25790
20873
48964
37722
49625
23572
1399
27293
25238
32421
27669
44458
3324
6250
23872
6225
7366
21123
41281
14483
35628
15407
22234
42864
31652
39738
48445
30514
40292
11808
16649
13233
32178
27886
22644
40671
39578
43429
6337
38239
18561
2952
43357
25093
14804
25225
38715
4995
13131
37420
139
19910
46462
6646
2663
44114
39627
580
4602
39918
27543
41434
10344
21005
15635
21611
17149
41761
12606
31644
28874
19141
38743
36742
21503
36443
37524
41163
44022
28323
28807
13175
14729
47990
44691
2166
27808
32716
18989
38687
8470
33858
48626
13690
47759
48503
1117
39117
19299
41920
18116
9447
46166
3239
13889
48646
15150
45431
27237
29551
2920
14053
41011
24173
19873
32355
32008
45101
32146
41363
9139
44836
20735
27622
5351
43346
8561
48098
8479
14617
46296
10751
17163
16973
23615
31845
29609
29805
23926
15215
5974
44996
24537
17429
25766
7708
49453
37139
1171
33413
9601
1045
40801
877
32820
20665
3846
6662
11604
30823
42627
24152
38324
28359
36753
31829
17816
42471
16
1213
17703
6360
40833
17404
6705
35795
3878
13381
3143
42422
24458
36064
28351
25421
30392
31010
28304
24985
28581
36042
44722
3755
45813
42213
23464
3202
10590
21713
32742
29938
37071
46131
6116
23019
45063
32940
45401
1827
31805
36381
44036
7691
6293
19722
25604
38561
11601
23770
17241
17228
10806
42349
36076
9501
26159
30064
11472
29529
11096
17905
19355
2890
20213
26039
13906
33088
19893
44873
25404
39371
6038
40885
46978
7114
15204
45177
41901
19670
32766
23749
12186
31216
16046
5332
35717
10405
9028
19661
49031
21993
5622
357
45241
44332
13364
24407
7111
20165
31422
25468
41054
46696
28635
24730
35203
16092
11876
33809
21336
35393
4164
20944
31252
17052
34073
18968
16055
30503
21887
16359
8416
34147
29112
30697
26597
6746
47435
18429
44638
4416
25433
47084
41967
32848
43679
5688
14197
5697
11547
38027
7703
35542
28888
10658
33437
22856
28968
27695
47501
32115
1744
10246
38280
31106
7071
1829
35618
35085
3697
23302
37443
9626
2818
34957
1115
20388
21219
41386
27591
40237
23657
25036
16307
21221
41994
40676
21461
22182
29495
24615
18648
18567
43042
15104
32158
23225
1233
16885
41746
46986
19377
43943
1734
28544
16568
30578
37427
37074
1241
664
31571
7210
1714
40042
33284
15197
10829
30080
3672
34525
34348
13017
3392
39827
11806
17142
20552
3887
17941
49266
25009
3643
31760
31690
40790
32735
4340
34878
23975
28123
40233
3941
21471
25994
16917
12976
31517
20559
47278
24086
31296
48743
48696
36684
18467
27291
34843
44810
47269
41495
47083
2609
31
27122
21555
15965
18943
5884
42000
8281
12775
22494
45840
16737
34532
35961
16170
29157
43281
47002
34587
25988
39764
22186
22156
37031
30903
15368
2218
41996
42458
18423
31885
28656
16143
6708
13917
47154
23009
890
13881
36143
43552
8727
11332
17885
21658
5320
34309
43729
27040
25173
11685
49287
13024
31056
43901
26822
22598
31815
44056
47086
408
20894
45287
43169
46090
40079
22296
27821
35461
10894
36928
31335
26681
883
47412
37447
19055
40312
35183
5562
13454
10092
12262
16343
35607
4374
14475
47307
10056
34024
34072
13586
42556
21766
13128
48051
10030
45671
9721
24345
9513
38621
41245
33444
22442
39993
8725
40724
38191
3312
23840
16821
26674
8762
49583
19367
40254
2251
29590
3510
23271
8075
40734
30327
3876
23555
13265
15056
2129
4623
38328
28046
20947
33930
30901
25506
25752
9705
29668
15817
6644
24304
3014
45472
33671
16595
1235
19891
26585
5315
14016
34158
1247
102
6937
10257
4538
38226
17982
48116
44066
37993
45498
10473
39746
5839
4321
12706
49917
6903
28915
10149
39156
11383
44072
36329
15264
36649
33766
3149
19703
26780
29990
47637
44372
11589
30412
8886
42851
25483
16237
28459
8788
31911
48648
31162
30776
8441
295
37782
33672
46351
34557
47363
12497
7479
3501
18899
1868
12035
40361
41079
9026
35057
17974
38071
31233
45093
18252
10769
41228
10467
30656
9810
11660
17579
40812
48340
45090
16999
28229
26289
32442
18580
5228
20943
23613
40324
45235
18967
3127
47013
35358
20231
2448
32129
48121
7199
3691
25963
18937
19674
44404
45528
2055
33110
35379
21330
3363
44969
29504
29440
37857
46698
49073
32273
12729
9211
42140
36557
39450
21537
13538
10144
3788
30623
31937
24114
14387
19751
43016
33547
29458
40166
17229
24723
10850
46537
20517
6610
29462
22140
7262
31918
21520
6006
43354
23647
25094
45797
21968
23368
26817
27799
668
48442
39839
40559
1026
24938
23303
36577
23624
3766
1947
29258
3477
22538
33794
47687
28601
43326
46298
19442
37349
15586
7276
12383
29168
5138
5383
7457
30598
26057
46833
44401
38300
14250
5868
23444
16262
46189
36271
20855
27675
32879
2273
18453
33839
6264
19203
23664
45495
34625
38530
15
43560
47028
43616
49417
23427
42263
15976
29207
12298
1082
4335
27995
13657
45055
5077
14683
12245
41173
7040
37383
28591
23299
17679
46774
11856
36118
10316
24477
47128
48439
6310
10791
47656
39831
17747
46830
41396
34538
44682
643
36059
39855
4735
16488
17945
43522
23562
25960
16966
22807
31744
38602
48165
49029
18877
21408
11139
30179
11127
26616
38928
22075
30285
37376
27564
28974
25586
38871
41226
37433
23169
35218
32902
22077
36029
42586
46752
42855
16255
17433
27785
29306
14599
38740
17261
24175
19486
49065
24125
16725
21600
42101
26113
27983
36719
21926
35423
30936
36878
3542
27917
22117
9242
10915
10662
33913
7891
36978
9277
6643
46781
34214
11557
39623
22196
30068
2497
25325
37363
41634
3216
17435
10078
26610
10138
46485
45302
7760
38998
18166
33149
43341
26625
2495
49072
38926
46647
30899
32549
41683
49003
27818
2758
17201
19660
15924
23403
23569
37975
19120
44287
26016
33391
23397
32952
29784
42123
35829
24893
46965
28899
25120
1034
38541
13070
30861
24550
30675
37249
45033
47700
5056
3666
44391
31008
47187
20013
41535
3882
11085
44013
9812
23720
16599
28285
32878
20679
38873
12827
45740
3652
8388
25393
6364
18789
9652
25560
38056
22181
6571
18310
34667
43619
22719
12541
49611
26218
40215
7652
39115
39813
48652
45640
9412
24494
29115
13074
1619
32635
38651
17977
21786
33887
16993
18761
36668
50
15680
22091
8394
15785
4436
49785
11747
4508
12063
45802
39548
20129
16354
40222
20676
20925
35984
42106
48033
5776
21618
20172
1774
2728
4768
15033
42905
45841
10309
8458
28053
40722
14998
14323
43634
27907
16809
7793
46705
46163
26050
4121
29978
19100
33144
16631
31664
34427
14687
23287
31210
48544
39586
31533
21506
15841
25476
31638
27045
33676
22095
27030
43265
29072
6129
31905
29234
39581
31068
37604
7167
29672
24493
48339
49398
9886
30525
27575
4473
12358
49879
20519
13717
45464
16977
26209
12745
44678
44182
33472
2935
970
45996
12613
6887
2908
45435
24816
46662
39099
36458
42055
46195
25648
13063
17289
48654
17907
30073
21592
22127
34883
19709
22220
42157
32841
28850
49634
12116
7698
23341
19796
26832
30247
11140
6835
37927
34943
36456
43226
26201
29000
16234
37112
307
36549
24234
47619
29604
29186
30966
19840
14189
36846
756
22718
43942
23819
47521
34395
23333
32965
33900
16664
2551
19050
40387
45183
41261
48734
41409
2961
45167
3513
42407
6066
45829
9425
32164
26825
33433
6043
41280
29867
17990
47081
14571
33486
30309
35372
11797
7657
20720
27548
4223
26574
4992
14917
3179
22233
4986
15758
26511
21837
5199
22311
14562
21696
26972
10080
17176
16203
17928
45781
12385
35592
36050
28199
49831
22815
6579
29956
13034
1906
22333
26435
3086
33966
44588
18668
42262
25784
29926
47427
19876
41169
541
36309
35612
24009
9302
4344
30702
6671
34842
14868
5437
17263
14077
24078
763
14326
219
23856
47315
9396
1231
18805
33593
24310
11388
18749
10342
27810
13160
21496
10448
21489
10717
29148
2853
39280
14458
15936
7594
30555
39775
40596
16413
2880
18361
37478
35579
43635
16523
3671
14279
35231
24063
4150
4643
1672
35030
23894
48509
7337
39635
49889
40157
27369
33568
6384
39585
21683
38018
39620
22605
1697
13730
48963
49540
9340
16923
36888
49637
10291
14224
49260
2757
10943
9382
28483
41494
46579
34034
45880
10523
19505
45154
1262
26445
28747
46236
27119
1706
33729
42295
20241
27707
42128
9990
49945
45107
41786
12664
28547
44449
48313
10659
11312
1682
12314
11516
39860
27196
23645
31403
19424
28235
43474
34409
11681
24410
2338
20634
12986
47073
18392
27740
21289
40903
4256
28684
31014
28783
16152
17341
33077
5133
15221
7127
2636
48615
5191
39804
2199
26955
26496
8226
21793
40181
13263
39557
23861
49181
24076
45943
8327
32778
39427
3923
28863
44009
28571
14083
4215
40052
26284
34995
37138
31862
18488
20229
39137
27755
43900
46438
44812
34645
2281
41539
39320
20600
7694
14173
18547
25319
39418
7944
12259
274
13421
28714
15687
10351
15287
31630
29987
22252
46327
28141
34908
25407
27593
13407
17452
36590
7704
35574
36559
44511
36088
3298
14271
49035
3596
14765
38116
7494
28390
37132
16293
45020
6525
22959
4289
15825
25338
39721
49036
5235
11777
6052
44050
32851
44548
37242
44775
4541
8560
9673
49217
3602
20955
5164
15401
24483
1465
22152
24162
2214
27588
45261
48276
24027
18785
15480
4691
49112
49427
13807
1075
22995
5595
41267
31722
444
5485
9541
45920
35545
24278
1940
47420
23359
42246
5602
13771
20518
32156
37195
38516
7240
47124
10934
8298
24987
35384
39699
42561
43802
22935
36210
36479
21098
37499
29193
39841
32563
39359
32666
13148
6900
42885
6195
38848
18244
36717
20250
11316
2706
27307
43997
6546
42911
46345
47592
47574
32040
31114
36507
46059
35138
13699
39330
38430
26756
44394
42346
15274
11941
3820
37824
19072
13782
31662
3628
7556
46623
15693
29142
39084
28908
41044
45766
14265
42326
43648
32104
19640
32110
34730
5300
45356
15616
23608
12187
25839
45048
43839
9683
18778
20670
39264
43329
10996
39884
9701
34154
27083
33774
28261
30615
21237
20248
22433
31774
46651
38759
24627
26480
20176
29825
3700
43199
11111
4291
23047
12555
40117
679
11703
37070
32591
30194
26627
26635
19953
36918
17849
37020
24296
12531
14433
2526
23358
30843
47537
25361
12700
49369
46844
30369
10375
6431
47755
31986
32175
25867
19429
20428
27837
31283
29851
5611
45791
48682
28391
49780
27569
25708
31643
11931
553
39844
42462
33200
23242
32701
14953
49664
2208
5464
22187
30343
13384
28495
40742
14506
37575
22917
47648
49238
26483
2016
26227
37115
22330
47343
32192
48577
3930
4457
32489
67
21236
22367
27365
48151
2313
19470
10373
6727
30649
19248
26875
45696
40795
23575
38426
35642
7453
39934
5234
31287
8951
16001
41204
40350
29073
35746
31540
34800
5671
22756
23726
7373
40083
48662
37088
10781
8402
11984
25945
47785
12162
37067
11771
39093
10285
214
24964
5923
1437
8773
29843
40494
8992
41419
33830
16911
2637
29045
39063
49064
13869
41895
24055
36459
36797
33736
39859
39556
7441
34402
30404
19243
48106
27160
19053
44547
19842
34731
38168
23886
1263
43739
31385
23651
32755
41876
29349
28949
49860
36807
45056
44902
17108
2002
7583
49997
37600
25297
36280
28189
8308
23471
33991
41614
39449
17535
12467
21372
24029
32209
11104
23713
36898
17607
22464
16373
20181
26530
31545
7010
18297
18796
19078
49461
45086
41310
49502
1062
32466
48633
8999
2001
43333
35498
4638
41436
44212
13380
19311
40729
26384
11533
23979
6171
42414
15857
22623
13358
278
7920
15690
32589
34386
39376
49823
43960
16601
26828
48623
41813
32476
30898
4612
36837
31174
2676
48705
16458
472
8510
15062
24182
13904
3974
25897
45116
44479
7764
43271
46955
29985
49278
17139
30758
29013
33786
15350
13910
30379
23467
13962
43062
23001
14420
3045
33679
45614
9195
21380
23410
3811
31441
29565
1572
18760
31909
24324
21714
21854
21648
42703
6381
29580
27752
41504
2437
28329
20995
8955
9218
11172
11677
47101
19279
1137
28549
47876
48916
33958
17590
40267
9065
30127
49670
6890
7399
30619
8435
23422
49124
1049
3921
17468
270
16378
17888
42264
5170
8959
5418
24149
46654
43824
16910
10504
14
40699
37544
37819
17240
1893
27041
17961
27811
18394
8448
13580
3722
12840
41354
21583
11755
40315
21632
39832
9336
31115
19517
1190
35262
40750
47767
43405
21519
28119
38985
14401
42941
20901
8439
18692
31613
46426
38393
29519
27736
35116
109
27899
2097
44714
44829
25946
34314
42672
32575
28071
20095
7554
10252
37629
34991
47175
36413
39801
44908
33483
15159
24603
29222
14100
35097
43566
21559
23961
666
25285
41508
14471
16708
18337
48435
12662
36475
20264
3007
48260
7960
37634
45860
20420
37730
31388
43197
40777
12315
34811
17068
15652
31009
44640
4970
29182
35856
10312
47007
43695
5018
24253
35047
20636
20854
26952
18120
46178
33224
22989
23991
28604
47296
41284
34549
29435
3915
122
29753
46645
186
5524
17367
15082
5532
27245
10178
10830
12822
10859
40050
2917
12562
2919
40068
48455
45052
22051
31870
18205
43165
13199
5203
49087
44871
31176
24619
6365
47569
40450
45865
30934
9027
48084
39361
12863
127
41611
24601
10390
3232
35720
22651
13370
45497
3088
21628
16909
15090
3276
2845
21511
32072
34290
29197
147
43332
19290
49086
46559
4545
23336
48034
48017
2547
47831
36512
26945
42733
9825
22643
26021
38961
40063
26121
35297
6201
35159
39688
1112
24738
19353
20697
27617
47512
118
34975
14723
45975
26150
9869
3706
44157
17215
15420
13000
613
3531
26561
44912
19563
33937
36288
40168
12653
21008
14913
42624
9911
27025
13779
11720
34006
23137
17187
1186
3099
34077
16482
2308
14332
30796
7461
20587
10559
15901
16061
30785
29514
7302
41128
26668
17975
13342
46664
16551
42452
15302
49911
26880
22016
38916
23687
41126
46390
1290
46305
35625
579
43137
16717
45792
15501
20912
42473
19601
12709
26908
5397
40158
14170
34085
16078
15729
18539
18498
11592
13669
27807
31838
45735
39673
23730
14586
15096
9880
9959
884
37094
14357
791
41329
12288
24523
28932
38406
31096
27457
40819
35504
5306
10899
20456
10187
27527
3247
1000
19432
14361
8245
36165
38273
40622
44692
3858
43081
34586
13096
11296
25800
32552
42599
4913
40037
2086
44132
34483
4136
22162
7711
41276
13399
21645
21291
38778
22543
27299
6531
14097
18513
9244
6991
12789
49601
40257
35702
3126
37225
5140
37667
44315
21300
18786
32595
9557
4842
22614
21518
29105
19679
42289
15330
18343
39014
24712
635
45307
26650
26053
10762
49249
34726
46999
9936
26654
41503
512
29602
18800
39567
38777
41505
34773
11940
20462
16707
14885
14990
10930
915
27975
14278
39781
45160
45673
9971
29085
46355
21282
27133
6152
43039
40412
5083
17042
42591
36713
18740
4364
10941
29918
33520
16533
11658
43176
15782
28259
7415
30658
22346
19826
28774
1140
28353
23028
22206
47247
31387
37413
49779
23759
11422
20024
40080
3422
22017
35676
4041
13577
11889
40735
23931
43721
10799
36818
11597
35706
14985
42764
24436
13337
47076
28120
21866
46024
26136
43311
21184
22652
13670
35346
36434
18817
41840
15597
41408
47896
47709
17704
48126
225
5316
34515
22240
14059
4680
14803
39917
6834
8428
17827
11774
28713
38501
10853
23305
10071
33782
2357
36887
12637
15005
17280
21847
2671
15180
38005
27717
19923
4701
12404
11360
36827
22452
47699
18175
35558
2886
23325
12248
37552
36218
16174
21203
3685
35737
19076
12104
1912
16984
44410
17359
44755
29700
14436
4783
29301
37536
21575
7892
44901
27058
6258
47121
46687
4629
45418
26622
18715
16901
48178
44240
32254
39930
33404
10261
26252
29992
16267
749
6457
46723
42824
47743
35897
46190
28318
33563
30276
29739
43008
47367
4649
18779
15874
19934
9728
39025
11430
23580
26489
16054
17875
16849
23243
14295
28010
4371
30091
30620
25654
25091
7042
20385
30223
22199
47156
47303
41571
19671
16614
32112
8826
17406
5244
2192
42841
28702
42385
38585
29776
22447
13662
6149
37444
7917
1223
9261
6183
12644
34175
3175
48031
3316
49193
6357
2032
18846
23846
43785
46225
