27041
23304
38916
2781
35946
4072
44124
30033
2478
47908
41725
20608
20407
19675
44238
48579
25539
20106
25227
31619
19309
44059
7857
38341
45038
42654
742
46824
6930
27786
4823
13668
8065
41339
617
16097
30751
4644
13938
22337
14079
19403
18724
30480
49956
45639
36588
37561
46785
33386
13790
45585
30332
24672
5473
48096
2021
4835
19717
47321
40755
29449
13424
47203
19350
27154
12120
42109
39760
43628
25867
24576
47707
30345
14505
16165
32353
923
19176
17587
31072
32341
23071
49450
7172
38875
47350
45424
43910
49164
7858
14028
45161
29262
25431
14090
27597
4042
47763
11532
49884
46013
44777
25331
27859
24481
34446
9287
4454
33537
46662
10469
2946
38152
13902
49782
32948
35621
47331
30495
42929
20319
19723
31163
8831
1377
46354
29568
28423
43820
44177
37926
22613
28555
46646
23808
14277
17711
13324
43813
30220
37825
31051
17787
45025
40856
27224
18647
18149
29087
4313
7285
21314
29342
44694
44380
18824
34005
14870
33360
20985
16269
10163
10289
16667
46405
16262
26985
1979
44163
28134
26089
14768
8912
4712
5559
10829
30718
39466
47659
24870
14410
19145
39571
25640
17586
519
18600
9817
7875
48629
28244
18460
48412
43946
19720
45121
27439
36317
4009
43394
48835
44688
9744
6380
10849
33971
31945
28380
7269
3769
23506
42373
20854
20135
2359
20069
49872
2063
22553
18640
36623
41129
13933
17266
49102
17946
11058
18804
33525
22165
36397
5885
45576
2334
8434
8622
25146
21173
22213
30869
10972
19199
1790
49415
17386
1155
35612
41803
40155
37283
1514
27548
35343
30401
1592
40508
33371
25500
6960
8159
37632
37322
1080
49762
5857
32721
14076
23189
38368
2129
26852
30936
35539
20919
12405
549
8331
30925
30854
16420
28333
41372
33754
6592
27275
29656
36134
33838
19341
6102
3410
27768
10085
22998
12987
5424
29910
23708
7261
38826
39713
21706
43270
6607
13337
39474
20818
10398
10518
21653
5347
13672
48950
19216
36502
38231
49849
32157
37030
30228
32780
29134
25305
23860
34298
41776
34414
31127
11425
44488
9340
22
11478
20216
11614
42704
41906
9831
13593
8806
45452
15983
29979
9046
5556
31745
33190
35917
25531
25843
40020
41883
48981
27793
35667
42355
33029
44661
45029
28583
30840
18358
31292
8217
43920
43431
12962
24773
2304
17979
39976
9206
28845
14256
10166
25579
28987
41134
44129
4050
22774
46403
14805
43702
10231
18723
38846
44554
37280
32094
21678
10032
39407
41623
47524
4224
43271
40494
25781
43953
4792
4860
14
1969
43659
4918
5722
8591
35938
16484
4029
13657
28228
22132
44692
18254
43406
23292
13121
44967
10386
26854
5252
23221
7555
27704
29538
21858
32910
6656
672
43325
3667
9713
26721
39303
46727
13834
13225
4467
43888
10500
29846
33668
1553
21434
45866
40479
19300
43165
20339
10048
29645
3430
2875
18880
10445
1599
40891
20692
1560
9695
16526
6991
15302
16810
42873
37470
32416
32706
12573
5071
8579
18717
1975
42127
15464
10320
44508
11463
15960
38793
40430
30154
7040
224
12818
37204
23959
42709
41733
11181
17702
6208
5285
19683
15205
24692
19508
35719
8894
19745
9131
19511
34981
7897
19619
34287
6582
13677
28838
26188
41943
49371
6408
1989
25910
31244
42052
504
19259
45485
30759
30721
24185
11806
13718
31275
35922
13078
34011
48349
35020
42063
14841
9030
28355
45761
48996
13012
46979
23898
32200
14933
3187
49964
7533
23800
4373
45595
2792
13931
28307
21697
48297
26674
49938
28951
30173
43064
39029
48887
40389
42831
42203
29429
24320
2570
13342
44662
17009
8538
33953
48456
7094
27202
13106
21469
6756
342
48354
42069
14632
13007
47076
25179
12775
19858
20249
43230
24537
15248
1855
44469
16362
39099
18182
19985
11884
43645
45890
7495
969
22801
47753
10119
45536
37080
49182
25535
32186
29827
44941
7363
14815
39282
23016
4045
5381
15820
11254
12928
28025
9211
48940
24813
26272
38512
23078
5391
2438
35847
29845
37588
23174
18864
46057
24385
48757
21563
24518
720
7489
25352
19771
17915
3831
43866
33528
31442
18117
3422
32221
20823
46198
28070
48377
29864
38130
36807
33598
14429
11176
33521
2701
26276
49533
49528
20627
13199
48517
7326
40169
10960
27563
27634
37081
16574
39783
47527
8462
6081
16908
15710
46031
18312
37393
12052
29699
27893
1108
9472
20007
33440
9079
9308
26968
2400
30613
33254
49146
32477
33926
47555
2929
25357
6947
45173
48010
19274
27092
30366
7041
42913
34893
28000
26898
1746
17202
39373
4054
19095
16998
21319
33159
1880
9181
35642
3600
14306
20707
48578
6367
10741
19782
48745
27058
34051
9392
5198
34308
32489
34142
4130
27904
23955
41209
9801
30181
26622
40079
21478
44611
18481
32674
36353
5089
34723
8854
1180
41451
5763
13448
39900
38993
45674
23838
31453
33777
9722
11455
46027
8703
27829
2979
4888
23335
41840
48557
45575
20446
44871
16461
47404
23619
24248
20321
26655
26122
31188
28723
24140
21375
40851
45911
27045
9929
8702
45912
31312
16410
41746
45477
16571
27995
37854
30902
39665
3180
19278
34762
32329
22587
32445
8611
29285
9500
42486
49219
31084
9908
15249
21830
4592
44737
36265
36871
38523
23935
11138
27524
40998
26863
19946
17680
14468
40427
658
42958
31444
23427
5308
17216
31845
47149
25747
30105
2990
27996
16586
31937
34747
9800
21103
9719
13498
48213
24986
7977
7265
21060
9417
30737
41174
34141
29432
34469
49393
32374
10215
3985
12414
46170
26121
21916
42189
48512
16958
31986
18961
2421
28568
5273
14063
1748
37717
20972
26524
19113
16128
19676
28301
22936
28949
21258
44645
48881
18197
7891
44225
24364
2226
18923
13320
47532
38517
7125
39496
48034
16928
1110
49316
21898
7235
26120
30197
19326
35793
18326
24427
9465
32256
3776
6843
24828
29125
20515
453
30589
41233
15413
8938
20551
9828
13361
31798
11261
18447
22576
14368
42436
45824
43796
13596
40272
4012
39574
29784
18079
43984
44379
30372
30209
30784
23932
27997
27716
4473
14751
22577
3639
21298
6813
43818
25136
35725
46848
45457
32759
21684
9342
13308
4487
17583
32560
31885
30708
20880
30505
35624
5249
32272
39121
18359
47723
35785
42284
7435
46372
37443
8633
27297
6105
48659
49307
25053
6308
49707
48048
36498
14302
9608
250
36687
44490
40465
7371
6646
5370
42296
21649
8149
44367
38207
36650
42171
24534
27312
44768
25856
4890
27122
42422
29563
19673
48767
28563
28876
26076
40800
35693
39861
8741
29964
39610
31333
25369
49292
21760
18183
41087
9248
17350
43179
2852
6201
10910
47985
43186
2335
295
21424
22147
2699
10605
27647
28778
40571
1134
28268
36009
37083
26328
8004
44536
25899
3726
1802
49067
15738
33093
31855
42555
25593
20571
8409
18904
40110
9124
37257
37100
9172
36308
9261
9553
38564
15528
47615
13000
2009
13930
32091
36653
30013
23844
30781
41531
28055
34803
32
27527
15635
46571
24838
17472
40565
1756
34459
21231
7126
33636
16093
28080
16840
8468
34149
30656
49511
35873
24078
16509
7937
48307
48801
5972
46641
22928
26539
28960
23903
48943
44319
33194
28780
32748
24682
35178
1847
3139
31980
21143
15139
6757
1282
22932
5050
46879
11768
45378
31138
8041
15145
9484
30125
48573
4953
10991
41179
18292
31027
45461
23918
12247
15272
2851
19157
42512
29067
35636
48916
29700
39013
18474
16103
724
19927
30811
9750
13005
12908
11895
20071
4723
16824
11046
25664
41093
38402
19817
11854
29791
26091
44603
6129
23420
39558
23382
15118
187
35430
40474
10776
29793
40790
8242
18497
25343
9741
22079
22475
16422
209
9399
12331
16860
13967
41079
411
3796
42479
2382
30100
49852
14577
34306
42082
7193
5110
39557
9806
13303
11677
2046
28558
10280
11253
28834
21011
3392
29272
40548
32897
23436
46356
18805
37921
8364
35613
40370
34203
3454
15941
7450
29635
32219
15058
33683
20747
7312
43936
20049
9888
17460
41938
27510
17374
7523
1195
279
24297
32891
12063
3727
21447
10424
2774
2266
1930
17132
16232
2015
47525
19088
31603
47204
47315
39206
42258
32723
22136
38482
5859
49469
49666
23023
47075
5851
24254
49078
23594
12705
30257
24818
29370
22722
40259
38476
5125
16172
15295
6232
15463
5776
47912
20462
34252
24234
5314
7998
38475
39151
23616
16342
36458
18584
41228
20295
8162
10970
46891
26644
13877
30403
8950
12906
5201
28435
4765
24976
10088
37379
15984
19756
16792
39438
49770
47533
37582
31389
25319
7689
7118
43248
23567
29772
31589
43199
25866
13915
38435
21855
9849
41108
17592
21309
41768
12836
39187
2958
49696
26373
17418
21098
49286
41361
8689
13373
24470
30827
41383
21270
36975
2828
3604
46489
30040
8790
29769
32698
33382
13981
18225
16872
40325
10226
18617
7789
20826
14648
22390
20491
12874
7965
27236
13827
27555
8718
33548
34817
5822
25468
1915
25291
48920
25814
22656
40527
33833
25990
39465
9588
47984
43044
6110
44960
34294
15124
13077
31878
30996
24817
46822
20816
16553
36529
581
34631
34343
45817
48359
47961
17073
1585
24982
48529
34198
25769
9480
11174
40001
17011
6509
26657
7478
46288
31297
26477
3517
31968
5349
36964
5211
14581
22098
25287
40032
44539
43219
22511
23309
46726
43591
16438
15831
26861
9003
14507
44798
26285
40959
47643
3041
16141
12318
37216
9672
37171
22217
12280
7120
13648
27567
3446
33602
21788
35195
47008
23687
22888
43254
48755
28618
14934
22967
24952
4673
14749
30671
8408
23387
41040
24167
6055
30347
33780
27394
24736
17227
4805
30002
30598
43567
9775
17279
46113
45567
930
34578
23744
27770
15493
23015
46115
30522
21718
28881
34050
758
9487
47062
15756
45327
6486
14765
17868
23934
14678
37021
12086
29151
23449
24103
45794
2552
49362
43969
11961
25475
34852
23155
22782
43367
36189
37432
26790
19807
33364
17056
49992
5382
3491
6785
36496
17660
20292
13924
27985
36517
38366
13109
16108
18280
6018
27337
25705
44580
33161
18858
19160
39642
31831
6050
27063
14710
45892
13100
31562
7952
33729
23533
37255
35630
5465
2048
5355
21182
16015
29006
5947
12630
2165
28920
8700
5608
44931
30863
4226
3274
9452
32386
8221
45184
32388
28578
31408
19294
743
39801
16390
35664
41532
7796
39131
5983
41033
34996
36633
48993
23936
2194
15287
35328
43687
36729
49202
1429
24960
2747
8683
48638
43922
25111
36378
4756
39464
29519
20187
21487
13554
27981
31717
4198
24951
49536
297
42579
43427
41182
6902
19796
47880
14420
37155
37887
24770
860
25654
4957
42987
38514
5903
15958
4101
27470
34531
29282
36255
20384
33060
2134
9419
32370
31797
40809
24092
9829
35891
7635
13524
17551
35520
925
49024
40986
43397
38610
29678
9438
9670
20720
26229
28934
17870
39695
30050
38785
24268
46259
26006
44198
40493
37710
5496
1432
14137
35991
14605
16157
39951
44045
22770
28396
36480
6298
5435
1917
15298
42345
21726
15732
47598
13153
34667
10733
35980
5507
33429
10579
4031
19682
41759
16421
38432
46497
44759
21876
22811
27769
24360
13489
97
49326
38090
32710
8578
11705
48660
130
11946
1099
17360
23978
14309
26667
43180
12400
15956
27402
43354
38449
13297
27219
37386
49819
2826
11211
38283
94
41097
13618
6575
3761
19081
9656
35865
25758
39999
23614
12058
38623
43556
11051
10708
33594
9642
32754
42277
5798
29325
11976
18871
17504
22921
29001
15882
37518
46177
2848
47938
14993
42671
14270
17617
15691
46090
28196
46738
18346
46942
15408
23575
32122
26928
13233
30049
33655
44307
34711
20680
3050
15239
14590
35373
10168
27747
8077
35651
4812
27307
27906
33592
24964
39383
30023
6200
13279
3860
25605
13673
35728
45934
13828
28326
34442
33444
46922
40333
33560
39538
30896
24526
41948
6893
24667
41680
44430
19264
33298
24086
20499
11521
27636
43513
35564
16149
12472
4922
14875
5601
16680
44709
27533
14623
32268
42041
16774
2200
25818
22591
26314
30426
27318
13390
3575
18704
15227
9895
9371
22069
43183
43188
35410
44362
19442
40024
38142
29583
27895
44161
19751
24516
20526
16993
14897
29723
49649
21605
2501
37900
13792
44647
6245
48531
41011
8936
16195
23041
9428
46943
32811
29294
26155
16430
824
27308
20694
9376
20872
4534
13556
25317
13786
26209
40303
49305
36167
5909
44410
41777
30685
13851
7377
9086
24906
7324
25310
33919
38534
47560
16063
30592
31649
35619
5363
48944
381
23126
3683
37033
30117
8947
32762
25147
13224
47632
12372
39521
4019
22295
12890
31372
18371
11708
35921
32598
33124
34581
27346
3151
10173
12605
665
20158
27448
45482
4683
12089
42448
1569
24686
18967
33449
9727
18688
9029
11189
19553
33333
15321
43731
20213
29396
40808
13857
33321
12738
45990
3414
13491
39706
24656
49247
23359
43207
25107
2892
44093
25911
5791
10304
32338
10094
23102
20256
11848
2634
45434
31590
30214
23356
22600
22758
40607
33779
35376
14266
35632
8765
15823
27166
43834
4143
15722
16851
19628
35064
30392
21918
41245
29021
1069
32232
46095
31975
8695
1743
27857
25383
12259
18729
36742
45153
24755
12489
38764
44066
26165
45736
1685
15951
42122
31728
22287
23755
29173
20281
5160
3800
33997
20667
10305
8914
3469
23711
30965
15840
39958
42170
46561
2788
2278
947
31282
30058
30606
28135
15917
26593
11524
6798
15908
18670
19949
15082
1642
6913
13468
28147
43539
18707
32493
18375
20093
7188
41355
30561
9098
18425
20509
49987
38469
35331
22258
2333
19465
12888
16722
30445
32945
47418
34799
14594
220
48077
29924
7267
4228
27949
23150
16536
2760
9175
45381
45873
42586
33078
20010
24554
22504
26163
11730
3436
30676
21381
10711
39404
15038
31470
10679
40754
27959
35777
26095
7174
20468
5984
40164
30085
10654
38612
28523
32146
49662
9185
4136
2033
36580
45825
34993
31409
37423
39302
35294
8680
15648
2918
35260
19763
27134
44812
37493
30359
16852
37336
22852
36182
49176
33829
23949
37148
2222
11803
27998
48157
32544
41404
24339
43105
16585
47569
15935
4329
40432
17013
19180
33663
2215
19240
31336
31571
46309
10723
6062
44110
38472
34761
35874
13048
3283
37467
38100
34267
22240
18741
47767
36391
39539
14800
38799
42985
11112
9523
44619
47120
28391
48624
40137
20574
41499
46488
13088
39701
30474
43709
12129
57
13252
3320
1149
5011
25351
23693
28644
12300
10567
322
27911
2073
16114
4065
25748
48037
24222
24529
36215
39378
8758
24956
49674
41859
6159
20863
32111
41424
251
30650
15397
26456
36810
5241
28378
49606
38654
24641
1248
22558
33728
49685
15189
26108
32535
26490
24197
3265
4044
26716
39718
28071
38491
10302
45272
9507
21666
12494
9242
32231
27087
20548
390
23954
24420
23759
49018
25151
8635
46863
42282
2375
9273
3237
20232
17334
21819
2658
5188
8365
8997
15724
20807
13815
10318
29092
47751
26773
24409
8629
20392
38901
12017
30155
1617
37625
11680
48958
7984
47711
9232
27147
43237
19128
33617
13929
3731
4642
39501
34368
33660
35394
46511
27795
17597
45377
30804
36632
28901
30511
42384
37984
40589
5343
37027
22483
6968
19663
15023
2916
15569
7600
13473
11738
43001
25750
26554
41485
8440
37009
15146
36840
42083
13543
31970
45224
49485
48773
49547
44947
41177
7643
25110
29158
23524
44000
1375
39454
31549
41778
31978
3840
16333
39979
18607
11365
33195
39906
30728
4470
20836
5669
17107
45671
34083
19791
44165
8497
35692
41831
3889
20670
5190
9655
32768
45876
8537
11315
43584
1604
40373
35065
44
4017
4530
48156
23661
31278
3147
44964
34391
42459
44073
34984
5077
30120
29782
47779
44095
1157
18060
23323
29401
5266
22751
4218
11460
11606
37587
285
37816
25864
12690
37305
43891
14675
10128
31886
8043
22799
34314
44101
32161
39103
6749
47165
40814
35409
44574
11587
32775
20240
6377
19658
5789
40685
48301
37450
21119
35221
28924
37739
38073
18901
28819
18912
33180
28783
34909
30254
38628
9795
19918
38166
17666
5079
43726
18751
2221
37235
25968
46966
8521
32087
38202
42867
47003
21197
43675
17195
7964
37870
47988
28557
14533
15988
25595
35423
38281
4779
26358
44183
8282
16632
2763
44693
16617
15409
22209
5281
16938
24997
6838
8614
15842
31860
21237
30297
26661
5324
33414
38159
30700
2356
28474
13023
25825
37073
37409
44588
17070
40413
40463
8388
8734
24750
3622
1173
42132
3515
28886
255
22672
33750
29191
21403
12166
45776
43620
13700
28884
40799
14041
43348
13115
25509
21756
46431
29023
18282
17980
10588
49986
43907
5724
40729
39832
35857
4608
34675
40521
31428
37408
38889
35672
15970
6265
32745
7867
29486
33137
35714
10941
7393
45695
42291
21280
34195
46835
24730
38128
14693
34138
6280
29539
14982
7336
49592
31206
16500
37761
33701
19819
1301
21870
39613
44651
25187
15994
28263
10008
32871
37086
29409
4450
31180
16811
26836
35420
37815
36428
4451
46159
8012
25181
7764
17525
24786
2106
6031
35670
22556
4895
25692
44226
30793
31411
48739
42240
42031
10298
26223
2780
48720
26110
44258
25680
25256
49713
1020
46762
44346
15907
35224
8567
4801
32695
26484
13731
7030
45174
46999
30270
12871
26492
41607
49249
28486
1684
18398
1435
2856
31875
27422
8570
39028
11541
12389
33055
24659
18603
5191
35899
2769
27080
46578
9578
30604
10419
19470
2602
42603
19707
38349
19181
2055
40274
34305
21459
19263
2087
31953
5688
47824
47585
44409
39026
25119
46042
41300
32312
17295
29436
1472
27522
2291
19331
3219
22742
13072
22432
48809
16043
9062
5965
2666
6180
10127
20137
20706
32308
38825
37592
39263
31065
1406
25232
37857
48152
24860
15370
34432
9327
36049
6852
27340
36250
25280
14663
36503
553
39070
37452
36853
20726
26874
25456
36571
41243
43646
14317
47924
28647
11576
7168
37208
7381
19520
11506
23054
30966
32609
34529
49690
38538
17518
41935
45902
15721
17302
4621
47451
33372
21326
47210
42949
47559
36449
14387
17219
10582
41740
49591
3722
30330
23370
8452
40512
16287
19954
2716
27810
29274
32293
3477
11375
36716
24788
43724
44606
32662
42855
20483
20110
18232
10376
23442
43759
34765
24159
6078
28131
15875
45931
23809
6188
23093
15916
46730
4327
24020
44333
35015
43428
43116
44989
20357
2816
37330
23207
33972
819
25236
48066
6291
146
149
37605
11734
30287
7148
14190
24454
4352
33556
9040
26259
12078
28692
39762
6209
33783
17851
46102
31405
11938
24543
43161
48092
7925
42490
8746
5091
41917
25961
10568
11954
14707
18816
7013
3227
39485
47943
414
39002
45583
14107
820
41679
28981
45470
12561
40257
24655
19466
9783
22235
24368
40506
24816
7090
40034
40365
12725
47036
534
27689
29251
12656
10840
1451
32832
17260
30690
49407
5405
4271
14091
39361
9188
16294
15697
46889
35766
23662
34114
34221
1222
37475
33640
12967
29480
2109
6470
11421
26939
8424
44111
31838
33117
15055
15713
3686
24350
11074
35943
43570
10700
28273
35312
16126
17622
22697
41613
39228
35227
13299
19345
38863
15517
6709
35748
2697
21606
20044
36455
11703
8251
27082
49345
35712
18639
39245
1525
42346
47519
16239
1878
20840
31267
3324
13412
26168
6481
28832
46539
41400
26543
32377
35310
36150
13267
29328
7022
44507
41838
12617
42706
11494
41650
16892
39633
46366
17215
493
4409
47115
43629
25324
1201
12541
33106
21808
17953
41739
47320
13440
31314
48362
9697
29637
2719
24926
33437
25874
26345
3616
41982
3961
18955
23182
15359
12869
48845
36605
30812
30755
2472
35896
12524
7721
21062
46840
19627
28048
16305
45991
10297
18163
38569
48736
44839
36027
38327
24545
7018
43103
45208
23565
27842
49652
27787
29569
31396
14645
6440
11585
33883
47257
46870
40689
30608
3729
6718
5533
26287
26139
17431
12543
42916
44565
32255
37578
43872
44147
23437
39004
24624
35357
33167
7398
38656
813
15556
32022
25254
17236
40204
17479
5587
10624
25819
6425
3366
13895
22599
11797
11405
19055
36978
7558
15350
42434
971
27412
18881
10283
9556
47601
47061
39845
21477
35918
12468
8063
21911
43041
32344
13239
20470
40906
45887
2567
39604
12504
11554
21644
43129
33157
12484
12597
42516
27775
7259
47825
38164
37239
46158
17658
47151
171
41789
45109
32990
19874
25084
35337
25295
26494
4163
20778
22016
8835
16983
17540
39780
28926
10464
30221
12551
25144
30757
6125
49622
46542
7981
36586
12255
16847
20287
26891
19286
19568
13066
23403
42617
45879
8536
43935
48366
49904
35351
47891
6824
28253
14206
17170
35010
35046
43523
41307
15515
8649
43562
36972
43390
4462
48535
3415
29222
16429
41816
46146
3837
43503
3766
39589
48418
2403
23213
6091
11078
43897
11831
12554
12289
42248
39965
2842
33111
40123
40186
41122
33860
755
44521
26774
32382
48636
3927
35466
15716
34211
15757
43362
7072
21301
27938
11574
2110
33775
40464
25326
19976
23194
2016
30116
22382
25309
28691
47276
31028
23283
42932
10727
28653
3997
44292
46051
34402
21546
16988
37271
3145
2037
25168
49005
31135
12879
25561
35590
39963
30635
11696
14833
33706
3907
40296
48797
26946
29706
38147
42231
67
12980
3042
37123
40656
25986
4829
46223
34494
26363
48023
9277
14747
45119
26176
22225
13642
6711
42907
25495
20758
2151
39226
5023
13236
22944
23067
45725
2799
42327
28015
38789
20037
28533
19218
49974
33088
10541
49772
33696
37127
8792
47771
45242
826
37371
45
48765
14097
14556
28768
6294
494
28592
10440
36001
48188
33843
30283
43663
12182
40619
37527
25601
12588
46411
19009
20763
7530
47652
7753
36816
7771
31710
3365
36404
46657
23296
36675
47396
6926
30409
17509
3813
37910
46811
28677
8201
20354
30029
3133
8304
18885
34830
7429
38894
8015
42389
5331
28073
28212
33308
5617
27714
23326
36673
38409
11034
45940
37736
32282
32720
42533
46203
39822
33279
27173
19244
30275
30620
15856
13690
38617
35230
12611
8654
4073
18156
902
49441
29392
43717
11498
13659
18958
35754
19837
9525
5568
12083
34777
5913
43213
10920
11173
26693
11025
13974
27639
16568
47028
43250
10050
36524
15207
27169
21514
749
15133
11184
41425
19166
48726
7343
14793
40957
44370
1988
27951
38707
293
33936
2212
11411
44938
39417
1241
35215
28806
27752
41219
9605
23868
26274
14779
44199
36909
32463
36596
41604
18305
7995
32905
18892
1545
19227
41474
34457
4056
18753
49270
6047
24271
23331
7511
43800
33034
29504
17998
2253
3646
36180
17896
22194
22851
16066
18389
32123
17323
4430
15031
26756
24945
30796
10626
40236
27060
30032
28472
14524
29922
33643
41465
5366
33272
48979
24897
12364
13164
40635
8729
2460
41052
9373
29937
23018
23101
44714
6147
16610
15793
20950
20301
1161
44137
47852
28480
29822
17396
42732
22335
46254
5454
46162
46890
17609
48081
49461
10134
15151
39150
24340
40528
25238
320
15485
35722
11481
14551
43798
7855
12578
6173
12654
47930
15132
47290
27132
22408
9444
44190
46595
30556
41521
39126
14189
3968
40629
2250
6559
2364
12297
23166
4124
24675
37454
39138
14216
44545
20867
25633
19073
11242
38931
19144
20226
18300
38161
23750
14963
14431
7824
24765
9326
48699
18615
23043
39125
47160
38786
23347
48748
34336
48932
5920
28448
47424
34443
23374
35413
15777
19996
34046
18715
25313
46699
35741
21147
10935
9748
35174
6567
43288
40023
9946
43131
48536
45804
19824
28482
27650
17272
33016
41172
40920
43525
42005
23971
20250
29005
29314
3699
29814
36721
26884
16
49858
8111
19522
40384
32840
11879
42146
4775
7389
15673
23780
29361
24016
48332
18971
9847
18185
43926
46972
8450
44550
32040
21713
35886
15213
23090
2473
3648
7705
12047
32568
29810
44990
33323
6113
26619
4006
37580
9827
4739
19916
733
41299
38974
30075
15894
40239
49873
14151
8552
36322
38048
26599
8662
38136
45555
9762
10256
23184
44118
3668
24379
1921
44675
43569
32523
29620
6032
2292
45078
46191
29360
8999
25066
42390
17422
3963
2492
34387
2489
48703
14564
40207
18486
34525
7781
37758
19983
12103
2340
38872
7021
31358
9738
16659
7554
36375
5509
44400
21557
8693
15106
14901
22038
38777
28856
22834
37116
49351
739
37245
49682
17895
37420
36063
12121
47887
35822
42971
24235
39008
19290
36620
11154
40965
747
32145
36128
10982
23767
37817
33035
23944
45292
36206
49829
32736
30940
22583
26757
6409
44502
48321
47271
14995
21289
13522
2467
46015
39522
38504
3908
38866
23073
14510
40069
47187
24694
3378
44010
3349
28349
38633
18198
46287
46814
24573
45755
4796
6777
21535
11766
22806
25454
30593
10410
11484
27484
30929
12398
1732
32785
10432
12979
43696
42024
12027
46508
5302
39165
40100
40621
1723
5860
12501
48292
16874
3988
26116
17667
27637
15524
29617
8134
4558
13889
13623
14263
2012
11479
26991
41218
32036
28814
21705
11660
44211
12553
27554
6082
24980
45532
23846
23720
5659
33898
44586
30135
34709
44428
36545
45289
495
12844
18287
48802
23550
1832
12295
16118
27871
21273
24189
44078
39745
28870
30331
7232
36174
2332
41813
13724
22441
5068
47323
16558
43949
49518
3799
20387
6165
20391
36980
9666
28197
23677
33916
5448
20075
4735
28995
31330
10747
15694
37506
68
34950
1951
13011
13821
21488
39147
6009
38190
25541
26886
33399
42988
24784
43713
37340
22416
48696
28703
18463
33722
23364
12478
9179
35291
41259
19533
35542
6210
31940
22952
25984
12108
43269
2164
5565
32267
44844
3924
25734
10140
38018
8983
12021
33642
4515
25791
36639
12663
34134
25703
23274
45587
38506
47621
11408
26665
38885
17985
15301
38722
24568
40085
48462
530
45608
19185
18852
32842
17537
9557
48239
30514
2548
17756
7526
44164
5748
3369
41757
42595
4360
32624
8864
31900
30281
40386
25521
14814
44625
3479
27204
47738
46308
19040
29771
2941
10180
32977
42776
42513
12507
13637
41131
45882
10570
14003
8287
1238
24632
41185
1130
26553
40139
24109
23646
49571
9914
21113
21151
34849
45144
22251
41364
3850
21219
29705
10637
6089
977
1749
31944
45048
6794
12345
25551
40765
34526
26978
39862
47865
17193
33853
46586
2878
30087
14188
2863
36193
48800
19226
46045
4162
21944
22629
38378
26315
4039
39748
43071
17642
8628
13420
857
10521
29260
3487
40099
37147
26962
45513
7153
36130
2142
34683
46532
42697
43344
42289
30207
4260
46698
35956
563
9233
14798
191
34850
47237
46909
42187
38801
44830
15405
39142
28534
7068
31926
24438
21878
10746
43126
13939
16005
5501
42947
14258
10827
45251
19732
6066
5159
45514
13652
8467
4935
29479
16907
23668
16196
9238
11283
38321
15664
27824
4892
47035
34642
34956
11391
3946
35416
44440
2841
18293
429
36483
38390
47886
27279
12583
38805
48992
23118
21959
32825
33021
38744
39509
49582
47422
10791
37897
18644
19454
31947
33391
21243
33039
42343
40165
28036
7287
3146
4262
4171
20439
40293
27590
42048
46924
24397
21515
37773
5876
9622
36536
37128
28877
33033
27367
14739
36320
47770
27165
46160
42965
20435
11332
2743
7397
6587
28689
7973
31156
22866
18050
7838
20594
25030
7971
10769
34053
34951
29388
33101
5810
32653
22446
36935
8137
21084
6414
46120
36106
15968
32461
46218
31844
22088
2909
10912
49381
47283
28083
44877
21732
19972
36318
40796
16113
46670
9577
44937
4636
41433
12347
2286
11547
23424
28566
44547
17264
13766
10553
13729
26575
34528
12141
47506
15666
30455
9381
40299
40643
40012
18465
36959
21244
10547
44360
20936
35574
37602
40760
18472
15782
12791
10931
18478
2096
9320
8529
47264
28594
46724
46614
29422
9489
28047
14156
10279
35708
23483
11413
4490
17177
24345
21999
3170
33981
19998
44879
10195
47703
31491
42328
3397
30509
41403
27329
40185
5745
1194
538
46704
1057
1903
14098
24203
13351
29524
2896
3252
14522
19546
13149
36617
11718
12648
37537
45985
24338
34831
14082
8879
37200
6557
20590
10507
35723
41091
30451
43328
32707
1515
35545
31354
4441
855
29768
20959
37533
23522
22660
26964
9382
8141
7141
46017
43094
21327
10906
46758
4601
25233
1371
33031
29098
15
43588
39750
8833
19424
18427
46632
3914
31198
31128
4030
37242
9788
59
32577
39055
49832
2428
15952
47476
25464
44034
35246
34344
1838
38176
20162
447
1473
15801
34785
41714
45533
18240
41144
23847
359
13971
40343
28107
13998
29660
32922
3232
8479
35464
40927
17725
42191
2239
6354
47452
6257
3152
32429
39232
32106
9802
7298
32016
16416
11944
3944
7103
34898
30447
4699
12008
22104
30533
35048
10295
31958
49408
16850
45120
19498
31713
11287
43274
19788
34248
1906
11556
15936
6861
25497
5055
7943
19355
6474
16634
43398
14466
11371
44994
23689
7015
29470
6527
21163
34086
47817
4343
29263
38189
28467
5715
34455
39418
7340
48882
39248
47894
16801
24990
30482
30992
24833
25143
6385
24645
21873
40989
687
4529
11384
32269
28219
1952
5602
25447
44934
33242
39200
21639
2599
1761
45531
42791
56
29562
34731
11480
29652
19834
26637
49527
33206
40355
13401
27986
20850
32252
28153
42330
25658
43611
48812
2022
37360
34672
42013
36573
6693
11209
47586
35768
10151
16691
46591
32418
9020
22514
49590
41852
6758
10366
39042
42374
32298
1267
20393
46237
43298
35792
6396
17638
32303
45458
26937
16476
23057
19310
21218
16594
12165
34341
38708
14017
40873
40597
35363
7123
39568
10242
16527
7934
13263
2901
44927
45044
8992
34132
41309
38194
44669
41394
44413
29720
42022
36472
7551
35391
36612
16194
11643
27368
27641
39324
10869
2620
21509
45265
47091
21022
11160
9678
24145
16182
43321
38177
2753
27443
43007
10243
21392
38416
47380
49167
15967
31531
18459
49910
38398
42103
33986
33115
37211
32861
31607
14666
10616
4311
37058
16346
29806
9093
24647
11016
1346
6163
3736
45480
36766
3613
40121
32642
48098
48556
45402
17197
18569
18076
24983
31374
7804
5752
20361
41353
24720
28529
12901
15412
34549
10070
4522
18952
46117
6637
22916
17644
8967
14493
23458
23039
10442
47879
6865
12891
19888
15430
41545
4295
2702
21782
47565
24731
13986
23921
40030
49217
5027
30081
30654
21758
44738
19174
21778
44585
34205
1252
33441
5643
8445
10845
1322
1729
16241
13389
44781
28308
20290
41913
12134
6995
24618
34478
34380
585
45253
12915
4379
47172
10471
20520
13357
20756
47594
17182
47947
25695
20815
3202
29832
13108
44670
7191
30225
10186
25536
24708
49055
20566
22233
15601
32495
30595
26143
284
30542
23053
42155
46346
31542
48838
3586
29014
25727
44321
39865
38006
44086
31177
31983
45049
18849
3937
32952
30318
15197
48805
42142
19827
42445
10686
29554
13833
17522
10665
35495
19838
25704
445
12337
37019
39204
31458
896
19196
41609
17399
49801
17015
5053
25583
3052
37339
36208
2515
12860
31005
14173
25865
21207
19593
31915
40868
33553
16788
17276
46114
46602
25963
26485
32755
36494
14786
15426
26645
39172
29291
4916
25377
3692
90
12445
23072
12916
6919
2466
30921
12517
3561
43845
48233
20691
2803
43869
33121
16751
13512
12513
26726
34513
4254
37604
11770
16757
2955
9528
903
3872
38791
46213
14138
11473
46554
9180
11298
26478
37974
76
182
38017
21826
49274
45350
49114
14104
5226
31591
30407
4855
11193
17681
34012
1205
46352
19091
38214
36720
38298
13126
11876
46388
6438
37636
19078
19878
13135
37035
47900
7300
806
18378
13600
14187
15422
35532
13015
47122
20812
26151
39597
31587
6857
46989
45077
30517
16531
31170
3913
1321
21791
46171
693
16155
36044
8228
3230
25860
6300
15171
3461
19649
40379
24244
6727
6318
18064
47263
10046
15425
35324
39722
10225
49636
3656
46053
49626
49524
800
21696
40990
46574
19545
45135
3387
28916
20861
27855
41248
1671
48814
18406
23770
15766
4444
9494
40113
20933
25901
35478
35517
38324
46753
46499
21131
24052
31981
46282
40363
47274
27272
14101
6790
48681
11255
962
41616
1398
5429
29765
34612
37332
48151
12167
48399
34558
36447
41390
11356
12019
27304
4965
30284
7117
174
31569
42398
23912
26459
9429
38262
23843
9117
39216
15509
25532
45283
12373
34779
41597
34958
6532
20227
28857
13547
38001
29745
9958
16789
3510
10718
47269
32178
46776
12926
2785
26177
41242
48100
31310
33221
27222
14504
12744
40991
5264
1023
10200
32439
39534
14133
32563
17627
25795
8096
33148
4580
6422
22734
11055
13032
28016
46387
26828
16895
34054
41481
16077
24713
26728
2238
2616
46515
24392
26580
21095
26856
18112
29626
25673
11509
8435
28198
22886
49405
23982
37917
24460
32789
28497
2255
24112
8098
21891
3513
13945
40167
23472
11715
36470
38270
18782
32705
36678
11396
27724
24155
24334
1992
10927
11998
40188
23528
47606
41037
29240
35395
46575
8031
21032
42997
1074
28081
14579
28769
20225
27536
18065
5210
36479
13010
29668
7319
41844
2508
311
47464
37546
14688
15700
2084
39621
32656
43903
21742
13423
12493
7289
1869
19617
40967
18394
6192
48966
24291
29488
27774
21583
4066
33295
19910
5502
30399
14589
49542
37077
37936
38401
13749
47235
19170
38570
42961
37574
30788
18788
44581
18380
6482
36143
48178
16635
10562
11635
34493
38937
10908
28113
19789
26031
48807
15198
10976
27003
11237
36836
35572
45394
15993
14265
9756
18853
43964
4905
41537
4938
15684
46168
42496
46176
696
8647
26598
25926
48368
3690
8175
39490
3447
8636
30498
25876
46325
15624
10422
30844
15340
41760
38293
14760
39694
16467
34318
27391
30180
37980
36922
18443
8660
41718
43184
33619
8458
2119
47278
41567
34881
10095
38280
616
33977
16572
45427
35965
11406
2248
22723
31516
35764
40105
12218
47680
49154
42568
41563
47992
13830
44253
45040
47405
32317
43467
16214
8216
46518
3063
33697
21929
16171
26499
29962
17366
11940
7673
2888
5698
48778
18757
32645
3298
7880
41291
20449
39439
24317
22658
45638
13880
49332
12450
46415
22262
18274
43223
21183
23747
2426
5114
13970
11362
25809
42314
30011
13747
40676
810
30367
45957
48324
22835
49246
32280
39311
39456
544
42455
16530
5066
43425
3821
26504
45932
24493
26280
12114
19964
41851
12800
40230
5887
19917
1936
27830
2542
30004
377
26455
13298
35730
40233
31199
16791
1552
39215
13725
14637
42804
9118
39213
21712
15685
41234
17250
21709
2336
25242
19002
1139
41396
30667
1691
27863
1035
7167
11348
45739
16271
1224
26525
39800
29153
10069
5046
14073
12514
27322
36873
37730
23459
48879
4097
14435
46654
45258
8360
47614
18141
22730
21471
27820
17284
27032
23295
43283
14936
4909
29790
14350
41305
44828
41492
673
33363
39280
20879
46084
23539
37622
44322
19936
48128
46875
43346
49705
45869
36228
35944
17560
26664
5872
24707
12491
29410
37840
45237
45002
21331
31394
28785
325
3167
19647
8277
33470
25512
4652
19246
36303
38125
8401
21138
21110
48033
45136
41285
43882
36987
9571
16845
14401
16151
45158
37369
24152
40309
40453
35107
3277
19750
30351
33136
47683
49012
49419
9791
31203
32647
1257
49729
25624
42928
28551
7051
13431
27843
24369
49586
29529
25185
27851
46336
32715
47056
33651
14019
12180
6528
27831
23676
14408
11788
25241
38254
23294
39201
44972
9255
35204
43585
10435
15310
16817
36065
16211
44642
4686
5196
13264
36892
28639
32254
2510
21067
14422
49593
28157
5531
20926
11943
31301
15449
23191
38778
37535
13040
18563
10961
29682
7367
1846
6699
16630
34978
20000
6770
18621
13275
30329
14727
1867
49853
4850
22272
30501
29615
29601
36663
41974
46868
28338
18100
24876
39278
5710
37660
26164
48437
25992
6551
47420
23902
23141
23010
25967
31236
31913
13494
42169
14117
9240
13567
7594
909
49365
12070
45093
22527
16501
20375
46070
13767
49854
35932
9236
43233
16564
15628
6274
37311
19598
34272
27286
48626
37888
36403
46301
49624
34328
30094
33127
14927
45309
20500
13598
36302
21544
8410
35591
9016
25902
45632
44599
1920
2251
48546
24049
2794
32867
30230
37891
29867
41712
33041
19395
35643
26173
45085
21659
16599
31914
5236
1315
9803
20705
4238
42991
23588
3583
3969
41755
25132
21101
14149
9103
28082
15316
18571
22326
318
45707
13942
17369
26507
19708
30832
26574
31956
38942
30547
47221
1107
30562
29390
29812
34593
27919
40810
14286
39058
23992
41713
28664
11145
11424
43036
46156
29959
36191
23197
40817
34061
1508
14100
7266
24483
2639
42645
29405
4268
21320
41171
6356
5967
34041
23946
47337
5940
21804
8454
15944
23037
15363
17531
16068
33392
25606
38067
2396
945
17042
18352
32667
7622
31877
43982
26998
18339
6342
47674
22542
31979
24076
35180
39390
17325
13144
44783
25082
11133
37142
42621
24165
4576
36849
29183
18475
30786
24128
13240
21628
25212
24178
11166
29180
23734
16431
35763
8378
48522
10454
21781
43579
148
8139
47862
13178
47419
36668
33187
3271
25025
9201
8489
22261
30960
30453
47088
1031
25486
9589
24842
5649
39600
8736
5591
33376
17050
19431
49178
37683
48243
6590
37903
29038
5614
33365
42653
803
12659
34409
23576
28799
7502
12368
1125
38424
1611
36429
6845
19973
41367
1403
49646
42799
36092
11303
35414
39173
39109
17149
11534
3062
1506
36941
12387
12322
11333
7920
41690
23554
45476
43421
43287
44577
20230
7242
39114
10971
14182
7
3308
15305
11246
27643
37426
15342
44399
46365
33510
30623
32235
2070
9668
32669
16709
30438
36798
23325
38494
22164
39798
43517
30353
27293
15477
24459
30536
31421
48376
430
46338
21786
12558
6558
21948
30548
2949
12230
17125
35901
15927
29351
28340
8385
11277
38758
2593
33434
37347
20503
31670
19532
47783
16697
48959
34680
32829
24703
16037
34214
47497
22499
20220
18127
37414
20895
37772
24950
17127
44025
39240
46645
45996
42951
32505
10852
24417
36045
46530
45223
35452
39191
48539
28956
31252
23859
46963
4906
48862
33932
14165
46361
43633
9586
23264
22468
35411
33847
33540
35740
46327
45299
41635
12546
38447
13406
13528
35431
47623
37210
41676
46523
44080
30115
46752
21695
1892
20690
11741
8266
15163
27420
36306
31916
44531
33366
7746
8161
38228
6429
1055
40580
30541
11686
5479
35761
5779
9167
844
26750
18221
12487
22628
42805
28744
41693
32044
30383
44172
32360
30641
41393
37521
17147
6700
22056
22310
4160
46409
37122
25411
18374
25842
21731
4463
19812
8974
17008
42667
49870
1307
9623
11820
12273
40559
25067
8182
16222
26463
11195
19135
22675
46635
34654
8414
26087
7549
40322
46910
23753
14960
47801
6674
13934
25000
5128
1905
37366
24054
23217
48649
7620
9085
40210
10862
14214
13755
46231
14430
34735
11872
30227
16869
31723
14730
45373
1235
44108
8113
11385
3302
15328
48051
20679
7007
27371
30971
9091
41787
2601
17867
37864
23408
13753
35398
22473
32511
8964
18530
19050
1459
23815
49185
1866
39369
15218
15231
3273
36658
43280
35813
46751
11822
31766
43814
48938
4480
12559
8091
12122
37205
358
21013
8667
33105
9709
3347
12839
11008
14691
9860
43133
14683
35002
42349
15873
16383
37489
18784
33870
40369
27773
15311
37091
9787
49373
38440
43574
38337
8247
44483
11502
25321
25159
32971
10190
43259
7553
37282
34648
8382
35518
12620
43483
10882
31740
46370
30754
4321
21215
3897
32539
8195
29229
48308
48928
35079
26028
25690
7306
2028
10781
12793
40086
37011
49838
17529
40916
24953
18276
2790
2394
31533
47388
42046
5289
28305
8694
28518
13903
40654
1193
70
17598
1476
15550
9944
13397
30931
37567
17466
42222
10457
48728
46046
18101
24415
49389
40659
1085
24614
4732
35627
28425
19372
65
19604
45243
46030
31034
8114
23532
42571
14580
43100
47401
10761
40006
542
42070
25231
24668
37868
49224
10396
41606
45757
10074
41413
45438
45112
46931
25801
8910
6485
46315
29301
40095
16094
18403
39667
45333
11000
29414
45374
29177
12745
25871
41930
4599
12602
28154
12186
28724
3368
4914
3193
43349
10106
9354
28379
12435
39556
25616
34544
6507
20992
28597
43402
37918
25184
18618
12422
27545
2861
2148
21412
16455
24745
32524
44459
5671
21295
37113
9278
3464
5484
3771
11968
32194
22169
27733
2696
29137
7946
31895
16658
13268
44837
10978
28165
14620
24018
25425
6448
30805
44809
26254
21423
42865
41767
15039
3587
5070
17400
3756
37523
13968
28368
14067
35906
40898
12814
2414
4309
20167
42053
4426
40801
201
34763
1693
9516
29505
10321
3235
41894
44630
42777
15695
47184
12914
35867
2030
29648
15964
27815
14989
42473
9521
24027
3743
34362
43810
23302
28525
46195
23491
44729
14454
44038
37439
26375
14121
30833
18396
11099
24172
42648
19121
7023
442
45980
34353
35628
26247
48564
25782
38962
37152
38418
41135
7291
8561
10698
47118
41662
23613
2960
18572
12706
47325
48124
41252
4880
30136
3157
10083
3313
10194
9184
29714
11285
9790
11272
37177
9187
20583
37711
15461
39881
8155
23739
16545
7257
3178
11520
7843
3553
40587
15638
3076
19662
9244
35833
387
46250
11418
30008
2077
28259
836
8053
11781
49640
2594
2951
22022
31331
39776
44750
17728
31600
36401
48991
33326
36829
40159
16268
14630
20366
36159
27129
31435
1484
19452
37836
31552
28729
44157
25773
9686
11634
45386
4340
49692
14280
32712
266
6436
22474
1925
33766
20755
40952
16375
8504
13180
40394
47191
22825
13778
44628
10484
27163
28938
11092
25768
23692
24478
19939
17359
12778
46678
7626
23261
40196
43262
10841
37786
48290
45692
11456
34615
34468
17169
37153
16000
14661
41447
30494
13505
42856
48788
17772
42866
32233
20625
11259
49200
20317
256
44425
815
34775
39243
24984
26792
18575
23247
43573
47584
37433
7677
5515
37644
37692
40712
5804
6804
11814
14657
23650
3595
14438
45579
49302
27238
35883
16589
28686
25588
42858
894
34922
22646
48777
37593
46680
49825
23425
38076
41550
6972
22931
46194
18545
7599
27659
18935
31536
28364
30107
9430
49127
24546
39098
12409
26190
49375
33940
20920
2053
11069
46302
6975
45105
44641
40771
13706
44187
48295
31788
20531
30847
27612
11322
39325
21664
15947
2090
19279
5563
1620
2260
338
43340
14439
49205
20865
20620
39651
21117
48265
8576
18891
17393
41666
36544
5078
40187
26322
20779
30807
42208
21096
43442
48326
20395
2721
18466
46536
1136
35403
36325
39229
13881
9049
6320
35114
38108
29709
48475
49124
48547
6830
45967
27531
41837
47637
28388
25259
2410
40501
35447
47856
497
7520
12420
25433
15442
19212
31339
28443
23553
25896
28900
29858
28585
46833
38631
19447
43335
19134
31818
45426
44299
6121
44365
42849
34759
26080
11663
45762
11970
4491
28045
34224
1145
48075
28503
37202
11936
34100
6005
30019
3250
45030
24117
21528
7288
9322
15255
41466
641
31735
45194
32244
18510
13289
37333
43912
40007
36965
17020
29719
3051
49503
21465
4878
31567
29166
31726
43490
48869
30483
31989
23685
1196
22543
12864
9991
4731
5045
20465
26678
26936
20592
46421
33831
17713
8088
49896
14763
5459
31049
9043
11739
36752
49230
35471
23145
15640
18544
6026
10623
28895
24088
28971
14145
25965
3089
18979
17010
44901
21842
42981
12065
18613
39834
24894
18990
13315
46750
23400
32193
43137
47935
29085
42729
45318
13893
13430
19626
25085
2437
228
36527
41961
44773
24548
25400
22663
44246
4367
2259
15024
44495
34431
41962
36390
24491
27078
20930
43950
46293
47038
3809
18190
16816
45596
42950
24646
39012
48451
25529
2284
36583
40046
18196
2521
34552
15441
16719
3874
24924
14218
22220
29748
18245
49141
19543
6301
35686
34099
12340
10766
33970
29071
17079
1066
27894
36649
2092
21960
10673
20898
44975
12323
48097
31062
45171
31289
36714
42761
5387
22899
28323
11094
38568
35527
48854
7098
21640
4517
13885
3310
7942
8733
7737
13393
36482
21533
40688
9205
30569
24776
20377
722
29900
9587
24405
31224
35849
30681
41082
31332
29063
26421
5294
2502
36603
35979
23216
42466
8548
21426
49023
27052
186
22896
8039
3980
22986
16369
13409
3348
43686
25047
19120
34523
26480
42710
2772
8872
3055
13794
14783
38884
25323
48941
21061
44847
29460
46716
24071
46398
2672
8037
49945
46974
4485
9906
3560
1737
6454
674
46418
20783
38441
15962
35960
34428
15380
12952
44436
29604
40655
28774
48685
867
3579
19679
13408
18938
16048
17878
20891
16639
45766
36879
22777
4782
17218
35275
13146
27148
10429
38096
28186
9569
37007
14587
25533
706
21248
48895
4455
28528
42468
37988
7770
33555
32565
15500
31449
4289
11403
46551
37130
17239
37342
20516
22573
14850
47183
39195
43635
7354
18538
14920
48815
26305
35752
37183
30537
18201
47743
12584
45058
11566
35346
12749
15454
20271
41026
4872
4266
17178
15119
13765
45811
23939
12956
9874
42565
10038
25597
29920
4138
34480
47310
10102
13820
43743
31114
30084
46316
22338
45143
44834
13601
33181
9819
13663
38824
8618
39771
30024
2930
38288
20661
29882
15116
48706
5754
25485
17923
5918
1526
23290
44202
10571
21464
20189
43055
44731
16980
6906
30218
19534
23601
34643
14181
27256
6088
19059
14848
26860
18350
7186
14148
37125
13526
18119
28092
22997
582
210
42067
31260
20912
7988
24425
15475
36227
4874
6334
47082
2213
27015
20174
43651
46153
47135
3407
23215
11995
45789
29239
21335
552
42184
29911
2376
34167
33223
42708
42185
41951
3606
26439
7106
27662
45889
33707
45675
22863
25115
28180
6670
9483
47370
25105
14677
24836
29606
40419
42112
38539
24925
35809
31160
27090
10856
8068
41244
3426
14340
7990
4028
31321
24069
11023
48111
42766
42526
49155
38854
3687
27281
30663
24367
37982
37214
18217
11404
13773
39912
32626
14584
30390
22497
13825
8168
11713
11485
44811
6207
28613
33767
6958
12430
40251
39122
44269
14520
26555
5118
45648
44832
28779
29299
35881
27544
39696
6832
28943
46222
35611
28398
2405
3885
26377
3693
48926
29653
27720
22299
3784
38699
40946
29172
32734
17234
44718
31922
11048
49531
38361
5999
8336
21012
5291
26052
15702
3212
16313
22327
40443
19741
48640
24293
48287
12434
33082
13653
8084
7254
17860
27679
41069
27508
41385
19934
16261
8255
18340
46768
15462
987
7697
2999
21920
34098
8845
6271
40709
29857
39025
21116
38033
16926
4129
39062
14789
47854
26796
19746
43761
12276
19071
16377
11295
49028
14704
30704
31295
24266
660
37781
22307
47501
3112
24232
15728
20572
31201
1547
32480
23714
34037
4998
47842
9355
3506
28846
5936
24374
17240
49379
49614
16642
33830
42287
23806
26078
32130
11772
32659
21707
35219
27203
13019
18164
38659
26233
28904
36670
5720
419
14029
23610
39905
5493
2156
11992
39525
32012
39572
32406
25510
42183
43594
48469
32428
23706
28937
15604
1449
33884
11499
42324
44021
30507
12223
47004
14977
45678
43144
26423
42014
33889
2635
48423
20991
8672
45019
13075
9258
37199
25552
4902
9696
28944
17033
31737
24471
35445
36538
16288
2622
11857
23088
46836
36069
8284
33455
21072
4581
34169
49297
9502
15986
15389
14109
23137
15054
44583
40734
21611
8184
21222
39424
8717
34079
17731
48091
28733
22874
17734
26263
43631
30123
33370
45602
28492
40781
21046
2298
41884
23663
19698
14839
3175
42113
3118
33834
12858
42367
17340
46623
6809
23675
31923
37878
6288
36707
44784
43608
12469
22958
26605
8154
13925
15525
45209
11957
6267
30152
16307
15241
38677
200
45169
1902
24541
2673
11316
5588
30939
45966
35197
19137
2362
16520
45590
47566
39043
43875
10998
33587
9128
27118
22574
37542
12204
41120
31910
29421
21693
45328
5512
7071
39227
37750
40213
25126
3404
22924
6154
14164
29567
27532
28335
43331
45467
38221
45655
9459
15149
23373
3730
23875
21594
20077
13972
2135
22099
43652
46708
19560
479
31693
3547
28056
3636
24243
47179
43152
27665
18531
28417
34532
18077
2966
25530
41001
13806
41109
49301
13587
42724
6493
2379
45560
14314
20363
26715
36960
49919
4015
22269
7492
4590
40290
38546
450
24115
36565
46313
2547
8225
28288
11647
45419
17926
45339
10040
53
12905
36877
27474
27933
20045
21516
28579
10260
42537
17167
40722
8152
9338
3114
2931
29243
4190
33892
36723
17146
18972
40657
36528
47084
31281
15849
11161
40
20184
35329
46754
7284
3950
37345
11834
34607
1385
23363
35261
4119
39331
40950
46274
49699
40666
428
23433
34129
9671
33522
1780
33814
10330
27958
43877
30615
611
26921
33104
5240
5964
735
12097
21444
33741
25216
19250
10760
16202
86
29625
900
41511
44833
14842
49398
9986
38890
44771
5506
39312
18754
13692
4170
19997
6536
20832
32002
4116
2197
39795
948
36531
28411
678
46866
48104
10107
46652
35866
8019
18664
47033
9409
11024
20009
26208
10340
8634
18697
21122
34551
25740
40584
40889
31725
17987
34566
18608
46640
45780
20228
1353
260
23139
17819
46706
26200
49443
42377
31140
31776
33699
3291
35140
16167
42620
28699
15516
3921
7994
30645
38372
27364
28422
36139
23490
17563
3596
42236
35189
28035
21844
24863
42056
26018
823
37703
32521
3169
9082
49932
38227
22362
20472
46955
46576
5130
27116
34225
25213
46806
47024
21880
4936
5339
3208
36152
34207
3006
19282
21080
4239
17389
5171
7881
41963
618
12224
17441
44479
39803
2688
34156
34303
3884
36860
21825
10748
36981
13387
1500
16474
39005
26707
27221
26586
48150
13688
40059
10865
43626
11693
47834
12868
36908
48492
32976
1172
36618
13809
14924
28899
38313
49716
45607
31222
48158
36730
32781
30066
5287
11453
23571
21984
48697
12321
4788
37961
30459
6754
2687
38933
2983
45989
24084
7625
19379
44752
21694
43024
48114
44703
7320
46305
22519
12992
45953
43508
49510
11044
7570
15784
30794
29813
10749
31325
49458
48772
4566
30848
6911
34331
23066
27253
27158
21379
22910
43301
23699
33291
21736
49183
2267
10278
43060
8778
6905
10742
19816
43524
22965
15401
41498
15219
39445
22622
48263
49683
21679
37965
10000
4725
5462
24120
37263
42026
34755
22876
31050
30580
23009
41907
5819
29891
40975
27462
3987
25139
13035
36635
19276
2483
21408
14559
25878
1146
25816
32260
28603
19616
29058
13940
41191
25150
37384
17593
5829
9684
404
15901
31964
20510
20735
5445
20053
9470
11305
124
33601
13304
33231
33512
3930
17471
30873
6235
17142
21772
19566
18263
23776
41843
14914
47351
12627
40409
29928
4297
35789
45138
43281
47916
9191
36086
9346
6193
22059
49810
19504
42774
44687
9873
36906
995
26681
10335
15376
49317
13092
17467
29903
8598
31025
42361
27805
24426
19562
1516
24778
5524
17901
49655
37585
31559
463
19775
11731
24058
10577
4834
17516
48781
8392
22322
23617
33568
35479
10093
7283
13283
29379
18143
41149
13532
13722
29437
13175
33794
4869
5971
26638
26626
28285
45821
36434
30079
11383
32551
47749
17024
7062
13221
19820
6340
41187
24479
44317
22759
41925
259
14002
20887
6307
40222
13888
48343
26196
25131
34827
42851
47012
45614
27956
8420
23111
18110
41084
23607
43847
2978
24941
24528
32195
48183
12062
20941
5360
44123
29747
16105
20105
34819
27306
36793
44739
40833
37942
35124
26112
26129
8569
14224
12635
1044
10456
22692
8725
49500
21053
5341
1621
3255
4046
17021
33274
42405
12302
35568
41968
21909
33776
44472
24591
44706
43983
18943
7996
14203
7121
17111
24564
44449
35404
35519
8366
47157
5886
12896
20782
43706
22979
26643
5668
13913
38042
2581
1226
29344
20021
36593
15571
32923
1177
25421
29851
43403
28851
35325
2211
607
8564
19932
31285
40390
43200
41350
36016
2299
29578
16146
12845
4724
875
28179
9410
277
3724
35101
17723
21132
4408
14486
197
35579
8824
46588
22904
41717
13105
18199
31541
11414
47138
40880
9408
48363
20765
10603
25846
45331
13654
19570
49403
49835
29978
42507
8959
12067
11471
10250
44763
26642
21269
11013
46681
9178
17346
35421
1503
26453
35057
17854
11266
49882
23133
7107
45459
16418
2943
11482
41483
27791
1572
45808
1309
37765
35486
45924
47083
35321
28233
46131
39533
9527
47505
45254
635
44799
47858
5425
3584
8038
9539
43229
48353
16750
14372
37456
43782
43962
4628
22569
41923
49186
46805
25195
33290
12534
17613
36153
12475
27000
48897
24948
14326
6566
21154
11017
26468
45765
20792
35575
24331
2089
13585
10643
21049
19865
40616
29884
6529
927
12256
35781
43148
13309
47117
18222
10554
7276
46069
24695
36691
28289
20251
13530
4298
18537
32765
32908
44358
14885
48758
3256
43142
21305
25684
37687
10153
22140
21576
29579
11030
34201
6471
29831
8256
49532
45529
25093
11095
8632
7165
36432
48340
41458
7195
3634
44530
32153
44347
35450
26071
46157
19225
5946
14679
24132
1588
48688
49775
18283
18957
46136
20314
11949
28276
32072
21118
24662
18422
35923
26395
49489
27378
22975
4637
34971
29236
19943
20144
25982
23019
1890
18686
8501
7390
21152
15504
15963
33802
38787
22517
9203
39363
3009
22903
48670
38206
44674
34722
26203
3868
40668
46648
19672
22096
22522
33685
39483
2813
154
27038
18565
462
6504
45317
38331
18498
7163
2755
17918
3411
39824
31274
32722
3408
13545
46570
3109
22860
18395
24434
33662
14836
21007
41688
49077
2244
38766
41273
46813
8419
37270
12391
42521
3564
5873
2275
3331
12531
23511
45285
10328
12726
41764
24469
47105
15028
1670
27605
20943
35957
25299
8498
22400
8735
6195
47284
18830
26335
26327
39069
6569
13578
20958
38640
23007
43445
42544
30528
19989
42749
31539
46268
31865
7506
21376
45468
43941
20852
26866
9616
45546
11286
11977
39893
23724
26462
5746
40364
14158
39553
41472
40608
44858
31942
48982
17807
11466
48086
43852
2285
25189
42107
40462
30070
20038
22448
39994
37361
7956
22551
49043
15843
7145
355
30276
7877
21300
40050
32512
39491
13807
6636
32964
44083
34963
19493
27128
47970
20611
27850
38948
12737
10936
11409
3185
32352
28426
7538
11327
717
38840
2626
5431
42792
37288
28193
49395
12440
34582
3603
23381
31162
6058
24005
11887
25074
15854
5263
34159
16905
45660
38719
43305
36895
26873
45134
43967
46834
28537
48327
21472
42362
48998
36610
6684
46215
23627
35736
32643
35852
10520
20513
25021
7317
15225
47291
28078
44589
43240
40477
18800
8204
13853
49847
44919
35529
4719
5185
49786
27740
3601
31765
41444
34206
7619
1013
45903
15925
30763
40718
18999
24834
23012
16994
35731
13616
35006
49902
34826
8107
6766
36619
35160
42813
3012
43016
11543
19020
26682
47709
5499
7510
12593
39462
9555
45385
546
12147
12855
14125
14030
45124
190
23788
32979
1566
15278
2953
40838
9247
10889
7475
15573
26844
9478
13635
22689
3382
4610
24533
18675
41493
3176
47046
30890
1859
5345
47548
3013
5756
32661
14039
7518
49252
7462
45022
44765
26663
43067
7505
2971
43065
35872
58
44087
16820
6628
16482
20001
10607
24372
3541
45561
35208
22323
22032
9937
42075
36269
27025
5997
35709
18290
35187
39937
5753
45696
6441
7703
3452
47675
4704
2516
43621
45016
27231
19947
41099
34840
36621
14341
46795
5259
34441
4653
40509
17405
42444
20146
29522
32417
40231
42230
28176
27717
16227
1945
24014
47053
45293
49717
9953
32903
9904
29726
10891
40827
468
39675
821
27186
24783
43009
33695
31148
39540
37884
18611
1089
847
116
5542
42549
48690
31869
13065
6878
5505
17959
44114
12560
8460
19757
8895
22094
42523
35181
8367
6900
38408
25979
44866
14740
3419
29823
14344
36019
36075
33102
31106
37755
14283
19674
42669
24099
18968
44366
47600
31635
34659
49378
25751
37319
18386
9311
17791
28972
24599
46495
38692
40862
1912
29286
19499
28034
26652
37259
27401
28190
46620
11310
35162
40080
41956
12589
12532
47300
30491
48774
37516
21181
15346
25434
4992
18635
6779
41886
25460
1446
13742
40143
47427
36444
45310
41496
16475
5246
15598
25889
6449
33476
18721
47353
18893
16615
28631
34796
30300
15658
48268
21189
44064
22737
1336
16490
33100
7828
48643
21047
19702
3556
2524
17469
35488
25708
26596
11728
44487
5258
21924
17320
117
20839
19531
14905
33627
7146
25214
42386
32898
24093
21676
17588
31478
14166
32968
23160
3377
26458
26782
35446
20952
31231
1797
7815
21720
39593
29683
49515
48488
34653
6955
16937
9037
14201
28
29114
35490
43384
4646
8314
1731
36546
46221
379
40245
4518
30034
32026
25394
23187
27463
1109
12821
10988
2041
8951
38459
5153
44329
48571
15609
525
31126
49021
15650
38548
44148
26636
25461
34389
47774
46638
49333
45771
33974
18477
14512
10858
23599
1821
28151
17809
23893
6196
22707
22670
11528
26824
5224
47433
14811
15333
2463
45564
17982
9194
20793
40788
46025
2282
31452
12719
39697
6962
15818
1323
33678
34907
17684
783
48983
31329
2458
33539
26174
42563
28203
26606
25798
38299
22970
31699
24482
20760
30616
16862
33593
9653
36795
10606
7700
41362
8925
4578
13104
26026
27333
37473
43377
33081
28755
3290
21100
11838
37286
12997
38557
22002
46845
17905
30139
39257
9836
49605
26041
45279
9971
22358
38032
13313
16004
42253
203
31261
18931
8923
37201
45580
43909
22294
16934
3198
1725
32853
4853
15763
26623
47332
12138
43968
38908
47581
2389
34618
48473
16116
15719
33238
22507
28466
21201
3539
324
36759
46705
28796
22205
48988
47714
14837
32703
396
25726
2914
41561
36195
46479
917
18809
47737
8706
26412
48211
28069
31778
41215
9216
13244
7790
20615
32287
28669
4605
20659
23170
13644
5115
43860
27428
8000
37421
26870
36207
8759
32981
25244
27547
28225
29991
31441
15819
40315
28067
49312
42601
4351
1681
20993
22808
14888
17880
44042
45690
10963
22555
15414
12653
38906
8238
32237
42348
11164
9321
43364
35029
2522
24961
24570
22151
31432
36295
24279
23473
14894
30813
26974
30370
15605
33807
6600
9533
13003
42973
44764
38126
45803
8311
22128
26904
48074
29269
30680
6669
12330
215
29947
26400
44803
46804
37115
39510
29602
49223
37460
11201
30421
49492
44065
24754
39500
18514
11311
11192
40885
20004
19919
1230
31425
31074
19248
23625
35086
31667
20731
6112
5253
31582
36751
11432
29976
49254
43808
21553
49637
8945
17196
47964
22106
601
40532
5595
28985
35383
29045
22657
31768
18673
25503
19590
7491
46639
3165
1457
9274
45400
17155
10425
2683
32208
28663
42946
26983
20813
25991
33024
14194
9917
39290
37998
1589
27520
46675
33144
26316
15105
15472
13886
47171
31976
12456
37074
42407
2444
11983
5255
11590
331
28297
20461
2676
44224
40076
13514
12786
32201
1650
33580
39051
33850
38831
20130
39380
15080
42467
21506
561
43991
46491
13760
14915
30670
10506
10405
9513
35634
10592
29780
49222
43267
47972
41334
49551
27836
28184
29367
323
26607
9582
43914
34512
16512
41124
47040
23865
19903
28097
41094
39477
37871
7025
21743
6508
10949
10123
19859
48749
47345
11799
5700
29475
32596
44281
39631
6578
33887
35313
48717
25225
36274
41842
23766
20296
19666
29374
31013
30472
19722
17214
31183
16099
21601
14333
34232
35201
36485
28037
19863
7544
42964
2984
44290
25275
30904
6920
4799
8097
30571
21895
18680
25265
4110
24130
13296
32148
4332
5206
29680
44335
21737
19805
7893
25191
3619
49269
30395
31130
7754
18839
23496
16098
7334
31459
10208
28573
45822
2928
1640
2337
6229
18116
40255
6789
13602
6442
17065
37725
1094
33649
35359
32786
5589
19004
40224
10913
30229
8818
12162
39219
13208
12477
25931
43741
29802
40350
5942
47528
8444
31377
22606
17119
2136
17139
42723
34498
11609
34131
36841
45732
10622
30417
46816
36351
49107
27265
9730
37619
15372
5
19077
37248
2204
39545
3856
11304
26364
29136
9413
33793
14284
36319
30629
12966
44923
8308
35889
7099
16864
19440
1704
35862
45163
23329
20709
18602
34103
34390
2152
21432
1225
329
25271
30121
11465
39563
24857
14128
43214
431
13051
9603
31969
3549
23964
49623
26925
43309
31342
44146
11422
34447
40415
11523
30410
7606
45045
13829
1295
37258
16945
1807
23812
5719
20569
42663
48500
38027
31093
28287
16725
5321
18525
31044
32032
33584
38649
39473
38292
30078
43896
30658
19774
19343
8593
35031
25229
4083
6216
47381
42692
15918
2031
27521
19728
44222
8783
21334
2223
15495
23606
37766
24435
37247
7951
16489
22127
27608
3640
39940
7282
36731
38738
43558
10675
44100
37798
25746
924
46332
23541
16067
49654
33856
13042
36198
40913
38980
33456
39871
32053
8394
27017
36525
1662
24361
27705
7034
8711
32448
28248
21091
7199
40785
35429
28216
16673
40786
30660
44930
887
41657
20984
10054
26049
22074
43072
32666
47303
21647
41470
43684
3339
35327
818
33244
29824
49187
9732
16318
38897
6867
22512
7631
42882
8471
43162
44818
18012
10156
3638
26838
20404
19192
18327
48054
5167
34506
1326
18030
6850
19312
42160
38977
13699
17715
2876
42360
46896
12849
41356
48496
644
30406
30046
44140
37669
31448
46628
41452
33921
2968
47948
44658
42756
14592
18209
38881
15608
5487
41178
42366
29732
10277
6618
9629
531
10497
49677
48018
1381
3501
41008
6030
42410
25944
35229
19207
19497
33220
24384
5015
41103
3859
321
17373
4945
37499
18001
23945
29278
33771
16687
10994
41430
40349
2479
12923
34911
49279
39440
33432
37822
28249
45469
24749
35375
15131
49807
49990
6495
14947
16778
42094
31326
27503
25958
24448
35695
23515
37741
30581
17463
27451
43496
34569
24252
37873
47462
11892
43419
11171
9536
5439
48360
12683
43959
27993
47644
46559
21494
12773
31259
44475
25038
11419
33718
49216
24684
38436
24274
47055
10325
41416
7628
7311
27741
24929
25276
4369
44162
40878
46371
34813
11583
4317
46940
48337
41990
42752
24890
17863
9276
35637
9298
36792
35755
22347
45835
17348
9890
8044
22644
14392
11227
4038
16812
11863
8982
13501
11323
36042
768
46035
34515
29382
45668
48026
42335
21989
13291
34444
22036
11875
32209
39488
27266
47872
32995
3140
47808
14935
23512
34579
16471
1328
47412
22999
37441
48330
48262
3671
32159
18708
44069
3458
31712
35576
26079
24611
34716
24939
35688
40158
23820
2993
40747
18944
44089
29395
12392
398
13205
37799
18700
45052
30777
38050
17995
19428
39306
23564
19507
38043
35407
29324
18450
33923
34278
37698
4307
9706
20835
19980
48464
8370
621
14517
33914
19547
36064
12212
5817
42383
34947
36166
46594
39680
29638
10663
27580
11447
13450
47648
14119
39237
40699
30448
30659
4447
23001
17634
10268
5899
21531
12716
20672
41748
25817
49769
47579
37496
34429
25322
13572
49976
28298
37317
41994
22567
42297
7765
22053
43434
47397
16532
19338
30128
19335
33051
12258
9734
32597
21716
3023
48393
46581
15529
26826
45618
28736
35222
10529
49925
14565
39038
25897
41689
10009
14944
22674
1286
28399
30558
29117
48562
47837
30749
41871
11702
1777
49034
40096
36581
31466
738
3529
25831
19096
41715
26293
43617
8996
46174
45366
15909
10650
1258
11661
27587
21630
9676
17203
2023
43118
20498
49993
42286
19851
14142
8757
42930
46880
43115
14407
15068
12219
47681
21420
44933
49328
6310
24525
18854
2992
31963
4562
31150
42092
15974
11690
21346
17232
46049
42071
32380
4690
33747
37020
31957
22192
11740
6946
26169
2809
14555
40939
29614
10897
35851
49113
33262
3538
16314
2733
38904
32863
45998
3977
23259
36118
8332
14756
15229
19724
42665
41853
21324
8294
32769
7593
46627
33403
46389
37486
4574
22575
47539
14545
17390
33283
32018
34105
39805
38229
18720
100
8496
22068
29099
27164
39660
21776
42432
10035
13548
33787
24210
37492
10388
29408
43396
23891
49802
6498
28927
28548
17706
39502
33665
2642
507
23112
24616
6475
12776
22839
12151
2756
6690
48162
1049
34809
49876
1234
35560
14774
49556
41216
17671
25201
6335
6359
45166
38794
7743
36665
20686
15761
49883
14312
30132
30697
9767
21951
3544
40693
43491
14362
6689
40488
8257
25281
43733
2588
18237
5031
14440
6512
19329
11746
4316
2171
34123
3581
13031
43350
4466
38008
28575
36285
35056
29941
15011
38356
42876
1901
20456
2209
40725
5220
15044
29571
22838
18705
41952
19632
17541
48083
31640
38099
34172
38938
18357
34121
5394
42759
20925
25786
4197
38561
771
11697
43110
5104
47398
25713
29355
40812
14453
6729
14922
9405
43683
2917
21857
14968
39784
7589
28457
21014
3744
16882
34271
7477
12798
10112
2470
43017
16496
43632
39429
10466
36857
41184
44193
37387
1245
33964
47966
23790
4762
29663
11909
25481
16906
18275
45731
30640
13732
5908
46337
30817
24446
18458
8666
19653
667
27376
6591
38481
4509
29313
32877
37661
29662
13113
17910
33316
18069
48044
28718
13029
40452
30968
5924
8886
11994
41512
15657
22315
17873
8676
4263
33073
8952
10118
36780
27414
1822
8844
8534
41448
43537
13961
21045
30178
22113
38807
31290
5571
38118
16265
15881
30435
4763
39385
20283
39067
49177
25149
4025
19885
36051
25414
7033
26958
60
33917
38939
39153
19062
35821
1024
18342
45831
39789
13459
24669
47176
28392
40421
23975
14987
5808
1688
6260
20570
13307
13355
10306
29527
23128
19597
34013
28628
23762
27755
47182
27988
35769
39333
3779
7249
38932
24604
30736
30427
1364
6033
3135
39336
32959
20842
9486
33857
21418
11568
30900
2684
36113
22381
13612
7959
8786
41175
15052
23730
12042
4730
30560
39738
34964
22693
33022
38115
21146
40646
35426
19138
29818
8291
45569
33646
16483
20651
20962
20558
35344
17646
41336
32878
15484
3742
42276
3532
26697
25480
19049
44210
18812
31755
27939
21262
31220
33096
31161
42575
35653
6873
32150
15374
46633
33849
24499
16885
8955
26342
16690
4477
25862
28532
16469
18329
32189
17950
38007
45572
40243
20682
23405
4973
11565
49653
20856
44553
21604
21108
20200
24913
5941
46080
34106
20876
30572
31876
37796
25501
33903
8049
33499
1300
38381
40896
14099
33961
44513
21026
4165
41412
13332
19556
11119
11719
18436
1927
9875
16626
42610
16254
230
43837
18739
6095
4545
19992
14465
30198
8869
28750
25546
42775
8024
4281
1614
1239
34514
19697
5047
16740
30089
38806
49927
22370
37590
17603
41163
34246
20754
8036
42256
4622
2768
14941
31830
31132
13859
25270
37445
30895
24141
1899
33006
24242
16448
34976
41694
17752
38868
11941
35193
32870
13162
19368
622
43540
15247
34210
7966
24764
28330
9772
15696
23758
13231
29575
20050
37136
9665
39347
36651
43018
25632
45149
44058
27311
48732
33202
6109
28520
22748
1730
26040
38351
34286
8603
15009
35549
4659
19808
45868
5821
1524
37689
47285
35235
22760
24690
34891
32105
5977
48577
21890
43809
22062
48135
41508
18384
35142
11907
43139
38084
10343
15228
188
8551
46029
28182
44982
330
22586
35596
47895
43672
21311
41992
5766
43797
28824
43607
31011
44213
27860
27335
40361
42968
42358
47591
48453
16247
36264
7928
4074
31641
17799
46869
38573
27947
12349
14521
40752
13983
11573
42000
33762
45551
11122
4894
42623
19772
43749
42102
27684
29783
1583
16649
44151
15004
46907
868
8699
42165
31186
46441
21603
27690
44497
41890
12266
5035
48837
5295
3679
43582
8312
19008
10621
13761
13254
8584
36316
25519
26021
21864
48161
49871
4727
48331
25643
23406
9537
9610
7935
15216
20638
29866
34031
25064
22826
14416
33412
49526
11709
11580
17640
19268
15452
14909
44452
10179
42288
45229
9575
38809
17704
30544
18790
10059
42758
17749
45838
19298
42905
41979
46660
21881
9843
5384
18549
18630
18062
49530
21665
22000
27507
29259
443
2411
19669
2776
25199
49439
8981
42238
19262
7655
48117
31683
26428
42514
32100
6797
4357
37563
27362
41232
20095
15612
36221
46784
1886
17897
8763
19129
30119
9361
18818
29079
10690
28024
19684
17645
13410
10868
15603
7776
25821
1102
32075
37844
9858
25432
42010
16106
24075
9649
10527
35928
27178
29629
24430
8310
35550
31440
19284
17736
41872
36412
29411
28118
22394
9333
24310
1682
32934
18756
7290
21194
15570
40209
47610
46455
19475
8303
22415
12252
25237
47294
11535
7792
47220
12629
31125
7706
4481
40632
44898
31288
37380
20602
35972
29640
28149
24386
11939
44470
46335
32494
4635
35253
32630
41568
35489
619
21114
27150
5874
23080
41959
8200
7498
18213
34000
48622
26547
8828
49712
19904
20859
34536
37000
9081
38869
4479
13737
24110
31043
6190
3134
3797
24829
11379
16441
32806
44184
39475
38347
11134
24756
35415
41048
7918
28752
41041
3495
5062
30308
9136
14132
35585
40819
5917
11986
20254
16538
28847
30456
42590
49030
47393
32758
19092
41752
10239
31433
16701
15223
29386
22678
48723
25808
20178
18612
33925
47708
37600
22241
47490
14879
40617
13977
16999
22953
41377
10055
15242
46263
12213
31893
8429
18567
35626
8630
48502
33894
38287
11307
19419
33524
27569
1590
49895
47906
46022
28831
18667
18426
18762
33732
43762
4172
3790
40907
6915
31629
4912
22149
32404
33122
10867
23396
9619
42860
29589
34350
8372
4141
17256
8732
47327
8800
8047
11388
46490
111
8739
38106
3241
35939
47302
3873
11101
13813
36642
16137
17500
47343
43972
21926
15611
44816
49680
29986
38624
41528
46994
20089
44926
41112
10778
44481
37036
34805
41342
38979
6256
26562
20560
23787
4453
8318
11370
4665
45927
1772
39941
48228
48050
35689
21196
26934
8937
11339
44792
8190
30724
15810
12201
25945
24639
13331
7958
8811
22377
35837
33879
336
12996
44753
36246
19703
43010
38773
14120
32962
35502
24904
29213
2615
38667
34741
39130
26414
26081
24887
33217
30324
47957
36188
14269
17343
39049
17632
3156
20712
46774
46682
4085
33312
46786
32340
7060
15396
13503
42009
40711
11989
198
28247
39239
17911
18236
41201
6660
3463
37877
45239
12044
39113
16628
1551
26641
32504
11309
19131
17477
10848
32610
23341
15989
16834
14838
22463
14141
44678
3106
17519
22668
32566
40560
13779
28140
11862
21239
31528
1441
29658
36276
28650
16948
13204
36267
22359
49664
47043
37714
20223
11942
39340
14170
12465
3899
5260
12917
10956
23623
26651
45268
13500
34
28843
23771
48134
37410
2474
19132
33066
34168
10057
43338
14813
41939
5737
10474
27277
28701
6502
37334
21914
1078
34222
20197
46343
27607
20496
47352
36976
16462
36993
42879
25444
11825
24322
39735
8921
48794
35095
31456
30990
25675
26441
46783
42848
30206
38822
39036
40178
48729
4791
9315
1468
7159
33491
15306
17647
18501
13194
49922
37525
647
25978
3438
28695
4464
29469
9492
20478
35249
7111
10345
11172
4919
34369
7509
42783
9968
34193
42016
32634
42322
6451
22667
44326
1105
33164
1860
45983
32547
37995
12211
10255
32633
7947
16966
41969
22031
23045
42828
33192
6275
29
31359
10786
17090
3663
35001
7224
38429
44789
18049
20609
18926
42624
23669
18111
45267
19053
24772
25974
12859
22682
4245
28836
43721
47863
20333
4994
35983
26452
17925
45181
17271
13510
30454
29358
15209
29359
49071
27991
43701
18390
3962
43253
13884
28087
17909
15853
29148
22968
21561
26722
19158
34094
75
42265
12172
18081
45116
4658
48291
10530
49727
44805
6814
45118
17943
26048
21276
7816
5959
38596
7642
10010
23735
4674
6614
16184
35948
43388
2345
45884
14629
22890
9156
4098
8214
33203
7650
15563
9154
12936
31238
43898
25954
23395
34632
6290
22523
36928
79
13477
12655
17327
34249
11652
5954
31254
7985
39410
44053
26488
42996
44567
3863
49915
43844
19316
1778
20877
1721
31413
10355
44294
11540
45301
9364
47369
29141
39895
22913
49574
2890
3325
44431
37181
23805
25175
41295
44985
20904
23854
5631
3150
17698
39396
35092
39064
42657
47550
41140
5353
9954
22480
40847
15071
28830
27915
38516
35290
6137
16372
16640
30957
36787
24579
45437
47197
16273
38197
26742
27251
22160
41281
6716
1478
44143
16734
25492
7225
48677
12812
26842
4439
32919
30803
8927
12581
3954
6162
35645
35212
24057
23818
46003
31473
19101
40892
1156
29152
1452
12142
125
4089
36999
36492
4037
43531
17533
16275
11054
38238
3316
27586
41781
2796
33442
20349
21267
49367
12502
47732
25545
44652
25788
6954
33854
3168
33950
27765
43386
38478
47224
47853
24051
28880
577
8377
24880
44995
49456
25567
6337
48669
1288
13202
42463
20040
48395
28726
45472
415
36484
35900
30231
5882
10455
41799
35117
45240
19200
40803
22444
44153
25820
19779
37752
8226
15439
49290
4402
31006
19314
7444
24972
40721
14860
16299
48294
30677
14566
21851
24577
45843
47260
44874
5262
8400
36660
35042
45747
44433
42123
13451
37760
3476
6692
41540
2130
28710
21861
49256
19332
13212
1876
13627
37665
45601
22356
32585
37794
22546
6907
47580
47287
44977
26731
27482
1595
38572
24843
38683
35477
41340
30586
45423
7618
13492
40535
16702
47698
43368
45933
42342
41533
14470
37187
6856
36783
12582
41110
41022
18794
36891
41000
17131
11299
40966
20532
161
43538
25869
7747
2056
16228
12221
11430
18419
46073
34310
8432
33641
24219
39207
29761
29904
22955
30910
44200
16826
11667
20533
32261
1363
29753
39244
38601
28507
45558
22061
39854
41278
33652
48653
26980
47509
13488
344
42413
6445
46552
7127
16192
12271
34870
49288
48109
3460
47443
3804
46234
24144
20990
33044
10339
37895
31423
39685
10065
3684
33481
4897
24011
42634
39614
40321
29586
14221
4339
48612
44881
31672
18028
18578
38178
2572
48400
7568
12079
40468
41092
10089
14287
980
45089
41881
26027
28565
22590
29327
25228
44632
25407
13161
29496
3781
18662
42172
16990
2586
40837
48009
24846
30418
47018
35317
15138
16604
8613
36812
22070
2833
681
32171
7849
46285
40304
39804
33276
18308
47547
418
49134
609
14161
26424
42117
7189
23308
28030
33297
8369
13941
5124
6494
29292
28720
5056
33902
1154
33534
14278
7082
2419
439
45403
31982
31705
17306
31003
20072
38714
42639
1042
36920
26482
23900
32215
41276
14846
33234
20892
22957
11497
1138
6003
25042
23772
17668
30510
25504
46392
44262
15518
28500
49578
6194
11218
37006
7204
28776
44794
8415
42040
21591
12658
541
19478
4156
14010
36851
3879
11827
20482
16878
1311
42411
38632
22084
47905
4771
44302
23691
40264
33008
37069
11618
21005
48181
38492
4488
19549
36415
7061
32250
45857
23195
12882
36882
27534
48921
14646
37931
11313
15619
29819
13544
48214
12755
23703
39953
12922
32784
38627
12403
37842
41732
17678
5242
1077
43013
49952
46902
34602
45988
769
4848
18295
38811
35167
49715
27798
12599
19061
25650
38273
43277
2920
26749
48001
11538
30488
33430
18243
47258
1978
16517
4372
30665
14260
28582
49210
17166
6410
12511
11965
21542
40449
1498
12284
37230
5030
15182
44088
18649
24160
7485
5193
20524
1657
12418
49643
23262
33557
960
43772
18535
17544
30753
42935
2555
26205
30855
39730
475
35817
12887
46435
40136
41995
29801
9534
45015
31187
14816
7693
45035
39143
36819
44542
42476
49548
40199
27112
27546
11062
43985
29561
16150
1561
25307
1806
13703
10953
8610
29362
33826
13887
19114
29189
36114
40902
33942
13156
18391
11504
11248
33625
34703
4809
1483
39296
25525
17297
1649
12198
19449
34384
46450
41030
36887
5005
23369
46904
34752
44899
27809
7453
29364
22746
30299
22845
27037
4582
45062
21589
36923
10312
38797
14343
8349
10051
55
33712
37937
28957
41515
48116
27978
10323
32558
6146
6571
38903
25043
13966
29710
5038
27506
24947
27777
18760
31070
30343
24946
37829
47279
37236
8028
22588
40156
41197
15433
24245
42989
7532
24698
25190
6691
26117
38856
12521
11869
3490
4236
27973
2829
45790
26587
10834
5367
9395
33818
9148
38022
9965
25193
41639
30815
30286
36973
24223
44027
3486
31073
48494
49735
39183
32810
6746
4629
31617
19090
39864
39740
7128
18223
11423
1794
31384
44650
13661
32224
1999
35120
45349
40406
32085
19296
30315
32864
24019
11185
39585
21847
26283
49941
2623
36163
656
41556
31912
33567
19115
13875
25964
3143
22275
26640
36088
45526
35278
34158
9496
8873
23904
48663
36749
45557
27757
29916
49263
40496
36154
28614
34952
41194
35609
37151
910
276
14773
13565
7408
49553
24486
36510
33349
23273
19362
4832
24535
49607
48314
47827
4424
30702
46983
44544
17291
22994
13669
45570
16344
9742
30484
46589
271
20915
25079
27464
44339
28802
26736
27565
34652
41427
12680
37251
10232
26072
2318
26810
42038
8425
27034
31507
18402
27828
2434
29674
3751
26357
5145
4689
36550
28007
38210
10091
39646
18981
18735
17270
15232
289
8197
27573
18795
5639
35569
22625
20573
9126
6323
46549
4120
30672
33708
26584
12816
37370
31395
9163
1512
11549
1289
49787
39672
21130
25916
49158
24619
46442
17099
44605
30412
25245
20474
19435
24061
15260
2663
24671
48770
5904
9796
34064
38350
16251
41408
34521
18070
31952
24366
7910
42105
2453
464
13417
45834
43093
816
8381
30818
3102
47010
6404
16746
25154
22908
37688
16556
22548
45000
31572
22571
27001
16360
13472
45083
12783
15507
1039
43284
42011
46048
13734
36357
348
16505
40653
29981
36012
16419
4633
9882
14692
44443
18039
10854
6061
36185
19484
45495
40177
16290
16784
15264
12614
6076
1070
14790
9985
3484
14464
41137
40495
15885
39403
5975
18440
29321
35073
30577
28676
35100
46701
9106
22417
20300
8357
42068
8977
8307
19198
33704
14769
41892
24908
11548
26899
11294
43185
3599
5292
40652
39366
6641
46961
2329
14209
3431
2307
41459
36366
25660
21448
15689
32000
32857
15813
39166
30393
21510
40502
11472
8856
48302
7458
28670
21190
46556
7024
31121
40638
25502
17520
22623
25915
170
26752
32447
31273
23181
16264
41530
32035
34090
49069
7786
41429
49759
47201
5358
6556
44344
20766
44918
5546
22324
2550
36354
48218
36097
5322
26951
12971
45365
20502
30188
31505
42779
47170
33261
22273
5970
44597
35425
37313
25364
43443
44981
23454
38783
3380
30039
4866
41773
42911
12520
17293
80
28714
33423
33863
14669
43423
22790
31255
39627
3669
14946
11841
17618
5386
19389
26927
43529
41160
15300
402
34166
12642
40289
48680
1422
29735
20409
38415
4968
19261
3567
14458
725
5216
45848
4546
42963
15140
44278
7234
30086
24044
39120
36886
42880
11126
6084
17889
5620
34721
49513
4131
26262
47896
40500
29369
31909
44044
3435
9754
1771
6807
41648
10420
48253
39547
24839
28848
2912
32290
1699
8403
39987
18645
48957
1181
37540
32296
40726
15519
30138
11389
37803
2358
36513
6624
30914
48583
39777
24346
33478
23492
23179
14092
4569
10907
22023
35200
29186
9966
17061
47694
32061
8189
46151
40779
42897
5441
175
13908
22753
10977
24531
32550
29338
27979
8889
20556
32752
25614
13854
6361
2996
23237
44074
48407
17458
35063
37406
20646
376
22872
42846
6489
10481
15142
41706
48445
8328
27328
35307
36384
9945
27785
23880
38265
19931
42597
17158
3760
20773
40358
24485
2659
3844
39874
21365
27735
7294
48333
31102
1428
44132
6663
45072
37048
22112
9830
48693
3854
10945
45187
32474
30464
45517
31767
2107
22645
22607
43408
22143
2576
6685
26526
26700
32648
30429
13745
13182
7112
2964
34860
47733
31586
16453
15468
34553
47485
5311
25243
42559
39945
22223
6543
41798
15127
49153
43625
22733
44800
43315
3025
48885
7899
21735
33373
8412
22222
3664
6407
24387
21226
31024
18313
16601
41335
37944
20343
11972
180
13684
38543
9951
42740
41489
38954
32403
18367
10115
11792
1686
3783
2198
32739
11796
49098
14358
36518
41821
1898
44868
35500
34883
18063
14937
31899
35013
2779
6671
5986
43803
29541
31219
15798
39160
38066
40011
8637
49724
10540
42505
1504
43330
29899
49812
19347
49894
9535
32636
21385
28707
22804
49596
12185
2610
34062
7020
28454
46207
27267
40460
45735
36889
10780
10436
40866
27661
3573
12220
8625
23489
46476
46349
27591
18604
22148
11434
25913
17409
45520
26673
14864
14380
25736
15913
8592
4556
22949
27469
32271
12509
45305
20070
36866
15339
33962
34227
23471
5973
49599
2218
8325
27937
10532
32400
49907
6888
39437
11544
14449
36416
20722
35322
34276
12437
39847
47469
32657
15443
565
19191
38242
19536
12480
11984
31061
41102
14363
29650
11755
49231
27110
28306
4585
28143
40316
37160
8293
32601
7772
19950
19879
39544
28191
27299
18947
26137
45681
32402
40818
43263
22769
26011
2977
47330
9584
19797
20109
11090
2301
24959
5174
36419
17175
33523
12015
28464
26353
45066
36450
29300
11519
29729
34155
32253
3312
20057
31645
7829
48276
37967
5517
28735
24321
14557
27529
48890
5548
24714
22718
33527
5330
33823
37960
14538
28255
45773
40401
2443
44912
45984
27098
39241
25412
39842
13539
28353
34824
29869
34669
21663
15621
23392
47645
30673
36292
47000
18728
30232
35853
12596
43979
46266
18167
20380
38220
47212
23147
32796
42795
37234
40297
21159
39512
48674
40058
38963
31242
10561
38920
41870
27089
36875
21271
32468
38510
42216
9871
29849
27354
35905
3829
9009
22621
28359
17307
47775
1810
41791
11950
11858
42811
32671
14026
8821
48005
11075
32357
9698
1263
41806
31401
42152
12360
28213
15961
45862
9862
16935
24726
16370
38139
9679
6353
32117
17602
31741
34359
32356
9952
29081
36830
44261
41953
21899
47803
5929
48172
45245
232
34345
44420
20117
21536
36161
3056
11553
14733
9224
29600
891
44891
28994
23996
4681
40900
45280
610
38232
23342
43494
29438
34451
39668
19988
31096
46133
10191
23365
13576
3871
11180
25894
24936
26097
7258
23324
25205
47702
33596
221
45460
39111
27731
16565
2147
40195
27502
18712
38458
27804
47831
17538
1799
17088
34063
11896
3301
14052
23721
1357
5609
49886
19317
15349
166
16341
49546
7329
21077
21745
46883
34395
12210
3900
36170
20432
16125
35047
19587
12169
18058
46032
36244
44822
14014
12764
1991
23952
47491
21204
34154
27284
45176
25171
17251
5254
49181
37169
14913
28136
40193
14198
33801
15277
12228
43973
878
36559
42319
34565
41462
4184
39202
31116
28204
14276
47417
21512
11493
11071
12826
22611
22063
5489
9125
32081
1680
6085
13542
23523
12942
20431
15562
757
34059
10193
46058
20028
27040
20132
11584
2936
22349
13869
15176
30941
10819
35871
3971
33171
36883
46558
26576
25686
2865
17789
5693
6762
22107
34045
25880
19665
39983
35457
32595
48465
20605
47701
40564
14776
3097
31756
31919
40995
18716
45001
38175
7262
12183
26858
1244
45871
34527
14115
31764
42304
38044
12123
20336
14956
36962
28868
12032
25976
10120
26743
2484
31076
40992
14252
8269
34655
24855
16019
40577
49400
30142
17003
36101
34219
42796
16897
33301
22229
15887
46173
28550
5900
25608
2633
43058
10096
15830
26435
13595
43835
34869
19136
19417
29082
12950
19768
11955
33978
5117
25311
37276
27046
45852
29750
8397
28471
36505
25630
29532
19826
33454
30378
19503
14988
8112
26808
11794
37762
4106
33896
30027
46471
47162
19299
28053
36900
45913
29178
44749
40614
10338
49760
37782
28033
38997
17648
38705
12292
10611
25419
33992
1669
32567
16580
49293
44273
155
43234
47313
7419
19043
1637
35233
10267
18610
2481
3973
20386
20944
24607
14083
46093
882
49203
21634
32970
23516
20505
16163
25044
38685
33546
48350
5154
2631
23030
32102
20673
37716
10652
5108
46125
9718
8438
6875
32008
6333
9325
32620
3402
13534
15141
19962
7519
39313
5039
7394
16135
34348
34226
1010
11561
6230
28121
6654
20385
19271
18448
5840
39467
10444
39528
36216
23494
8205
24122
48786
38056
42397
26685
26809
29423
9531
23794
31205
9204
49169
17363
14037
25422
34739
43502
34875
18513
11674
41330
1474
15922
38154
11400
12257
15946
30380
31343
11659
33294
7029
16366
13186
23933
21216
25591
26433
22513
49215
8953
18674
25479
4336
27838
45987
32787
10959
34746
17523
34375
14925
24871
28788
11664
47092
34621
37608
15705
44976
39199
47142
25052
22317
19887
43929
31720
3651
16818
9970
16674
20953
32849
34510
26243
32841
14316
42695
48057
38753
30256
35068
31882
49509
19236
23138
7162
25892
34097
22982
18890
31631
36313
11779
48637
15758
35770
41808
9398
28346
40461
16174
4293
9057
43334
24327
49562
8867
11559
48203
47340
41306
27514
48220
25806
35449
49933
13804
24767
41432
39259
9579
14434
35380
36747
20905
27243
10753
686
6892
12921
25361
41823
626
13378
4047
12722
32485
7487
27620
6450
13154
20882
47141
33406
23350
19852
30028
31663
37382
48205
10101
29027
638
24542
48599
12305
2758
17849
7679
45535
8348
36399
20593
1703
30531
9648
34190
9109
11681
45494
10241
11846
46284
11340
35234
29012
49120
23282
6306
44284
28199
41569
25749
13143
33397
38255
42522
5797
33472
30594
32690
3571
30080
17543
27964
5545
178
28094
28652
26497
2834
2740
14506
41557
38480
31193
20954
18286
14370
38871
9598
34230
30711
4442
45376
39985
29033
35797
46876
26647
47150
30912
30020
31113
27663
37480
37552
25975
44578
42305
3177
11216
40093
7330
88
33939
30090
13138
12022
18160
35563
29218
580
31495
18277
36249
42309
47611
8081
26957
1123
35303
33702
36372
27476
48406
37403
34609
43205
22893
17192
28885
33120
6695
33273
29808
18775
13748
27359
17077
6468
26740
37368
39815
11723
23861
35242
43536
26882
40305
36870
47515
25404
37298
36491
29968
34101
3704
35364
27313
14046
25009
16749
13165
589
49214
48675
26930
19515
41856
38034
11162
19694
31752
41153
1124
48901
15120
22525
6608
24053
44115
45236
22884
6868
47045
16486
38359
30192
26016
32654
46375
22058
17442
17732
8119
18606
20881
22089
22080
36864
49940
38016
28108
38969
5818
38709
34800
11500
26618
20908
48623
47973
32921
15092
8651
4365
41854
7467
29805
30953
11742
45820
29795
17330
32756
7688
47713
16721
9171
14552
40458
15940
4392
20359
10331
3839
24809
9375
8322
23463
27736
46817
28312
44316
4104
30963
39924
35468
33087
27874
34516
37611
9499
33782
26368
8172
18709
48045
34269
3083
11818
13840
1971
28315
18265
47282
27056
27062
28051
36031
45086
26971
23715
45510
41724
22630
1665
8943
40216
8784
18007
46362
22891
39634
27713
26249
22019
17800
5100
4761
36609
25881
17464
24118
12314
39387
4157
2962
4716
17874
24848
48811
13128
43038
702
99
25222
5703
18835
13069
23813
10833
9451
21378
21473
20847
10695
44602
19699
33760
17118
1416
14970
5158
49188
38256
22631
30260
22010
24023
3820
41674
43658
26755
8880
7201
36630
2596
34980
26266
23183
17301
25937
16528
39876
326
43474
48990
39284
20005
48206
21750
45503
14673
35701
32125
24362
34400
21590
9083
43901
5414
4961
49352
11811
27917
27436
32482
45159
41720
45282
26361
41671
14770
37976
4626
25329
1485
19601
33119
14176
16843
6737
36413
47541
45974
14116
8421
37320
40397
29523
16904
6461
16839
3303
10937
27360
211
17394
7192
33401
48455
42975
19330
32440
12002
23819
12570
38020
49165
28200
45603
13471
21771
15729
35987
17575
27247
10359
17865
15450
41958
22506
25129
6000
26017
33160
8720
22537
38636
38779
14967
26056
21822
10433
47638
8102
5807
7991
38563
10418
18204
41845
40875
31107
11706
43090
388
26472
1183
30550
38507
7157
19958
35838
37378
15169
11503
14244
10218
20164
32086
12628
43473
11234
31522
30775
27458
12059
28111
6370
3852
16940
21313
28327
17153
47998
6099
38812
40412
42918
35043
49693
40764
41318
39831
37702
49630
12806
38562
4126
48655
44622
46608
1720
46265
20981
43375
21199
40485
24540
29526
23757
27517
28495
35859
42845
13277
29511
39546
15971
43092
25628
39972
11035
31251
7212
21753
49805
1016
16111
19773
29493
42545
34938
44130
47107
38630
16392
37548
36818
35782
42556
17654
15417
3061
7218
795
31154
37646
28429
12037
23829
43671
44654
28044
15959
14638
21872
15165
34646
38052
49936
16258
7039
12010
12771
34406
24226
44939
17498
2013
47819
101
1216
22912
11793
40043
7745
47832
13229
42887
37418
732
44018
43581
1401
35164
46454
19767
47836
13890
12045
47140
24503
34326
41624
31990
47885
38880
6730
2940
20464
25568
15399
627
48382
2802
41203
11787
49354
48027
17486
45915
7889
6511
29730
11780
46010
46772
38365
49126
6863
25301
46275
48975
20102
5413
42573
42104
13805
26476
242
23569
11626
35635
9595
44680
44653
18029
26625
21170
49025
31993
22141
28144
33281
10478
5992
12696
45948
433
1623
3998
27975
27065
48458
26491
27954
40598
41440
45975
16786
37084
30770
13628
47234
10020
25114
16216
32407
36907
37508
20976
8407
8196
49559
32553
9330
16493
18335
32415
23504
3161
46917
43420
22386
47915
1254
24131
7806
43639
37990
9138
4386
42341
2374
7522
18355
22083
4018
37577
21161
9918
49145
28267
26350
40840
42179
43971
39984
15744
28468
40249
36487
710
12832
33189
32077
16595
741
13258
11616
28918
46457
45664
14421
45418
34383
33579
16250
37219
9983
29756
10016
22420
15522
43117
24263
17924
48509
7586
46311
11557
1392
9669
16445
29030
18381
41188
25989
27822
15866
34111
12270
41486
21577
20696
41323
782
48603
41822
38041
9997
40568
5634
43182
34488
9404
2099
6876
30686
42651
26077
44951
42682
38693
16032
28773
30740
32972
28032
35172
7456
45842
26004
6305
4118
22260
19912
16433
46625
22020
2254
2762
7817
16122
3360
1269
6500
28967
5781
2897
42705
10385
27926
4320
47977
34470
15003
6325
49739
12451
43194
39673
17496
22051
972
9814
35882
30314
25469
25928
39406
16612
35024
7722
43545
33821
10459
18023
16654
29096
40537
10252
8274
48282
40221
47178
26766
31998
34894
36477
26443
45745
22124
12384
40473
28969
39027
24056
21766
5812
20046
291
20154
32350
43227
11577
5097
30162
15100
43294
20270
1676
15288
24977
41885
48095
46553
38267
20234
36704
20437
36946
36060
41331
48821
15656
5717
23481
16210
9219
6891
37654
41438
3792
10545
7421
3975
36102
39885
42642
7177
16363
46695
4122
3772
16092
44538
38765
19124
33235
15872
44252
21790
25729
6941
33446
16334
39998
7459
13751
41598
14035
6630
42095
16644
9329
13223
13698
48710
43245
40843
4764
34595
9000
47098
19986
43931
6432
10516
45023
42433
8150
1961
24442
32333
46128
39555
20794
46504
34334
33765
21507
45213
40039
37556
45332
14467
18875
44310
38531
36183
10583
6439
22306
17022
40160
46229
17482
7445
13954
28231
31757
32599
41426
2293
9548
20504
18014
46693
25672
4335
4760
35170
22943
1127
21238
14185
36272
33193
36460
26666
40716
36868
19339
28155
26030
1601
39709
31646
6666
34904
43342
17121
23729
9265
49983
49101
5280
19075
34504
32330
22832
14917
28572
17051
13728
37712
23709
31418
15382
40681
12476
5586
39277
42803
27628
5421
38694
32001
18424
22812
27617
25264
38936
35080
33721
22635
2506
29518
49999
23064
38721
7027
39346
15815
41614
18121
26158
7759
9070
41504
17922
12527
5428
27423
5562
36955
40395
3475
6704
44325
28922
28782
43102
34801
21741
13312
29202
18250
39552
4232
12673
16024
5638
41366
42042
33457
32083
27144
10835
17760
6348
48356
7761
17296
25482
30166
29693
12857
23352
2549
38074
24865
46759
18508
27071
37275
15160
47180
8374
15032
14295
40775
5278
30774
21055
46167
45074
17887
33657
36119
49453
33770
29592
14660
10821
41949
25619
12369
31598
4589
36938
30723
31703
30477
28262
45479
46040
24296
48565
19518
46810
29861
7008
17559
6397
32326
48146
39587
47231
16665
32311
29973
36986
7493
26221
6045
17017
36411
9263
46044
34969
49750
40583
19069
40317
37562
12447
1568
48819
22695
47174
1246
28004
11374
17292
29547
39315
45534
43932
48698
8166
41619
17190
47971
40122
861
35582
48544
8677
4929
39066
15575
13021
44835
34681
24693
20192
36488
32629
26382
21958
34399
31815
26893
19085
5961
43478
31949
23135
45312
11603
26770
7750
36724
31173
47144
45770
19064
27115
6890
5293
46257
48022
19455
40887
14208
13037
25824
19163
25623
33359
16625
33957
10996
44276
29798
2991
45316
26910
23180
13467
34848
15653
22894
21702
21685
41503
25625
15806
12026
47855
29936
44920
23121
3352
4410
46787
29049
28754
2288
26465
24615
29200
9099
10948
32502
12040
25934
11619
5092
21879
12988
46291
10282
37956
29154
11928
34140
43583
32484
39855
19038
9132
27821
16185
31483
25304
39060
24877
46642
11459
19328
38867
20469
18248
30949
13114
48657
42198
16854
199
10144
3019
33819
25988
26010
45133
6721
19846
4347
21223
34630
11973
10171
4528
3864
16915
44205
24660
5257
27814
28432
20064
3754
5486
14856
43389
22221
1532
23485
12413
7423
36967
15751
29757
47272
18838
49428
3390
17263
47167
46975
11700
4833
1627
1086
4112
8177
36985
47275
38670
22180
20131
17391
7659
7427
16225
24190
28300
44090
18898
41165
43297
42585
34626
37109
40381
7161
41932
12354
41004
44301
9816
2730
3627
48825
13134
25639
46945
43019
46847
16130
5664
2932
31115
6160
26474
49726
27218
35925
34719
41139
43868
28246
30157
1003
43995
16871
28238
49251
39647
21463
12743
25566
11302
10082
27644
30554
32412
689
13687
23722
22247
31184
1654
39560
12939
15053
37260
8857
15314
15420
49881
34217
22785
23171
45466
8470
9693
40439
39714
31512
46691
38728
10319
10315
49641
8513
3158
15541
2388
23877
11250
4921
15639
46187
9468
14604
31086
33633
44948
14962
4412
36356
10188
24888
32082
33904
6128
34661
7086
23151
3444
47724
33112
9415
23879
31485
15005
26498
42690
5059
9054
42073
33178
12750
5239
14983
42217
28854
49022
19867
413
7825
46798
264
8772
32951
19700
39185
20748
9898
47990
44324
17273
23367
19172
8285
26341
30515
33216
21064
49303
10523
21200
12777
13062
10837
38005
18096
22320
15002
46796
1781
46599
23059
31055
20671
22800
1550
34507
236
48129
15496
29056
28764
26591
14899
35285
12371
23824
9458
22750
13997
18385
23212
22152
23448
46761
3845
21019
27578
26519
30576
39353
15276
27652
37461
36387
19526
21454
27393
21812
17781
38087
31584
47538
5670
23521
32373
39705
10923
48449
49353
21452
39986
5627
18882
27734
6760
44894
36256
21986
10666
22650
44695
3104
42532
20413
48827
37037
18053
40792
41018
6119
27946
38456
40116
31463
49248
15822
44656
4484
12269
10668
15099
1122
49642
8478
43181
5673
15652
8915
23884
5811
1187
21209
39412
23117
23795
37790
31217
19620
5007
14084
31733
2491
20358
8684
16376
46408
27270
5687
16259
20389
28291
28156
20155
28627
48369
15309
46935
2589
12691
41322
33674
36499
37952
47678
47925
26551
7208
18596
32943
25669
30846
18749
33421
45319
21505
41911
39349
27576
5395
2973
32890
32473
29956
7132
15852
12820
25005
30546
14477
47014
24083
42356
17304
2880
42747
7296
43127
11840
30733
29515
29687
36661
7712
43246
3652
23626
45635
7699
41825
35815
5399
48945
31896
20208
28872
27467
18061
36956
21965
39190
36034
6499
29850
32672
6719
15955
2571
31386
15246
22004
5655
23907
2101
17465
44909
15590
37411
19979
6565
38244
4557
20451
31133
15643
40567
32084
28099
11750
1803
35732
4350
44928
30798
43154
1358
28910
31122
42144
10612
9170
32664
9112
40631
12348
28576
49985
47625
49830
12930
12912
21078
42802
18828
41410
46296
44736
19693
28221
46626
18939
49268
30850
30091
27790
42770
34957
13230
12486
38353
45679
22610
13583
29384
26940
43999
27093
20448
14788
5757
49250
33182
29238
18480
33586
12007
34285
14007
22815
30791
27382
17631
18289
30877
27139
16660
41199
39818
8738
25026
22725
14668
44682
18304
14378
35995
14708
38833
5654
32245
30496
22620
25849
46685
36440
15879
23833
21922
3647
41754
37357
39350
14225
21002
35481
44671
46096
13288
28266
17337
49434
21437
10514
12174
24111
26911
47653
39896
24901
36209
28546
38098
29426
44996
3540
8965
26451
17002
34199
20935
38991
44657
21155
14834
1191
1019
38308
35716
26545
19097
2174
48346
31514
6237
32048
16040
8726
46197
46977
14045
34649
35130
18590
20518
33056
23751
44204
49708
33511
19735
39939
36348
2551
25440
39359
5442
3162
17565
9998
978
28086
21566
4541
12253
9561
23362
13206
45338
37103
8235
34396
42262
37490
5785
36737
32975
938
18137
13243
6894
33613
41395
46123
33585
7223
24758
43355
5192
2732
24041
37802
6817
47669
17755
26537
33692
43963
25779
32938
41371
12717
19736
854
37850
49041
43739
18748
46792
20796
31696
19366
1770
9624
36410
27302
9891
46615
41100
38000
21332
2270
35514
37899
28861
38310
6036
38767
3734
26461
17095
6279
46214
4524
49244
40783
40941
6458
2370
14532
3972
10476
10531
9574
31363
23447
43422
33061
12645
6643
15667
33666
6339
40628
14480
23098
31248
5878
11839
47729
17829
10965
14108
44638
39907
33131
28826
15027
44396
12126
5221
10110
21970
13987
17101
29777
37997
6371
33015
20511
3893
3344
8707
38513
42773
45898
36834
7617
42307
25477
26215
33133
16914
591
48038
8646
32604
31563
33536
17403
49118
23911
15048
32005
5635
17180
4877
1811
8888
23931
39392
35926
32831
31131
31038
34828
16074
34628
44551
33409
20537
13632
48766
2764
45929
18937
37530
47059
49965
15987
28343
48405
13523
29029
4677
4717
47219
46391
35254
6046
16967
5692
14866
35608
21304
46141
36534
22492
5827
45919
27515
27966
78
27370
39527
4456
40917
2504
33296
35301
34204
34712
24176
12760
26531
46067
41253
21646
35113
24383
46480
25023
35217
13426
21233
34192
24300
12473
6238
11982
44690
48524
44265
16398
13898
48651
42268
18189
4789
21671
13818
10458
21629
16316
12877
49657
38454
25393
23743
2749
2648
8744
47735
42225
3137
24422
27653
27616
652
6883
38466
1052
9509
24673
26996
44780
35903
5750
47256
15574
33383
35981
16529
48221
30563
48684
6133
33614
22478
20376
7690
7574
41683
24866
28865
11135
32027
4380
25943
16623
2036
48436
3373
4476
32500
11163
47305
23886
34605
33758
45088
20352
6714
47254
37094
16768
29307
23908
21386
26396
36160
36701
10264
43596
24605
45315
15514
13380
4840
15014
17596
12251
24769
6273
35276
41716
7246
37341
24981
10341
39377
4786
12217
32818
23509
28109
25787
33459
24029
17883
7176
46533
33334
44182
12981
47375
27043
47070
26672
11104
14518
44466
13650
38898
31987
7305
37581
7310
46853
42246
15741
39441
43778
21083
31920
46002
2373
22518
44049
13216
29160
168
46854
43404
25337
1121
5758
46960
40871
6383
3131
25718
41254
31172
5966
38505
11357
17921
30726
27672
3383
5265
10716
11081
37507
3
28878
43374
14262
572
44268
44112
42655
20180
7685
46007
29193
6644
30381
4615
18165
43256
22991
19084
20282
26905
33873
30579
48052
41133
24666
22171
45387
35669
17721
39688
3996
7632
9495
47338
31016
8507
35009
38588
26181
20489
1651
35894
46348
28640
42515
45687
26630
41527
13863
25153
20265
48740
12432
49342
26069
48041
17766
18104
16508
6177
31178
14876
38468
10517
49368
29877
14488
38550
30131
33299
48056
34485
21255
48892
20710
2784
10470
40467
2714
22334
36806
21246
4740
26381
47259
7003
11139
15330
5002
38439
20563
40534
19804
7610
10640
10024
2338
14347
18817
18870
32347
26302
15797
14991
35937
37814
23679
47093
29381
36335
34970
13896
2188
35875
14381
3505
30439
47503
32902
15238
20351
11251
26887
42350
8502
44660
15551
42693
39899
41611
39317
17321
33211
16576
3154
29279
17585
16131
30500
1082
29159
30304
7335
20909
28279
14228
7361
37459
39484
40692
37849
43853
30734
15764
3938
2737
39260
4011
33332
20576
3942
29555
39946
28609
9072
47027
23368
21485
6829
32093
20016
14412
6376
23803
25755
15779
9229
34846
16744
10031
10534
35300
43310
42175
41855
4166
4034
9158
6338
9644
40522
42325
16618
25955
22767
39828
33267
36467
34316
38525
44107
37947
32327
11045
9038
36539
5530
45412
39386
2632
33670
23027
23574
21717
16409
3555
27511
44762
44691
26321
568
40287
18515
18668
4722
27715
37110
46803
15985
46407
29020
17299
38637
38360
10487
33786
37363
48249
12109
18916
27398
27026
33891
17489
36058
11047
23984
27480
36278
12359
36652
3024
34363
42719
4910
26896
14324
4607
32709
14809
25855
39328
18633
23164
1179
11891
32984
14241
49010
37776
44478
31390
26746
32156
20257
32549
47185
11975
23036
34699
16676
35355
14819
39904
30622
27123
27633
48863
17123
31779
20122
17833
5362
399
37722
9358
35733
37612
37584
23089
837
5906
38344
3027
42551
14529
5841
19596
30938
35192
17143
27161
1415
40238
14247
27325
25177
859
28690
33848
18409
20601
8140
6368
9931
33763
34339
40181
41229
41945
37457
5911
33319
32868
6057
10401
3514
36686
34751
1448
25031
7069
16492
20928
22786
39061
48609
10966
30919
391
36100
22726
9907
37375
49721
24881
26708
29931
6071
33675
24780
20801
19222
26074
6649
34844
7876
6455
19809
10236
32292
37770
16764
2867
29435
20422
7010
23268
5009
2693
30118
16240
29697
41984
13811
27188
42837
29913
16921
43011
12968
16406
19822
12024
36463
8799
32668
13814
5907
49097
29326
39576
46397
29065
12363
18532
11337
24280
34321
29974
45959
23618
46429
17335
15735
3068
41060
12720
28805
14700
27212
43961
28160
44355
4155
4800
5235
3612
47495
24080
42145
24205
34990
43690
18247
14444
7963
12101
26351
18796
41238
47227
29252
18783
6124
26760
9096
19715
11382
14766
42908
7250
4845
8469
27146
42967
32694
27366
42687
225
16301
12995
20713
42480
20624
22659
7238
29055
48076
35949
32006
27848
15864
31123
1581
102
9434
44751
670
44361
6386
10783
41541
45193
37699
13513
32836
34072
15400
17007
8026
20656
3342
27068
7080
30945
15012
46715
15921
39550
7955
23256
46613
29923
46779
7481
23401
21519
37596
17762
27342
37650
13375
34815
28011
4568
46059
31309
26902
42167
2395
42057
19942
7727
16016
1931
35907
37734
39196
15954
35377
41996
40190
5529
43159
43045
42120
8002
28717
40704
10824
3918
49075
47158
3412
31508
39393
8560
8060
26583
25100
35240
26098
2186
37231
34039
24763
268
21206
46986
39700
5052
48666
15919
20653
39860
47450
84
3775
10566
20549
35617
18558
2965
38155
1658
31487
32457
28028
1990
27174
40276
42940
37631
21384
47841
13080
10258
5377
39432
8334
43484
26409
5742
31015
12566
37362
34280
1137
18256
43324
21673
1477
45574
29773
14443
29343
34423
49908
9491
49523
3493
45997
33172
12955
27151
37279
6576
22313
2302
5304
22827
49877
3034
8980
36427
28811
46958
3955
17488
26410
27603
20957
327
48358
32116
11457
2225
19402
16668
35366
12723
7105
2777
37402
28887
10712
40679
32497
23153
21690
5581
11679
46797
26938
17411
45711
11631
39836
39530
15602
39295
16686
12945
25077
24037
11621
42108
5184
30801
26558
37385
12563
47081
1701
5767
9014
18113
18774
10911
7513
44724
13292
764
24949
36364
167
2533
22757
4004
49260
26908
30906
35678
31824
15056
17556
44096
10703
43302
4436
49372
12748
11182
4341
44412
36589
36190
28657
33493
36984
48132
7916
17558
15649
40168
23831
32761
34482
15312
32557
39458
9639
32031
27048
11828
35147
4679
15999
24299
3047
24091
12094
12303
4448
5603
15402
24934
2671
32478
1976
10290
13404
37193
45827
1517
42235
1261
33147
7978
43108
6138
17695
8464
43021
46732
31574
17881
21250
22906
8151
10212
34487
28892
38613
33407
5371
42163
28141
29607
26437
21757
27916
36523
17578
36634
42453
3031
44717
29525
34454
29290
29930
33324
13110
18908
20931
31387
3898
22050
45710
40750
43554
13362
44555
39957
37828
294
40562
45447
17345
10707
21660
47336
5335
5144
6928
1271
3362
2698
45623
10479
28406
15432
35772
12025
33460
44424
456
45845
24911
46722
6006
145
42017
46368
30695
31863
32802
38713
15186
26399
42180
24740
35060
7548
26913
24024
6239
3239
8032
9446
46895
19439
19849
6586
317
6244
25838
19652
27761
23969
17993
17751
957
2945
5342
29634
34364
8812
28595
25661
19080
32749
43753
7961
24179
41588
11053
17759
9625
11361
17572
32947
45654
39193
4324
33212
48639
16883
41815
14167
4007
24512
4715
41067
14549
17557
37875
36211
35422
2564
46773
4064
48094
14168
43501
39144
47618
48558
40499
29050
967
3216
3203
26867
8070
32060
43930
30134
32322
34189
30267
43565
35165
49117
35196
14365
21513
26213
25936
12822
36226
46318
20313
42138
28770
16747
24717
5137
12449
4647
23250
2104
24661
23333
45986
40826
32030
4294
27434
15835
829
27133
42691
48184
34804
15220
28871
4550
45192
21043
46669
47314
31643
48222
27455
39716
13873
43956
37547
11005
20493
43913
20751
25072
19086
40741
8737
39629
5409
2801
4619
44070
29759
25667
34836
25549
12535
5098
7142
28933
49287
44535
6019
37620
2310
42025
41369
25693
45210
31859
22346
27688
24590
2889
22291
17461
8402
43143
36263
38736
3396
5665
45420
25296
37471
20821
13063
36579
11711
47793
11224
38193
43488
41043
19572
39559
27061
9215
28382
31182
7474
38530
22355
29722
48974
35336
43265
34010
4425
9981
39233
254
21946
24759
49039
29053
34489
16561
42501
14582
21340
6083
29224
30172
35070
45702
19239
33920
46971
43862
11531
21818
12621
28005
27908
33538
43327
13405
29669
24578
10394
2712
46560
45405
21145
6120
23270
34058
12805
48304
42300
19777
5555
17886
5141
37124
11620
27924
4999
45505
29447
6313
48701
32462
30782
2105
12591
4797
38995
47438
17165
37789
10851
21368
10399
2495
1511
41691
6328
23265
33266
43988
41630
42541
46294
31356
20058
22471
46321
49950
16867
40694
20700
18372
33634
36127
19334
14662
5596
20473
24306
22465
13097
26237
47090
16059
11764
46666
25723
16611
40074
43470
26133
25534
44305
45814
49749
47676
49733
16065
5303
31434
49335
26241
17524
49062
441
1922
2412
42576
26068
18658
43728
27802
18108
33795
36676
35588
49610
31934
20331
15203
34962
19785
19179
26269
41782
45018
41626
14077
38674
46524
27886
43780
3521
18683
11444
25890
3319
1290
27027
2585
20275
48656
48084
36799
38195
42047
45946
42640
1574
2112
1273
39516
1567
17742
7633
19734
32013
144
13697
38141
30414
43975
7014
39370
28929
15714
48478
16975
19190
49856
19142
1629
45462
46933
3117
20645
43738
11146
45073
7716
48061
30463
46432
43463
21399
16706
5831
27083
20441
40899
4420
26054
15081
30976
49833
21638
13563
29775
43278
32774
12542
6090
30682
21602
23074
17413
30073
10676
36367
44663
27811
27228
48668
5042
26062
10269
9123
22419
35198
31697
42847
20420
19007
15634
24402
14653
9193
10639
39611
31722
4117
21169
19321
22449
21172
12963
3562
41142
7138
7255
23060
12735
21633
33225
42369
6887
17508
14264
26191
29312
43918
25652
10633
17975
35940
31366
25717
45367
6473
31081
33963
46462
3345
17209
11993
20078
3550
25057
19359
6251
13907
39537
34892
5794
28217
15548
41862
15123
38672
24663
44256
11124
19228
39222
37040
905
41769
8339
19726
33989
8185
38582
41807
7197
8568
38836
30249
14752
29912
49108
46671
5008
10870
23999
48335
6170
40599
47363
27127
40675
18379
14546
36110
49659
40690
5456
28543
33049
19273
27373
48215
2413
7209
22681
33113
47445
5404
41916
46184
10430
37101
39757
16524
24612
38888
18862
46712
29848
23412
48548
17939
15750
7129
7248
15981
34317
12093
38761
3311
39146
4077
47499
39926
16797
49498
25466
8213
20229
20714
47746
9641
6070
35026
39890
49714
17049
30927
38973
30419
22766
43867
43069
13344
46440
47013
23929
4388
3657
44836
25578
27807
38444
49840
19112
15767
41731
7636
10593
2741
33677
19517
6696
35567
29179
43104
26739
22974
27865
11087
44206
44829
11442
825
15261
5578
18909
893
41670
39756
15890
47473
34115
43475
10080
27606
34924
46065
49349
18917
6487
23146
35399
5597
15675
15460
16233
34422
31240
587
42581
38145
26585
44373
4508
25356
19375
37633
22440
18974
7597
13211
44887
34223
45600
7000
42572
2201
40649
4203
15126
48099
18087
39843
1120
28561
34413
40934
10556
41981
47202
33417
12485
33443
11925
27523
32794
9100
21333
37365
28309
20630
36533
39856
22369
36079
29998
14923
29466
27658
14746
36535
11699
6100
1444
20017
17974
29354
44179
49754
31134
41721
24854
52
21889
27832
15026
45404
10203
16814
49757
4868
15222
41642
27613
10086
35319
16534
43426
46496
38149
34717
37950
21962
10019
34208
2177
10358
37943
4258
21651
15434
39489
30875
26093
8380
40981
31954
35163
3936
26267
32264
18228
7240
49198
22563
12575
31346
11196
1674
21373
36489
5085
19418
5419
33075
24496
42464
29203
2529
34475
48481
19269
1497
15067
44848
29283
38500
45100
29582
28162
16026
31759
35996
39594
28989
28236
26212
42392
47034
13284
27348
5225
47776
19277
8681
45131
4489
25467
24508
31341
8490
20697
46771
1106
41864
36452
35811
35467
18082
11293
39727
1626
33229
43981
490
29495
31564
19890
35831
42226
35137
48267
36640
14731
41460
46985
19906
27631
36252
46637
18825
47686
18619
35444
49431
35566
22795
30567
45147
19457
5453
40133
38686
45352
17459
4381
47498
30450
24853
41143
20621
14383
16045
36961
48093
45573
29692
28898
690
47571
4839
42998
18336
37551
10221
12090
6242
12548
45515
36693
37016
22828
9498
40797
37514
14639
5436
35251
25036
21178
19977
16329
17040
26270
13328
19576
30238
46522
6108
38249
13686
18407
43150
14943
26002
19871
2563
22246
30077
48550
33644
39267
30396
35077
10697
24437
15457
13837
15154
28074
25914
32028
33233
6533
8930
12240
47673
8852
8797
45296
34770
47494
41312
44160
17102
38619
2754
45079
36794
40416
19283
2915
17784
41891
18698
9372
15775
46684
22195
23470
22216
23397
32425
9160
16440
16319
23760
37289
10810
46932
33949
40835
36070
44152
28211
36329
41675
35058
32606
8144
31053
21939
11175
12892
3451
3171
16091
32389
34808
15256
22281
35802
23315
18685
22882
30111
8264
45050
27406
40523
24991
33637
4843
31164
43832
20885
36173
6477
47270
13645
39040
16590
14892
47042
45970
13932
46710
47128
9526
14259
43079
24727
28556
1738
44353
18210
1786
35537
45235
29954
36155
38406
1562
19082
20170
47974
12127
32423
22145
26530
16364
19630
42921
23272
32743
25732
35206
34853
9631
3179
38982
41320
34693
42637
43937
26785
45689
43008
35173
29047
29434
31367
11205
21877
37745
18309
21650
48912
14722
32883
29874
4400
25653
20042
39453
29013
25949
41835
24358
35598
29927
1382
19386
4394
35340
30259
48859
39794
25576
5204
14792
13020
25520
16971
49082
38600
10704
18928
32688
6059
20597
24495
27295
8848
384
20098
9504
11717
34173
22482
29289
44723
32584
7149
25017
30309
28852
7607
46169
19748
28678
9977
18473
18383
31872
31139
28502
3072
5682
8701
29074
14066
34635
5683
24164
44405
36210
25775
10620
6561
7011
35890
16323
46733
18382
31054
17064
17241
39275
9207
6332
45443
513
25918
22271
25092
17152
36176
33935
22227
43225
37586
17850
44878
49011
6908
49784
42558
31950
49037
28730
21184
41423
34412
28475
29898
11987
31000
5006
9841
22226
292
29702
27389
36328
45407
43654
5600
27655
4504
26323
7263
24840
40451
21997
44450
24728
3861
49323
34290
39962
27168
47521
4571
18315
42055
16646
45516
29531
39141
3805
19579
26406
18055
721
28751
30274
49241
42257
25059
41422
32184
23225
23961
21076
10983
28757
17892
43775
21729
30245
30767
15042
42731
9596
649
48299
8850
11707
5729
6538
11800
17906
12202
19492
20379
43597
32384
29553
9779
22215
2972
38371
7611
13876
31518
40084
40962
2220
11093
47431
47628
20324
4768
44046
21185
33518
8006
27185
2393
15235
18634
31685
40828
43827
15778
26053
24742
35602
33464
29695
7388
9269
5464
25387
21174
8138
45099
40056
2126
26088
37545
27388
6982
40524
33929
38393
22691
34743
44004
44175
45274
14696
39093
36655
34522
43992
45329
45954
47755
48665
10662
23008
19208
12100
12911
1625
817
32187
10732
27461
28195
4010
22399
33149
21227
5146
12250
36350
46163
15948
16693
28174
27049
31257
18672
49934
35721
19605
6086
22495
17808
20934
1668
14890
49035
36238
47592
42062
9445
45432
28906
17664
24214
4212
38887
28903
21902
10504
46601
32925
15406
48024
17741
7954
37912
7171
45148
26611
49459
5552
26193
41263
22747
16881
15536
8231
41850
45186
5784
47385
29611
32270
6465
12523
41971
39753
37469
44416
41571
10930
2597
10967
38302
44384
46820
10939
40604
26047
47268
8363
7009
47780
9848
6187
42206
29995
45152
353
16340
9845
35081
5245
46016
32939
32821
1114
3307
15568
32359
27383
26846
7468
39888
46802
46417
4617
46008
24900
33664
2346
17801
25973
48441
35372
31059
3967
34477
38614
30400
10549
21793
1466
30933
26251
31817
13286
41654
24979
34810
26312
5869
25615
25575
32476
10537
9357
3037
26677
17380
6392
34436
6713
41707
20425
6734
15510
6579
46251
17312
31455
1981
6029
14829
43266
35555
22253
28763
27396
3629
43886
24035
37309
42079
39596
31493
8911
32301
48139
13227
27670
18676
1924
3236
1218
32989
798
6943
27478
2086
46717
1776
42607
12029
42033
45439
30217
351
47510
39967
410
49848
2192
44404
6871
31637
47215
11737
41260
31565
1953
4396
30076
16920
9567
1215
34030
13993
16844
6623
35315
5317
49897
42702
2493
47876
3709
43235
35507
26020
7678
45716
26926
48341
20345
30970
31782
13856
29512
7800
36744
49426
29086
22615
22703
20744
814
6524
131
10211
37437
27292
5978
23070
14057
27781
35557
38107
33486
29303
31069
5214
14597
423
6297
47029
35895
6464
21728
42408
9259
19638
48965
32483
30729
41148
1043
35259
10892
4023
15836
10581
2303
15555
45475
18695
10774
1208
64
12355
47795
15065
37553
42679
48164
22528
29102
7762
36162
23690
29796
37381
8931
34871
34994
33735
22115
27415
21093
16621
37093
38814
6020
13951
4947
33828
4811
950
7871
30799
1040
25436
32607
19221
43366
33204
28974
42427
34748
16351
16286
13922
37517
3500
17450
27152
43730
8589
41673
47262
38975
28164
43957
484
13356
20082
44369
7055
1653
47979
46540
49764
1755
1715
8052
21733
6658
27528
11900
49913
24079
38711
27141
1630
43865
40955
4738
33710
17832
26199
18000
27233
9993
5328
14616
29233
33724
193
49766
49276
44255
5138
23741
42821
24175
313
49
21458
1619
45330
27403
35614
45708
32622
42054
15861
25634
36288
33465
33
38133
10890
30621
17988
40008
38762
47626
49875
44185
9369
21875
38028
23046
33955
37579
30250
11014
42207
11334
42204
9865
31265
18187
16008
20330
46155
17665
40611
45837
21348
25441
44079
18234
5544
35272
10893
36037
31903
39318
36112
35795
45486
32914
42743
46782
6909
9919
22608
28965
2207
41473
31056
28145
39000
21402
4907
44135
23115
36135
37391
7415
31870
22978
16304
8059
44570
41970
24371
1895
26148
44665
39420
34754
15582
36526
39884
1132
35713
35850
33174
44992
16715
14345
27107
21158
19525
13117
30731
15844
25613
13250
3480
14047
15911
9344
7231
28010
43493
21417
12643
6269
31197
8516
46731
11033
38410
3966
43755
33979
49495
16472
6965
8948
22552
29293
36462
37161
10731
11390
34137
37876
34279
26767
40982
43902
37771
10909
45017
10025
25618
35720
24399
9377
14903
18036
46178
10825
18347
10702
7047
33709
15620
25078
41553
17159
6158
34102
24202
5231
1766
11483
22885
37835
7623
18780
46598
6633
43815
9637
14753
8621
39894
30444
39662
46517
4251
40068
3122
24968
38663
31037
35969
33822
49706
31618
18038
6847
11645
37701
45195
31769
2123
1638
33581
30010
19609
34592
35299
22155
47962
44002
32532
10649
4520
45111
25776
17103
46694
38658
3173
26780
30061
29223
25777
2081
43606
27119
48929
7616
9950
34411
45661
26178
43134
22935
46857
6388
36995
44952
4215
24319
48031
24539
47809
1522
32820
32627
6231
24200
40104
24447
48722
7307
7774
46216
24457
49676
35320
30106
2422
2176
41805
33743
26090
27227
47882
4135
29126
2783
9749
14656
45979
25491
879
22593
19164
36036
19462
8104
48322
49131
137
32875
15345
41114
25560
47372
46426
24850
35
263
45222
49740
30806
31622
34936
43258
13704
2003
30634
41193
30437
33251
27005
11050
6202
10997
143
44516
21071
41436
127
48482
22929
3694
708
36915
36862
40996
30144
3981
24137
48348
34435
42485
8559
30416
25544
48841
37056
21176
40035
9583
5815
41405
29121
18536
41027
11578
13119
8887
42536
18876
20804
4703
9296
43333
49651
9978
49173
21041
31067
36199
42221
15579
47342
38257
13656
18457
48860
6819
2452
49800
29371
9089
19017
10205
11945
20237
17718
19776
14473
35998
1204
38144
37671
37603
31243
10799
43744
30433
47963
2961
43806
36258
3817
12796
24147
18573
1875
19648
23674
30911
15150
3266
1734
2731
36700
33980
20527
47249
23696
20507
46434
22138
35501
1647
14459
34756
15796
3275
38437
1881
6169
8781
29450
7402
15829
1965
44801
32409
23525
19974
24922
14175
47589
10336
20041
38479
35589
41287
29389
46996
34502
2655
49121
26336
15069
2518
33844
9910
44323
3094
10421
6233
7404
39017
45266
20685
30819
13916
5613
15257
1537
17274
11812
26535
10990
5989
41625
21762
35593
18219
24468
5482
19394
8493
26042
32383
35536
19839
15897
7529
8092
43615
43504
8252
29533
41542
6080
10307
15351
35051
20517
21884
38912
1972
249
5910
40811
36680
36093
2208
9614
27206
1075
45688
31664
22735
11650
30177
16808
39914
11249
14402
26417
10126
43135
9580
11897
40682
26343
24996
15939
35361
44541
4358
12239
22154
11306
5709
26236
31469
39339
6069
19844
39925
31320
25812
11722
6171
31327
25710
37182
23995
14288
25930
20323
37232
28813
28715
37227
20845
39316
17495
24544
15655
12436
7755
11169
47200
25220
16276
22161
40730
6563
45605
16030
34733
47542
42644
41698
43758
5834
32982
29581
24153
10381
14658
19984
4745
3272
16755
23927
41081
27561
12638
49516
17268
13874
5410
30780
8286
26577
646
38522
39562
3659
49638
822
40097
42891
7986
675
17576
26950
39764
12935
11125
42797
45619
10217
9859
3478
262
16511
5415
4276
20514
39265
32420
35033
33328
40161
42753
19606
23885
36142
21727
34546
41665
27619
1829
13803
43824
43736
28545
48918
10133
6351
458
8572
42292
30778
4167
16242
42416
40865
25382
33165
11397
6585
11049
34786
27674
33705
44744
41354
11469
45767
35804
36656
38427
10403
8220
9680
11102
47975
19551
21057
23083
44233
24648
20123
2315
34161
22849
6094
18914
19792
2974
33635
7507
38652
16741
9324
19915
18150
37791
17639
10826
19744
15110
7409
35122
28430
45888
6601
10681
9439
11763
10334
4013
438
35293
23399
46109
47470
16061
44171
15258
44897
19387
11729
40140
13129
5063
31694
37468
13636
41494
8186
1171
11901
19204
34327
29654
3100
18397
39091
49157
7053
46769
33496
17454
41028
10846
42608
4713
41744
8823
47552
4741
31509
28765
2082
7676
12931
35493
13260
8926
27431
37609
20011
39293
33010
20795
21104
48398
16013
47574
18259
27102
26807
7784
30631
40839
30859
1597
19749
23452
36340
1038
47223
16393
38453
38192
3993
26696
16051
21259
6986
14650
233
48566
34983
44907
44468
47583
22840
365
2051
506
43555
19868
16320
40336
46493
39368
32522
38385
20817
19429
32538
9723
6530
47186
31021
5213
22200
41684
39959
13293
37134
4286
5109
15282
16662
2662
4785
955
42954
460
44194
9892
49611
19933
7827
44403
16957
10397
8246
2976
31232
164
25472
45995
19909
26918
7850
32876
48435
6970
683
7360
22688
5166
19288
5017
12498
28295
27780
13921
28919
37708
45157
38697
32314
23254
43290
9004
49820
24298
40127
40341
3728
333
24527
24239
12715
13861
27157
26988
46210
45878
18861
42631
36638
21020
36304
20541
21081
1118
48793
46521
26744
29501
35525
39657
31048
30766
4113
33906
31925
7914
23924
38081
24261
9262
9065
47329
10872
24151
45414
1229
49213
32874
45737
30045
31854
5980
3712
5397
30735
41955
12245
38
48155
36038
19866
34215
14857
20642
13772
23698
8485
34437
15290
43063
47848
44421
298
6054
10453
20665
38003
45676
30647
19229
12766
14687
39911
23828
26695
37610
36311
30504
24824
47954
39305
6526
17511
27466
6808
16160
10196
46760
24487
22047
19162
24365
24283
16413
37713
49394
13665
25478
45170
43817
42027
36856
26849
41138
3224
774
25160
37544
43453
36125
43807
4964
14154
10483
16326
32038
24944
4959
41352
32251
2858
449
43085
45693
47939
43292
29940
30638
29865
37396
18266
24480
296
7486
38678
25088
7883
26170
35556
3865
32067
37072
40456
3713
42363
11109
48727
21607
45497
37529
6961
23092
6640
46099
6815
10114
33931
43841
36280
8353
12136
26227
49003
16396
33790
44741
25699
22624
3877
17929
6673
2264
40192
23754
24424
10263
32339
29457
32366
1966
11387
40442
33569
6035
44122
42904
10980
26446
8920
37979
49541
44559
22594
2471
42781
31736
12177
9034
12466
23537
12733
24918
43376
14845
20171
29011
33550
17453
18884
35028
35975
22642
17826
4301
38837
21648
42429
2985
40929
22297
43098
44249
33076
23948
40954
37756
42099
4950
33418
21068
6478
43614
1324
34586
3508
35203
8556
17501
46507
4086
37969
28014
2560
2736
4433
15878
25399
37728
14136
43951
49054
29008
22434
45586
28299
21336
37559
1644
41522
42808
7686
34057
11165
18021
26036
17600
16178
7630
45805
11338
31041
49747
5711
9760
34197
38343
9067
17144
39285
46149
12206
12989
30841
32683
2281
5142
30575
28440
44043
29807
35737
6659
9230
35385
28849
871
31636
36648
26532
16645
36260
46509
7672
4296
45139
13220
43208
4596
41577
28375
42273
23915
21814
23050
8829
45168
26297
13060
48119
30892
49234
6186
15709
25080
21054
27666
39203
14022
11850
39338
30555
42784
26602
49085
22393
7352
45741
13812
30325
20530
12555
4977
12675
2224
38827
34878
27331
47903
17933
49704
36732
27570
2155
39742
31298
33864
36912
44826
34879
49142
20443
38566
29889
49537
48644
33264
33927
32817
7969
43382
9481
16880
11773
36846
46165
23947
26691
13568
46298
44608
26187
44711
23648
38690
14932
21285
32894
7982
38086
47293
39658
492
19930
16117
40294
3244
13139
15087
27257
27558
12817
31592
35304
2034
5883
12568
48219
17447
16414
26147
3593
46012
33913
10874
5326
23551
10964
41317
48039
15323
12085
16735
22684
30934
27
30916
19759
7346
3798
37591
27314
41113
42114
19041
34726
27999
45746
46844
38239
37680
17891
47764
19738
35393
38886
13372
13824
48671
16354
15045
11056
4752
43793
19066
1427
35516
41141
40171
26166
18499
532
46152
27341
36789
4214
45910
10969
46946
11354
34133
9725
27076
27519
28671
12984
5120
26631
25694
25511
9570
6938
8838
30338
24311
3660
24691
19677
41830
16023
26092
45314
4588
17821
10887
10933
29316
31103
2836
32346
15077
22486
37096
38455
13238
38716
3081
34608
15521
19320
2191
14585
4903
35707
32486
3113
38380
17091
29841
13759
28009
28218
31270
48499
7573
26202
28210
41213
21374
5914
17259
16960
15365
22409
38615
15062
33309
23175
3577
34596
45621
38110
35801
40804
13365
44697
19188
24902
46181
6463
47050
41279
20820
19103
41594
21106
8232
14575
33362
31568
41044
1460
28352
45612
13394
23615
28777
48521
25385
45649
42283
6358
33800
21263
22596
48361
20974
16638
34650
28348
41682
33597
24779
9786
12843
17724
19787
13776
5837
38698
32334
20034
36664
1159
29955
31002
39806
22392
42727
18570
25035
45026
32804
34146
43551
31144
1250
45615
9101
22316
29982
18614
2759
39046
44852
48587
37500
44337
37675
48553
2371
46024
34379
27967
10875
8779
19434
48784
22406
29142
3816
33427
45345
36949
37539
6077
43764
41059
6728
2545
25251
16977
46621
23518
6629
3428
4954
16170
7026
8003
44028
32687
24008
38893
35581
4841
19469
32115
10756
19150
14303
3260
38700
15740
15177
31465
46672
3189
33672
17006
16379
2745
8048
36368
24289
33680
3895
25792
13980
39446
46927
23660
46858
16551
45947
36833
26965
44549
4100
8146
13074
15737
13200
12852
30176
38434
40319
5875
23252
49384
984
27749
42612
41080
14775
7066
19205
43653
18930
27099
42840
21798
44966
37367
1558
21023
4475
5368
42646
27009
41280
23210
1164
14093
49208
5172
2195
7726
18851
24090
3516
8106
19083
7931
31557
7822
2456
44988
41085
14777
9512
26182
48032
34033
48836
39632
44474
11809
28925
27282
47206
40606
2677
42801
48594
15308
17812
6254
32764
19957
31155
1453
4696
7912
36283
49283
19521
47406
27184
25215
20183
49603
27707
32246
20022
1345
4387
29509
37186
6645
31597
662
19835
20107
33967
12626
46781
27856
41942
38536
30591
33065
29482
45104
9005
46116
39549
43729
47564
31504
40356
2097
28001
40329
12932
42518
5467
45611
48339
31787
11563
13662
11170
45155
3209
19479
31669
20562
24569
28787
18273
14027
33347
34931
26747
31306
30908
31042
31570
13368
13819
28844
11350
17037
7562
39825
48518
30842
36540
22763
23310
30265
25823
20664
13726
32696
47439
26923
17043
20434
5731
4468
4751
47306
29287
31112
46328
29686
40869
22286
30054
27358
12885
1387
794
48189
16357
13717
5148
43029
43805
33436
16795
9140
13499
36476
4382
17717
49242
42919
1954
28250
32900
11263
24414
37792
22435
2120
45500
39428
4990
28168
32889
31662
31075
36994
37748
27387
866
3496
13280
25069
41905
3267
9774
43725
27114
9955
9454
5744
3033
408
7778
32023
25711
1116
21120
38731
36083
42488
38430
26650
28223
40753
16134
12650
28930
31029
18623
17412
29182
29799
312
25833
19600
46607
25620
19895
40402
31344
18235
38540
39978
2937
24803
48563
11420
49366
49946
23223
41711
20383
3434
37643
31657
28374
20193
36236
48147
49975
5248
43070
21156
2227
12267
16277
45202
25336
42301
13592
10413
24247
14523
5557
14352
40342
35606
34503
33804
43047
31190
42652
27002
44031
21691
33098
23873
41298
41399
13348
6446
12799
9291
16401
32812
31566
6123
14854
8115
41169
41587
4391
38923
21453
10184
43592
12457
2652
20639
41283
33503
44386
7637
8236
24072
45307
47561
28684
19714
43169
7457
47967
22618
23840
13575
18166
29546
43141
15904
46573
49722
12241
23129
40182
20998
42403
44913
1349
22397
32336
14999
35266
26527
30652
41186
48345
44241
32714
46737
3536
4817
33304
13427
44348
20047
36667
33577
2185
23530
28038
31825
42394
23120
24915
37705
3115
49170
9949
35580
4714
1887
39852
35600
4516
21468
37867
4189
31476
14887
1696
44496
31324
49506
1584
18226
35893
43710
33956
41368
37064
14065
10049
26812
24810
46028
14222
24552
44231
32899
35586
27113
28127
9300
26001
13364
25807
8506
7503
363
4584
26816
46482
42888
32372
49846
13533
8780
3717
26340
27980
35281
11648
25957
38394
4279
33988
46252
27739
22021
1639
23566
17845
18026
47252
37664
8344
41928
46658
41053
17614
12028
7417
38520
19645
14948
33116
35039
18216
15809
22962
25012
40323
29017
4859
40078
41677
31136
36456
8820
34617
44331
1008
4267
1143
6302
47296
35662
30021
20194
20090
44374
42529
20403
34065
23275
8830
1728
32143
13762
34373
49091
33975
46460
40004
20727
16507
20921
10705
17740
17044
30742
17783
32051
46247
49174
49285
25724
43716
36253
47447
29147
20660
23979
32049
35704
13033
32104
39374
46543
2734
26709
28256
14414
20864
24851
16761
44896
17971
34790
26855
40915
32847
49104
20786
41520
44150
29895
28625
4815
35019
7245
40960
35521
14986
14705
20917
11212
19991
6453
7205
41457
43231
33618
21195
3437
23415
15625
47941
42344
6707
20417
9563
24215
22244
26888
45219
44999
20054
9593
24404
14737
14547
13992
48608
6985
46451
4842
12724
44001
14921
36916
2579
17758
17601
45263
2328
10720
48248
23132
14332
25113
35595
11687
37847
18279
27806
13201
44173
24073
25919
21323
33271
5298
33990
46245
11805
9683
30797
40769
48956
46877
44125
24474
7624
13709
3335
37902
9052
2317
31317
4195
43783
5590
18733
18017
30553
27840
2840
32238
44932
28619
37229
14891
16485
29039
38864
19444
22988
36874
32405
16552
23445
4754
12567
8083
24391
1302
20214
26612
21431
5490
25602
32702
37198
427
45059
16338
27417
4548
18511
27982
202
33315
18095
28962
247
18652
3229
26594
45796
29594
20564
31031
41308
6228
9289
34939
9380
38715
32003
22193
22880
31475
2587
28698
8919
41661
7158
33753
25252
3788
2575
32266
44024
26954
34766
35843
10132
38957
16089
24077
36214
36123
4886
20869
49804
46584
41618
30583
1933
43881
40958
40834
21398
35796
26541
23229
10041
41502
39192
18124
47656
24421
12326
12428
23476
267
42793
40776
31867
4075
8305
5774
5163
47001
41024
46683
36321
23793
14183
24162
39755
40529
15490
36220
21806
44910
29667
10288
4240
40543
26999
16943
22564
19015
36504
9758
6747
19234
27339
5080
5854
12187
20987
13590
30358
21829
6327
21142
48402
45082
41164
38382
12603
29580
20466
32751
8627
14417
38983
27121
27942
44707
46227
29718
14294
17104
34616
29350
23185
20378
2431
42832
43575
24017
29921
37032
36131
8406
24875
7152
6140
33611
27581
48915
27759
44787
41170
4861
21850
4092
5846
35139
6677
11988
39840
20894
2268
14289
25995
6399
29406
30127
33222
921
34239
25390
1437
11273
25863
38605
1789
6901
29144
34183
2163
35984
44683
48260
42060
24148
28481
46326
3676
24407
30889
10377
5932
46763
31046
11168
26821
44411
44676
9870
49348
29543
48741
30699
28052
30943
26145
8620
39821
19448
44708
35185
13581
46825
8118
31781
12143
24748
48652
47009
5644
10344
11002
18500
27535
11086
2216
31382
49779
20348
12233
2600
5251
6800
2378
9162
28046
14631
25908
1053
38320
13001
48874
1153
34575
9990
46826
23154
23222
41929
27209
30223
33806
12350
43534
19473
5702
29510
32466
20036
29456
15912
35297
22664
15315
34236
31632
47007
32882
28645
40382
42696
16656
23917
20121
26947
10207
28574
5457
31515
12518
48419
14036
22025
23140
45847
23905
29442
39358
26402
26648
36240
19769
20771
7983
19893
10475
7019
2159
44121
39729
6652
35999
30326
34260
22560
47679
31486
27075
16962
43471
4261
40541
43541
49926
43455
14157
48138
38063
13159
29110
14025
40278
45786
29199
7338
12104
39145
32880
3582
46192
45027
13918
23233
31902
22617
48474
5867
20918
1352
22627
3249
16835
45010
17986
38621
195
21073
16292
11562
26201
39495
3351
44228
21015
7561
25706
23555
39768
1837
16978
49262
23652
1327
36969
1278
27844
41303
11990
23003
14058
16681
1692
6769
23149
24168
20886
1825
23664
45415
8254
33268
23021
42439
19577
13302
34277
7919
34394
39430
3901
37832
1231
10578
23520
33752
151
27094
18713
15296
5607
43549
38391
4091
27416
21358
22198
13714
28641
12646
39493
11684
37240
14389
35739
46846
10770
7179
19060
16449
31519
14447
47934
13552
38367
34787
41590
6023
9192
39497
26538
35485
43715
21282
10974
42215
21925
33325
47821
3753
29797
3566
7604
35223
23899
19390
33805
13943
26840
26942
20542
38671
28739
3270
23354
25141
15415
4134
32740
24154
15299
12746
39254
17568
8976
16460
14245
41321
3685
32933
16311
28946
48355
30961
23836
48970
49156
14118
7663
36897
48336
35054
35451
21849
28062
26781
21981
39460
43771
40610
4940
24598
14395
37031
34920
44026
13338
12046
19193
33236
19764
46119
25966
21075
17920
35087
8223
43323
19584
5577
5376
19956
6922
34170
16138
15487
22539
17237
38184
19436
36765
6803
44953
13070
49709
36971
8244
35362
48600
18857
14193
27246
39221
41224
34917
49602
39414
10717
37501
23972
5741
21575
13112
40338
48658
17481
16231
19319
8523
3947
21636
6733
265
40065
30984
21203
12794
48103
41166
24502
20346
4095
42085
27624
38662
44856
20061
19661
17546
35914
7002
18919
34662
31897
10075
5686
16540
47446
6151
16499
29093
49320
31517
2042
27513
37325
32879
45286
3770
8641
1765
14536
43925
15379
30397
3818
11785
36352
17857
30036
43363
43172
33517
15102
25744
2385
8330
26022
38097
40250
20289
26198
33945
26367
18072
25557
38170
37
12132
39176
38870
19907
41704
36644
42550
18393
1409
27615
40767
22779
33492
35041
17183
4093
31204
6041
25875
9385
16963
12983
46485
38213
10281
46111
26035
40844
22881
1677
12056
3297
48102
8341
1314
14514
19384
22895
24260
41469
49529
25701
23937
24081
766
941
38981
26338
43543
29378
27583
43255
21251
29676
25273
4988
6355
7391
2289
5180
26067
9177
10308
10452
11859
26070
8855
36254
18091
24002
7821
2420
7213
10098
34902
35205
45252
45860
20035
21401
4022
24351
3111
25327
11769
4344
13463
37221
17098
23684
25985
29965
46353
15774
20632
140
8860
2607
2885
32323
48847
20101
33079
44734
25586
31211
32885
9833
26136
10847
8275
7811
3304
28061
23248
32985
7309
14818
27766
3262
34358
35369
5951
38924
47402
48761
25997
20481
15933
26909
30170
48930
17457
5122
12000
43392
38729
22721
47608
13248
26447
14205
41877
9885
40774
30280
13188
36471
44219
44357
1609
49289
47868
32295
7083
22120
44591
15906
31052
26639
25887
28580
22073
41976
14202
5960
14331
35084
47512
15280
45383
10467
41490
49051
30196
20945
39011
47240
45175
33541
28623
36055
11343
8805
45257
47567
38902
17682
32997
9348
5444
12699
41314
18094
37377
10842
14106
5468
22290
49780
9345
36279
1424
49575
42886
9770
37554
22232
4247
29046
41793
21192
13099
11143
44444
3079
37851
44441
5734
41351
744
26082
18646
7647
4654
42531
46741
10569
17786
17078
20415
44942
18365
30053
32118
4587
7787
33574
2327
5677
33608
31443
24985
43763
2261
43264
23894
2514
15759
7028
45191
34991
435
30756
3597
39457
6220
35618
17790
35017
24343
30042
39970
18133
49112
15654
49670
4205
8582
32994
19550
28090
11452
108
39273
1338
35424
22438
12550
38376
301
14985
10816
9837
38123
37212
26995
35470
33474
29712
34584
26408
20736
41701
22927
37359
7190
37543
2882
4252
41509
6655
24410
46386
47658
2793
4274
18016
6897
5028
26967
13482
22407
7113
17859
25015
12795
1065
14872
36671
41817
17089
16498
30974
16180
34923
5891
9811
12146
10033
47023
31931
44713
44755
28749
2175
16815
14080
28096
29197
1393
2877
40573
11208
48264
21127
47804
30559
42701
45203
16856
25094
42542
10446
18264
6525
11751
44208
17947
14975
39006
38946
13808
17769
38328
17238
40308
12767
33288
32009
46143
18562
16641
28365
5937
35049
16631
2170
5998
38116
39838
8090
40961
15930
16770
5488
16842
26050
46838
47909
44857
2219
25284
49358
12232
17249
41025
38644
9028
32299
11059
8472
28964
8355
35541
2146
19585
28383
44077
3745
30822
3711
44727
39944
37338
30185
650
40909
32281
21809
8173
17181
38285
8705
34472
8686
24988
39948
4178
23320
27712
3523
7536
28328
8673
9564
25396
18934
35199
40988
8276
47695
25645
22933
30651
36089
48
33150
25837
34479
39169
39699
15279
21088
8165
43432
49774
36699
22039
29943
10657
41326
26788
13537
21996
27888
49189
12957
42333
41868
24837
29983
18415
43437
25584
34004
26161
14081
7734
18442
19393
35962
48648
18194
41538
48980
30038
38710
18262
32854
14602
2503
4688
39532
15391
35406
41756
36171
42379
22042
47429
9941
18368
40269
10368
43849
27516
10546
40102
8386
40151
41914
15267
14239
25091
36848
4519
11123
2297
39
10143
35961
3945
7751
15482
16773
14072
28948
10492
37595
33330
15593
31653
22172
8368
47208
7785
42589
21682
41722
4026
28874
31499
21079
16243
715
21537
31602
19790
37412
20613
46582
24273
3580
33394
46331
42065
6405
43096
14334
48900
3511
18193
13493
10533
44094
34835
43387
25674
3917
517
31008
23536
22101
35665
36024
25794
8271
37536
11118
26730
48510
12893
30590
13421
18915
18821
46913
33778
26245
18418
33265
44402
13466
48891
37723
37823
37522
5175
23837
43997
25101
29591
3740
31711
39234
20841
44962
47344
10986
21582
47020
41667
8132
7732
45938
49597
5995
44334
5199
15606
5618
30471
8085
9095
24628
41919
10043
17030
23224
44145
25022
38519
15800
40088
30633
5461
40733
44009
33968
8728
306
22776
49228
32324
40483
37731
3887
47874
19680
34349
4421
23236
14475
33812
40848
31802
10390
7482
25128
26900
19327
10347
31686
43316
33562
35442
48286
45945
37308
32843
34651
3739
33809
29909
17377
41902
14114
1356
13988
49544
4901
7791
13935
4265
43769
17038
44320
35125
35848
48179
48480
22856
5012
27269
49327
17775
4105
12924
30967
18512
18333
6226
36414
36511
47810
42368
22077
1062
39846
1675
15307
7139
10234
1182
39391
44244
18316
26146
30147
18951
43383
20246
39799
23736
39739
4389
15982
20539
40854
43385
3459
452
4514
16933
30587
10674
26632
32387
7384
18539
38745
19955
45037
20937
1283
48013
14725
27042
9514
47840
3120
46079
33532
31223
36968
39184
22980
38158
13334
45656
7861
31840
3481
21033
46841
6554
29736
6142
35030
39094
17989
19872
1158
26046
34906
33145
1129
38039
14418
9554
39314
19127
39431
29352
25870
45216
666
44103
15765
40400
6496
4284
45667
36115
48694
49369
43022
48288
12644
24938
44388
36725
2351
36808
34495
24050
14928
11394
32845
16235
41398
6118
38781
44020
18786
2706
952
27111
31751
22502
14472
12298
30064
1819
18902
9545
12443
19340
4887
18130
21480
12051
39116
42245
23672
38634
4577
20868
45593
26992
27395
9846
21278
19636
42050
38850
37576
31079
32458
13096
48984
16728
22651
10768
20325
899
11223
10610
16782
42937
23286
30746
11363
43505
11252
46279
9600
5113
5337
48388
15353
26917
22455
35480
39081
8069
13093
19201
5161
25123
707
32188
31129
7433
14654
28404
47830
21498
40874
7709
21316
2643
31477
48272
21035
1540
3785
24917
47706
23826
37682
16272
15086
44303
17714
20669
27300
10525
26261
9810
39595
40420
28907
18303
2007
23549
19486
40194
47301
29275
48501
38717
26627
22309
46744
6812
40526
26401
36509
49096
4614
37673
39505
37273
5939
49947
20277
22245
41795
20838
46412
11243
39653
5884
16819
45594
3928
8655
32471
16407
3710
33549
36758
3666
48538
26496
20185
48296
27914
47641
30980
42077
25054
19458
35110
48491
19594
40258
16924
19963
46083
39421
14360
23258
43947
9210
34738
33993
33354
49420
10642
11910
8917
12784
25298
11085
26727
44593
49814
43861
15561
42561
11507
23249
20837
21253
15152
45115
43561
27294
40922
46196
19799
36733
7704
25388
33533
48969
33017
19709
41539
15181
41865
4776
30364
33175
10873
47489
17358
17991
3057
4736
43341
4759
28675
49240
13083
39909
6296
41708
8179
31045
8782
26729
24413
27305
15663
10372
47421
8531
40773
14817
10313
10337
17357
11902
45549
21534
2128
20217
17416
36925
14346
45146
48593
15539
39975
23376
17716
10751
48908
37399
38205
40687
23573
6688
12020
16616
38657
1968
11381
26057
39382
33554
8761
11177
5237
36243
37652
8442
43282
13053
27044
10370
24000
27108
33996
24920
30534
48631
40277
4103
45897
12850
35141
46898
46394
4445
36770
12768
41783
4934
10659
43980
38271
17365
29268
43160
2071
35370
18139
20677
36309
13754
9868
43
42110
25320
28559
42722
34135
43509
35159
19105
5862
41695
34014
30408
17699
5176
43516
30717
19404
1736
21024
20996
12234
10023
41005
21394
19514
9159
37962
28042
2900
14112
8704
23962
36122
36555
38839
37141
19039
44974
4354
7278
22343
3533
13835
13995
47475
19621
1735
9290
17012
30485
49399
41826
43895
20248
9876
12618
26600
35150
832
16330
41147
27789
21315
26859
43353
1745
49583
45212
45067
16868
33684
17703
45597
25596
33228
22422
40970
19231
17112
32239
10524
20857
17063
17430
18115
23450
35791
43054
29398
23426
24777
49462
9633
31585
103
5928
16255
24716
28188
49581
46166
24332
43433
47502
1520
45641
44758
14858
48040
12867
48397
43821
33162
20211
3466
37070
42223
36992
12685
1133
47319
37170
44634
44467
27667
4939
17750
28721
25007
44099
39182
49978
6976
40550
3959
1942
28318
23774
6143
27833
45228
41206
32361
48237
36865
20111
28646
1818
17566
594
17470
20204
26669
7585
25418
19716
3994
31852
42259
15703
746
17026
43520
8062
4302
39447
44338
35855
29743
15597
36562
39164
1873
4640
38735
47366
31467
613
11239
28727
25003
18837
18004
11433
42638
39107
942
1115
49549
31068
4931
4898
23358
32164
21856
22589
38537
42176
4248
32730
18224
26044
12306
11596
48613
28414
963
39009
43859
15678
13169
31548
3960
40536
5652
48810
3039
24549
2202
31479
26470
33736
19067
17824
31109
30436
44819
37430
37051
15588
18964
2477
6116
4181
22230
42315
24874
49226
14382
47307
36085
13269
21337
48080
22686
22993
7472
37520
28706
35659
24864
27868
40312
45295
10480
48935
42859
2347
19063
41941
12708
41227
10618
19019
45221
23157
3223
34071
3071
34136
27442
37389
30771
38900
28936
43373
37218
15144
43317
39601
49468
46185
16758
20334
22373
12608
21490
4331
3211
27721
8109
45491
22864
26984
12226
15884
30783
46711
12053
10238
25840
48425
3957
30611
43839
23710
5181
5149
12481
34107
19445
12788
42611
23531
24771
23779
13914
40154
48208
26344
9879
212
40648
6993
40859
29002
46130
27418
34547
32632
21805
43086
45625
29878
3979
12525
9119
29721
24157
33645
16592
41770
12854
37570
45450
24105
10111
46661
41879
46145
48251
25316
30513
49860
28756
35988
6973
23786
2464
45715
14519
17287
2496
303
2729
46790
36395
9825
8395
12411
22485
40307
4908
45028
3379
24038
18518
35453
44843
36490
19911
36262
17542
46088
34985
31889
23330
2240
9560
11233
23285
37076
49698
11296
22054
8390
29464
4186
25885
47726
49451
7046
20866
4368
40574
44893
31040
16166
5898
6322
24729
32801
36327
41903
17513
45162
3866
26014
6505
39721
29471
27588
45759
31623
2855
10237
40044
7368
21123
32783
34975
26204
7779
27261
35012
2881
38295
5332
49344
1200
7442
7674
8612
17570
3637
24484
9256
2905
17652
4972
24135
18689
12785
5247
2608
15289
47805
5625
26933
48071
24344
1491
33302
36388
26379
38595
4603
24183
6934
43603
18827
29970
43812
11351
45754
47531
2360
14281
32881
17247
24733
48007
46447
26853
15560
19342
48171
48415
9781
13878
25435
8219
33240
31237
35615
15523
23499
10227
19635
32464
9559
5069
31546
12155
8998
42535
13242
40150
38294
26952
18444
20487
16468
12825
25725
354
17662
12594
32936
19848
18047
27496
16285
6596
42933
10389
516
15236
34346
29934
26549
13702
29958
24597
35151
33277
13721
10169
11188
12482
21414
12899
15592
6610
39677
36957
19602
12547
48806
13608
29548
18019
47194
16776
23814
33820
22938
38775
30853
18719
7842
35703
36286
12301
45142
44287
33746
21903
47718
5641
18233
33396
8906
37959
22983
23052
13658
38015
8899
42097
10641
21817
49982
23763
42539
22821
8171
37681
3427
47820
30063
12470
17739
172
17900
9391
4233
26883
44925
32733
9387
42806
8273
22491
2859
27197
12087
4700
41313
26564
45359
26733
2845
19765
13014
27241
5076
44561
4177
26797
22352
41066
16328
8181
49143
28685
22823
913
2160
32681
32427
16236
34941
988
38754
13569
34930
13774
6994
22278
15037
27664
9295
3746
529
21070
12677
27562
47067
35878
28093
49543
33487
25789
2963
16071
20871
49209
5186
45906
18985
40590
15931
45651
28839
41158
15898
1817
1458
26058
11190
17771
14865
18099
14641
10322
48254
8798
20329
48278
1087
18147
7327
49016
4613
5759
45446
36643
39161
34095
13816
48646
1956
3552
34151
10811
14048
29472
36296
31930
41484
10365
5348
41338
41874
28205
42249
1652
8777
5985
45011
27131
3281
6744
3835
4709
39536
47980
49691
24257
43003
7251
37920
22153
48463
32499
13388
49330
2127
332
11220
49031
5792
4553
29816
42194
12382
4669
5926
49128
8597
29717
6503
1126
13098
38023
22027
37176
1299
27419
3194
22677
31977
19670
36151
10450
27259
48839
2402
2497
39268
17643
26454
22956
1169
29651
37047
45422
28786
34096
37451
16829
10451
43451
40225
26231
12205
48430
25542
1648
248
32605
45392
24163
4428
6319
35210
44341
37373
3881
27323
39136
20843
9660
24739
4099
18162
43487
35794
34439
37729
17844
47071
22167
47523
20693
35176
9426
16199
49385
30443
25941
46498
24225
21380
15975
44685
10178
33948
3086
7202
17528
21
41836
21069
17046
18388
44640
26689
23624
35128
7277
30867
39763
28427
34749
6331
10229
6221
11106
9935
33654
47677
23314
35268
40371
42506
38533
34945
3833
18552
21556
31604
5856
38915
10181
18319
17262
22883
49081
26608
48160
29112
5916
9708
43699
14542
2277
26819
831
31550
25391
21352
16951
24377
6079
32135
36431
16187
43823
37513
48417
36225
1661
45633
10975
46950
6400
36426
526
16663
6285
14884
4264
685
47048
8145
16046
12055
10462
26990
43125
20999
21936
12797
37946
13561
5725
30411
48798
42812
33461
42912
1974
7923
38342
46630
10589
17068
6839
47087
13855
40782
11153
11274
793
39367
3585
1963
28743
7175
20668
41672
39186
1983
19446
9677
40326
41980
45269
25998
43138
48752
43711
26156
11924
27018
42569
39262
1879
6710
26823
47792
26131
27891
8356
9572
8547
35691
16387
38771
34257
8495
40639
31721
29551
1977
45627
48277
43694
502
8995
33095
33911
7752
16671
21545
5902
26705
10667
12178
18663
48997
19926
40219
13781
9331
15369
9336
21435
29225
11930
26012
22157
6025
9280
22450
39299
19884
12036
14478
26238
44635
194
20830
10139
32580
13150
30851
24198
34940
22133
32507
42926
22249
34560
8095
15995
37721
16714
44921
47002
4807
48808
12510
38967
28185
19644
38095
2998
27074
40623
11733
11073
11727
46528
8827
8267
43499
30516
8903
47936
22123
36379
37226
13030
32325
43966
27818
46381
21832
40324
6092
4278
40642
30551
30354
1482
32884
26877
47654
4422
44415
28125
11821
41442
34882
47833
40153
27885
33036
7836
27680
11410
35570
39179
19564
1395
13379
11757
24450
36341
33094
16752
22719
6134
8142
45714
15269
48834
20371
44983
33047
92
40908
44383
36615
47604
41247
8753
35186
33083
15020
42829
9407
32467
16022
41230
42396
8771
8727
40740
39416
12842
43472
34471
36750
28102
34583
27952
43600
41753
26502
44772
20565
33922
8178
38423
28173
47425
29246
11265
8153
24999
38157
47806
30012
11627
37975
9035
35910
33250
9378
37180
44041
8080
32575
27162
20073
35175
31124
41578
33759
4269
14664
10608
36779
40404
27392
25365
25540
48416
39448
26019
46241
31239
7124
20855
12071
34854
42686
24370
47664
17961
13158
9169
24253
20091
4737
38862
16699
30882
20641
684
5475
25376
18970
20262
22300
47917
8935
27849
40637
32828
39423
22178
14184
34656
43754
38853
28781
8530
34639
19412
36008
47250
21425
13
48247
5310
38138
28272
25453
9731
47265
45778
44336
5538
37156
9646
32363
6104
39635
35964
28931
11065
41480
28385
6604
24685
44564
9176
13740
49364
20453
33551
4223
14353
12774
30503
5871
498
30151
4962
20418
18978
2939
41555
26347
21112
15585
885
40368
23346
47334
12095
24555
13422
18609
11692
36950
14054
1659
27593
45849
45065
28829
35350
42502
28833
32007
24146
28682
33748
21284
29627
41471
18791
49567
7736
3531
42458
40235
2184
14603
508
32608
12
10625
20851
38251
18787
41790
40029
13817
32073
27579
39100
49470
28635
40651
19573
6820
8924
34599
21502
1698
862
3305
5974
11492
19152
16683
22353
43557
27745
33622
17376
28524
33653
27214
34042
35098
756
2295
42275
44463
35191
23538
16651
19743
41534
39663
49487
16012
31379
33535
18747
41156
21933
41901
11329
31702
48804
7863
23284
31398
47545
26762
9069
27487
49151
27187
39612
12153
46400
3896
12461
35587
47661
25426
29644
47436
27668
13235
9139
17156
39775
8343
12194
35102
42477
48238
23343
38581
46605
23852
34241
2619
24348
34645
6341
40015
5372
10167
29347
16491
47959
32732
9853
13256
42499
7564
28510
5469
37872
27600
16204
47413
21345
16322
33099
13363
44131
23827
35228
34109
27454
31674
9613
20730
8585
2423
33011
4403
14568
4852
48300
11057
41600
13573
10877
5769
38369
34744
48519
17455
48667
3894
32928
12287
20497
11115
15811
21371
13624
21871
10270
49973
45284
3371
41207
43804
25872
25267
17653
15125
9250
36392
31761
39291
11736
27746
20652
28126
17747
1083
2975
44770
43190
11802
46707
18932
19612
15334
6765
18260
20086
7031
11150
47243
1297
25033
6963
5537
24192
20772
17126
44295
19183
28667
44754
12951
6344
17397
9114
43876
21438
12069
12144
20372
10485
30146
40977
21168
50
23293
40246
482
4632
38535
12686
1973
29621
3296
48785
37364
36600
44584
25556
0
18102
40715
40836
2025
45009
20051
9421
17822
3141
19729
35116
13353
40850
18493
25730
43563
45215
24045
45797
49579
28970
35658
3849
2050
1335
9031
18576
9343
38241
29834
32385
33155
39769
29628
29357
36146
34301
36507
25155
17485
47688
22376
28026
10042
2193
5845
11240
811
12344
18899
20809
29037
6101
49315
40087
23987
3221
5466
37284
43521
47471
37558
46864
33877
3357
30885
16518
43106
48691
20015
32850
11380
24267
30758
34263
10310
23622
12772
45636
5067
47192
46100
11668
2735
32888
10303
8544
38212
24832
7052
25196
41111
10222
20581
40047
34788
12613
49783
44666
19357
13024
5943
39208
48822
41117
33837
4966
7183
4399
6389
31169
25384
19523
47468
29616
32673
4958
46137
38551
40211
27687
13377
27968
9688
17381
9239
35326
48783
6810
33781
8956
18574
9576
23926
9105
11665
47361
33000
19302
46743
43224
43464
35018
9961
10117
13788
9066
10632
6631
32129
2624
17502
27363
2621
44529
39486
38072
19914
23761
49570
44180
3406
5599
6413
20874
21854
9573
42560
8519
44144
22384
32862
42395
2535
9925
13496
4885
29135
17045
17491
16394
20994
20610
49414
15600
43236
26915
48695
40045
33198
13823
28066
12399
41947
49796
11417
37082
11440
26710
38930
49195
14560
6218
36771
12278
43974
2448
14554
7887
27201
29106
9505
18722
29887
5333
9022
8280
28822
22208
34695
17392
48483
22314
42188
18506
31750
21529
48408
7730
33905
34842
30350
47064
29952
24292
12009
6572
38763
2020
36300
43934
31365
31454
24359
47308
46020
44376
48371
18855
28827
45388
11981
29859
9973
27361
26301
32963
14992
32611
17150
34175
24113
31706
12064
23484
39581
32481
22683
15736
2811
36371
49180
26963
23091
41796
34982
14033
14419
46438
43089
22680
38216
30432
20784
4229
8747
47143
5760
17686
10881
9332
20067
5334
8313
29639
30200
28564
16274
12381
43889
28506
38879
17957
22669
11128
3750
36739
20411
2523
7783
38442
37638
20355
11308
10012
1820
46687
32852
63
23300
42280
25483
41155
43996
28469
44788
34393
40926
43598
49027
25854
10921
11640
42909
16678
48877
25912
9508
10584
25051
13133
5773
40295
42633
22366
26763
7426
39754
32202
44587
41801
20373
35892
25637
43014
22085
25116
13234
8642
28271
34750
23186
24264
43197
43187
13517
42825
49496
4370
34073
26656
16793
16522
5771
1610
44279
5286
21355
46050
20013
32305
43124
19108
4643
22739
39015
5775
30190
1666
14515
15512
47408
6522
1412
183
28477
31337
49851
24931
27069
48586
22466
7260
48568
33755
33689
1220
29424
15421
4221
4326
47367
40691
1546
11508
17656
31904
23065
23951
17201
5426
18887
1093
2344
17246
15191
29776
13923
25980
39643
17439
48735
47816
6977
9988
21028
47823
8971
30339
40275
27907
2381
19171
26105
4405
40858
32166
10248
18677
4377
42081
13141
34044
28505
38545
4440
3633
14457
6068
18468
49423
49036
44993
41741
19406
4774
45005
7424
45637
19253
5660
20618
19143
42076
36711
45691
29107
29534
38296
44186
35194
876
27170
49534
28059
12503
40091
47599
17503
4662
9812
12074
42641
15331
29028
20800
47800
1202
47017
17497
10880
13584
11898
49319
34825
46562
27091
29665
12346
46888
47198
16479
33413
3794
5809
44141
11783
13982
2720
29296
33484
5359
3336
32441
25731
38373
45051
19301
18013
19206
1939
18405
48130
28442
6822
19948
22578
29632
15111
18317
36048
20221
43748
48021
27763
16575
38560
17333
44710
22824
46243
35264
45436
19920
31929
12035
31431
15486
23768
588
16972
37930
12770
1411
2609
45823
30502
11436
25923
6914
40285
27594
12408
841
19582
11967
26548
37466
48082
33934
44422
37724
43293
26189
33048
33878
40579
32528
46775
18032
15554
11878
27622
33338
27287
40445
5463
17062
27028
6989
30828
9436
48454
43919
2913
1527
29994
770
24595
49672
13651
45150
24588
10249
34330
12061
28494
14973
47546
48848
36990
44696
48143
11639
18328
43239
28643
33186
34704
14823
37455
40737
18894
14902
28040
16606
49476
35558
39887
3014
3916
49560
25981
49478
46953
47246
15754
17823
3733
8801
27913
23456
16477
47760
1320
41559
36465
48650
23640
25764
7351
5646
28319
47945
41042
19322
759
47508
12290
49898
30108
43272
38919
22175
24676
28091
23991
16781
10692
6620
34117
16403
44720
24411
41286
29883
18940
41653
8025
31208
46860
14074
33915
4196
19825
16889
15384
13140
29852
5663
12285
26590
47860
5981
42497
25895
18151
3485
4404
5558
39472
33215
31393
22009
29704
49880
49257
26573
30311
41441
27812
7304
25283
21624
28360
29226
15681
19896
8122
11611
21555
48919
36597
10544
34885
26291
24796
10006
30213
42609
49359
41332
33846
25339
12865
38851
4363
37856
25340
46043
9733
25378
41406
44869
36054
22218
44029
16884
16800
32349
25778
24586
40205
45830
29888
24031
14583
36982
3326
28487
16115
5422
37392
23163
22995
8099
42012
37118
43171
16718
15891
34691
835
1535
46033
24465
41633
35968
20501
2775
29245
8678
12431
47773
33342
13839
37297
14413
2531
19614
34876
44610
27819
44493
31716
29210
40042
15074
7356
10758
8532
32475
38340
2725
37927
38587
1058
12128
41933
7552
44791
16803
5848
32689
853
38114
1834
40497
1434
8329
48924
36584
29670
11868
36803
10755
16119
2748
49095
28991
32211
11761
7805
13681
23595
37395
43864
29077
34778
49694
45624
36291
39592
41012
24277
21587
17888
38045
44351
5407
44128
14600
29116
3231
18810
46399
13991
30557
36383
36282
26831
49321
540
29250
28753
12508
19941
8546
8590
9852
12140
29007
29083
16219
41190
39929
4678
3875
47362
26037
15542
10233
33197
41696
45024
3768
13871
48378
39079
37657
17220
40831
31521
5218
34688
10062
11536
23028
15137
2169
27990
4806
12404
20604
4944
2
40758
46396
25098
35287
3276
20030
28183
24935
870
34152
3578
12170
26880
341
38905
17213
33258
49060
4645
37707
15832
42528
34973
21683
5805
40912
10490
35129
23422
22831
600
26140
15828
38151
7534
25209
23799
42044
32045
30518
29043
43168
26719
4182
4795
14032
36433
33151
352
47289
30097
5540
46862
29184
5380
26906
34972
30247
35062
11149
1048
47395
41349
9673
30244
12834
17308
21294
11366
24473
2406
11856
10619
44242
13058
45810
44776
6736
18410
10801
6683
16591
37767
49867
17187
40054
10021
41198
15558
31873
11360
23723
42220
47543
7962
24007
21087
6650
15041
30369
35269
20764
18171
16563
22796
13487
18343
12066
315
41289
36659
3330
13549
27931
46306
6560
26683
49794
27881
31400
7788
12196
35454
42716
27437
3124
30646
24380
1894
30295
21486
49460
9253
12710
42789
12328
29190
6001
21619
33716
37819
45408
14242
10687
39435
8461
27138
26508
30954
10542
31430
8664
12576
43119
17162
28642
45189
11221
1150
45003
14348
18731
29584
3002
31438
39879
19897
17630
23582
11671
9921
5593
7710
10919
44686
35367
13274
16381
44471
14847
11826
45020
33785
15200
30999
34182
8426
34511
12742
35402
45226
16703
44715
16400
18822
30752
23077
31338
41284
5227
49689
13802
29387
39071
17798
46473
46679
4427
12307
789
40595
39981
30871
16504
2640
19784
11637
46948
12875
49824
25211
14998
36988
21581
5112
29208
33959
23694
4446
40146
49861
32987
28043
10802
41192
28820
2787
283
3035
44127
49998
16478
36169
13436
48817
48059
29131
14049
32725
8072
38896
42870
27618
32328
49857
30973
32646
43923
43066
41779
48754
13442
45539
14651
30016
21525
15083
27729
27303
34713
27737
3264
18593
31284
32490
36233
22541
1373
42788
17555
41468
35706
28608
1067
364
11342
1635
21165
45454
44884
1325
5315
42371
13905
36421
12623
16336
38527
22676
23966
47280
25109
40280
36237
19333
9784
35298
48380
43647
36683
18627
19539
39044
5858
14601
19813
48855
25657
38803
39047
11676
43153
1330
16096
13785
10247
41632
4024
38579
29713
30175
16197
14952
5256
28719
19036
19377
3473
3635
2628
2205
7675
41417
25858
33839
11701
29490
17117
32242
5793
41115
2644
47442
46618
9076
49948
14323
42121
43429
26306
42035
31497
12712
45800
21241
36107
32741
40173
35504
33005
40630
22708
44350
9942
32803
33435
42660
44398
15926
1233
32369
919
47244
35103
19247
37254
20636
13647
37788
11937
24488
42680
16738
33772
5519
21342
39031
29559
38810
7929
5865
35491
34774
3765
11978
26397
36022
45626
34622
21551
37348
1198
8359
14445
35345
29273
9047
38400
28278
1059
6980
4192
13626
30041
45863
13708
5478
37484
12819
13478
32644
4598
6051
42782
39194
41090
5726
12310
751
39073
28401
15404
40291
45198
23570
49845
9422
218
41663
485
44882
19471
8474
2844
29733
20203
22493
34845
46466
42675
42618
12054
38060
22122
15900
1430
49892
20555
15531
25462
18694
32795
22179
28013
45853
16932
36805
46593
29228
27494
5312
23267
21547
9412
9621
31841
15641
30476
27381
27024
2819
34792
1877
35378
10785
44368
30748
18122
7581
35826
28321
48816
30881
8261
3048
41382
44949
11355
7681
46271
47428
34734
7936
12286
38642
6925
10929
31368
9522
3233
45881
1140
27182
42807
36294
3332
1383
22741
26811
7207
25598
13882
36944
36361
28389
49525
49552
40984
35368
5993
39463
35190
13055
2415
49792
45110
3892
23026
37417
17514
1168
9301
37207
26505
3091
3213
3819
48107
47685
35247
35387
8034
1091
786
2401
42306
4323
7615
20612
23804
24520
2457
8825
25443
28489
23457
8984
37905
22184
22900
39271
12116
28292
9927
44270
28237
14234
48373
10510
36145
24207
16028
22045
35144
11774
19197
6735
41592
17484
24966
20081
22071
4273
46674
39676
40346
10087
29577
8577
19235
10122
13374
31228
37753
29234
7583
44569
19281
43023
40603
4503
1836
10099
42745
13036
11514
23802
46182
4525
31490
39057
16253
14000
8853
44745
46925
25145
26394
17625
31287
16378
6372
28512
17805
15303
34416
42213
7088
46531
38303
46892
25728
4551
1151
9650
34421
22389
40677
9402
35816
4920
11517
41088
22049
45828
21466
28167
48241
32543
17972
14931
21627
14572
3814
26123
29731
21860
30588
10414
12227
47233
17580
32670
49566
25627
5099
26295
39851
2715
41293
32576
47748
38117
12634
40016
37601
19148
41167
31191
12175
32906
46147
7902
12609
1839
46995
12741
7059
24571
49388
11980
43480
11762
1858
5021
15607
23025
2235
21211
719
38556
3642
47373
44865
16470
470
40665
42347
45791
44649
42156
9217
1994
6185
21245
40770
1523
1340
31605
31530
29433
4390
37915
25
4846
8492
33901
18579
20568
32057
10498
22736
16636
34284
10595
41055
18067
24642
39566
46483
35484
35418
14071
25348
26521
22857
49522
20739
46928
36881
9764
42162
49661
46472
28294
36217
29734
5103
22898
24678
22538
24466
48842
21662
10350
9384
42628
21900
25463
12281
21622
23004
43087
5470
14633
11721
23958
25302
9245
26313
47798
13631
15270
24879
8795
4210
11001
15627
31843
4960
45277
26398
33129
25268
17951
32917
31095
8117
158
36406
45304
32991
40220
28177
22402
23517
30820
3471
5194
18361
38438
15019
37331
10725
1904
12828
6056
3075
25617
36052
15253
22270
15928
23989
49356
32737
12156
43770
41501
32453
41727
46978
34769
23277
34425
29073
12632
39480
36047
12193
49402
12338
7967
28209
16688
4862
5169
12102
4123
43965
43130
24335
20079
44055
45353
12823
37865
29643
12076
43370
14562
49017
40070
27410
37092
33058
12152
47529
48527
8342
6329
9363
42148
27155
4127
18730
3021
27601
39230
23872
25835
9493
15547
10354
28731
34113
40314
27870
14129
20805
33158
42462
47741
13849
43916
25004
33669
28762
43987
17577
27330
41347
13281
9135
35552
37555
9401
29459
44782
41581
32169
41523
2891
30825
62
34008
518
3247
8826
21596
21042
36338
12918
19110
5474
18833
22090
15589
34757
42604
10812
13336
32313
2326
11031
11326
41699
36893
27730
1128
48607
30764
15423
29739
29227
27195
42763
49099
31373
43012
36099
35898
33191
14526
33179
6889
26419
42661
3574
7557
34864
23876
522
11915
31071
35476
36381
20288
21885
1408
43444
7826
32218
35699
39381
12231
14990
17893
8158
33852
41302
3631
38847
28539
33126
14706
4625
2465
38895
4847
25197
30838
49866
14432
10488
16075
45440
12048
24593
23263
32844
26153
21616
39917
15266
18453
34449
40561
6594
44462
27432
44019
14548
2167
42452
28977
34916
36774
13872
31214
17137
48590
38882
2027
34694
6434
42320
9923
48144
9474
43833
38852
48367
47047
1814
48148
15706
10777
29556
4014
44946
478
20368
477
30212
18239
422
39520
45455
16073
16717
12225
38088
13295
20033
24186
14023
47881
25032
5003
11624
26330
29587
21393
34231
42141
34077
578
14134
26387
21612
23143
13367
24505
10092
5866
37243
22325
47304
34534
34736
42254
30096
21004
214
7975
47175
9638
34253
39020
5561
19030
10899
38635
27051
34401
32240
11103
33659
42712
18341
1510
24992
14307
49791
22640
38858
3049
49817
42021
4185
15846
30870
21810
15035
37749
1313
48672
45204
2893
39253
23749
6616
28201
22332
7455
8143
9703
19487
9694
11107
5082
4971
35954
39132
37419
661
1844
14540
23628
4822
1616
47728
39747
37306
19923
30612
47011
18953
3886
42622
5061
33426
26679
42504
44817
24498
8476
32170
46445
11225
47791
21821
3066
39630
17619
11377
26100
20967
49300
47311
12077
16954
8
14906
14195
38934
33621
4718
8679
2045
46364
5567
49781
17746
9198
4783
6971
21759
4864
42673
46651
48936
45360
39074
27374
5958
35879
13111
31496
43303
41988
16161
17992
39487
42261
46401
21569
25081
27120
20798
22743
21006
28527
48390
47603
2925
44943
33213
2404
25832
13145
38815
48709
21862
44134
35237
38747
12312
2934
18176
15489
9804
16321
4687
7012
38576
6452
21578
19847
21467
10615
29960
24825
22487
13713
45508
35620
33368
46719
32134
27974
21976
6801
7451
26385
30683
4500
12088
24389
33727
14761
36515
16337
1518
44259
11604
19242
17970
40138
29318
1804
9174
45799
10005
35330
16442
19094
11845
20521
37929
42500
39826
5001
34771
25354
19541
15527
31861
10989
37292
43785
39922
44533
11698
19214
49280
48269
21036
29871
22661
3655
44293
42962
6844
29966
46477
21407
33378
20986
19611
37503
29517
35280
49026
19374
26142
48234
44181
1084
14961
26533
26609
19270
23598
3825
6281
22716
2026
7115
39666
8540
24878
28265
2981
24177
23086
15718
25176
42487
47101
47691
36377
49259
22395
11063
48617
7081
29853
35819
24464
2911
23556
44945
5933
12994
14882
122
10864
8029
43642
20966
27598
21703
21930
13147
2449
5401
12679
29076
2987
761
19443
47570
48545
43668
42199
39517
45874
27033
48035
20969
13969
25290
14056
38451
36876
38113
45896
29317
28089
17339
13271
23413
39607
29557
26416
26804
42294
44504
42404
25342
26959
2778
19883
10460
35912
10721
9150
6063
48312
43059
37549
28837
18771
49357
9012
44571
24212
46226
45498
15416
35742
45275
42316
17023
36706
16779
11136
4107
16142
35011
10145
14085
48687
19952
12516
1396
27196
33059
13152
39829
23756
36662
46990
15883
18188
25218
16766
27245
23810
8868
15070
42149
14881
66
25845
28947
12872
36332
44841
14123
34024
1287
43078
18296
5764
46248
47060
46317
43576
49563
39956
25345
24868
25563
21963
27288
43314
20606
43351
22761
15868
49088
1622
39993
34410
47892
19363
30573
7517
29108
25932
39175
8094
31227
38240
44766
46799
40244
32174
32904
10813
22387
12802
48443
901
26920
44862
49863
14250
14254
43170
38135
20988
7757
6139
31488
10917
42524
34697
33445
605
25347
35711
17128
33691
28891
8243
31801
476
18995
21734
11268
17659
48899
527
14877
47612
12385
44566
29715
7101
1443
45918
47207
23372
48542
42003
4967
44394
29176
45196
43322
10787
32101
22762
30298
45167
36937
34052
49539
5336
1710
42166
11010
17606
40051
40487
40943
41627
44363
5451
44328
1211
32974
37121
32274
17629
44851
28704
929
22159
41212
9903
23033
24640
16582
46453
29657
32583
46329
19828
33422
21526
29468
31089
30226
36175
33756
14253
38591
35684
21543
19544
1426
30044
6948
7500
13481
24119
35654
9855
4300
31762
4915
2569
752
45358
24677
14271
25562
14869
27853
31823
31461
35082
4627
16465
44075
26307
32034
29971
30643
44557
21034
41620
45344
7206
6676
46385
43850
8263
41296
12401
12261
45076
16266
33388
42838
38247
13723
14163
10860
28697
33004
12426
8206
17074
48316
1438
44052
26
12838
41476
16554
16961
33658
5205
35154
38910
23740
109
40964
14883
5611
33792
43955
20742
35538
24706
13226
1384
32926
31856
33497
6395
43599
18097
14375
25097
33769
16579
42451
16959
3015
28531
42923
47670
6675
1854
15294
35522
3545
26294
9334
28617
28923
5622
695
40063
29596
14024
12462
42491
2006
17168
38780
49625
22679
27889
3007
2708
1554
14282
27623
9425
842
36926
8191
11655
25956
16756
47309
33318
9532
41105
35459
23897
25493
19642
48467
39360
23158
14310
2386
11117
2252
18588
24142
31905
34029
35044
44980
38987
31426
10224
44464
40393
10172
37906
16805
16996
32052
4419
15862
17856
35397
12237
26102
27754
18924
38137
19688
27298
13469
10843
44155
9721
43760
4016
27525
48365
36305
41965
43052
9776
9453
15159
38695
8817
25498
11622
10204
21968
49029
27697
3890
48142
16987
718
18175
25040
23839
42809
1394
22191
26751
27676
2210
36486
40057
35913
26292
31371
44289
46686
32225
40673
35475
28996
37925
25282
6214
25050
35389
18411
3880
3688
29066
17676
2534
29404
38542
34361
23048
858
43061
13904
10244
33287
35067
19894
22960
27460
20761
49237
19258
8207
25644
45713
2095
31682
37704
16979
48831
48843
31708
11607
45752
47822
3268
23557
19951
6387
25028
15712
23653
29069
46061
12540
17693
42656
23742
26483
9617
36464
49618
5825
40591
27321
37838
35610
35438
39749
10955
8500
49438
21016
43025
21708
17094
2455
15805
29612
18860
44476
37261
39450
45390
16177
32693
35616
10750
38403
30897
24506
14012
34839
16821
30440
34548
30208
26183
39531
30713
41409
40480
11598
47205
12665
48043
46512
15543
39797
28544
5905
16036
19149
14853
47440
6253
16798
40405
9700
30493
15869
36878
47507
27977
37948
22731
41236
10771
47113
9901
23914
1041
29708
40669
28403
38397
7134
16598
37054
36360
26475
27887
43449
40641
35182
34404
33263
4711
39849
46886
3394
28222
42917
17965
30730
17506
39513
8250
10575
4457
17475
11894
47423
11588
4981
45792
11052
19938
2018
9746
11776
25924
30722
11673
41703
24393
11491
19856
26624
20243
11931
40435
38813
6326
15564
9144
32223
21074
45749
24382
7793
6546
22017
42066
40242
32747
46702
20157
2241
19047
44636
36894
46122
26386
13979
1841
34636
15841
17255
6984
2231
17245
27584
17478
42993
47228
25446
23281
7056
18441
1098
4917
30319
11871
22293
37337
3341
16783
31698
26557
47781
34296
17154
31888
25061
12500
24679
30868
14974
19213
3293
26837
45364
36809
24171
41719
46390
35207
24134
29999
44810
36698
23429
1615
30787
44735
41020
32770
47273
48136
883
37150
1783
4142
257
9414
13453
31268
35551
4595
32348
44271
2879
5525
35433
39297
10815
48747
43313
32011
11593
34625
40260
26085
48844
20114
10300
16289
43202
48187
12729
8555
4773
24467
19459
42370
44473
8975
18285
12171
20315
44012
8218
17173
11468
45923
38788
47487
38236
1419
48737
38204
1366
14714
18950
2480
4322
40931
27175
24766
4193
29084
46624
46851
18269
12694
33146
7701
33475
41785
40849
17764
7576
5790
41343
4933
20326
33057
48581
1135
32095
142
49002
32816
32946
8839
3747
11745
20396
19219
32887
33042
45833
48025
27248
5417
22344
38597
32519
47572
17025
31906
9720
34021
40498
12150
18594
17402
39209
8670
16723
21404
23095
8198
29701
41967
15285
27505
37383
5320
29035
4666
6792
1045
28514
22170
15893
14642
2649
24074
29842
39451
23925
45259
19801
35314
48904
48514
36039
29908
39949
29724
13928
49277
14610
10501
33246
1068
3099
2766
8526
19603
12229
1119
26552
48261
43802
26897
12018
7612
46484
47807
33757
3240
45250
20678
36913
14503
46074
34180
42974
22598
880
49465
22186
39152
46428
33600
14386
17109
17490
8174
27642
25341
10364
13752
31087
37759
36015
10515
26175
15098
9626
41389
33505
9604
39992
12662
25499
48953
30617
3654
46286
9884
14061
5948
13975
23957
7156
5584
35004
16762
41290
46849
45449
9972
19376
26635
43158
46289
6686
12728
20019
14680
6896
44716
2137
21568
25013
7048
43489
22024
45582
15168
24333
36124
41554
47666
1660
15438
20267
48303
24059
45914
1495
32176
3626
49519
28351
38156
20168
16865
16827
23127
11842
7846
46225
21121
19862
13360
6840
37824
38622
43751
13179
49446
40640
48019
22755
37740
30977
10512
43948
19671
46458
11148
5369
29419
9039
34313
37166
37733
32210
2283
35757
18533
31898
839
1727
15240
10828
21942
9113
32020
28610
24236
37159
38990
42827
8290
1268
29015
42986
33384
38486
20369
27683
15520
25796
39371
3421
1379
39033
34289
4154
19141
40141
48850
12238
19902
42061
31832
20607
33730
27771
12254
31671
37785
6240
26724
33260
9771
15428
1090
9729
48207
6895
14874
15707
1388
46430
39269
47517
13529
8810
32958
1948
27016
6589
3843
2430
17160
18445
22654
41873
13369
28317
43091
48159
26629
11642
436
37264
30469
40108
10415
11232
21623
13219
23000
3398
46619
7359
27866
24820
30824
48372
19535
5352
32160
4493
39178
11335
14896
18238
17421
22602
39321
30684
15690
30461
15304
40855
26676
9963
5787
13643
26919
25344
10251
46068
29751
11080
31638
524
39124
49561
35644
612
16733
27263
15965
29188
26610
38559
29836
991
46357
48792
17931
19388
37407
41915
7795
1863
39608
24287
28021
44311
46086
32772
31808
46379
40340
45552
31404
30065
29348
13546
36796
47086
6826
48163
46054
14745
49613
30018
31001
989
47700
19696
39115
4970
5477
38198
18657
26765
36043
8100
43037
36814
27992
32259
46437
22549
36365
9922
8447
892
41986
49233
30183
23231
32835
24278
48379
42197
21710
46636
10511
36594
13028
45684
25490
45357
43031
8259
44372
32586
22248
39877
30460
15808
17510
20862
45336
26141
29000
3990
2407
8211
21388
25841
6969
33163
33138
38248
6181
24873
20883
14690
26889
43109
12925
356
17136
34023
22423
42
14179
20318
30302
31272
15173
28875
46720
23058
10411
37300
36801
25494
38346
27411
43819
27135
61
865
43164
20584
27835
1030
26725
28234
7270
3939
35309
4664
36692
24378
11567
26754
11589
40645
7780
15739
32434
28452
36532
7004
38914
28269
44480
48089
17364
32220
48450
9889
20675
38489
23686
37164
2651
43794
7373
30894
8278
17707
34821
29803
405
37002
34508
6899
2113
17726
17866
24606
44427
10068
39518
6469
19491
7516
42546
34509
2245
16513
31960
48411
20828
22302
49629
12135
26857
3159
14795
35149
16129
38180
31484
37278
4624
44126
19975
15669
13743
40872
17034
26718
48195
31936
40566
15723
14196
3956
19267
8710
35045
11758
10138
19861
9208
30942
39844
5828
26359
28511
14462
43648
29164
19353
5991
42243
16188
33938
22732
49577
5013
40434
48561
28098
30114
22242
39159
9933
19175
9701
29280
12732
2432
40148
8393
11244
34006
13086
24626
24910
27012
5228
43564
314
35967
20195
18323
20145
37919
20927
20589
44062
2808
10901
42211
17834
10888
43788
7868
39181
31058
28290
35950
13464
4001
44954
20335
49619
29335
15465
35554
2214
6835
16031
13214
48635
41772
4220
18905
40428
11279
13196
19461
38163
16901
43032
176
8602
47617
8347
32965
25935
12296
26604
39875
39337
9033
28227
12633
11765
18401
9581
22158
5697
24638
13127
26405
14160
13484
33282
20231
48756
23488
14069
3630
499
12235
39989
1960
39708
6957
961
47563
27526
45806
38452
45201
740
4151
36239
38010
47356
18084
931
49340
28869
29794
13333
15029
17115
44646
18186
18373
28283
10850
12884
30987
20148
45456
41685
43027
26633
28940
40761
23493
13984
33357
28361
14290
48751
46906
42517
34274
38148
14695
12640
43360
3672
6681
25261
16708
13519
36235
25594
39674
48410
33590
40987
5708
44136
3064
697
40806
8362
14830
33071
37571
12830
48391
7957
30241
36754
10257
1747
32552
30837
22850
16408
31748
3359
35025
13335
14227
6262
32929
33249
2500
27935
39281
30948
19107
43203
46954
14448
17722
3507
38272
40147
29111
3568
30184
9310
22276
6811
7227
20179
32320
33599
36838
48281
35171
30997
34200
43506
23385
44623
29671
19704
17080
45502
46984
47103
2451
35911
38696
48133
42925
12415
24711
45670
23928
25065
47996
334
23044
14110
36204
33355
10266
11042
43527
11926
12862
6849
7135
44482
37488
47888
49688
23782
11888
41074
598
33842
44648
21957
22648
40710
19407
18900
16481
46034
12528
13314
18792
17093
13259
19352
38245
13345
41173
5272
1712
26841
970
25014
39309
44063
31194
6286
33595
20586
33494
28239
41833
7682
49695
5406
24793
40791
20752
34476
17548
48319
24928
33871
4600
46292
43173
29585
1726
27873
49540
29248
35869
46228
15332
34325
728
25592
27694
15668
14131
36334
30007
22014
43986
7216
10044
24975
8898
6042
778
44631
24550
4777
13739
4303
12953
5570
14606
43779
8208
38984
31185
18503
25359
37424
17428
19999
18009
37394
31805
49207
39758
14367
39526
33575
1009
44514
18334
11458
49580
35184
6782
38860
17838
4559
4003
21672
30601
27867
2871
36666
12954
8071
19710
33450
8908
9822
34458
46342
25857
41572
43405
36495
21191
6881
38002
21229
41151
19540
9664
8819
8317
30632
27066
2902
5666
8594
9433
10573
45774
31304
7702
35349
37349
1808
39897
28687
21719
37397
29168
41729
36095
44220
6053
3470
36418
30150
19451
30088
17257
6278
25572
43028
30394
21558
1331
2752
4366
32376
3226
35078
31744
1717
39761
30944
26791
12011
14979
19882
42714
25427
8433
12013
42419
34356
10539
48174
226
37059
45343
29446
28296
43613
40756
43678
18994
12268
6014
37422
18085
35942
11743
42591
7543
7879
8787
26185
19913
3070
48610
38795
26989
6825
16339
24492
39873
1141
40027
2116
38317
9366
10056
21003
22756
36622
36903
13049
8588
36775
22764
42762
12649
4948
3225
2085
31263
28634
27054
21827
19391
34857
38928
8788
8453
38651
21030
14832
2058
48212
18325
8653
18742
349
5694
19990
27193
42707
4606
23850
9080
39683
33084
43492
27072
45451
41573
21751
18423
12272
946
31658
11555
7844
13246
26348
31578
34307
10797
22572
45850
118
24602
18161
32716
33381
24039
19324
37953
34089
33620
25034
48016
40884
8237
22319
24704
13371
27738
47159
45952
37693
23355
32375
36763
34745
4290
44886
7979
25180
36705
16754
7658
1548
134
37065
30566
24290
46312
23658
38464
13831
41591
21391
34997
38960
38998
35710
6416
2938
7559
7150
49989
44285
39880
43497
37635
6828
43306
28390
31656
5619
15938
44876
25001
32639
24406
89
12572
39615
7058
22829
7515
46548
37425
39811
24436
45335
34060
45287
26371
24067
44445
5721
30958
45246
748
9023
20327
36386
43251
23409
29331
15344
7001
44315
20770
39955
31361
4667
31464
1962
7864
37453
15937
34634
18129
14143
29157
13398
633
38021
38877
26310
615
15188
28418
32778
110
16365
36355
547
47978
48795
574
1856
48493
23817
13848
1576
27703
23856
20113
5244
39198
24403
22652
5922
49710
11155
25516
39619
49094
16249
19905
6152
24978
5268
15089
11462
15021
21495
47530
39022
25366
47904
26234
20803
46585
17035
19048
5288
12081
40082
7540
41282
7845
39723
11958
36541
40953
39247
25683
49235
44054
37853
21427
2525
6983
47778
23345
18982
17138
34049
7137
34347
37145
17483
46060
44684
24246
26922
24791
32132
1848
32444
44873
44821
39255
42116
19398
26391
39636
13860
37566
37831
37448
39786
37978
5521
41023
19641
8859
26286
15768
21837
44240
2387
24330
49341
22476
31612
13946
19100
22754
3314
32378
17861
7945
35571
24807
33398
27232
46829
7735
41544
47137
21134
42474
43030
28638
42580
8623
21040
31634
10796
32395
5250
23796
46865
18492
15915
49879
45859
33420
24228
40038
3498
44486
37478
13148
33480
24625
27103
21107
7109
15385
9351
44849
41125
37778
14267
12569
25420
49467
27490
24042
46380
46232
6217
8241
1007
12752
6111
10793
15251
32397
15583
400
3675
23577
40802
30831
30523
6682
4249
9220
23251
41547
43347
28138
22787
40157
7180
8524
983
16516
22873
20297
4299
46878
24914
46446
33152
15699
35148
31348
26732
18842
16927
43727
41978
24281
18589
38553
1689
31943
46323
2590
7913
35305
14376
6483
27010
6884
27872
15446
5990
7406
38218
42508
28835
22163
26389
2904
33219
44546
30716
13868
27783
8742
35347
8515
49236
45816
17066
38174
31007
16426
48888
8901
6802
19966
21765
25379
45673
10274
44911
6680
30148
1833
966
13917
45313
24489
42115
12910
37442
49697
34407
26431
18942
34019
18025
28020
23440
10261
11140
26981
38646
629
5200
30269
16039
39863
41505
28626
35511
5388
47873
49920
44968
14361
37617
30887
31004
13124
47544
31262
43885
38499
20191
29322
6179
3786
28224
13670
8123
8477
30271
33166
3519
32873
40540
24025
32846
32679
28394
2692
37195
24238
39583
4378
48505
47696
5212
14586
27483
44719
22947
32249
25429
6935
5572
1871
23100
49573
38554
22174
35661
7407
29763
9251
2035
3228
27095
42241
29804
30203
47789
42372
24521
38509
15357
31701
19908
37951
25687
41251
19323
38918
43099
33937
17683
1714
35827
4068
21364
5284
12718
20711
11426
192
28220
42263
9940
40191
27602
23639
7908
3338
15155
6904
40700
25487
18671
34944
40695
27823
29206
15453
32680
44518
39933
105
26805
41507
22285
5427
44248
49663
3088
43414
26777
21977
12904
15268
28873
5396
10942
37573
13318
29949
27344
9094
8934
27923
48079
33375
23269
35156
15480
46363
25416
18464
48381
16655
45464
36324
206
31385
47655
23562
37538
668
31280
41985
41599
27172
38907
45700
42417
22243
23851
21609
39427
2543
24208
9350
31862
18370
2910
8058
36459
417
43593
45255
39690
13562
6155
25797
4871
38798
13613
12452
22951
7091
38083
18743
20965
4128
37126
43111
420
32332
29276
33639
21090
25148
30552
20149
40971
22919
29754
32283
32315
43740
49929
3409
8751
33991
46314
31601
23226
39602
5566
28175
44997
37049
21700
28624
35671
41510
22252
19537
11991
11435
37415
20394
49960
1519
40904
624
30678
16964
16900
32165
47479
4875
28441
31230
2694
25670
6870
10408
33501
16257
18803
10159
42584
9374
8227
2391
25506
6415
38053
48448
8035
654
27035
562
49669
40979
23344
43101
2566
49418
35339
40149
35839
49771
14233
11501
18278
49159
8571
536
13270
48715
12762
39969
17549
42960
39137
44385
48853
37564
5116
2054
45391
27762
14608
8128
32771
36242
20
28680
37813
6017
18651
18867
47619
25170
982
7350
17047
8696
27064
12189
12031
5528
539
22871
42941
43848
4695
29588
27673
48759
20477
18505
23713
10627
13574
9994
19383
17532
37274
10559
30923
31984
41824
36405
44116
10183
19565
9818
22920
7575
34116
46201
23371
37131
1760
12004
8769
36241
41957
44212
8050
21803
30258
43657
23280
385
41887
37718
43252
10535
8054
46463
17816
5034
7119
15337
7972
43511
9353
43560
4824
1792
34725
39197
38575
14456
42615
42252
38065
17332
33616
26442
13996
34682
21686
19524
6189
10197
22072
38421
46808
23287
4416
4257
7108
21995
16989
27145
9726
2367
20787
49363
45899
38620
2445
8023
31145
32591
49916
24596
2770
24869
49201
24150
24762
11658
45231
34689
17907
42864
10905
6431
33237
32021
625
37892
767
18637
44056
11487
1534
29143
33135
19860
25006
34758
12417
26603
44959
7297
17579
45686
24353
12754
30928
9411
18003
21839
19718
1559
42401
27800
40813
25712
18750
15753
1711
36117
9987
8093
34463
46735
48750
34720
13535
46690
17621
27126
1410
35548
45075
10439
48504
49822
496
12317
22535
25152
19396
7229
1872
37977
3678
1824
2039
309
38477
3423
45640
25940
11041
24196
23271
35870
39117
29742
33030
40596
2746
22592
5755
37034
43035
43742
18911
48987
43157
21349
13962
16038
16042
1274
32856
22639
27225
5541
26032
23061
11314
8110
4330
41737
37715
26228
486
46244
20305
17672
19306
26429
24363
48961
2857
32623
48193
39624
46283
21795
46345
26783
12671
49889
44655
1462
10792
15990
7587
31090
39938
49196
34018
43911
13414
42059
49816
25068
12824
15769
20276
5178
8245
37307
45160
7036
17387
34213
35455
9692
45276
29890
21680
13591
47454
35213
4531
41373
47582
9222
37435
26207
41880
28577
26703
44485
33463
45554
19209
25263
9896
11782
23901
32542
35830
26818
34663
36013
23119
42877
20889
43155
22714
5162
33572
14908
18272
35559
1865
12765
23883
25585
3681
28540
4926
15354
9881
35953
31613
3989
41365
36756
15857
26369
10294
20026
45178
49058
6622
19548
46255
47145
27357
29416
21972
26822
28668
43777
26738
22426
10634
47766
42424
36087
38760
16205
23656
20299
13750
45748
8340
23148
23169
24303
23659
22797
38950
30195
46859
30030
15902
37879
30333
5632
28700
13564
19098
16220
46525
49777
32514
11844
43756
20406
22673
19733
40162
6038
24275
18435
38808
1916
43343
37999
37866
49737
24229
11088
7932
19014
27950
31437
14009
11657
20014
48190
44250
18626
46066
22203
7595
46656
46596
29041
33247
7464
25762
5676
46998
7662
30056
22789
37089
18362
4052
12703
31472
43904
19154
28148
28192
31397
21677
8809
34074
4027
9015
17449
4814
11202
26890
18865
46747
18041
11682
14719
1343
16397
48787
15178
31881
42147
10285
21675
26675
21296
11646
28888
13311
20175
1587
46425
32527
10754
48689
1663
10137
47898
21476
17184
6780
12148
35099
3261
9714
44627
33865
39645
38445
24209
27106
19634
21896
15108
40470
11865
41612
5747
42201
40017
4819
1643
2427
9789
32731
8878
31323
17515
47400
25853
14342
14087
39319
15474
29212
47782
10968
8615
48634
15785
9152
2355
37376
43456
11040
41256
8169
14384
31328
12139
49887
19719
14726
17871
16079
34912
36347
843
2656
12727
21325
13166
20202
30687
14060
26868
11824
30048
21511
14685
5111
39830
31813
24326
13911
34220
968
42440
12512
19437
6419
14997
33387
40022
9503
30211
1830
33547
37315
35673
30655
48305
21874
42007
15665
32465
1513
37063
42100
13068
11716
30035
6347
33529
45928
28501
29862
27159
46355
47391
18769
7654
37727
3902
23930
19463
46449
537
29536
36696
9297
24181
45398
45380
43073
39045
17876
46923
20340
36800
40328
23378
8001
17423
32895
45942
17494
21212
29003
11096
9063
39019
33881
48431
10380
1190
17745
26786
7900
38109
6435
21038
481
22427
6615
27156
1762
17534
18433
20424
7901
18413
9195
33286
31644
43113
25413
11867
45907
42224
33389
15863
2520
35097
12107
18206
30165
30543
9778
22690
29613
34802
35726
32321
32454
32442
11571
18582
41431
21620
26114
9257
6060
41401
42746
6775
33340
17228
48046
20457
46190
28281
37228
12880
37291
777
26956
31927
17456
41622
23993
12168
3457
38796
15366
36245
38821
38252
20578
2118
48485
28893
35798
24794
43704
34255
32641
22516
240
6204
19643
270
11236
37447
47089
35188
39961
2669
1203
20370
45722
38675
32860
5155
34382
39809
45042
13192
21484
40743
13926
8180
36346
13701
2476
19224
37519
42378
5168
29440
24962
12898
22013
44700
7438
20405
36844
29019
19203
864
45841
21522
18132
27971
42365
38970
32182
1997
24065
2487
22199
22540
6786
5723
22740
34567
15237
34143
30140
5927
30535
24309
43409
4109
41861
5680
40830
17691
49635
23920
38225
7834
31234
20125
30765
18174
46947
38857
33447
11076
8719
48621
45815
46894
23855
31100
14734
32247
34629
46373
3823
4353
31731
8884
762
41964
35112
5650
3123
1312
7591
23585
45926
27566
33369
12412
21681
29095
11835
5020
11947
28882
27268
2274
16607
14591
32236
28076
11653
32033
2498
3557
25996
28793
35877
41771
30458
37268
48601
13783
6874
42029
48866
46538
20603
11229
9074
45241
18632
24315
30545
32701
30062
43781
44218
20056
11691
10688
7797
31319
15827
27036
20683
25089
49211
19705
12848
23038
33402
346
35381
19409
12499
1206
29896
5152
7237
49631
33275
32175
14672
14670
42446
2399
46110
38547
7428
185
2595
41860
43166
23375
28476
3832
38274
17319
6360
16434
14980
36376
32559
10563
31108
33377
42734
20310
26546
13025
8619
47096
11009
8007
8843
31715
28008
33227
20029
19580
39617
36606
13082
28615
48951
6964
18471
28311
40937
11467
11275
30404
7333
25697
48352
40724
8595
41786
47950
4304
15792
2132
33009
33473
11116
27599
37993
17000
9155
43149
40731
14659
42001
26009
17129
35680
37165
9632
39814
32004
40605
49474
36703
7198
29393
25166
20743
41926
12325
34934
32924
5277
42270
45657
9887
41070
40429
34486
15411
15636
8423
5433
15532
13694
9712
35784
37038
24312
47933
11654
6243
23479
9141
34992
11754
5197
37922
27489
32655
46603
39691
40092
2262
7281
23974
2678
31447
34017
19370
39276
27086
27020
35158
14491
4734
33453
41329
3822
2217
3803
19325
45090
23764
32371
24136
10311
31827
25134
27921
24490
40423
48252
10246
1613
36270
12676
4838
25024
45473
40172
13515
41379
38387
43326
22566
2044
25452
38493
48342
43412
3891
18431
17383
7470
48125
10375
20827
20901
19814
11511
41375
451
45140
4158
10160
7339
30337
35650
11974
17628
14315
33909
4222
30856
16506
45763
39746
43276
9060
27260
25138
8885
25104
13107
32079
47163
33900
1741
37655
33306
31738
22110
29181
32199
12274
4275
33558
18318
13004
44730
3759
27708
15183
9832
1001
1213
9893
44965
8319
36497
12249
16145
31439
3367
40064
46199
11886
7638
10378
27957
33495
42728
23508
20702
19624
40466
17806
15749
5392
4602
7692
32833
1360
30802
20559
15095
18907
5105
49442
36120
46011
48917
38304
31814
17120
47041
45264
32207
48884
15166
21343
6027
25016
21642
47814
22018
37989
9856
31210
14169
14237
11443
8129
1861
19922
12471
32548
21387
44239
23125
45096
32893
7385
32684
1284
1773
12343
31215
48954
5716
21910
43051
34251
18469
28932
36842
36931
21210
25537
25733
31941
43042
17624
48714
6
1103
38279
23336
992
5095
8745
37911
2837
45397
44500
11552
30703
21661
13232
8443
3503
8698
44543
3096
16086
2537
15383
38196
46135
10839
35790
30360
37744
9717
1509
14812
1072
23109
5847
27229
2606
3569
29298
4021
40203
10526
24705
24867
32488
11401
18725
11415
33141
26835
12374
43241
36681
21978
29901
4984
31077
2424
13621
45411
16270
45844
15329
20215
1002
40302
3526
19869
4337
469
36743
37223
1767
45733
1264
28029
38845
26501
48570
34125
26415
375
16694
6312
45818
35085
6097
23636
21475
24126
39869
43836
44573
32777
46944
44524
32574
14907
23040
32935
3413
5628
43667
830
39681
19618
22687
24617
38079
44139
14328
12815
11105
43649
19189
33508
41893
15336
36970
27559
18089
16922
23124
1463
47324
18874
44176
32379
42625
4989
21913
2995
14780
40582
29673
11398
46908
1543
20769
7102
34562
15377
38334
5762
46592
40633
43075
49937
7837
4937
42869
28371
30363
29104
6304
6548
17763
36608
40253
72
3095
34496
45734
12425
15060
28304
46036
16136
1400
4506
29010
18564
13039
10443
35118
10066
11630
6317
23234
29752
14180
2059
24295
27077
18992
5157
30386
40362
8125
49152
3838
38357
20902
6462
10447
33139
45218
25920
13735
44512
33278
24664
28302
18298
16831
6617
20870
3206
8466
24357
42689
34868
27289
39715
20725
42164
17526
14008
48404
35767
22526
4702
36165
19168
37494
28058
30691
8890
12897
27014
26281
14127
26929
17157
39529
26256
31749
39833
21631
7590
18439
37837
16973
37429
30679
31973
25056
2654
14366
8876
37909
36451
46138
14910
7239
10691
15533
31388
13456
22859
26171
27677
2831
12367
15403
39118
49440
41940
22702
12375
216
792
22211
46568
46647
19026
40546
16736
17069
8272
36948
43978
45584
29162
22481
31628
33628
24797
47829
15837
35756
37735
46789
11464
3282
40271
39459
31695
5500
31610
14062
37225
16813
37648
16353
663
19056
22875
27338
29113
26384
11608
19280
30253
48258
28513
34727
19836
40701
38404
24251
49752
3098
7065
31700
21724
42454
5232
28708
16452
25135
49314
33344
5229
7799
39024
11572
21565
5290
15858
17048
30585
39719
32930
25678
40060
16417
3542
28798
2068
27706
34032
36010
31307
29906
19167
3527
35512
23017
42861
49954
23717
45787
20695
18622
32362
24104
34270
25449
20312
9780
38841
34026
49322
9854
45430
898
28656
38820
46452
35168
14297
14729
37114
18134
18414
41146
23196
31302
22784
17934
30884
7742
8265
47647
38751
27262
40789
2870
41552
41950
35562
1591
2810
1251
46579
23503
15015
2429
34979
10202
21952
12886
31294
31349
7220
45562
11849
47146
28341
14804
46094
19494
34069
13285
14949
34937
49491
14810
16614
10223
34500
32126
21221
1842
33817
12895
16102
765
16657
18859
12948
13795
25108
18993
30171
36266
956
13415
24916
34315
24098
49265
15418
49834
11832
40484
25523
18310
46667
9980
33109
39990
13664
40832
46903
10613
9840
48003
34157
21947
12876
48216
26197
24683
26299
30186
33946
36082
30610
21445
44071
28973
31917
24515
10719
10895
24937
29115
15018
21670
42824
23475
345
42903
29608
16055
28758
31553
10463
9087
24734
9471
27315
13560
40746
21637
29926
12199
9283
8306
5318
20085
46976
30701
25517
36557
18764
15949
43624
15552
13044
36641
17530
11204
7545
5957
37335
834
18598
28554
4188
30374
47241
12299
22696
30481
33632
22274
45525
35841
48826
16929
36181
28975
11341
21141
39086
35663
26432
29048
30006
8871
29185
31709
32204
1076
489
3793
37120
41525
45007
4893
49955
22963
9886
38511
34320
17898
21302
17060
16502
26597
7155
21794
30093
25677
6639
24801
1612
12687
11207
12873
46333
26464
9225
33239
1565
45261
23631
23983
48630
16201
40166
37807
49481
40201
45232
31235
49906
20332
33507
23288
45410
23049
22550
40282
9702
40732
42124
299
558
19542
14544
42979
42944
4413
35681
37138
18281
37557
31746
35880
14531
32954
38355
28979
18877
13386
31819
41344
20181
8262
21150
40547
36822
45961
49878
3269
44831
15577
27142
9699
47890
11026
26230
48893
7301
44721
32451
27492
8600
24015
46809
43765
12474
3970
48746
37983
26976
28459
24744
41788
16124
6764
10823
20429
24170
27019
20644
20428
25403
12965
29825
22570
3323
49376
23075
32172
17811
30779
18212
41007
34187
11021
14782
33578
41812
35136
3735
44845
38068
23559
8883
36954
27497
32966
23604
49073
10291
36933
32572
31141
45368
8834
6595
28858
7067
4032
36930
49396
36577
41221
37971
27235
12758
4532
7657
14807
6799
41127
2273
20463
993
32248
25474
42441
34545
34244
3925
15050
20893
362
24161
40396
15591
6950
44582
18454
43816
30540
43088
40697
8942
14492
18170
38647
34847
36138
3986
41651
46597
12082
42018
13400
14576
9682
8101
29478
26308
49620
41991
7038
20681
7903
10617
19793
26924
47838
47211
41529
18005
21523
41506
17424
13666
36855
24905
34946
10003
737
39106
29870
24349
15747
35909
26649
26311
38832
48318
5275
19657
16186
38179
13910
2942
35277
46967
47672
10142
24751
44726
32851
14354
8846
21370
34445
44406
18767
31019
38392
19010
30413
27629
28332
43880
16487
46587
47727
6750
29170
33799
17212
5133
37427
13605
33742
3214
20540
36078
48440
19153
10157
4049
32076
14682
22858
1006
17444
40592
39365
19
9008
42598
40128
47859
10105
34188
43976
38874
47826
44872
47121
47866
34291
380
2321
3465
47553
47889
34153
8882
9365
14226
30985
32625
6706
8913
44526
19810
7286
39580
37029
6806
45382
10894
33343
22219
44979
25811
23464
16173
17244
31482
26466
49310
7775
42647
91
13151
25772
4206
18123
40334
20388
2143
23543
10130
29684
37327
2750
8449
4830
29707
33002
1667
37233
28538
9820
5740
2446
19106
27681
46541
21928
6178
29875
13912
49753
34589
8714
43357
32792
8298
39793
14377
40552
17052
9001
1896
24989
33080
1606
29420
22238
17438
12889
16280
49346
13800
25685
49184
17375
37511
27504
21308
15174
5623
39588
32078
39725
28400
14461
19464
25247
38664
38160
17969
41841
4002
39498
33910
22470
25925
8413
31032
28694
10900
17171
26318
3497
49818
7760
37023
16984
10604
15910
49584
33451
15158
40897
36205
9809
49432
30668
22212
28060
47005
48175
25448
35829
7733
603
4511
34542
6966
25246
47426
12263
13671
24856
35214
18701
39444
33544
11979
156
37350
41617
25226
35694
23835
14031
15195
48310
7684
27104
39918
22655
38490
726
5430
2183
20567
15661
5051
29677
24608
25075
33561
7992
32807
23963
42340
40252
20741
32848
45547
16675
23941
13801
10404
47897
10007
43933
46256
238
3125
6227
18462
22109
7471
906
34955
33694
20274
31883
29174
46611
1170
31291
3919
30521
32300
48242
30098
36773
47968
979
31620
28373
25192
48910
37769
17018
25106
32980
7006
3353
25698
44785
26876
47794
38071
5806
36333
24166
21919
29694
34038
47492
7894
42382
48574
29503
46912
35055
37663
31758
39710
27808
21927
25087
4820
41064
48270
47999
280
34426
9149
4200
15865
21573
26768
3943
32047
6742
28119
16451
4513
648
15348
7374
33714
31652
26218
1152
10957
45063
36708
44576
12304
25041
20306
16347
40894
9900
14147
47969
21584
22210
33224
13054
26668
38122
24912
14895
32398
27290
8836
30790
2079
35758
3605
15347
16830
37861
36736
12927
20554
19802
9137
1556
2513
35780
15180
47993
16083
31894
10886
409
28132
33965
49056
42733
47355
44221
5004
20684
13899
34555
23561
25125
22889
24631
24643
9675
24565
25130
636
41348
23702
18561
33037
18869
26134
6772
10326
45530
7687
24830
9130
7504
30473
21504
5143
33969
9002
31391
28734
17590
10259
25983
16955
42519
12600
18654
1695
17539
37783
17269
12393
9041
33566
8439
39075
41804
45566
24849
25839
32858
24513
26275
6141
47861
36
2536
44991
29550
27909
3869
8573
46089
32640
42730
14574
42819
9542
4512
27249
49995
4342
25848
5044
1852
27446
14802
25121
29123
12049
25681
13557
43954
25682
37964
21740
6513
8709
12938
16494
10580
12130
41918
583
28633
533
35808
29885
37067
7782
31171
43577
21318
25844
11599
3456
37237
26794
18523
44875
21689
5074
30866
42750
29080
26360
21907
48628
45141
45417
20585
20475
14796
5480
27356
23514
34855
30898
7768
7469
17694
36121
42548
27413
11905
9360
4312
13744
12881
28310
36940
5733
18925
25330
18220
4873
44519
1232
33816
37629
44743
24102
48145
39408
12190
19689
44120
2956
29070
13865
26365
24199
47213
20268
4338
23701
28570
45006
38363
39650
10804
46949
15616
34130
44904
25827
38689
7680
16650
33944
17344
46746
39001
30303
13301
4863
2782
39606
46899
41047
35605
27200
30644
29619
30009
17408
35530
9282
28741
36902
27530
40647
29770
49150
5390
38724
42592
48647
22177
18010
26063
36068
27932
49668
30385
8550
12110
26613
19233
45729
29506
31734
5799
18736
26152
9151
22263
3234
42399
12636
14199
16968
30051
28709
12695
36694
17757
20789
14204
3090
24826
8120
12993
20364
2650
25430
31796
27177
20043
44523
2179
45511
15360
33132
15976
43636
27970
45433
10782
20523
4499
42582
41239
15103
33248
33515
18302
20588
11784
43773
25010
27429
21415
38396
38062
3677
18214
33351
34234
11020
22809
28817
999
14498
26741
48173
4076
41921
31494
40152
29929
2290
38433
32010
7233
5129
28232
35930
15234
46794
3200
3246
18490
10482
46101
14223
36918
29953
5140
754
18996
30607
12075
28705
13262
40359
45273
44572
15567
21783
14918
16058
24899
45478
27189
11860
38702
2098
16230
46320
20647
41546
14474
16985
12214
23461
49930
46514
38322
45798
46124
3842
16350
18781
18583
26374
24557
46075
48279
41002
49504
31820
36542
6346
7418
17055
43500
36753
17163
34926
10017
15799
12847
11964
36979
16992
41056
17774
26043
3662
22257
13879
35035
47277
19318
1060
32163
5658
2997
5402
16152
23501
40842
19864
6917
34685
40886
5761
34887
8230
44890
10273
36443
3965
4060
1189
44699
49311
3148
22922
14868
1096
24004
23725
36578
31196
14463
45496
21281
24688
28890
20676
10206
34838
7921
26561
46856
30692
33630
22156
48985
26711
39703
38580
47230
49743
21550
45087
27445
41848
12016
45308
3121
47952
15934
23353
43192
39341
39097
17100
34297
18042
10670
2528
43247
5351
14619
12080
47153
28672
40736
29237
10653
4651
12410
21539
42364
6860
16267
14311
41820
34295
27943
30630
24456
11015
47058
12552
47549
28257
26511
10108
16132
22125
44779
49243
18906
26559
41435
14738
11675
15871
3105
21413
6374
10918
4057
6722
36624
48334
18628
18732
12039
46900
49675
8837
2723
26806
2011
2294
29950
14005
1456
37117
3909
13043
17432
6362
8847
13081
26734
23842
24
43510
41888
37079
49138
29337
33196
47622
2711
7865
7614
26960
3155
25611
6430
26252
32735
15335
5823
8616
47389
30725
18522
41384
20253
28988
42090
28488
45922
43679
12386
41686
21287
6726
33703
27067
48325
8333
3420
18580
15991
24556
46546
13883
18551
33563
33416
2605
16450
30356
30689
7773
42674
4033
18962
13465
31315
7980
27452
36248
25437
20512
34427
37774
18846
11951
3512
22360
38024
36402
10831
9681
4406
43532
16081
12652
35533
40380
38589
23085
15341
40956
17730
11198
40261
31
47104
34300
4364
48911
41634
2066
16312
2661
18054
39551
18002
35352
9147
47682
16689
4536
35072
46132
40040
8697
23568
2181
21290
28681
35371
38726
4144
9635
34647
44802
5520
33350
45665
15651
28553
25266
47354
26506
47640
10762
36435
17937
39883
13937
6277
18793
40014
28571
42269
556
14728
15091
37805
19506
39997
17172
46663
45685
21704
29565
27827
38082
38389
2568
42833
21688
1000
8665
20896
30145
37775
44790
14553
10558
1775
26440
26717
48712
17782
30465
21428
39252
44117
25969
9690
34452
38473
8803
47758
43590
23988
4209
37512
40914
1209
31316
43989
10448
23862
33725
6916
36738
24390
19304
8030
2539
12358
19364
13352
6073
33393
28982
7154
18737
18034
19692
11505
47077
17054
48852
5890
32469
11714
40999
5648
24375
25587
38301
32114
34490
47602
22234
9728
32704
2767
29241
23388
45609
48692
35528
35629
46148
31773
16169
9202
10981
36430
1753
24316
35374
926
7812
45936
30293
19929
13310
24630
34571
18159
31492
39089
30279
6523
21993
30603
32529
4397
9050
17384
1541
12585
44560
6292
13540
29308
29570
28054
40905
5437
42239
44701
8229
25921
18408
42594
41566
25169
4543
19629
45445
15613
40436
29829
7714
3632
9127
7432
15478
39056
22461
14403
32685
36823
4121
40072
45270
31380
24649
33984
18146
33485
46023
5751
49033
38233
5356
42587
17778
7414
43337
23878
42028
13354
7598
7556
46420
36232
28072
3243
19823
12460
29264
3126
37685
44617
17608
30310
44883
14758
3649
37726
19427
15148
35472
18542
34600
47725
2182
46376
27685
12112
12853
18178
41029
36396
23103
21188
18546
27512
17853
36556
31581
35753
11724
6252
25272
48149
49811
4216
5202
29443
4671
2798
26115
26258
37954
5373
6827
11215
48313
24650
159
1178
772
44944
9190
17828
43319
13132
33519
34573
9055
24815
22634
41078
6787
14423
2305
18230
40144
27920
8008
39238
21843
23547
11798
30982
49761
34570
48946
4857
1439
38734
33886
2494
32358
15059
3129
22524
9231
40226
35461
42850
18252
26445
12700
10598
43107
48615
15914
32600
49859
47435
2868
28812
42430
33840
22348
22033
21317
41751
26692
8721
6992
26309
36710
32138
29681
776
19995
21585
42495
23218
43477
29025
9061
21773
49192
14911
26686
38661
38964
41576
13026
14192
47411
386
43664
27772
39415
37132
7366
23752
44604
41558
4616
24063
16473
2646
23383
3376
44113
34420
16189
44956
9464
46209
4930
16389
20124
42483
19358
49719
27179
48830
4657
29762
28828
17426
8574
23116
17599
40545
8295
8518
11874
7565
2707
1950
44824
20303
28745
49914
36717
18487
6665
49823
38529
31665
8858
34812
6153
47099
6043
46766
31770
38428
4583
42266
40126
26567
4544
22043
49773
2138
29078
22479
40728
2369
7801
21738
24218
11883
7447
3949
43900
15838
37913
46006
49007
9064
15559
20631
25790
17595
24354
2935
41346
34742
6580
28702
39578
35683
20104
17840
28954
5412
35649
32677
6755
13455
45965
41463
40845
42952
31269
34557
47756
590
28504
31554
24060
23943
21167
19408
8016
24352
36441
43177
22040
5306
13689
40414
30130
37898
8966
34473
20414
3706
393
13836
34829
49045
3453
17935
21149
2695
35179
5269
44209
9153
40824
42219
3482
26469
6490
23480
30829
24785
47500
33431
34337
13710
27792
36519
1758
6885
9304
28116
32059
29247
25829
40351
37052
34430
41747
6167
34282
3018
47129
26979
27258
15513
10170
523
49473
38335
22781
31938
20209
13715
42751
31286
13418
34644
6921
20118
18496
20970
28732
48245
5261
20128
14785
31009
13395
34686
6336
505
43053
33419
38996
13555
43050
30947
40281
6518
38741
22641
39638
36631
17761
37344
31030
10857
45060
15618
48460
43220
13177
8248
27488
6049
38030
21360
17847
45262
13660
564
17675
29838
3286
43358
47720
6577
29270
11300
37087
35332
47480
19806
14797
4987
17265
20929
401
13305
33001
12829
41065
28166
41742
3468
47883
40795
36685
42157
28914
4648
31253
20546
14484
46310
22749
12619
10814
17326
9737
19994
18211
47457
34108
10342
28142
6544
10629
14059
19892
37526
9511
19841
35091
23997
47063
19725
25086
9011
11759
37907
40864
16281
30113
6791
24449
37244
3929
9982
3535
18866
46823
48364
24294
14319
16072
28344
937
47878
32823
19450
16624
20791
17235
11753
7640
9006
43296
21328
46718
14958
39819
15358
18766
22048
33858
37246
16763
32763
10660
38009
32569
27742
47596
23645
28137
4691
39035
973
5645
48489
16809
16405
17122
19400
11402
35226
42472
34403
14964
13758
33210
15273
26881
11347
23055
41564
44509
29211
23578
42334
23069
39419
39343
40581
4747
15812
44677
10104
8399
32128
432
4474
18090
19830
8557
9212
15398
34782
7698
12113
36872
45793
46713
9757
49068
37504
21496
6642
39974
4125
18018
1221
45672
41358
1533
40267
12856
46914
33143
7941
9437
43924
3395
39720
23255
18734
33379
412
46150
20291
39307
35127
45589
22086
15193
30202
12991
32291
1332
2668
26540
6044
3591
16207
39376
40594
45199
46018
19089
44679
33876
42841
16302
15860
44142
21552
5329
33241
21137
40978
19490
21579
19495
22374
33184
31892
48913
14831
45288
47983
20637
38784
4179
18118
31692
10427
37249
14893
2718
18987
49161
17738
28803
4573
41119
20140
4707
40331
28434
47813
6568
14634
28146
45180
48344
16352
26772
14644
177
47958
44429
13609
8147
2010
49885
43795
45895
48576
42956
12701
43870
2306
38162
8939
25799
35738
15356
48105
1113
36369
31159
26362
43450
41445
21366
20903
10646
33516
1471
34918
21099
34147
12184
45406
4986
1868
20655
21128
9869
15957
14338
22339
18755
14750
37623
12390
38250
42438
44154
38075
27230
17039
14828
5689
42078
9939
17813
14078
32837
43609
29119
16017
48963
3774
31992
20272
37679
27317
44917
10775
25948
49417
4879
4438
19016
1628
25439
36776
5123
33114
28243
22694
15093
24509
29873
18526
25127
17448
12533
48427
10011
49411
5014
21164
13294
4246
14296
16120
4579
5727
9620
7480
9317
14483
20973
3608
37994
20888
38222
36136
36439
16439
21162
16282
33720
16896
47147
15615
35252
16009
13349
36382
20619
24227
26688
33018
37140
34238
31857
33650
48256
34692
49072
37050
18052
43708
2927
4923
28354
14880
36682
12030
5576
14878
39469
18074
21307
8451
22001
5000
6951
21761
723
49471
27645
45084
9328
24461
42475
47177
30236
19006
30789
19266
21491
510
45977
10689
28716
42469
5408
23705
1958
39246
2348
48396
2791
21377
22915
17932
44435
20643
32691
10560
35106
46206
40492
28722
41912
16355
35014
6613
28771
9844
18699
22940
38064
37928
21934
48127
6783
40447
28935
40459
48858
8892
44892
27557
9025
38461
996
10536
48006
4449
780
32064
23890
46423
21950
23159
13419
49765
434
27255
19960
37314
40048
7244
25408
18997
7405
44332
16256
33052
15221
14481
35604
4804
36002
20535
25373
10984
8283
43452
49826
14397
26945
46055
24149
32509
39357
35487
36501
22861
35945
26065
8764
16245
31771
23783
40491
37066
25538
31137
41819
46277
36858
6929
5838
20087
38243
16237
43345
35005
5170
42902
29593
281
3184
48217
25118
36939
13076
24862
37388
49427
34900
234
10844
26186
34145
30156
8657
48820
43883
17862
23417
27471
1051
31241
47649
38037
44774
2577
47946
16647
31296
23307
11801
26720
20304
8606
16841
39092
12940
20421
3933
49061
5151
19845
2647
6821
19432
8731
10808
4876
37354
13629
25721
1722
15320
3882
43602
27239
1036
35250
27776
38669
27880
3077
34837
36657
15789
16790
36076
18215
10061
7525
47483
35342
32799
4204
44247
44733
24524
16950
4705
40749
6272
28508
16547
16317
14502
19337
24743
13784
25641
18527
30266
1073
21321
27748
93
4349
43175
1795
3618
39266
48078
15008
47390
9992
37434
26544
31842
41032
38224
38036
13780
24494
21777
30648
34309
4069
42202
36436
45114
13919
9335
10794
7613
6581
6788
7344
13634
38019
23737
17082
40505
40247
37014
46238
24123
3700
42251
22097
1342
38417
28397
45973
704
18369
16771
26422
6848
25877
48266
14626
42096
22411
19786
17341
33380
14215
16244
18301
47079
15373
1280
12158
37090
46926
49422
17404
24958
22500
1088
14476
40180
1845
45183
45435
6299
44503
43637
25424
28808
45658
24036
15886
19685
14322
32390
18895
47818
37746
26670
36616
23596
34218
6593
40661
21144
46467
31104
37841
10591
35236
7940
42418
448
40903
8358
8441
40713
1188
10572
30362
31412
13483
20426
13437
5354
30489
6357
30497
17885
5704
37328
39625
32286
12277
27797
38235
34209
39817
19348
23099
9053
41376
46807
43789
787
7970
5301
49538
8658
20666
27711
22805
3554
25507
6366
39242
48428
39712
44820
15375
20210
27944
21322
3182
48386
44520
16070
6145
9186
425
11997
47536
23732
11336
19456
278
37296
21755
43228
23206
26007
26829
46873
26354
37044
49329
25720
2559
5449
29957
2140
40585
10548
41130
18138
41049
49604
19074
17842
20494
37795
44196
28345
22700
13359
48383
8755
47937
22498
14235
40114
38816
28766
5844
39960
13265
7720
41549
16677
2862
16729
42972
31579
29944
19660
8379
34901
24394
5346
14713
30975
35992
31595
31264
9299
40829
11270
8631
1144
3186
15824
12975
29032
736
4856
41993
18271
43120
14369
6311
2196
19453
14096
9400
23563
49962
11935
45014
32531
49980
40284
17981
49864
36802
9347
24831
21894
34283
44419
31036
10351
21641
34619
48477
30525
17547
5276
18980
46905
38474
4469
38200
11230
13245
41006
11638
26556
34925
15286
18006
19608
5164
40270
29980
42924
41126
10489
4253
27438
41794
6997
41077
38375
18631
33317
17582
27646
23798
28560
9021
27571
14717
20255
25063
37972
35751
34434
39891
45712
4241
24575
34415
1998
21029
40727
3204
13769
15534
26113
16886
26660
1564
13210
34728
714
10327
35050
32446
24116
37720
37607
47869
18324
34499
8645
17410
49545
36695
12033
23733
16090
9627
49490
40372
3494
25164
23863
41419
8361
39279
4980
1853
15185
13346
34895
20367
34075
8863
1708
20698
5032
1641
47739
18921
10635
17841
48894
26467
17298
19832
18856
15553
44595
41454
37196
27925
31057
15265
47745
12529
49390
30625
7535
701
17382
26568
33513
21780
44498
121
34461
39090
36585
39452
42995
44854
46529
25333
46650
22100
18897
26941
33531
30022
5536
49627
20273
3811
37827
1344
30191
14469
49789
17795
19303
21051
39910
29242
47399
35263
38691
47155
35338
21436
30993
39274
19243
38618
46303
21451
8851
41730
23398
38755
46736
7314
37112
7665
17650
31308
10648
8127
24201
14595
8491
22256
5624
3824
44072
36684
7652
42447
43146
43006
29271
26815
38524
43700
10596
44761
29339
31283
6933
37105
32961
47899
11550
36919
10125
20938
46235
40678
39639
48753
35696
18811
19076
23797
35134
3217
3403
45225
47189
19373
24423
42161
5393
2078
8715
24412
5131
1475
44568
28316
43732
41934
42948
20199
1272
34177
4925
43121
1549
4507
33749
25610
18601
46005
21461
40444
7473
17545
16349
7989
98
21400
36389
23716
41045
19045
26503
47326
13460
25636
5594
43661
5877
40183
26355
46992
4656
37754
21598
28909
7853
23110
944
1005
24206
36748
21153
29214
29741
18031
24396
41482
10018
18585
26972
11441
28039
32658
40052
27972
47839
4591
1800
7211
23700
23108
48949
24085
47317
45260
1678
26329
48606
28215
31535
30082
157
7888
9115
9252
48762
39052
3565
34965
45652
47368
24462
39362
37026
23428
38183
16853
47478
8954
20768
15787
42862
37833
27481
28815
14015
24781
42764
45356
22340
29789
32089
16497
26592
43792
45647
26529
3136
15063
44808
35231
44556
28023
32437
2726
31503
8148
35341
43938
15626
12622
16011
47942
22183
15686
46981
47026
23177
8010
37119
37323
23257
8554
49080
5777
36003
38750
36646
32866
4318
35392
35864
46062
9711
20654
16692
33128
39728
18242
4911
14525
41582
34967
936
40229
15259
46697
3922
27285
640
36784
42534
9785
27621
6886
20260
20831
39916
39952
40115
38384
49869
47161
14513
20048
42583
31675
16804
23681
20476
27223
5165
36669
8722
47359
2088
10014
2950
34740
7078
2664
24970
8543
1131
3964
6703
42835
13787
31179
12998
7550
26393
38992
14516
27143
35456
44407
45538
25547
13071
36566
20198
7739
1505
13901
32062
14268
47815
24259
27096
43286
39649
35498
4230
22412
44806
29872
33067
487
15599
40330
2280
34702
38668
11318
1618
33125
31091
48461
43191
27425
46261
47514
30161
23697
32054
14004
15043
21274
46828
21964
45720
39711
3876
15157
41910
4287
19468
43260
12352
19161
11582
40071
17072
7539
17134
23655
34841
596
45206
17229
9026
31149
29703
7087
1433
11735
24288
43415
48306
25735
26776
29843
37321
27727
21018
37003
3609
6472
42711
10884
29430
42878
1805
41439
4770
19421
10585
19781
12215
9383
17092
16279
7076
14357
27861
8076
24998
49040
26383
20112
29997
9867
28413
18765
29091
38306
16260
4375
11628
33038
1165
48121
38687
41415
20688
2121
24169
15206
12837
37497
21767
41608
7528
23644
18184
47288
40719
24012
46406
46622
45717
30508
604
2436
20580
8985
42742
34370
9544
29696
32886
37111
47214
42381
22501
37639
869
11558
23156
43799
6127
23853
27803
7948
37839
49905
24003
27945
37621
1713
20538
15275
28992
22189
42854
17663
25367
35729
34323
19182
26128
19023
11510
35625
46749
30642
26581
2630
18963
34433
13329
7085
41800
3752
17535
35805
41363
34856
41780
6282
2823
16027
44447
41518
40972
31157
37662
33313
49136
920
18399
515
12607
2847
37672
29458
41159
2686
13894
12851
19752
43393
2111
1655
20910
20023
13157
16727
17872
21554
10807
46127
11158
23726
48934
25162
3215
4096
2418
24066
17700
41896
9294
9146
45354
397
43462
15094
37482
40857
33717
39687
41869
10677
15595
9071
7997
7264
22901
27433
31966
8789
40424
42437
33827
5539
26851
17059
26912
13059
44620
26426
33798
32726
35674
14655
2709
40825
40339
40784
27500
8527
49413
46107
23390
14055
39413
25257
19027
2180
3361
12319
15760
25793
24062
5534
784
20797
9808
2957
2511
3101
8690
43291
9356
12288
38749
6939
4314
37250
1354
5949
23848
41692
24637
37797
3807
26820
47209
40189
17661
31836
39882
36910
5398
6135
48002
27240
31809
30636
28797
3548
7960
18789
28445
16836
14981
10726
17591
18929
41997
474
49343
8459
23913
29483
45108
35747
14821
22060
41809
26403
31678
25076
46492
33791
41136
27900
33003
1709
44973
34865
35929
703
7302
35947
6661
34889
22134
31864
5713
30336
16044
2665
30913
32090
3364
10818
23348
11613
35439
26895
26075
42402
42465
179
1362
27902
25207
49569
35244
8014
46916
5553
21923
45230
45620
7097
47374
9630
47341
8499
13622
28606
15859
5297
35577
45302
22783
41128
38330
1262
46014
38167
1993
24193
24158
32932
30235
8510
34497
10072
34915
34687
19875
26885
18430
49588
30666
38443
31606
28966
20442
49951
27698
16931
31803
4670
37358
44618
17191
30499
32729
23136
25603
2821
31532
16739
1479
24497
48977
48438
29785
21063
34034
8716
26159
17029
3087
44742
44345
20968
27813
38756
22342
8124
16435
36943
31991
7308
45177
18665
11539
19480
16428
29688
29209
12515
35820
44264
25714
27125
23379
12050
18836
22075
34438
49702
28950
22228
16627
26214
27626
15049
38129
37996
27610
27719
38237
44689
29221
17019
16991
2354
19052
34319
11591
24009
17999
20777
33331
34093
29462
34708
9051
42600
20218
36831
19308
13693
35023
37062
48673
29572
49050
11921
37400
34665
29744
12429
24026
48068
1022
22354
32088
8483
31812
38191
3748
30335
4618
46444
41327
41889
33764
1029
45129
38153
28334
26512
446
33605
48280
10586
20239
40555
16622
16444
25362
10952
28018
47124
12674
3862
9456
34405
20196
45812
49768
1255
15388
48734
33731
40367
38774
20536
3920
40106
7808
13125
9243
12707
32433
48799
49797
147
14044
48118
9643
17679
11595
11238
23748
41392
5274
29124
5647
43174
29491
49520
35323
24594
14102
36080
40407
2804
42387
6015
16395
44201
18648
11290
17936
5508
14485
34440
37431
25002
29847
39573
32517
13350
25761
39737
700
43195
13497
32419
12424
37901
46634
34397
9056
24272
29024
47671
32766
2580
7508
23526
40344
45101
34304
17553
11873
31962
28928
6303
7295
36478
8103
34048
15394
17309
44371
44313
22603
35646
22534
42894
12713
27022
23243
10472
48420
11790
46513
46501
8865
35225
39921
20008
35963
11893
49486
45238
2629
16158
25450
16057
33320
34122
32096
48413
34144
30952
43857
13343
40525
184
15190
8157
1470
24919
848
33509
35496
7431
18702
8791
27210
27625
20141
25071
38878
20188
40033
35161
25350
34690
47074
28894
15244
34450
21501
14219
25700
18322
31560
35494
43644
41017
30357
43369
13566
38219
34333
40664
24276
28696
49972
49793
44795
7819
5208
34505
23584
43863
47747
15016
38412
30810
45721
18075
7357
48042
35924
45509
20591
14442
3904
40684
23214
18351
18485
49053
26025
13852
4243
18595
46097
45484
2057
43015
16946
37883
32555
509
28133
16456
10597
10491
35531
27671
33471
15352
19024
1160
43829
25716
46609
1061
16919
45375
39689
40794
9815
44234
41678
6418
24823
42593
9976
32650
13667
5836
45643
46269
37149
1445
19099
5510
27560
32793
12313
21811
31714
8804
9196
32152
23209
29031
41388
11537
28990
19889
9466
22715
19650
7777
24517
1697
11319
39886
1304
35885
21086
22436
3620
21202
39481
32676
41257
37934
38059
14741
25090
18504
8086
16713
44191
1828
28747
4383
8587
8082
36126
33169
49918
22843
21000
2349
45395
47636
44378
15025
18071
36370
46393
7798
49084
2447
6731
30101
40288
9097
39508
36564
48942
32487
12549
22990
21841
22363
46154
20436
20259
4020
1759
12262
36105
26370
19482
12978
32262
46677
23113
11454
43417
34606
11186
28115
21883
37042
35778
39470
7064
16325
3643
9599
10924
8009
40262
6945
23357
41774
10058
19528
7512
12616
37572
21906
9013
37985
47126
32814
31510
30857
34501
36398
12311
45949
17914
28612
37768
3432
6423
35119
2001
10729
27640
46319
7717
6768
933
46725
15755
49204
45341
44035
42698
25689
46179
15143
34921
19287
571
36420
18960
42767
14318
2591
38673
37217
30313
5535
30052
39168
11853
4675
16685
18711
3053
47132
14511
23510
41946
48768
8416
27468
19656
28235
4943
24255
21351
18344
36326
10664
25629
13215
39991
24224
1095
2392
602
3953
38172
37502
4063
12222
11064
548
41629
31868
15147
14479
9349
12378
9546
36953
41931
4542
47630
1959
307
12577
22375
29530
8522
32120
3641
38592
32944
16918
2573
11748
27498
10063
22580
1857
23168
21831
16382
48867
43332
9260
12657
17744
27070
11257
49725
11247
49745
39519
35177
49175
11695
21008
4201
36782
20176
36116
21111
1018
16775
7831
38792
27475
43468
48525
3749
10154
44815
4946
302
34613
30785
42790
30373
41977
37991
33205
29520
34707
11636
47757
28110
21208
30669
29256
37179
11617
30886
8210
4051
34067
23014
35075
29863
25417
39016
43132
36991
38682
12974
14971
33439
12181
38947
16648
20649
1947
27750
8946
35765
42994
30720
33890
22442
32191
1092
16698
16965
48154
18759
3778
15683
16913
48775
33859
40932
22846
11111
45490
7353
41195
39289
38488
1888
9182
45125
32940
4952
39839
11276
29320
42255
15498
29792
49111
36453
1100
17401
32149
9406
21312
10164
15623
40218
26246
24921
49464
35282
39220
22162
48224
47266
17770
45630
21474
32179
44195
29235
4748
11791
29255
5296
36071
12903
21613
39235
11258
994
8299
22095
890
34266
3242
41072
44492
45519
24114
45883
6016
11451
25580
32278
14826
32131
10423
8194
44722
39812
17705
38739
35218
4250
4985
29574
42196
9518
47605
35902
25679
29407
31202
37102
21643
20749
14840
11817
9019
42285
34179
37262
20547
8708
31576
42668
7707
269
33498
42321
24097
13251
23434
13763
6492
47556
3381
73
1539
23602
14446
24957
48472
23439
30312
9962
10199
47921
28063
46330
7521
37188
7664
5491
7810
18655
10638
18495
44169
49015
36046
10934
7885
38606
49272
47797
43734
28252
47627
4983
104
13511
23386
35565
16060
45958
22012
2131
45004
40283
39599
691
28337
19349
14859
28842
28450
49387
23637
33648
25942
39827
44048
37175
17521
30614
26094
26975
35897
21823
24013
43650
18547
28896
41267
18746
3287
1926
19476
7274
38487
22601
45369
44563
13985
49447
44149
31410
33091
15162
15966
36268
39788
30792
1578
4502
33092
6506
21754
43553
43535
1752
15804
11097
37821
12986
27217
21859
10360
5598
33958
8644
34960
24882
41477
43695
35679
25691
20308
46382
40335
8296
43768
2812
38011
16104
6833
6390
38278
44418
8659
49304
17793
44540
28057
3354
16080
36273
34456
11159
36219
36647
39334
18829
42136
49924
30389
47392
23322
22559
43879
3022
39082
1787
6998
27199
12769
15386
27180
33874
20753
46230
17208
39609
9838
3060
48459
8842
13090
35257
31218
20932
38131
9442
13454
32855
37957
12001
11262
32319
13771
21792
4680
48730
31580
6008
35074
2352
41380
31772
24942
26827
12361
40025
13964
23220
4991
3530
20940
17085
750
21125
19581
13655
32822
41035
26331
46537
48976
3489
4465
13443
13485
11625
47069
31200
45340
4429
49785
8074
43528
2637
27215
15322
1329
3218
28079
40471
14394
43801
2433
16936
24341
18986
47226
19510
114
6697
3084
16234
8541
35434
21092
41586
26239
2860
16707
9541
16427
9967
26862
6708
14211
19690
17492
20294
37737
23874
27709
37301
32241
24336
29165
8079
18428
7275
18977
36899
45337
49350
47847
23535
35386
28050
10097
18172
38291
41324
7170
4941
25802
45188
46246
18761
9936
42678
13847
22082
17852
3130
49767
37285
23942
45709
38655
22818
3334
24589
11526
18257
31166
13383
799
23738
7050
47482
49133
42139
23896
26943
20577
42552
371
14425
10513
1996
501
7133
29163
25368
48470
27021
1985
28968
9609
39167
20151
14912
2907
7832
30530
14508
10574
1605
32025
11407
24665
33897
16052
21310
39270
26948
23205
14849
35443
18048
39752
47846
6859
10039
403
47052
48873
7869
38608
26126
9765
34250
3906
2166
4168
18356
30657
6949
1104
33245
5514
39400
47754
2641
36257
23960
17278
44395
31946
28260
43416
30317
47193
43440
18366
15584
31098
28804
27252
19360
10406
4070
22926
20907
18548
37945
3509
47660
33097
35473
22905
11486
39973
28693
3589
5953
856
18661
11446
8762
46236
29835
37893
13441
41646
11815
25496
45351
17894
36626
11267
40618
32520
22554
2690
35676
47415
34867
2894
11043
14778
30306
25178
27198
41637
1032
31168
2397
29474
45565
31099
23985
22946
43692
28866
22168
29288
45043
21982
14665
31402
35316
49406
49730
22619
19146
35088
24657
11449
49336
43619
49171
49501
1436
21031
45864
11920
39411
29985
8841
39628
20729
17754
49281
19625
9652
37684
28629
20923
43707
13864
44286
29477
46443
28536
8968
25278
12721
9959
38541
27278
40318
18035
12427
30710
13770
14801
36607
43082
26000
4697
30909
3201
42414
19255
4055
1571
23321
8688
1407
32310
49748
1733
29254
7579
29880
5935
25318
34730
44505
21867
6161
11292
36140
17361
1579
25570
2854
3116
14177
46339
26775
20575
11210
20781
1496
16533
16298
37135
29232
20452
32144
43750
20629
40237
48389
33918
31407
39591
24323
31666
33751
36469
14613
45107
36722
8685
12160
25515
39443
20648
14496
444
31681
22267
6672
49901
48909
47025
7093
25406
12467
47073
3611
33924
28569
9510
34055
6398
3448
12985
17221
37416
24790
5896
18476
18889
42244
7043
40490
4649
29169
8376
22102
2922
36059
6460
17338
24885
26138
22844
3923
20884
13777
28541
45021
21479
43791
37075
47318
30762
14759
6959
24191
14301
31511
2817
38945
10367
8626
27609
32767
47949
31545
39320
8832
7032
39053
1147
6679
4997
41050
7096
45753
41519
40163
14272
30307
6103
31921
16053
8682
13782
17858
43209
42426
11098
2091
8730
21306
17875
7355
41274
31083
39858
614
41271
31212
21784
18337
47575
49600
2125
47449
28129
43275
5923
22531
11260
43843
14711
14130
49135
26793
44813
30398
2751
22706
33348
23811
39913
11726
25279
32050
11833
30627
15680
39189
46260
48069
1946
43970
4523
25122
18461
4867
1687
49457
44414
19755
19762
5101
22351
28242
10363
2475
13810
13130
37649
4385
42317
47173
22817
7874
30222
17242
42899
17945
27930
15355
46374
12756
4437
26349
21254
5025
49264
49701
27426
23647
27351
16054
30
9213
42553
45553
31340
569
31687
25346
46052
779
29893
35412
23276
2232
42423
42953
33007
45429
18541
25959
47196
29690
9659
46383
17499
49673
6246
19778
33872
9506
27695
19238
36713
29402
3107
37613
14596
10522
5411
12544
39258
6694
31300
28738
22609
11570
47811
2682
20338
29139
19035
18299
22118
18813
46344
7461
45891
49463
7392
24216
126
5701
17802
37674
17356
8126
17610
21362
368
21815
8586
19987
9237
45290
42817
13957
45056
43216
21949
14246
23266
43380
24195
30490
42227
29380
13757
41479
38911
34886
41876
11474
46941
35032
48285
46064
38966
19116
5699
2308
41455
8940
21344
25852
11906
24994
35638
37810
13541
16807
9121
27097
45537
41560
30296
14625
13509
17719
34564
7767
8993
25099
48914
6638
39405
465
41058
42159
6724
48110
37495
7236
23529
30876
39759
45992
23572
19245
26289
29918
41258
34851
2903
14330
8648
49681
29368
15424
23161
5955
7609
21214
5813
5040
6197
49968
23384
32155
32865
34233
19232
17882
45481
32892
9864
6184
37405
21863
11932
24048
39300
2124
471
38706
25292
14040
26949
32109
20799
28600
46812
19567
23056
38282
41937
8430
5950
36032
1243
36884
22328
10477
28725
4729
3563
6330
35115
37560
13625
19730
45836
47169
7182
23634
39773
9769
36551
41461
17527
2272
37826
49430
374
8350
1538
42023
27190
22557
10254
1632
11533
4816
33046
44537
18597
21990
6717
21406
28853
26588
49299
43723
41832
17584
40455
29672
17028
44227
36129
15047
38873
38859
28651
8928
3941
49939
45522
44888
19046
22911
2361
15511
7906
37924
38268
3624
47929
3045
29120
39157
41655
46721
4088
42853
31780
21656
43407
49806
30715
17820
8535
14298
23612
32435
10737
12781
2825
36728
29128
37005
13947
25524
5783
31676
44615
23104
46590
44327
15030
27592
34784
42769
41920
12119
20147
7434
20878
3363
12133
16584
44746
807
3190
15435
34999
5522
39397
3251
3370
36843
33542
20360
16794
14808
37642
48618
37398
797
48986
17964
36081
7054
11183
20298
16078
20717
38276
31216
25250
31558
42983
5357
21988
29149
46456
13384
38026
11079
46242
48085
46577
38329
4979
39977
19877
5203
30527
9197
5127
30060
8456
3682
37732
44343
26332
21517
49392
19033
41262
36611
8713
39030
27675
19891
37024
35071
28517
36098
19178
24680
38590
34710
33862
30288
16263
46487
47461
19272
9915
716
18387
47635
49291
33559
31847
36602
47786
27927
45441
13326
26961
11129
6075
14954
34995
40683
14433
33773
11284
49601
14640
41595
6427
30334
42150
37172
25745
23105
44197
15687
43020
35904
38275
49827
27556
20834
7818
45127
35436
46643
4932
22685
38834
18020
11200
21288
33140
39449
41073
27725
34637
46071
23152
33591
20650
41162
31985
17835
42072
31777
5440
13084
22582
11569
45123
23006
31039
21600
39707
26684
23466
41013
11151
959
3044
12664
45634
11068
11546
2383
36989
28122
36448
24519
44984
11278
29340
30479
42945
16855
29886
28022
47520
39344
26698
40135
14042
40742
13358
35348
1763
49421
9488
37190
45659
10859
21617
106
4563
37668
5135
14240
14851
32265
48201
35534
7256
20596
3450
1050
47722
22190
17605
15773
10738
37747
10557
40228
42871
15674
6225
44489
8565
5895
33723
24892
43994
40778
45106
2331
34070
38496
28816
40707
35974
17737
11870
44978
42943
41596
3210
3830
5803
30492
13101
5569
10701
31961
47238
21834
29366
642
18140
9457
36745
38386
26150
22791
46502
23418
10599
10387
1064
4325
39515
21439
26304
15795
47109
10772
6621
39698
12894
6497
1499
17773
48202
28085
13571
47799
6837
37933
24388
9129
30978
30068
15122
34816
18557
38339
4355
9824
23560
8222
49331
39375
27540
40227
5582
18693
34773
30423
35308
49295
42037
37894
39731
34591
14018
35408
3385
12790
27435
30431
5446
34780
36407
31775
48999
14300
13183
7443
1111
34877
31446
593
18878
17211
21800
29412
907
8321
45543
9517
21279
16368
9044
23199
16221
31047
25060
32815
34078
36342
21410
6627
120
25465
22454
11082
24231
29755
23467
4501
39335
6547
4180
15199
18975
39327
14113
7627
23211
6206
35258
47349
39301
14694
25933
49355
48905
6882
389
18772
5893
17041
47360
46404
45053
7403
12339
40268
5640
48274
12947
5029
25392
21521
21614
17552
40090
8861
45182
35448
12697
40130
18288
5824
49572
8260
38609
31988
48682
8396
22971
4794
28031
36029
15610
49756
11331
41075
49841
11581
32496
22847
25771
11372
2368
17938
24249
13538
34126
30628
30168
34466
27004
42375
48101
23402
19028
48678
45399
2342
22464
1228
34556
18120
36025
17641
872
35622
23432
36148
48769
25294
48240
11199
28428
2869
48776
46703
39127
30415
42844
45941
34684
5832
16488
15802
22329
19220
162
25905
25884
44280
30920
19292
2530
15839
383
34823
43033
13897
44106
32399
33176
39355
43221
18470
24089
42461
48275
3439
32043
40519
44102
39584
12275
15874
38555
42415
25655
22653
19029
15578
17777
20444
38844
35262
15040
30860
40254
11996
981
32678
9928
5147
20737
29542
40514
30506
23769
33185
5086
18180
1380
5969
39736
29391
18106
9530
44081
25879
16695
33808
19159
23068
31471
31451
40049
45628
2805
1941
20012
35978
40066
18758
44664
45506
40877
29323
23500
5749
47225
1015
25133
18098
49308
24613
22579
24233
949
40997
25939
42134
2061
27875
19961
47114
47312
25850
28077
19111
10409
7696
32139
514
10630
28455
10803
47434
48645
9077
20003
32578
40969
30285
664
44579
5088
44668
46478
7898
18353
29646
44318
39342
7644
44223
22117
49294
18696
27149
29201
43447
11632
32682
49266
47730
18244
12458
23765
713
45081
26514
43612
41659
31399
5094
43400
1404
36231
41491
21220
33025
19354
25165
28952
37510
5574
189
9469
3702
1884
13160
1908
7035
40663
33609
27369
35295
1011
35935
18636
34342
25590
42955
32615
8896
45431
24940
22585
17919
11512
42318
26997
27237
25349
24328
33489
13174
44864
990
41924
21450
13953
48922
20525
34160
6514
21234
44575
41116
34863
31866
22301
48679
5560
14674
41811
3343
43439
34537
25558
44068
36719
245
27876
17512
31972
49984
874
14111
8033
32909
34953
3328
3073
47884
38829
7683
45694
38956
15338
30951
28178
12125
24182
49650
19477
7802
31784
2507
34732
12763
10636
14701
40586
45524
27316
7395
46874
16879
1970
25651
36247
30907
26628
3103
37046
12490
30662
9872
23482
7651
5455
2102
45955
46911
30109
1769
49865
38312
43655
40061
24741
36592
27050
39766
10030
15076
22636
48871
4000
47232
44915
29691
9249
36852
36521
24240
49448
47631
13960
35601
18690
48497
19087
9736
39511
28159
36212
29711
35283
34354
28106
3011
22108
14598
39765
44109
47689
17315
29977
38234
42080
44629
42311
33358
38047
20143
24507
38186
12105
1296
49482
9110
46026
26119
11325
22372
32275
33085
10392
33506
12900
47693
1742
17804
46557
10767
7872
17904
28516
15194
23545
16745
41214
40921
227
10739
33973
10600
1607
42131
14501
14803
1492
34092
7974
36791
42684
49836
25173
22430
32573
8160
3386
13118
7856
42359
35248
38855
13490
41301
11495
9288
38092
24559
41210
13009
9423
9565
24441
16969
46439
10706
11749
30888
9010
30346
29938
2556
35126
9689
18691
20822
16893
26460
15079
47486
4225
13116
43212
16726
33928
3777
31593
11885
3715
42738
29945
21940
31851
33784
49508
48584
30487
12423
25922
22433
11963
30917
46208
49000
25027
21626
48516
40176
10352
7452
11321
24106
44963
24006
6932
47297
6778
18807
41391
35469
47394
39579
36017
41208
21230
11312
34700
4743
24583
36625
39908
17058
22459
41565
40391
36275
41083
28630
4194
45113
16581
17727
2554
44387
10866
7114
28206
12688
27495
15292
23317
30769
19651
3393
21768
26064
16682
43735
36914
32727
15727
6869
42478
4772
42193
33851
9558
32587
31436
32556
18330
8108
38004
41161
5800
26875
4956
45483
30843
42884
2838
8193
19925
6625
5073
3650
29439
4549
36200
31739
2843
19413
28436
4733
43669
30047
45756
29902
33952
34668
14919
47772
39085
26601
13577
18823
20088
20302
43318
18412
2680
19753
28955
15540
24847
1361
12248
21236
17689
34858
18524
36066
6480
3697
40376
36820
44510
9851
34794
31422
46649
32230
30005
19126
22026
6126
1054
46465
27788
16777
14806
22545
1275
13447
46056
47108
25405
16217
48053
38305
557
2814
31661
43304
22765
18320
44793
42577
32957
49868
10922
22188
22925
34104
18073
27779
39704
29779
7369
9018
11428
15107
10174
45599
29103
22830
15284
42834
15491
3138
8866
15834
46359
1298
45054
36574
9647
21508
23728
21654
45527
21801
23122
44491
34574
49298
30915
45013
47493
23465
24355
21769
49275
8351
30234
6651
11178
19667
40197
43459
30189
9753
6369
15733
24553
32024
1374
36057
35143
41046
141
48394
8581
48392
5087
5606
27491
19139
19156
36074
5361
1207
46233
27280
44263
38266
30187
46205
49337
45348
30969
27905
47181
20027
9969
33153
10333
6606
27264
34372
28405
1372
25518
42920
10745
44277
5096
46938
26033
37968
10505
657
12669
9752
46842
8022
30291
41123
14994
29403
36284
8066
6219
18843
47255
26194
25707
6263
6010
46885
37491
48311
11669
49505
41316
671
39785
48962
34191
29988
20100
31151
17225
40366
30277
26073
16666
24221
21299
13102
30143
35318
17415
7719
30475
13462
44189
27983
21456
1700
23414
49557
10146
21017
28953
49258
34245
25200
4976
45465
36827
43056
45036
22284
17385
48055
1291
40018
38848
14643
19344
46777
8448
36312
35157
30233
49558
15192
45875
25375
26029
2144
48444
31955
4244
41292
29946
35639
4362
1580
46186
27319
40482
2080
2162
27767
7436
43533
28712
39398
9388
23230
36437
38134
49658
34163
33744
47409
48113
40388
25513
40883
1112
22264
34003
4949
37634
3295
43418
33631
3610
20063
47217
26566
31117
27031
30991
4641
15892
36582
35003
41063
437
44308
31614
28170
38223
48257
40348
24262
14339
1455
26222
23707
35749
15672
13300
15459
10757
41202
23134
42281
17016
25289
39637
11956
43481
12459
22717
6942
13444
21838
49190
43080
36735
40263
4191
18306
46402
18008
31911
10161
3280
16543
14451
788
45444
14966
24156
12316
29333
25785
41570
45156
43939
2703
16209
41019
45801
48106
27379
36172
42794
23219
48591
18192
39678
2486
21615
45775
6923
27310
17087
1341
28019
42303
11575
20716
35854
25527
33908
23558
30323
18255
7044
20775
41987
9463
10987
29766
25070
46563
40327
42798
39535
5189
17831
47697
8870
39032
37477
42557
20238
35040
645
32744
21205
42934
29258
36301
12587
6352
26420
17930
43448
3181
25386
28084
43604
6535
5271
3127
49162
4810
10838
47864
26448
41411
47339
35152
31690
5219
3294
27109
38263
44970
33303
40919
27477
49001
31445
38752
1914
9432
7649
4969
13479
28519
41975
37428
16870
49360
5636
44562
12668
15326
41319
37290
45726
44352
24822
34633
29192
8239
7484
29498
42619
36409
12808
35832
38688
41381
43618
13330
35647
4575
35390
17427
4176
7479
42626
19655
23976
12943
29905
35641
9427
47989
15184
40450
47742
43871
11
35083
48995
8607
27551
39007
13909
12495
47616
9926
34371
38484
36568
11689
32798
32697
165
9316
26242
6382
21266
17794
20977
36674
32410
47684
46850
41810
49639
34001
37215
32510
16613
41584
39995
41297
25946
28620
19505
7203
10944
11904
29377
13862
36156
42128
31347
48702
22456
5778
9920
7560
40948
23990
38972
235
10830
24174
2786
14212
15746
3405
35388
26149
46969
24799
31403
44594
28329
32421
3691
22802
45247
38035
46957
26489
2713
42737
23889
43518
3462
24237
26799
17677
9863
30864
48724
5637
27987
49843
16359
22429
40626
20419
26845
39402
27899
42195
32365
10162
35989
14150
45306
32431
23857
17108
45916
24738
18936
46189
34577
12970
25621
22984
22279
3388
14238
48168
33385
6740
21820
47251
1256
26109
41766
21411
7375
21698
26864
5901
17027
36845
29146
49139
29487
2189
45645
42084
31111
22361
29417
33339
3257
43830
23801
19971
23938
47588
9306
27405
28402
34259
24282
14415
26784
46106
31999
26023
5732
14016
12647
28567
44950
33520
35053
28596
37885
25868
41583
33607
45070
44853
5839
8802
25906
11130
44515
22515
40215
30605
49736
12068
30348
4567
47535
48898
25609
27013
17944
22807
21347
47518
34641
9634
42357
17567
2441
805
74
32216
20529
33966
27701
17053
7116
21148
3758
26779
40759
3441
22066
10353
20099
19165
22709
2228
39065
18153
15101
13187
30449
23940
8743
39356
13495
2873
35835
44356
22961
28530
29231
23956
14428
35465
49472
36422
15072
42982
22568
10730
5604
42271
22357
23671
30946
40588
24538
12792
14916
46788
9685
15903
39850
37184
29265
20982
23192
45347
38926
13276
9007
49480
41827
2815
36757
41387
6309
37485
40551
30675
29198
1570
4149
7104
41021
29310
36869
34311
15942
19249
41061
23620
8712
12704
29334
34040
18844
6759
49284
16712
33825
16899
20626
47444
30834
24187
33500
21541
47382
26486
8958
5423
23416
46930
26013
16986
2970
24651
34620
48849
24021
11373
41249
49064
1319
37068
17729
21409
6796
33835
4849
21527
9568
15503
28945
26758
45103
41749
36824
18521
40475
12383
29590
25167
9662
36111
2008
40622
35090
36727
25117
45556
22146
14543
488
11349
5956
6653
37302
19211
6531
6131
43958
1577
31010
2065
24452
26534
44417
7541
35652
41357
1014
2797
20136
36224
16861
6741
27651
26802
48457
23131
37374
9745
2553
24302
22139
11213
5513
8017
29204
29917
34120
35292
5583
29484
22738
19018
12595
18509
35746
26127
48742
44408
28823
38146
4310
14945
27553
1260
17855
44861
35069
28410
6433
22780
30872
21524
6836
17248
16183
26003
34035
4547
39570
29156
8640
35743
31088
34843
10175
48543
3952
17753
1390
13381
6573
28593
4803
45981
34729
18451
48832
40698
5888
35499
21836
21052
38246
32773
6739
27585
11490
23587
49656
24033
25766
20266
5714
36772
38230
40938
29881
18173
13079
45592
43703
6087
25526
29892
30301
7621
23289
13322
29155
14152
15130
15895
23887
4078
24670
34419
1598
35238
7446
378
18467
19187
31165
15211
4698
160
26434
23591
41341
2827
21987
19054
47131
1420
25662
29996
34352
28549
33983
14537
41652
8874
30261
628
14095
19622
12099
15210
20190
21752
6745
2795
35279
45544
42428
32562
15698
20875
23589
31633
14720
42718
12907
40918
31654
32621
7184
48705
21085
7420
37651
8562
49734
43178
16446
26180
8509
29633
29603
7383
18181
8756
22403
15545
34949
48840
31381
35951
39741
39837
44859
47466
4521
43589
27778
1339
38311
46038
27903
13963
9540
3546
32408
23542
47032
12660
3787
133
3518
29990
4137
46414
26653
2076
33090
1740
14390
42192
14021
39352
44235
21059
40650
47365
37203
36261
965
42019
21824
14291
16603
16278
48170
47875
9267
22176
16020
26303
827
19057
34036
2540
5385
32414
27753
13843
32213
26848
30349
5305
11194
19853
28356
21813
38944
49063
11330
24307
7922
36788
45057
48760
37355
34935
1414
25274
48315
28601
40417
20341
1355
6420
23349
13087
40310
31543
45559
7413
38838
36457
38999
12406
22939
43542
13449
40739
9393
6021
27879
1707
27691
19034
46734
30099
12977
22814
10135
19195
39072
38467
32343
34610
22509
6842
38119
38374
10371
14950
42015
6539
24034
30964
10362
36061
30273
11386
37818
13193
37886
15851
41010
47054
15791
49100
6912
16179
9447
4079
5374
20156
32508
29428
6248
13382
17562
35955
3080
32121
39084
32561
25688
15001
4924
49842
49554
49484
8163
27137
22798
38377
45682
3163
33796
8723
20127
32992
24963
45872
11912
27440
22788
49412
45487
7763
24811
25048
7527
19783
35607
24107
15826
25938
13067
1212
11829
20455
37777
24927
38284
38949
9938
48526
22173
28911
46921
44138
20825
42034
2636
41814
9501
46468
43336
3572
40516
49595
47
24125
35513
47456
10985
47222
30467
30391
3058
35868
15387
17414
13237
7089
39514
34312
29329
9594
22724
29664
21126
45743
14886
4291
28158
16550
33232
22196
9979
33074
38679
45779
3719
5738
43908
2363
7084
8638
17487
19554
38626
37987
23144
43438
47199
17067
43068
43151
3915
40945
38290
21595
11018
10555
12057
23240
1913
36628
18088
31659
16684
24522
20399
44030
46413
39223
5842
20703
19102
24974
7273
47430
48064
46161
1801
46982
40117
43610
17550
25581
25410
13142
23670
22330
26714
4148
712
4896
35243
2004
11226
15924
2357
49194
18331
47922
10876
6467
27723
49079
17768
2249
44860
23246
37310
27271
6635
14744
22529
45297
44014
47920
14561
9552
1490
6611
6603
21286
39898
12536
39616
14230
29830
23241
45807
27898
15390
25741
39010
40554
2330
39102
29932
16348
35717
21840
38077
6411
14862
273
39654
40174
20989
34928
6065
38603
698
15950
12787
2149
35131
27657
8487
34715
43627
44391
851
28983
2738
34580
43057
37025
23201
7322
7895
18553
27372
45971
8383
15456
12919
31616
15506
7813
20811
1037
12598
8902
16100
28632
241
8021
21967
27678
27794
46939
45870
43372
33661
9799
44359
40311
8375
11288
2353
17014
3912
14652
40073
39105
40408
49679
7938
8514
42153
15692
36828
21908
32541
13457
20060
41834
10958
42823
29839
35061
38501
9960
49137
47019
24514
48255
19291
47668
46545
6584
10714
23651
37793
6447
5065
29150
36259
32162
35506
9916
44243
20788
28978
31313
45740
48828
38259
35066
1935
41488
7430
15945
46936
30294
5575
653
36690
16620
37174
23600
22833
44314
7926
47513
1893
40398
38057
24600
1317
41723
31207
18983
10286
4159
32742
15325
19336
11530
9302
40223
24971
7049
19215
2069
38497
7379
10441
23351
34453
30836
44465
20561
14285
11450
13920
41437
46550
49042
48779
22547
2173
18348
40895
36917
49144
37719
41728
204
18516
253
13476
47843
26825
45401
406
45311
19423
46262
22292
7749
3762
5930
36077
16949
44747
10001
14530
46881
37252
4292
14824
2325
3504
42339
15953
49361
37303
42547
34524
14712
48320
45071
40893
27817
19202
7037
11004
19552
4090
49890
2269
31858
29764
34281
37241
40347
4899
31884
22336
40212
48230
24561
28358
12961
34448
1117
41735
29647
15271
5447
47346
31258
46934
12944
6148
49267
22041
25203
42713
27326
33960
5485
49179
15164
7437
21912
42872
40717
5592
40533
29051
47154
19147
5150
7993
20247
42893
21953
35104
8389
41882
46085
459
25715
28648
30321
43737
45705
18815
22869
19305
23279
36599
3284
8692
21945
36904
26487
10715
9
28912
46077
21975
20582
15033
23642
34367
27384
44272
48385
7566
4995
37958
10060
42525
20244
31959
8962
33226
7660
6774
28027
884
584
7794
48000
17917
16541
8969
15660
20084
24562
41266
16133
37167
30110
20459
22728
14843
39623
44454
44098
42352
15319
8816
21297
4041
5938
15867
12197
10672
5801
13716
1851
31742
152
246
32941
16399
6657
33089
29545
14088
26578
48540
17378
39605
30055
18231
45617
31245
30240
37509
13438
23881
38742
17569
32068
42002
37107
26125
7342
23228
24883
32790
7648
44935
39249
15821
26839
22712
49212
35384
27332
18093
40425
30158
11358
45943
11813
9934
11359
6424
48067
17354
5915
45901
14499
41726
46273
40763
47460
27386
34256
1716
24121
4288
41761
35232
48971
4684
37859
49429
38943
46510
13741
2598
16832
47926
41176
8960
13413
40613
26220
47991
27896
22135
16246
37146
38323
17620
34351
1744
26550
4865
49497
31303
19578
14393
33930
34176
25058
21943
1376
39110
7178
6064
27596
16787
49755
21277
4415
11586
9275
42566
16974
9227
1679
49493
2052
37690
30903
31370
42214
9857
30719
21330
33118
33168
43745
39039
18114
22093
37413
27760
8650
38448
19122
43329
7724
169
1413
26418
48661
49977
5492
42494
30932
41500
28003
12124
5033
31523
49628
23592
6602
29811
9704
46270
8558
46129
32824
22862
9657
40337
45718
19365
30618
42051
34417
10651
19637
48960
8663
31369
37157
38565
27457
18507
47790
34872
4356
44548
5243
8057
8916
12976
10357
34806
13550
4417
15297
11127
25223
32834
16088
16056
28412
31688
5364
4744
34235
42629
35289
28123
29573
8752
21532
19821
38258
21140
49949
43786
49261
47731
25834
36006
38352
4199
6412
39930
2488
12282
24285
15175
24265
22643
47551
11861
33428
47364
14396
455
11612
16010
8130
19042
20055
34563
21430
7005
22649
47986
46668
47940
14904
28809
44251
16296
14951
44760
17324
49089
14274
6488
47893
40853
31500
47348
13189
45982
12118
39966
12448
33014
24710
36576
7807
32628
21389
7708
49006
9418
46469
19367
21538
17912
24100
16224
48513
23360
29026
13841
21797
4081
4955
29463
46104
35354
25767
40563
20995
26005
27309
21492
31498
14171
43005
44304
48108
26390
17636
48721
22236
21744
7890
29675
24609
19003
32450
20774
5963
26680
7318
49970
49808
7441
567
45300
6562
3355
16436
41526
42830
35807
24954
19058
31063
14159
44969
44527
42616
28416
37599
27960
26288
37256
41797
18752
13253
29566
20767
37189
5912
7987
23032
45905
49598
5547
12003
21796
13017
48967
31577
10428
42931
9482
31066
5728
28840
30237
286
37329
25873
23638
23200
14450
40410
13391
4059
8316
40300
32937
45012
14732
11235
47540
20544
223
13615
42493
28095
23906
10832
12291
23361
32813
44609
21722
9724
43840
37626
25564
22414
19001
27550
21291
30880
6540
9602
45220
18241
1184
10855
44643
46897
46767
28622
15214
47932
45920
4414
19880
34550
40476
3592
44168
46757
4393
32258
16748
25194
14236
17419
49221
424
34424
45588
25638
42126
38518
9396
8398
12711
275
10602
26132
9924
1813
33845
1502
36778
38584
45563
2627
20347
36601
34932
30026
22431
15202
17280
10235
47769
5018
36797
47918
7909
7854
20258
28855
30924
42337
15112
3857
40793
30425
15117
32014
34705
31229
47704
46872
10348
49687
16047
17571
23832
23871
12841
38414
49123
34559
8691
20169
45080
49282
41898
10713
12454
31534
29207
27825
27100
1046
29666
26516
28607
44174
10426
38325
15317
26337
2765
28376
11007
33811
4058
21160
7723
26172
42900
32728
20622
29257
25763
32872
2899
44119
38959
48244
45730
42842
39915
24250
15622
17370
23034
43095
45925
37670
27537
32426
14261
37001
33514
28336
13952
33690
44461
71
13586
7187
579
49197
3588
34807
15596
27479
16050
15109
21264
37061
21082
39283
1823
42915
16911
15114
38759
28444
48062
8988
32394
38819
20116
26522
24896
49758
44312
45321
35239
40974
16310
42739
20746
8292
45969
43998
15217
33053
46180
49410
21888
19177
24173
25158
24269
1600
4040
49382
1909
2578
20844
3847
16930
45772
32525
31625
17916
41189
23301
1764
22616
26184
951
23468
8315
9092
46980
6564
16597
2049
21548
35916
33810
20951
13711
6545
18092
11916
6182
27962
12902
18745
44297
39294
43945
40539
23130
17420
22637
13218
21187
16148
39468
30316
12506
28775
1575
42694
10434
18258
32724
46861
24725
30862
23047
38849
34888
8337
2243
10928
35334
24030
23731
7440
37848
1784
17735
23579
34942
10594
19664
25258
35460
44499
41589
11470
49129
24453
32920
46871
44797
48058
17277
18314
10468
25156
1489
49115
16802
28662
11156
45571
49218
24043
45809
12444
18682
25612
43811
47759
14500
27726
11927
27862
46081
19900
6402
30826
37293
17966
24536
37158
40098
47914
35648
47322
44850
40041
25398
21462
45233
37053
36337
2617
42570
22768
2067
29175
22034
38049
42914
23916
38544
8905
38277
4604
31996
17836
32692
32460
13046
2761
6284
13047
33933
47437
13057
32205
23389
41181
10550
9899
25217
3851
25550
26654
25836
22867
19012
46307
46341
32717
1987
36921
14489
6456
4540
38070
8987
3707
49092
43498
48468
29560
16724
48486
36062
1405
48273
35515
44511
46740
37446
2450
39119
48088
7160
634
11999
40671
49093
49555
19967
35546
33411
40636
14001
2320
15557
29698
35441
3934
18989
43430
5048
47148
1501
28598
39384
16432
30102
47458
12526
9894
7694
13521
15445
20278
16425
31573
33345
45205
908
15748
23444
35834
18726
40026
35284
35997
15466
24712
7653
10669
3418
12592
20074
38578
12195
31556
26621
27965
7079
4623
6222
42174
21618
12464
28347
40184
15662
45723
19760
8475
258
22868
10836
2691
30164
12990
26346
27191
2341
36033
46569
17956
30466
8775
21240
45501
22626
20242
36560
21213
8404
45256
42091
30712
23973
19538
23816
5452
13013
3003
20759
41536
15395
21931
45604
5796
31376
48789
5121
18103
12730
39068
37191
9309
42212
47441
6864
28818
37645
12530
27242
47558
13073
40944
9485
12356
29817
41763
6457
27782
889
5093
47477
27841
33209
49909
49163
43676
30772
6261
27404
16566
21886
85
3665
37966
366
29661
37104
24429
11022
26195
43413
15034
14051
7501
4594
42484
34966
46494
48204
16215
43395
18703
15587
47951
34673
26582
27541
17226
22836
36734
44156
21441
1253
18267
4102
28128
29341
11037
30698
10647
17673
3016
40881
40266
3278
34954
13551
1316
3153
26634
9221
12624
22445
8046
32593
48654
8055
27130
26563
39134
1664
24792
623
17407
36963
46742
10216
49763
12488
44961
37534
24329
39620
24852
21567
3590
34818
17913
5209
24697
45523
19351
22030
42008
19928
2408
23667
37970
18437
22923
18669
39041
19356
17314
11725
29833
20971
33188
37106
19850
48073
5743
13470
47857
13341
30025
24967
46956
29004
32110
35440
47292
4554
26101
45894
36888
46334
24551
27884
15084
18484
2667
511
14771
37143
34624
49959
7860
7695
1582
13347
7601
25240
30959
6748
14535
24455
9759
21562
43083
15448
19937
13768
8897
5323
27568
20083
29951
39928
25395
29820
18520
39174
49633
32479
32432
40206
36859
24969
44621
40720
30693
9601
17116
18528
12179
35787
44067
35697
42111
1236
46300
13973
15097
41664
1843
48177
34376
2350
43446
48604
40448
38419
10090
19640
12698
5863
20440
39426
12416
29061
46281
48271
43084
39395
13989
19104
17199
46126
9850
22752
36786
4821
42664
113
35744
21764
14863
49728
3623
37916
24463
12562
17626
14126
34927
3358
24572
49347
41497
9911
28921
6175
37390
43279
26438
9956
1217
20978
28366
46377
11966
45361
10275
21994
10499
12761
36362
20450
43670
16891
592
23328
6851
24314
48902
8188
36493
12789
26436
576
29514
46852
13123
36475
5718
31811
48338
7496
48452
37222
44601
7968
32949
36561
13990
7645
25555
3092
11819
36712
9842
19571
5182
34262
30174
6988
47239
24835
31971
26481
49444
18879
25553
28526
30402
10903
45963
14229
21833
48414
42889
15996
25947
4891
29072
30661
15726
20076
39980
36702
29521
30743
29760
115
37656
34832
10916
25428
45346
27910
28997
43874
12294
35356
6987
35977
48186
19740
17096
4685
29540
27784
9313
40504
7196
43424
3982
14742
35908
26045
32141
7215
32288
10820
44637
11969
6855
1980
39148
19613
18798
21828
46475
42969
8970
46745
9739
407
34474
237
1242
32746
31624
19607
7226
15473
41999
18284
9777
26300
28169
34781
38140
30104
46959
19217
4460
41237
48384
13228
35682
41378
38952
11141
2311
26513
26457
26620
43601
26800
360
43436
37541
4043
473
45867
40714
48948
40542
31092
30808
22425
12709
20715
38650
20490
5580
4486
14550
35089
29623
29445
9467
27758
5383
10036
20534
33329
49809
48403
18417
24504
49979
1531
26869
711
42130
27073
22121
6898
22460
45826
9861
47768
37401
3644
24500
46249
21010
20454
3065
27301
38526
42393
20353
7494
31918
21180
1782
19151
32183
41211
32503
45629
22239
12949
35861
14249
32063
2040
7185
19924
49296
43990
35492
11808
23380
40841
43894
34968
47639
1907
28453
41264
25804
998
22081
43193
16637
35306
24795
22364
13091
42420
25198
14034
31786
29140
25488
29220
11522
19706
33715
7572
47761
41038
39139
45598
12941
38463
12753
30768
16164
21455
20955
11615
46887
32782
49608
27518
7243
27901
41106
33681
32140
37178
12580
22365
4660
43232
34357
26413
38318
32776
21892
699
12365
22813
41638
28377
6705
14755
37168
705
26388
26356
19037
17057
36109
25656
47066
14607
48955
24761
8963
8422
33425
32411
48507
16578
19633
47587
37531
9024
30169
15057
46419
40768
27501
42885
21268
13525
35860
42326
5855
26865
25457
38215
5119
13606
20553
36393
25753
10373
23695
14699
21198
7728
41857
6028
38014
11542
46200
10158
2064
11744
958
12779
27375
15642
43688
36363
2830
4555
23022
812
12370
45855
40387
31924
15630
1223
35775
34164
40081
21980
26290
730
30600
33395
44381
25011
11445
13838
27192
38173
7563
9490
26932
24440
35311
15502
26579
43784
15632
45409
32830
47777
8240
19430
34908
4152
24753
39622
12920
44050
44823
38828
24903
47802
6259
14563
20814
727
7691
1702
30361
20718
7859
37882
36023
3010
6862
9989
2154
32779
37597
21422
48442
4256
25647
3534
36213
30744
21217
31176
25353
35265
31266
23042
6549
32613
48014
38319
13056
36192
11378
3160
49479
30424
47716
40013
1911
17607
18660
500
11633
32534
31994
18650
16373
28521
47190
7362
36637
34899
34022
27194
31192
33063
42744
35823
3525
28547
30905
7400
22144
16284
39330
41922
43544
28986
47139
29363
2532
2380
24681
15121
19293
370
35774
23051
47039
26471
7939
7466
10951
49013
3983
35846
21917
33305
2442
21915
18599
37312
42400
46369
1739
42810
9448
7847
47333
44558
207
43242
24068
22345
21564
15451
23746
20032
26542
28792
15825
23441
1142
1791
15526
25882
21339
30741
16825
16806
17797
44940
41333
38181
41867
21235
15088
26916
47504
5523
32055
20236
28841
10789
30446
136
17281
29481
15215
20397
22008
35510
1656
6401
42588
49149
7063
9658
33869
30328
49483
41315
1486
14178
14867
31026
38208
43476
28589
9279
11644
19289
21363
49049
34627
16596
18307
34184
15783
20065
41325
19426
40399
16573
44838
25548
24416
22605
32800
48868
18863
18554
7416
39935
41681
6316
31481
38769
12610
5344
7130
2853
11807
48846
25599
21998
41223
10
39954
11656
45917
26404
14325
42554
22942
16587
41402
34007
30639
40620
48090
34833
8300
38571
15715
14400
6012
28150
5016
32988
18820
21667
41897
45421
18202
11152
24884
12335
32515
30596
43289
20307
18491
21369
14336
1928
23534
16910
23712
13370
9707
46202
18687
21361
3995
31807
31250
4535
13858
3974
31357
46616
47982
8224
41649
12327
15061
32277
4183
10141
13730
5894
7476
28202
29987
33603
28491
47642
11353
28479
32470
31544
25783
39399
18321
21687
22289
5365
10728
34329
25993
21597
21868
30526
27059
28728
18338
15427
12394
13340
38038
15770
40489
48347
17186
30865
19265
38922
49831
10973
41960
18910
48401
26814
22565
15633
37071
19592
7376
48896
15371
18591
4882
39218
23334
39499
38989
2141
33768
40925
14391
40031
46350
18332
44740
39947
18080
21124
27928
10284
1378
7280
10029
6831
42329
10136
10276
8904
8203
36307
27696
3858
15051
22877
34185
15291
47016
42409
45795
27117
26096
5389
3440
9524
5472
38187
17954
13272
31792
17368
13255
43622
18920
22458
1210
1276
36520
24401
208
26449
24806
45507
6519
38940
12972
24699
17720
27345
32918
27167
23165
47997
40705
31020
21807
2850
33045
24658
3350
41656
12188
26713
41420
30750
48611
28959
36466
10100
18896
196
13416
12264
16025
45179
24400
25458
35267
11142
49106
27183
41878
26973
19583
31213
26103
48823
38061
6715
27834
34110
18840
33610
31276
29376
3038
4211
43666
42768
37743
17406
16670
9017
30252
17275
682
14304
23306
1017
25332
41095
5772
48498
19833
49397
30159
28470
48947
8794
38370
29502
2234
873
19489
16560
23316
8457
20205
12641
27955
44390
14926
42511
2849
49059
27473
20126
46219
3492
45885
45102
39205
11439
49788
30043
32243
14207
46855
35008
29655
14162
33300
48293
33733
22581
23621
31419
15973
12366
14593
914
18592
4174
5081
521
44756
4169
33341
13691
20408
20873
21177
17611
10680
32896
33062
42274
42650
7222
45976
14844
28274
38426
14210
35934
49087
28451
36508
24930
22902
48199
21179
18984
5816
41900
23193
30342
22950
29907
14681
2230
45650
37481
10084
41743
38201
7228
45069
32452
5036
30539
26706
21730
41658
773
8484
48471
26211
40129
43682
19770
43356
9566
48771
5849
19378
19803
25389
35760
24188
13321
29109
35505
41792
29597
9157
41631
34701
3455
41516
37869
43660
15293
11823
38300
44786
26352
33353
38861
40352
6854
7629
43899
12973
29975
2314
46144
47734
36604
38364
28789
49168
7933
45750
45854
8766
15501
6712
41709
38594
9590
39968
4706
40511
17637
46827
28189
27816
47488
40852
1199
2948
27250
6634
4526
42279
24752
30000
11649
6223
38737
32289
4496
15254
17261
40949
11830
17574
15762
8391
44005
27543
21094
32401
21586
16609
40170
33789
31502
2313
29738
2926
41031
47699
9386
22510
36543
40503
3026
10551
45782
35810
22311
32619
16035
35931
12946
46965
38425
8199
30705
27390
10077
27057
14232
42336
33020
42959
3472
44438
45294
23462
39796
47712
14930
5504
10245
25442
24342
41640
42471
49798
38680
25582
38054
40751
12734
44015
2517
6205
48555
32041
1004
34874
10694
13439
33866
31279
35982
472
15788
16140
24995
34366
49634
8045
23096
606
28303
467
26795
40053
6936
18831
13461
14437
10369
14231
4982
41200
27948
2574
36898
43460
38253
6937
2019
42977
16912
38012
45325
5102
22842
28611
26334
32042
40576
28041
5106
25888
32302
14618
19369
36202
19415
17890
38718
3773
21135
39088
14248
33841
48813
23666
44775
46212
36442
27649
40556
38104
14327
36222
12982
31729
26061
9389
28862
3878
21359
22794
47624
22467
15743
18037
1608
5564
8770
4828
48964
32212
15704
42498
15576
15078
25363
28270
30899
44057
6466
9122
26935
33012
3680
38953
45396
44863
4277
33861
18136
15419
7924
8418
49507
33086
34677
13707
2895
40680
25018
7809
12571
25770
39543
39743
38211
3520
27006
42431
21396
17846
27486
20687
17083
252
36569
21050
46929
20587
35135
18776
5064
26380
6048
12637
24819
23609
44061
10400
29097
26260
6818
5705
14541
37266
46193
10800
22561
37436
37277
21775
2618
69
39661
15701
40985
7878
2558
37787
19711
17289
7380
32391
18229
2417
4471
49318
26993
40383
33700
21257
16388
27852
8051
35108
35474
27654
15629
35715
17903
14257
43890
34165
31427
10685
21723
35702
34572
45504
3315
6074
9821
3834
34265
22005
22405
23438
33899
16411
16029
21904
32355
16303
11933
15544
20235
20719
31594
17818
32570
31023
38495
22401
14441
36298
3172
319
48351
1063
45428
35844
17145
47377
12357
35153
40602
23502
13796
12833
38078
7608
3372
13588
38093
42700
29349
37464
28407
8796
47245
10508
39867
43776
14570
17141
8973
5495
24872
31520
300
25696
35599
17161
7725
19011
37462
25960
14617
31834
46688
40256
31335
43482
10187
24652
28339
18066
243
13458
1337
41345
33912
49648
679
8740
6981
12332
29879
1306
8505
16159
20328
2468
34814
5195
4497
1646
36839
31527
42906
47414
36067
38611
12200
18886
14279
33490
5234
25780
33285
36445
17690
2038
33570
25743
28587
3074
45646
44870
5880
4612
25822
14835
38102
545
639
4
16437
26769
41478
49119
30072
5527
25288
29500
3855
19472
1494
46764
46791
16402
15978
41580
34229
33289
5782
3030
12362
49325
29894
27936
36880
17594
41636
37935
350
34481
38883
38407
48620
1694
49437
41157
24804
9168
18941
14898
47710
24230
5621
44011
45384
8121
24907
10795
17433
39087
35863
41467
46801
42599
29659
32827
8473
35705
46103
38958
3433
47166
5826
34783
24610
22380
24566
40198
29942
20699
22130
37820
28171
46304
42118
33327
26879
41277
31416
12060
37133
19678
44215
10079
11245
27407
28661
14494
37476
39889
10052
12604
33629
19701
745
27493
36896
29394
39732
40762
39394
49494
3417
25029
1047
40457
42278
26232
42681
7465
24696
25702
18083
23340
24802
19681
11416
19516
25046
28761
5786
29425
36549
38641
45055
16147
47960
48020
14757
46047
28350
26694
4694
27220
6773
18191
6667
12012
9420
16076
6144
32594
33739
28674
43942
14308
47195
39726
3046
35750
8436
8773
599
21520
40558
27324
39461
44170
49594
47097
24530
5418
5795
39782
22044
15932
30141
2157
47068
39733
10743
27079
10710
5222
12565
42293
46464
4527
47384
45698
23632
38182
42181
7596
34484
27864
40745
32753
18135
7252
27273
15896
31014
37779
23079
18847
16823
8020
22992
17434
31677
87
15393
22771
27732
20724
801
23005
15013
29266
39442
35146
47577
5075
40531
47562
20337
49148
42760
14764
28637
12351
15969
29132
48182
14612
40968
35216
37939
8064
12883
39936
27837
22166
48503
1891
14379
17967
28384
31537
34820
17133
13944
30037
44633
14873
25738
10064
34335
41086
47031
37018
18555
20024
27692
35037
22520
20261
17899
34989
47715
22981
44188
11777
37206
17612
48192
40805
20177
21572
43831
14371
45769
10219
41235
49971
17952
33947
44936
40816
34392
27450
42978
38842
1292
15614
8135
14578
28759
45379
17124
16127
49070
7303
47717
39807
45214
28419
38315
4398
16331
17231
41593
43893
6183
18033
24821
23084
37757
24634
40910
36966
15324
39923
30193
48972
31209
48169
14703
16082
49961
10293
46360
17788
19021
4482
26339
24621
45474
40481
44448
26271
19959
13531
33761
6444
38103
36147
4431
16837
12492
47130
9460
20430
11399
7907
37647
19013
46253
38345
21635
19561
37060
25635
42435
26407
20960
2541
40575
19414
19005
23190
3524
651
46997
31680
34418
8428
19873
9281
16423
28433
47923
41535
20662
31429
22948
29856
38185
17362
40780
25950
6583
28941
29040
38757
25649
3483
30341
24700
3321
29311
43526
3658
30653
43004
5060
16894
29685
36310
39177
6093
11816
46506
48511
35133
22907
35401
42938
36861
32617
38120
48782
12522
11431
17084
33253
12810
28152
9246
14351
22321
14089
17206
27171
30095
33070
23986
11369
33726
31821
46831
6426
4333
8957
38988
30428
26248
21574
9088
21835
16014
1021
25765
2864
30015
21115
39920
25455
28958
15429
26903
27105
45197
36158
21037
881
42683
37194
10696
559
31525
34388
14965
48876
20400
7949
15090
18826
24909
25308
3810
17230
15977
15230
16123
32491
575
43076
35836
42353
16619
45098
28660
4750
18988
24844
39251
2339
12731
10590
4036
37043
8545
14996
15135
11767
416
9285
27085
8455
42875
3780
24532
6632
33502
29618
19831
35094
2462
10213
46204
36927
44922
46566
33424
43163
23822
43917
19501
17198
129
12279
12615
18107
24891
10938
28636
23789
31110
41745
11038
38460
7448
20039
28659
48861
27669
41818
11594
2296
36974
43752
39664
30962
26320
16669
8760
6612
30069
42503
36677
14702
10765
23469
41839
18291
43136
17674
45207
32809
35523
43623
5919
8822
15134
46610
36715
22029
12098
11324
30664
37806
6268
6379
15790
2866
19315
25977
47371
46500
17978
39188
29059
15167
43410
3738
6324
11217
48923
42412
47467
25631
18556
128
48225
19968
33907
31118
3802
22418
20506
27352
23020
49338
31660
29448
5672
12260
28897
13366
6599
33026
8944
29167
27969
23882
29100
13041
9611
20745
41121
7718
10316
42391
32808
1683
46112
37637
22312
15905
35109
19031
1081
8234
24095
9059
14411
287
26326
9877
1542
33803
32297
13122
2906
24432
5460
40179
45370
32307
38471
23260
47844
44060
9761
12751
28850
27934
46937
9551
47218
36547
15505
3836
32015
36847
44889
8877
47919
40973
41272
47568
357
17635
21725
42267
18927
9883
47100
46134
48632
5674
12505
22052
5223
14174
34568
543
25904
25554
32564
38818
6491
35169
42992
23870
20484
44924
42520
42354
31033
96
10543
28002
26616
48567
38776
14820
3999
37045
28172
44905
37565
30434
1774
29558
39298
23291
5434
7348
20031
24087
31599
45631
13826
30264
12667
34171
11012
33352
43465
34986
22954
14497
29513
35526
21905
36522
42058
29507
14320
14213
17505
30272
39655
20545
25206
42089
1056
38648
13630
33069
16743
29054
28439
47650
2271
16833
44296
22632
24217
14103
8486
36385
1918
45930
49718
39210
48236
10002
29187
40738
49433
28446
13570
4505
13167
15115
6725
18806
46092
32999
5897
48015
1423
13976
45699
32137
42942
31626
40357
40557
27011
6944
25182
4328
1185
40879
23513
21089
25722
6381
19555
23142
44667
38703
24827
34268
19713
5019
44401
10764
39217
11877
49435
14686
30365
11083
35759
2625
44732
49732
41989
1219
41152
5679
19795
19260
10402
6841
48487
26106
46422
24204
964
2263
26224
37862
34261
36108
34273
37528
37843
22331
3258
30282
21789
45521
15226
17517
54
9735
23792
9078
26712
26798
2603
2276
40507
8674
28860
39401
46188
5675
466
26217
40037
24108
1162
42209
8078
2000
28800
34789
43466
40298
47657
36769
32530
30379
4494
12684
35656
45662
20207
24861
40009
30696
36645
9667
36454
36958
47851
25103
8972
38388
27743
48883
38111
13006
10879
23162
6834
30137
47006
35034
38782
46612
42151
34670
9228
10699
5550
25907
37800
10693
15499
18429
46770
36030
16175
15794
15929
43643
34772
13799
10503
38112
13203
37444
19588
48532
38830
35884
15817
32993
19186
7578
18249
28801
49229
6701
5685
6156
14861
3389
6805
20802
36590
29516
23235
14569
30950
33207
24789
32838
44008
22853
14539
49778
27320
37801
30747
8503
19230
6553
7136
37695
36817
28207
13789
28424
27918
77
4282
39211
48012
20018
838
12308
29630
2757
22350
12878
48122
23781
44006
47690
27722
48065
36271
17288
48589
36424
21530
7490
29576
4963
34671
2485
2980
30732
6349
11039
10113
30849
12244
48141
46723
12861
4728
34623
43906
49309
37583
35482
23311
4411
29090
7602
28649
15497
43469
47613
29068
1919
33713
43081
21668
36018
49850
16730
4884
45613
38165
21397
11641
4280
25830
21272
6858
13683
9270
1573
24028
23629
42735
32978
43039
12666
40876
47298
34698
32393
22439
44300
16181
4334
12811
10416
42578
35007
32154
1247
29489
31908
29277
15172
40572
44624
18998
2103
15644
12084
46164
24715
44705
48743
18738
46901
23994
15730
8301
10150
32206
32234
14784
753
30194
43766
19460
27088
22711
30922
47106
163
48856
28460
19123
5696
9477
39702
39686
4348
339
13994
37667
18888
5691
21065
24973
32345
27682
34119
18727
15586
2807
28393
24431
43790
2029
31939
22508
40670
27334
2611
34186
27632
43435
42137
49514
48933
14275
24124
19945
19385
8167
3442
7835
46347
16191
29138
26325
19993
15631
9640
49404
44232
45591
5730
16720
6136
1521
15471
10954
16849
18933
11368
42154
11804
41009
36394
48851
44382
8270
40766
27400
21770
21021
3537
26658
2117
43352
42676
22792
8027
46565
18432
36901
24433
11953
41464
26723
42606
28683
49686
38733
3253
39790
48598
15378
5768
6910
34793
37057
43514
13396
20401
16084
31513
2409
39717
49617
29599
7713
13508
46340
1391
47785
12934
8814
42250
29855
34464
36144
31833
10461
28535
4597
30773
11775
37940
14684
39037
47931
46280
22076
18948
31142
20025
39388
20467
34338
3888
41954
24943
8089
16925
14942
48200
31462
48575
36587
2674
8302
2583
3714
29800
34264
9519
15440
31650
31181
23583
9368
21356
22447
12243
14698
33488
5497
26051
6967
3625
27883
9957
32279
1350
32019
39964
34588
18845
40441
6040
37515
8617
2122
8994
33624
43680
33367
28438
6662
22254
44275
32167
22819
22304
36197
14043
17395
48686
28313
25230
38913
17879
27660
36689
24444
8563
19485
41222
46952
21460
47740
16902
7884
35799
31848
5657
40360
32616
35776
12163
24718
24584
38058
32318
4790
19509
20006
18377
16942
49147
25676
35296
20052
33269
7841
9241
20068
13764
48664
1910
21935
3867
7378
41386
677
6437
47152
22701
10950
32142
26430
47484
38629
15752
24735
30320
42677
16873
25262
14709
41450
48605
14053
219
47455
30388
29476
25374
30582
2824
27336
30956
29427
23888
7323
42635
28581
24721
47944
17451
38643
45540
31035
48439
25851
31791
28673
28363
3327
48191
12388
11666
13682
48939
22103
25659
5616
25774
25883
17317
15327
12909
14647
31277
6391
31826
18078
12380
29758
9909
41579
17976
34714
34554
17942
31233
11131
25174
42186
6723
40708
25970
25805
35973
17164
16629
11564
37640
16887
34378
22378
36755
3196
17710
27845
16939
39523
6394
34027
21715
3543
2246
24774
10292
41107
5921
45425
40517
37963
42457
36178
4067
5931
16548
37163
27449
22820
49083
6114
37265
27799
33543
34834
9475
15212
39326
13247
23867
36867
40696
23011
31753
7840
22614
15717
35915
19210
49103
3674
8384
15572
34658
43550
15436
38586
39348
32983
16705
18638
26055
13845
48925
49703
41418
7316
18624
44214
47316
20963
16112
33433
1750
47595
11851
35986
42990
6172
43944
5026
22666
3932
30340
33673
29826
33374
27756
8808
7823
38485
44614
38171
27963
31575
22057
44659
22633
25073
19237
20922
14716
15343
37269
39288
37863
42098
1706
1864
14825
31724
24933
21674
26803
10926
49991
25861
11720
18446
37098
7930
33888
46121
47261
6795
34081
31175
45362
35183
45227
1034
8989
24129
10220
20906
42233
41644
13867
18740
39652
10853
34174
9636
17174
33813
2700
23909
22959
14615
11911
37809
47037
20402
6164
6115
41514
19022
21853
7219
39724
6249
8675
46800
2083
39548
12545
11376
29399
14124
4692
11393
35888
8437
2944
7349
36761
4693
44613
48968
34047
6350
30377
41168
28883
1012
42721
763
49008
45703
25260
35718
25219
28230
11597
43307
12283
20412
29473
38743
26154
49535
24592
9108
23834
6763
2300
20224
41057
41750
40062
38269
29036
13846
25646
13604
22237
14191
2789
10940
23474
22638
43300
18653
46520
28942
3903
12999
44698
21763
41802
42045
7862
21593
1798
3602
16510
33356
46973
11985
28867
8933
38326
11214
30355
4132
36821
16143
24787
18177
48433
38712
7731
36446
49565
13474
5551
11028
1840
25161
15129
25489
46461
2312
24746
15980
12005
23657
14398
28963
23087
30382
21657
19595
36760
27614
46378
29535
40976
42087
28499
41150
36184
32354
38577
28552
31299
33995
7882
23029
34767
4346
3474
40634
47168
14724
7247
16875
8807
39507
30112
23298
19766
21746
36314
31064
12073
41908
5934
24304
18203
47281
13603
49220
27611
10209
41062
36234
12333
31526
28863
16785
43312
29309
47687
45944
31948
27710
41660
25828
17765
39781
8288
45371
49191
15923
36196
20833
11108
25972
11513
10486
24687
10034
34753
14388
21097
31647
28864
42173
17825
22457
7095
40735
38917
44778
4537
42883
47299
11551
39988
35123
30930
14364
3300
25303
11592
43714
17767
16095
12111
11913
8417
7748
630
16995
19474
44681
37641
2509
23825
42892
4087
15581
11934
29788
48049
2959
23097
13696
34914
48137
45999
13927
38091
45939
10417
34258
8656
26086
23339
22854
13016
19953
27485
38508
18311
13678
9286
49888
34178
32998
6510
43826
22973
21852
5739
8176
30122
20790
18956
43616
1986
32536
43454
39104
16229
1285
46547
30163
32074
39422
25381
9747
24022
11089
7164
15546
17349
46567
6150
19557
33564
35353
16970
5037
43026
12439
16466
45172
29454
6428
35333
49416
34862
48426
35335
40549
2800
10198
45683
11688
32869
9716
1347
34530
5516
18449
22462
40175
9740
608
4661
32492
5681
30074
5476
32960
9999
48029
7803
43167
43379
38567
43571
10265
18625
2710
46172
32455
12043
22142
21747
39859
15731
22282
2158
45819
36164
8768
2416
27627
29400
28478
7279
8494
26039
8005
44274
9161
49199
21372
8900
22996
1757
48329
29244
37742
30602
39770
4208
48520
4219
37904
7313
15467
29444
25514
42043
10407
37896
41875
4831
31795
8862
8335
44460
18641
42388
39409
32537
11197
16380
26268
29267
14337
18152
852
7386
44013
49815
38909
12096
49339
31974
37015
21497
9120
1025
11448
45680
49238
25224
31097
34465
11301
46351
18959
7016
4780
32113
32197
33824
1862
9455
6241
20634
2454
33885
34776
3318
5835
30031
48889
10013
27869
11864
20757
1932
49193
16356
46755
23683
45644
41132
10165
5179
40951
28655
34859
17997
21419
33415
316
8061
13407
40600
939
36500
23377
26571
47907
32133
46673
595
7194
8042
34240
26872
5573
23303
10116
40454
23198
11427
16415
27327
32309
31318
23082
31529
45606
13589
22488
47849
36000
48180
8643
8749
42816
23688
17803
17294
48185
38843
26450
26901
48226
49996
25826
20900
4781
1461
4742
5864
30626
1281
3429
49720
34961
8170
9390
1816
26084
43921
4889
32546
37845
29528
943
19854
2519
20623
3737
38802
3205
8405
22078
26277
28807
5814
32449
7299
25102
32222
16515
3791
13181
6501
22268
1586
32263
20206
16828
19441
4048
24889
9431
44846
2898
17185
2390
23411
17780
16588
40010
3841
12072
34517
2832
9048
39774
18268
13832
3558
27427
9897
13756
29249
12293
38727
15431
21540
47030
10081
47156
15992
38264
44532
27377
37569
40544
29868
36201
10152
9591
9068
10374
39656
28214
43204
31195
48592
28447
11672
10915
32257
21329
43842
25328
47633
3948
7345
46665
29737
26789
45416
41647
48227
28462
14020
20849
6024
35655
40107
669
18681
4951
40706
19646
7358
47609
39567
3673
40472
4808
31621
37780
48289
40202
20633
30092
43040
5054
16324
44377
43215
4844
12154
47911
6784
3263
39577
29925
16208
38552
19944
6096
34533
48683
39561
40111
37992
22918
47953
29544
6732
2728
31249
27656
18868
10495
18778
14748
22383
35016
48978
42470
4108
12807
16480
34460
20365
16653
37008
37078
18024
17031
38332
49466
32422
4672
29315
5267
30995
28163
37324
22494
20617
32192
32931
33214
44506
3132
45856
25900
35202
4359
27878
26162
40422
1351
3883
21865
11795
31928
1402
3356
24955
27355
28961
9166
45471
25355
3615
7372
28711
19307
42815
8253
42757
12747
24094
1831
4094
19117
8922
5057
36344
29022
1318
31732
13746
33682
4259
40378
15565
22091
36514
39133
46951
42450
26144
40821
16238
28658
32839
44033
40446
43685
28241
22443
19921
49499
29009
6174
23807
14558
38994
18420
40615
2094
934
10022
30251
4139
44552
41858
26687
1826
14689
39077
22181
17902
26510
4663
37606
26167
39332
27604
31334
2190
7641
2469
28370
32127
29828
17669
45880
5416
44397
18294
7584
36672
46009
21293
33604
30761
13120
24325
46709
36091
9027
27575
31679
48008
18587
43568
38080
45865
11429
17815
7140
8488
7315
2115
25739
13052
632
19425
38286
19257
42449
35400
49963
4492
5403
21338
42086
48523
35685
3149
10806
8192
21171
43677
36837
39003
21303
25202
16672
18922
41927
3425
26662
7666
11280
36177
47049
37438
16866
39841
27552
4836
5215
2047
34237
49380
457
43196
48803
32554
11011
17688
36890
7042
39659
44375
25049
12606
4634
44266
27408
45033
22428
26787
17507
34275
4161
44037
49160
31105
13516
8183
47956
35660
42970
9268
42605
40120
21225
1779
27409
3416
28101
42538
290
4145
7646
18706
809
34795
33408
19252
16218
41360
29415
25186
47516
20427
1418
14404
2024
29595
43787
8105
26124
2884
21442
41054
39878
39455
17217
39034
7454
1465
46021
7820
27244
10898
39772
46629
48857
26378
25248
888
9930
35583
11367
26495
46098
10995
43411
10129
23785
3764
19569
8979
46272
45908
30845
7365
27686
43767
30430
30290
41220
13446
33292
22452
43548
2206
49988
15066
46964
12870
45744
30071
37253
597
3721
21749
19496
10028
37855
36203
10784
3661
4927
48537
46604
11579
31874
13506
9319
10564
37784
6626
49020
36021
48387
11027
2744
25665
48700
10192
33656
31085
14186
49488
46264
28049
7293
21932
18581
24439
19416
12689
25380
15318
11264
5736
17554
18744
49014
45783
2319
5662
20059
29215
33797
30278
43515
13978
35788
20120
16952
34066
49306
28493
33693
10047
40273
23393
20657
1365
7181
42836
25971
44040
4757
5585
13619
22280
34088
24451
4305
16799
19876
14972
19965
42822
43595
17616
13594
48028
47787
3401
35093
40703
21489
32581
32686
38309
15647
13844
10210
49981
29815
42857
30486
4285
30246
28064
24993
16976
24701
1097
36468
10740
32711
48733
18883
15998
2199
16956
14436
24047
14667
28509
28879
46448
30248
1167
24724
20598
23654
9116
3142
33998
16917
34676
35255
42421
40807
24782
40593
29948
9271
29967
15224
29431
19072
18270
43217
47744
48994
34385
34087
38899
16198
25471
4361
17036
44807
45937
37449
43665
20153
48903
40101
37881
11923
48259
3110
9618
27421
32649
5049
20342
29605
23423
45893
23013
16780
34948
23552
42765
5987
13950
22288
2229
44104
33688
17573
18363
12740
37343
35209
4570
19798
44804
44673
46076
45550
38515
35993
39364
20172
47216
34076
26279
17692
1101
8776
12442
4870
9476
36014
23486
22092
41016
40003
47094
4423
48409
33583
25338
4459
34561
36929
18586
30649
13504
32916
28591
13948
43873
29196
48484
41101
22584
33346
2675
20808
33023
3570
17310
3069
32098
20704
42666
47112
25335
20721
36072
16007
11029
24324
48479
23922
26617
13325
26878
31789
112
5612
31707
10763
12929
13685
28542
26614
28130
36094
24633
17311
49647
23635
37144
10465
34614
21652
26319
48633
26833
14460
32614
31879
42896
19899
35524
1718
24040
32190
48235
31794
31774
16223
22532
13095
23455
35544
16731
34540
49621
23704
46290
37830
39080
44986
16443
38684
23603
23238
18777
1754
27472
372
37627
28421
38971
49424
44097
5661
9370
34696
22837
9839
42868
17223
33108
33043
13646
35256
43722
4150
37706
5139
46815
7905
29961
16018
39982
17140
17176
49052
24757
29809
49066
27160
49130
17113
22368
47136
36028
15771
39870
36315
5945
38790
46893
32316
37949
38379
36323
47812
32757
9743
46087
45097
42218
39129
12216
30182
41972
2989
26265
23643
24629
15392
28226
47335
30126
29564
17351
40612
14762
29372
17792
42032
41605
17151
33552
24373
20492
4676
7221
4858
6011
39524
4798
31322
48063
954
26225
19599
361
620
45248
13558
49116
32424
45724
44725
5802
26748
36942
12969
11836
18605
44085
47078
16345
39942
33951
46239
31691
48223
39101
2247
5438
36516
11091
41453
35458
8040
28117
24923
6598
22126
11771
5458
8073
17776
36481
28275
46267
28767
34603
15262
7953
23
38660
33183
16570
4133
1227
18797
48176
20447
20309
29330
6122
23435
43176
14953
24194
25903
1305
11623
25137
29130
31293
22298
22413
40940
48596
11281
1454
44309
9189
40028
25188
38720
43339
1174
38338
16652
25239
33255
32699
41602
24627
44971
23845
32367
30852
14969
16463
24932
20438
45334
13480
42295
49477
4111
26699
22046
48309
6168
5605
37811
13266
5238
25459
272
25234
44590
28794
43718
43825
23597
14567
25325
31247
42939
36614
39021
22410
30179
45784
48713
21039
33284
17446
30584
36945
48030
27912
42910
4708
16916
18
33252
10437
7173
14723
12759
26226
27453
42064
5041
20819
29089
22451
17474
31350
2982
41495
5667
25886
16633
21416
40672
2872
7830
32065
40354
3488
18400
11629
20108
32660
15508
28498
28562
6215
23327
16544
15196
17352
6974
31608
47057
32760
21354
20134
43365
3502
42006
20285
40901
24563
20750
426
9905
12176
34791
17188
10346
45512
12041
4407
38450
48627
33711
48283
48878
26278
21748
32950
34483
10379
19502
20519
2704
49564
25055
20528
30839
32273
19981
4787
10528
1333
22530
36417
47015
28463
33882
14599
42778
21395
17388
11760
24812
49667
36230
21001
22855
42755
46299
9592
39857
35462
25909
39971
41421
3789
33943
42190
4682
5651
42720
49899
31415
1557
29452
33337
34890
14772
40005
25095
7075
29854
5432
33612
1672
22934
18872
47765
21974
12866
4609
48796
16300
28088
48446
12131
28993
30452
15104
8279
7927
3984
16404
21956
24808
49684
16206
38025
33687
43720
16308
35941
19065
38217
41036
39372
29689
44522
40232
48466
14827
7524
18455
34386
30745
44245
22003
9615
49065
16384
22385
25045
37039
14359
47383
28187
39308
19032
21242
43381
44616
32459
38354
17443
4371
7668
24747
22745
13579
34216
22421
15073
35405
34811
32953
8258
29230
39304
22116
43552
43656
30268
46416
16101
27846
16742
19481
46436
24768
39626
32805
45137
2459
33788
22710
46728
42143
13002
27030
20846
19935
26366
16041
42492
12964
31583
3059
38289
36777
3826
25210
45488
38929
46962
22391
38746
26493
24558
9996
20173
42331
13197
29840
40867
1028
10393
10798
37986
5979
6212
22976
2883
31468
27648
30292
47871
41003
4231
35633
38348
35800
15833
8991
18714
45666
23775
6743
45151
47133
940
40748
10744
16049
7671
6039
5630
18261
20020
22064
49225
23866
17445
40674
36438
47845
39670
19125
6002
22185
21133
12407
1596
24286
8482
2505
25157
27176
34181
335
39287
18051
28586
22204
15407
38941
30059
32413
42323
35360
32651
2187
23680
49125
11489
36885
26595
21353
6953
27635
48036
34896
48952
33880
15637
22778
28367
48196
14976
12336
15920
11147
1938
10332
15263
26250
48250
26444
25062
35508
16006
34601
21985
4913
13399
7588
47044
32119
45861
877
42562
32177
2440
21559
30420
20701
37088
25142
39671
25255
49738
28331
24805
34148
45442
46183
11847
31835
28124
13736
1957
16309
35994
44389
33405
47328
21518
932
9305
24636
28437
5177
13038
36149
8609
35727
35698
8932
4452
1602
37097
41863
30368
4638
37085
41205
10822
46765
42843
34162
4539
38422
22914
10391
25438
9307
33027
15780
28522
28998
123
26160
3716
12320
24719
45706
10509
46384
25999
28362
49386
44842
38817
35771
20658
3926
49671
11019
17940
24987
1469
25314
43140
30133
2886
48597
41710
39618
22250
35428
26764
29195
24381
19169
18841
18799
9794
26969
18015
9266
31880
30532
45832
34977
32071
46664
29537
10494
42839
13520
23404
31719
31800
40627
33679
11852
45909
18616
43580
35786
45130
288
21025
25037
44644
13425
13797
48422
19615
42785
5610
36537
9183
15899
6406
181
6287
47526
45738
3188
16525
5498
43295
49452
9835
14571
17282
367
29992
26761
15488
21711
48711
21802
31651
39504
42049
23451
20293
35936
7399
40570
17316
12590
18144
47646
46920
4175
27459
30242
47752
49821
18421
4630
21592
17371
21969
13536
20119
43630
8164
41734
32097
107
37686
15153
25742
10329
44592
11610
19695
13617
38638
1270
17958
37295
32364
47267
25565
14255
3911
26986
421
8754
47576
25671
10904
9792
231
46211
6515
886
18434
25898
36053
33200
28194
15476
3191
16600
43851
24653
213
25577
15537
10645
27456
23791
38502
49044
31730
14534
37808
26953
12556
41359
43512
42020
20222
37162
22137
30204
26830
35783
27572
20522
3108
32718
32526
26646
31305
45389
18056
10885
20740
39802
48619
48534
4472
3576
18227
42980
31153
15437
17564
28902
43952
2237
31839
6004
9805
21186
29727
44825
15022
10752
8018
45278
31871
31890
8549
29485
44230
4008
21645
33201
6866
28905
5010
41765
21261
29042
22987
35111
44192
12631
7577
19251
8774
42135
3017
491
13727
573
16064
10015
43043
2994
32915
36636
3337
45972
49874
37099
21367
28075
1367
30384
36179
36090
14676
440
12827
13434
40214
13705
48572
21058
44330
23062
25810
13720
20486
19194
44051
41246
45244
21893
49454
24709
8652
40723
22131
16121
17869
37173
1369
25508
30599
42630
35547
39682
29375
34679
10073
29356
35700
10992
4993
45041
22727
23487
43586
16107
14153
18850
33571
2638
32700
3174
23123
35166
11392
32227
22533
1368
27053
27055
30124
328
49475
35427
14349
42863
34112
28456
38333
37666
20066
31718
528
1265
33867
36575
16464
9107
4827
10896
16888
6250
24511
10356
6022
15161
41687
45068
41145
32456
20129
44288
32901
2499
30609
13061
19800
222
19754
25096
14070
31555
11903
22793
37472
31642
26034
36688
48434
3082
16200
24313
3192
35976
37055
11036
47620
10658
32070
39322
44525
11929
33177
16291
7332
18814
39095
27940
8324
8528
483
28760
24723
41700
44494
3720
46837
9628
2887
5944
16385
18155
20445
44036
13793
49587
9424
39934
39135
41585
42703
16343
34091
25757
42602
24258
16087
1488
18918
9143
6816
1882
23719
5850
26059
49969
36050
41524
11670
40923
4826
25112
36035
8875
9235
24082
850
35553
40469
43673
40036
18057
48112
3001
12334
11346
10109
18991
3166
6295
23227
26966
49776
35059
3028
7214
34028
38725
24475
42936
24418
3594
14754
31271
43486
11120
29075
18128
16858
44291
45320
2839
21232
1079
29935
4758
20264
26473
33467
17071
3029
26994
21481
1636
12937
24143
36767
24845
47378
3698
18483
16386
38105
9104
10301
45993
18105
29284
3004
22521
7605
30738
5554
36290
8202
11110
39644
28795
30289
45453
23784
30201
21283
38676
29610
13610
10240
41628
3607
9562
10538
12736
461
49425
38921
7814
44017
13965
31167
9264
14313
16898
3078
16549
20080
33280
39478
16822
17440
7634
13958
20600
19488
8750
35603
42527
38748
34541
7904
12933
9687
28369
35666
26104
8011
48506
28588
39286
47357
6007
31783
1934
19857
21588
43559
3695
29306
45813
34660
33103
35022
9768
13339
38968
25163
3467
42780
2043
24395
282
16293
27205
38965
1370
6846
36548
8481
37738
1389
43681
19313
12419
13403
36825
32750
153
47022
31364
18502
9878
28261
20595
10271
40624
42725
24622
37880
26589
12831
17927
6176
4306
5518
30549
4384
21549
21102
21136
46410
10148
33737
48551
3958
37209
22822
12714
26479
46778
36530
43222
3248
18529
11922
42699
12625
21383
26317
29897
26284
139
37013
14220
10071
49609
19155
19411
9834
49273
28748
42177
49953
6877
33774
47663
8268
11228
45900
21571
17581
43198
41071
42101
41311
26253
31012
10962
19758
13638
31383
33259
42272
1883
32037
17189
20980
7292
28415
40279
15742
25020
34212
46039
44354
