23802
38409
40564
6201
36794
38184
10617
14107
33966
39305
34909
25642
21693
11873
9427
11341
17647
41672
9483
37752
4165
15352
25863
3317
26521
17853
6760
40022
28833
41591
42208
20442
32027
20097
36519
15568
14681
3194
39498
46905
2077
39979
32787
43722
39099
7987
32102
42519
13973
29301
466
41632
22713
21981
38634
45681
730
4102
1012
48055
39737
32641
29526
22050
37075
28518
29965
41634
38858
13203
19447
13060
28251
10426
44401
41584
37709
26587
21122
8572
10218
30565
33324
5325
9571
1910
7158
921
30726
19784
33583
39866
15655
33915
20794
16492
5953
39261
328
40150
39819
15701
32467
21891
13940
1366
14721
45376
10333
38577
10035
24997
27843
42125
27193
24344
35784
46509
37783
18008
47909
48596
6916
13734
7457
666
49054
48478
25431
27722
17325
37723
18685
49923
42040
41083
42163
2236
36994
35520
8078
49921
8227
37592
44231
15828
47848
48523
18525
18130
2602
21745
48303
2458
48496
36106
21583
387
11961
7424
10794
11048
24491
77
20337
46895
39732
38016
29714
41285
27544
47396
16970
33870
30580
41906
23146
596
12109
20907
41330
12829
38459
25532
29375
29495
47656
20690
17887
49649
23696
34263
13053
35023
13617
32321
20392
12250
48974
44095
38324
48731
48566
32826
36881
38194
27331
34364
14776
26409
49557
6448
1549
6870
16106
16182
9929
28308
20967
32653
24058
9918
41626
5717
898
5043
45733
12596
36533
48960
592
14973
9349
15767
18140
7730
7995
7426
16451
22219
24127
43215
37291
13923
46185
13281
21108
13631
20229
31470
14015
37670
16706
24272
32792
11682
20890
45248
7754
35858
13346
4529
31660
47509
48849
20527
49083
3932
22775
33451
30107
12070
17472
33648
21960
17841
8472
3198
45189
4943
14463
24354
18069
24933
47074
25466
46495
29690
40342
43457
34906
37768
29672
45284
35652
8602
43297
13852
5971
44594
7618
37142
29306
47897
35390
32721
25984
9900
33495
42137
12956
2649
34361
7017
47444
17112
35002
22996
8173
20103
5121
5472
8866
31756
32580
28272
48769
44869
11491
42673
39133
3289
12668
15372
34247
22331
36043
35201
32356
15260
1126
22676
49914
11422
19521
10095
16390
18135
34289
29819
24412
25979
49755
26774
4562
10284
30200
13319
18461
1743
33594
33290
44021
15344
8592
24302
26441
28209
9193
21940
27384
47831
43628
46100
17659
26120
40999
14777
21557
12372
31419
42109
28045
23701
3167
14471
44786
14705
13781
27624
41061
25111
9955
25351
4449
18224
40563
35866
25974
4311
47581
44323
21566
1674
22422
40887
25163
19390
3677
40035
15938
1630
18962
33760
23547
35735
48488
47894
27136
39993
27761
22475
47297
10248
29865
42571
48177
15965
16401
29118
36685
985
39860
32234
31216
6489
26279
30174
25634
4845
42446
4069
11766
25137
3752
34895
32828
7187
27448
40778
21749
10652
47103
21928
14419
9192
30647
24170
33471
45368
49825
54
17886
39518
14692
7597
23683
5375
38082
19122
14743
2276
22845
35783
38361
39476
11799
35039
26745
27648
16324
32708
30090
22112
9504
29367
38133
2854
46705
22621
16088
36998
1065
8626
310
8429
6738
21939
22708
47148
19451
25968
10241
19140
13876
17676
48623
7320
49382
39355
16732
32046
31211
9176
35643
21774
21866
20443
5673
12916
30155
44973
4261
26477
6163
35616
31043
38641
4382
29170
9807
48421
6227
2726
34182
27518
35653
15146
40567
42749
11829
34519
33920
30730
44818
10691
30124
45154
46351
7155
17293
25582
7796
6720
26730
4597
38376
22838
12926
28532
28843
41640
38207
40289
42213
16464
29151
3383
30691
21643
2921
45888
26788
47231
48669
46848
12716
41609
42526
45192
22645
41948
33277
20952
48663
15267
19572
25687
35449
39574
27553
11675
35083
118
40069
10443
2318
49881
3803
44784
12414
37140
9711
20406
17598
46604
36695
2501
3368
18203
44633
37229
5519
36853
3831
22390
13103
43030
4742
32236
3387
21751
17558
38869
33721
44812
7632
43027
28878
44127
20840
12155
14552
13456
5090
33955
14709
47036
13258
6856
9909
32340
14053
16007
24461
5141
48017
31979
6737
9682
38938
9234
21512
38301
28607
6520
6049
31481
30355
25592
39812
6379
28381
34012
32759
5490
16097
23485
48579
48074
7790
27961
30495
8818
47321
11066
33102
39838
40348
8201
16292
26149
31475
26400
25705
25625
23481
11751
46505
29631
1969
8457
235
29550
14133
38410
24373
37860
49934
43597
30850
12384
3117
42047
8951
10737
34513
2132
46421
2329
28186
10344
4391
15453
37702
48180
7032
16213
38166
15862
19900
15644
4913
39488
23456
29554
19025
10470
2831
24495
20918
24983
23619
12361
177
5354
38155
27655
30617
35624
12509
22392
39914
29020
2906
9392
15825
199
39042
40367
8448
41905
40045
2690
8775
42462
13290
30265
1324
39670
40215
10018
25252
555
16784
40699
4844
7125
18010
4935
36658
21702
27502
4194
38385
25864
30109
10934
342
23127
27325
22341
44467
6419
38959
12927
41125
49139
36547
28055
16805
2170
49089
13616
49915
275
26736
27639
22701
34074
15125
28880
16731
13922
4853
45527
46621
49285
41329
27452
21400
34087
40868
11463
8936
9503
35050
49975
38146
44572
25770
2775
1589
23953
32715
27435
10296
44573
33590
18281
26999
20422
8765
35435
10179
8578
3909
22884
22526
48828
5327
44871
4241
31603
640
9981
18309
22712
37764
23320
1733
6992
26561
518
6535
19549
19911
18908
11489
6066
817
15557
7951
2232
42241
8490
35849
46362
32349
13750
32269
25301
5952
37246
34824
624
39201
40075
39790
14565
36470
7950
5874
1163
22840
46447
20332
40766
6869
21872
37980
40387
40324
21668
10497
24680
42312
4455
24534
32554
38348
27184
20826
48495
29047
11115
28705
34954
13333
9579
7837
22188
43840
43897
43383
43204
47746
28215
4180
26696
12893
25598
18582
32803
49996
12247
29708
16231
39348
42304
8782
9170
42906
20369
10141
24915
5304
41278
4945
15275
16472
48145
15103
7681
39429
14914
42957
45236
47681
27151
36332
349
31808
38019
16662
24483
46258
41997
959
9624
2699
44794
29999
3982
49608
19004
9513
24273
41302
28412
7073
9634
29164
26855
6894
40094
4370
47060
23361
37062
46241
44834
6231
47870
19898
9429
3774
9032
42937
8378
29775
3392
36224
12139
35405
3169
36452
36202
49192
42629
18448
28131
20098
46765
28445
5396
1650
30764
18601
26729
17012
15006
727
9168
1499
8532
42596
27067
17561
7434
31503
23296
17015
8559
49019
44043
3279
47133
35691
36053
37206
16689
26351
4075
49194
35229
24057
14834
25776
39291
29896
33412
1392
36433
31619
45924
36060
9718
34608
39731
49997
13390
17640
34203
39212
2016
8535
2286
12604
19821
48885
49095
40388
40181
46382
16568
40807
33353
46550
17660
3457
27525
24585
28931
19558
41455
33015
41843
21410
35481
34089
49673
35566
36371
27499
41033
9092
14402
44676
41320
47959
3848
32727
26066
16031
5469
28829
41729
33522
18858
35942
43689
17846
42516
41573
25453
32862
48993
9630
30198
14491
45940
34592
29973
29410
41835
22424
39983
12906
14411
40076
25937
9358
42391
6875
46830
31250
17531
16304
13415
40835
19127
48430
44488
39777
26030
40108
19187
48809
29474
29095
27984
27963
13970
43762
9685
25448
26364
29843
35578
5159
35517
35203
48921
4657
21441
46264
28664
39158
23375
9406
36558
26403
20639
48146
42646
11111
10596
13419
23610
19366
49719
22623
34700
14037
15248
27418
6671
18104
4634
47990
8390
30623
11180
37467
36035
49527
5681
7031
29782
32970
38888
45976
39202
33105
46891
9509
25135
16167
48783
2604
40428
42863
10981
41345
855
33503
32676
9097
37023
404
8851
36190
494
37304
6458
42191
41129
49905
12456
18579
18760
907
41546
44387
45760
34586
5175
17839
14317
7576
5151
31556
2383
23889
20265
14476
32179
48155
47787
9772
41738
39441
39644
29358
3866
16828
3362
42796
5794
46458
20083
30450
44789
36248
10499
24652
24856
46953
534
9034
22402
8150
16611
11548
10326
11276
4220
47587
28367
48324
4941
34278
30981
43612
48808
20577
8481
21737
33887
45128
38031
2516
19516
13495
38468
10160
11708
24375
41974
27181
49368
43659
12655
42284
71
29572
48261
41067
25206
24653
40932
34454
17255
28835
8907
31987
8013
4656
28589
34208
18859
46371
40757
4862
28363
18439
48035
443
23007
16812
14305
12281
8897
18523
16062
28566
9723
43700
8184
11692
25501
13354
23976
49640
41788
4536
28578
12798
49175
44930
1843
47359
2874
22546
35081
3579
13803
9380
4327
15779
38289
43453
48296
42547
7352
20755
11865
25102
10219
22336
28039
29520
19740
36234
48713
41495
46894
17241
8632
38897
43278
49917
27162
22811
16236
28317
24286
3209
11288
20688
22004
37000
22173
4432
37280
40697
24467
5201
10502
13601
4757
18324
29262
2106
1960
26003
11945
2306
32148
19981
23594
46309
46445
33325
49250
27772
24700
884
38947
11404
48683
40073
11864
31825
26945
45328
30631
31839
6346
34599
12974
7568
33312
47834
40242
20414
10914
37072
25037
26218
28073
44051
46280
34387
47811
35599
33482
39539
41542
15967
39786
20950
14038
4318
11183
13305
23724
49338
14006
45121
38035
33924
10452
8523
24955
49747
49357
40732
28314
26318
28050
40155
27878
14677
24208
46160
28774
7165
48563
49410
27836
46467
32703
45234
11734
41837
2705
45255
6499
33671
39756
35973
5780
390
42146
32585
23124
4934
6702
28573
42030
15122
47111
5835
3675
33956
47305
2655
6825
2556
9221
23981
46006
28117
33362
3385
13538
46299
48337
41772
3651
47329
33603
16508
29897
46043
24408
39154
26604
25771
15839
35702
7803
37471
2462
21156
47041
11485
303
37427
30593
11215
4585
48438
8183
42716
44397
27429
25293
23369
28778
10194
43853
21540
14359
38121
32898
19167
28895
39257
27104
26977
24348
37373
12047
18385
39984
9179
34932
42564
21949
15989
43850
5784
7506
7133
15209
11634
47799
38780
21649
27886
41084
29259
6540
46709
30830
8269
17453
48309
30599
25493
39338
35136
17953
32921
28490
28061
7370
45193
32622
38543
49849
47672
34432
28237
15326
37433
23988
38138
43699
43963
13004
27833
43202
9880
28790
49508
15044
26676
24092
38387
44943
39528
29990
42150
35841
29799
16447
4106
39168
11155
10752
39913
13845
31559
32276
30975
45078
34475
38872
42553
13606
39090
26140
12205
8739
16489
1924
29297
37715
28387
35290
48029
49770
9318
21434
503
47944
11482
43150
26224
25912
36627
34962
32462
38638
17046
7894
43273
13466
530
4596
49866
42406
25589
33548
37936
40693
8190
49761
25873
40400
40122
39322
35093
26501
14004
37838
34900
20151
11373
33081
17662
12302
32999
42407
8394
31708
4084
19070
11195
7540
17283
3530
29072
36443
30759
3802
7636
23571
35714
40325
47301
10090
38399
30205
4771
16660
25775
41147
40579
40154
36144
18728
75
24265
44719
39814
9256
28633
41982
36787
2818
45559
35502
21333
34366
8186
31851
12082
18770
33927
25967
30415
6922
20563
40446
45762
3355
24113
6595
4400
16682
2629
29029
38769
45790
20401
9722
47875
48163
1533
1883
22740
42503
48812
9976
12711
14783
4579
10361
18355
20617
20904
23719
17711
17761
36182
48005
15643
4841
14427
20196
39959
1379
42357
12178
40071
42803
8045
6222
23538
8688
26926
45538
34197
47368
49047
5560
31548
41265
281
17721
5214
5770
27456
30290
40202
38015
8879
22795
19667
21694
16550
15622
6609
46497
14619
29636
6524
35278
43370
11903
508
34141
42022
40963
31867
49208
17877
34915
10245
24001
32845
2952
45443
35195
26496
28411
12680
19770
39239
12385
26376
16162
41996
29454
3219
38549
19263
42846
14166
44241
43013
31813
44400
44147
39009
28405
11920
28662
47649
36121
30561
20934
7399
48904
41890
22202
39415
20942
10671
35309
22687
17611
7472
41791
3102
35364
33053
18697
10889
25399
5906
36188
23086
21685
28213
10937
44580
45107
18691
26138
2848
46442
30238
19540
11240
44464
8495
38398
9449
42384
26199
22287
6158
27552
11469
37998
1488
37293
15294
9309
34473
18198
21138
35572
34156
40830
31532
36731
49119
20071
9174
15575
43515
4654
11355
6473
25241
4523
48838
47789
5029
31519
14057
32483
32519
870
17113
7195
3276
12440
21390
35580
23500
40767
4026
36267
41944
31309
22850
8410
17164
19783
39100
22905
216
35498
2677
11278
44877
25101
602
29970
21632
19674
47143
12794
22723
39159
3623
41473
45175
45854
40929
14381
19509
5764
8505
44800
13310
2322
5586
8548
36032
13795
10057
26965
44815
14226
35719
25590
2130
29745
35046
48550
34179
32997
49860
32361
36123
11783
19623
24293
20067
21680
9093
21953
13856
29971
4351
33631
28161
29258
2787
5754
37679
22417
10871
42255
8272
49531
7387
15495
33713
19392
20892
36529
13050
23503
2307
35894
29951
27617
35539
5145
34477
48955
25534
2543
10421
32275
37124
33282
11874
21301
33263
4340
11996
10386
43903
16181
30497
31861
33541
10976
33685
35961
31903
4439
24464
34499
17903
3049
18056
35812
22118
16945
17710
16710
24181
4293
39170
28653
7491
49739
7422
12964
35076
1300
6397
15245
43619
16346
34362
17410
31148
17372
20557
8357
46640
7047
15073
17346
19128
37869
9659
4926
16553
15076
45867
49607
651
96
25758
19019
15413
8526
30558
42176
16331
41511
7122
2948
44079
9635
21315
27075
43992
38556
25914
7143
27323
4944
36831
533
14138
28163
15468
36884
38787
19190
15378
36389
42309
17861
4821
36524
29205
5007
9377
11882
30783
46270
22943
28628
44085
33265
19883
36737
7718
20737
2471
21093
9454
16772
47773
14125
30534
28478
9038
22246
4595
78
20287
7890
15503
30964
33546
28144
6223
20984
15178
512
31186
17954
44344
16736
11930
15570
43364
8052
48154
33404
42158
32487
1430
43074
35990
39580
5929
41227
46135
7160
42086
31371
9790
12811
33632
28669
43845
7022
36386
26986
21066
2807
24015
22519
7835
1035
15623
47072
44203
11025
2432
16542
22237
24560
25787
49559
26843
37830
37642
19394
169
36837
9999
46588
26932
45625
2141
45251
49182
10350
47675
34254
48752
7481
6039
48294
41682
7779
21972
43165
34520
36444
16265
15464
9721
11991
46282
10399
31212
11237
49705
16171
18190
20087
34060
46449
43562
31600
43436
49595
10923
29548
46536
17457
613
45552
22911
32953
42865
38968
7774
3285
39361
21433
8843
46473
28950
11059
33687
42697
20781
14965
38654
20695
12317
27412
39584
35740
24042
20872
47515
7944
7479
4912
49003
34755
12615
28229
2713
27976
5750
9803
15583
27870
8531
46729
34077
9623
42388
29986
9611
45713
10025
14652
35550
8210
25849
49854
37024
36666
12453
2248
28741
21309
900
44155
2124
5735
3350
30614
14279
20469
2364
43418
34739
36633
532
37903
8911
40493
45677
47473
23819
8779
31964
41078
10230
40635
6918
905
9028
33866
49556
21349
44543
14768
37078
49555
39911
152
41874
2567
24744
29451
19029
46301
6240
49907
30864
20267
30554
31141
45961
1539
26669
19155
15723
30247
6962
42067
12580
13109
40109
12284
12238
38836
35979
39745
2316
34930
33689
2258
26625
28836
19108
26509
38255
19071
48557
8591
1333
15004
31531
36222
12993
8569
21824
42627
45444
10782
17790
25289
26529
20888
4703
48408
14007
29856
22789
38202
32470
25511
12236
9838
20670
37573
5413
1904
45005
28944
24596
49125
3639
37805
19090
24887
38680
9774
36261
42961
24102
42245
47345
41754
9155
41736
13638
19693
42556
39273
28898
35715
40819
29300
8788
26192
33348
33456
45302
21537
40650
1798
22447
21221
33564
15023
46573
22727
18368
22505
19201
10227
10675
4331
30707
44910
12285
40357
16139
26187
38403
10322
1414
33967
14866
29309
45009
42997
6038
15419
42633
5286
29210
42070
3080
7570
6863
32544
30173
42196
35429
41338
21050
19621
39806
4062
48184
36606
4014
47098
38973
45112
48492
47375
30418
44619
2111
13625
23218
19197
37846
9229
31627
33252
24644
11878
6521
40554
44491
32293
41677
49104
22486
11769
33639
42623
7857
17310
32814
7420
16394
41346
7333
16696
40371
43878
31448
49863
4520
38916
42400
49620
39189
25475
33848
39927
3465
3460
28720
46517
23482
18421
5103
19814
19987
13512
21285
23821
17834
25569
22170
35172
21725
31123
23015
46498
41674
42506
30304
24675
33502
45690
12064
39599
12460
15409
47750
19066
39418
42015
30363
9552
48380
41020
21746
40395
34717
35982
6114
9473
45863
9518
13051
17709
26166
31586
12593
28745
16359
49918
17565
31327
20745
17063
6617
29634
20627
20674
34715
23805
1711
43068
4257
40434
34832
21639
28693
20657
31079
173
46752
35432
21502
27861
13086
44168
25573
47147
13377
24041
33232
44517
3937
22763
45173
17522
22355
10475
653
38652
16884
33649
26106
20741
782
37512
8206
25701
2654
49143
46036
8891
25596
25536
28972
9868
21319
27882
34731
48485
26586
4143
43405
36279
41354
17568
27509
19736
86
47883
29326
11535
6314
38210
11724
20636
11823
49411
35399
10353
37145
49653
38809
3472
42049
41993
24468
20046
36955
42788
39028
18318
5801
28224
17409
5970
8627
20948
29185
38078
39298
8708
14557
44687
7067
27671
27991
39243
3470
18580
34024
31042
8842
41564
2614
40497
19753
25236
39537
1664
32661
42507
42631
29845
3490
36509
25035
33736
35407
39996
21075
44845
10343
38462
34225
29393
21049
41715
34127
34861
36231
46901
48593
30047
46852
34754
19266
8271
206
11856
32510
47555
46585
11018
3980
4450
3041
25521
14578
29717
25734
19096
5171
40423
6932
40234
21425
24338
25370
2267
48605
13594
11418
48076
9878
35501
48020
3223
1804
18511
13952
11179
7918
3884
14278
12286
47256
35289
23130
44452
28785
49185
40223
33540
3636
35132
1189
34940
40409
15170
39432
7988
33996
18600
31406
1492
34052
36465
16125
8604
36792
23115
48869
31194
35699
49899
3747
9281
41419
7640
1227
22478
48025
37674
36009
22866
10124
1885
2230
35427
9863
9796
46717
43713
45179
6432
6013
8496
10450
36449
24612
23193
49110
9720
1927
27511
31357
26338
7920
11884
11304
39634
6079
4405
13460
18983
38134
35648
49973
49433
6287
31057
43279
31177
37928
4954
12232
8363
44461
17407
28765
15528
26538
42675
32920
45372
45987
14945
46855
48007
47285
2027
1638
20961
16009
17237
4695
38127
44645
25416
6433
21237
38039
13730
46315
6446
40514
6142
5265
15799
37143
33319
41264
7709
39639
30289
37478
12114
45407
33517
40668
44747
25216
42980
8663
6423
46716
16219
32637
45729
24453
31769
29673
22157
24106
20476
35320
7915
49578
25985
10362
10298
24962
24219
38891
25577
18711
27829
37945
13150
19758
425
17260
13987
48260
19356
42609
49412
43611
36392
161
27066
7958
25051
18239
35516
8873
33185
18816
25708
1451
10451
20223
33976
41882
3474
21159
19141
23644
35499
39543
13946
4928
29039
34575
4993
606
5459
12287
35465
19651
16790
24823
44971
26356
9817
4353
6759
37037
28371
40602
3560
39822
45263
35084
20820
16301
4146
46660
4480
19121
22467
46571
11859
36138
22592
44109
16780
46007
8373
27519
14093
41733
8737
15509
18234
49913
32333
11796
12644
9737
27681
41774
35027
14383
7733
13011
9019
13802
45763
22782
15232
5711
20475
14736
42247
8516
15519
15558
17830
5763
17226
10665
19053
2400
14884
15349
17225
35140
7275
18513
5811
35305
9945
37378
25570
10495
5217
30578
18370
11250
5002
2983
12167
16754
9207
13868
37655
39929
22702
36586
39053
4720
28563
46293
34495
36742
45948
31121
38685
36692
19563
27757
16439
26927
31047
20455
39271
34222
19118
10138
12405
24310
17996
32576
26484
44073
38598
36888
40975
32937
25650
709
35324
25189
34098
39696
36094
32571
13192
29174
20779
1032
30472
6
27405
49041
24259
46540
27442
20338
22377
24965
42828
25799
31184
13220
9526
47568
39204
25094
36548
27217
2517
36039
12169
33553
3863
45877
808
49764
37438
15684
44455
26257
24603
48269
18032
36512
43807
11282
36467
9100
17813
49945
45966
46105
27316
47377
17798
20166
21282
43635
40212
18689
45643
16343
4614
6855
21358
28491
24940
35479
344
35801
18783
8467
18774
4426
16546
44983
5719
24174
9401
28195
5691
39530
26028
10152
26697
8354
44704
32657
16362
26996
42254
45647
1827
4320
10906
32473
12669
1977
37317
27139
14912
27549
13989
44556
30075
18590
7492
1059
42141
25355
23877
1482
40555
37761
10463
5926
32143
41743
40247
10372
44492
37970
8220
31863
4572
25398
36773
31797
3634
2917
22380
35542
29731
36198
29283
20644
10137
17596
40659
38881
2175
36294
14655
22759
9226
11518
23112
150
36191
33637
27633
15040
3913
7104
45535
21622
28097
3578
34929
42452
41704
20730
10697
15976
40210
47569
3304
17554
11970
38157
6562
13489
7670
9419
43208
30643
20797
7960
14503
38231
44306
29455
31000
26776
41255
4255
664
22441
11584
9106
15251
24765
9339
11852
7970
17194
21440
13006
2253
26197
16698
44054
9871
2598
6389
45355
28114
39340
11614
20901
46772
329
4804
4995
16650
35287
45912
2339
25162
11430
48077
24719
33658
20902
2968
45988
24410
49105
3296
497
3522
8856
12638
22605
49983
361
7762
48412
37234
41686
19320
8199
36324
7107
20771
13428
33160
35689
49406
44335
38629
41387
6316
18852
32399
14727
49440
11827
42760
31951
49483
20357
27628
6173
14405
35057
43
14243
42138
34092
36777
24179
17545
14555
12597
47794
47769
25009
12663
20459
12442
22212
19871
8224
42183
45749
25004
27001
7666
37105
43113
12462
11713
396
20363
36638
34524
45767
41360
48353
11832
19416
39208
29085
4555
1663
49434
42704
33903
12159
16230
4666
32374
21409
36560
7663
3323
45348
21951
12801
26330
1052
33327
12570
29768
8528
1370
44345
16291
32092
24110
20925
28277
41999
43873
25595
22846
27123
11451
48513
9431
45146
3949
15846
9795
21178
34137
13679
293
27710
26478
22307
22549
1586
7171
3926
48039
14350
41336
24513
14580
3966
38892
19355
10335
18693
3045
24131
16728
25107
23848
47830
36125
3758
13420
15318
47304
16712
19145
17095
13882
32774
45335
10005
16991
13017
32944
48720
3954
41873
1004
17991
49131
36495
15505
33342
43090
11805
21335
24356
37326
19217
39852
10879
27562
18663
30739
18673
42871
48448
23861
44315
12051
18561
44901
30433
39768
24073
28956
42152
389
41660
20278
26300
48158
4319
44267
40341
23914
44498
29420
16191
31990
19971
33428
22510
25935
9614
25021
1127
47552
39289
9295
5997
46606
23466
22147
23455
41394
17654
16535
18375
17807
31444
44246
41817
26061
46552
23155
11857
34792
43664
2652
12184
8556
23436
49525
5091
2964
31593
46438
17270
8845
8249
47502
23642
13340
6954
31269
43978
47300
40156
15673
8362
22821
17960
16606
39128
2791
26759
23514
661
21353
33504
45438
12268
16285
11753
30539
5703
40743
1386
22354
184
3451
42135
41661
26252
17507
19387
25879
30041
38118
18814
23883
32044
27449
37088
17542
17454
11191
30019
25685
23562
40986
17777
652
21132
41130
46738
16357
12319
47540
30819
22531
16307
9697
11943
49087
23255
18071
2509
42736
18756
39885
30955
16161
45354
40146
31083
11872
45807
26160
8538
29329
21217
7947
7280
12037
1244
43426
30025
14249
41711
24142
49039
32384
18485
35923
26316
18339
40183
9474
24930
33399
49784
41283
1368
10951
37941
40524
44601
17402
17870
29844
20246
44738
44356
28368
44389
9686
69
14056
17061
12678
38825
44167
42851
26
32843
10620
3957
47629
19463
32486
12133
13676
11076
4218
19292
10012
12208
48991
23253
27457
22130
22572
42864
13209
3873
18352
27481
40907
15236
8446
28707
25548
11742
997
9924
40837
37957
5878
14326
42224
31170
1770
1722
31612
24191
26844
37218
23384
45222
28109
3318
19759
37288
6604
48115
21896
48119
4987
7386
17560
42568
8955
37583
37065
15472
7063
5347
4369
29207
1017
13066
25
21250
41703
38931
37574
18821
43432
27635
47040
23972
8935
34498
23964
39147
13640
17849
33829
43005
3397
1724
6610
11949
22985
38305
33367
44707
6611
40834
820
34753
46983
49803
42453
6055
49927
1513
4590
16555
40913
33303
39487
40002
32025
15058
36945
37494
35583
43866
22184
22659
15726
3074
16995
46336
18138
5981
26777
34306
24306
14671
7792
24923
43342
41096
48790
47116
26471
18278
34313
41543
16687
24388
43288
2148
194
44320
38436
5239
20969
12682
13133
10745
20334
48553
32982
20609
26569
19706
26513
47826
15129
20286
10938
27338
32408
10649
42691
32644
49629
26726
21744
23584
46931
19226
41460
17171
4846
16371
8806
29137
9705
27048
22114
27147
21754
11539
46527
12712
18755
34910
27755
7789
37506
24574
40995
22230
31622
42743
27249
43742
20541
1484
20487
6743
23459
716
35306
30250
18501
41762
48399
17158
23473
23114
41305
42197
35495
2167
5951
623
48846
23604
24579
37864
39224
30669
13530
36521
40173
14062
22301
38941
2594
13927
11074
41544
34253
29855
38366
47972
36788
25902
12688
34795
18229
42876
24138
24288
40744
20970
27105
13924
42337
100
964
9265
42534
25373
3947
34587
6592
24663
20231
44001
3234
0
36205
28389
32404
4050
26271
40103
18843
35644
6282
39459
26707
5153
36986
5954
5404
14319
20093
41589
7699
4100
2671
18063
37152
18686
45915
48946
34304
17967
38640
48779
33483
43818
43223
49648
34971
44752
47418
20084
4386
11690
22480
1622
24688
37798
41618
12203
31420
16741
6443
10933
7274
21396
9267
25991
10530
33986
6714
49786
33037
49900
10250
40030
36174
22761
7016
9480
20621
25544
18763
10134
30740
36396
23337
5471
20161
20606
17088
7759
14105
35519
20444
41163
21028
25226
40139
1270
38714
26048
11887
33450
45581
9932
14366
8799
12779
30220
39046
42385
48770
9916
21879
251
25546
47132
26754
48211
19376
34762
18479
27935
13621
41306
17913
37148
19152
18210
23330
10016
38604
18163
35457
2245
19923
20234
27576
18132
21265
13262
10491
5249
35005
46859
5243
32542
24946
3612
39829
13392
46543
6813
11199
12826
41748
43708
19147
24446
17038
9450
44768
15194
47113
5070
19851
26993
9771
48373
34090
34983
32788
41989
41221
45903
31200
11174
46471
48572
29090
22523
27646
38917
24799
19489
22834
39323
22881
38824
35265
33143
29120
12436
43269
24557
29103
4896
29109
15775
47160
48347
19011
37445
48989
10667
18044
16560
48108
44416
23108
34784
39697
44629
10260
37013
33431
43058
15460
634
29577
19791
49036
24019
13145
24422
4041
10200
15786
3945
15020
15841
29893
30089
37710
4940
23963
19946
46857
11886
29984
34301
40032
16762
24129
31350
48624
45366
31473
5623
14934
6504
13421
5178
28066
28838
12095
4568
45360
38956
49429
41569
8459
17495
34439
11521
35373
21763
18665
40135
10668
16626
36183
47887
32549
24763
16364
30965
42479
35915
45339
22256
7500
14788
40823
5047
15566
45093
40711
22616
20025
3640
14145
30252
127
40882
4578
31854
7023
25177
46259
13263
26616
21843
23281
30240
33356
15874
19017
21168
26266
11546
47513
32754
44733
49986
14853
46041
12172
11112
40747
45980
27608
44171
26468
17285
47628
21062
37020
42930
27034
14372
18263
8741
41710
26845
33587
33045
11542
3220
5588
10573
42711
38119
40026
35102
27786
38216
9287
45479
6483
11551
49225
3332
29031
31025
47810
13044
2825
366
47813
36298
49394
44933
14520
16668
40084
2440
47002
30843
8442
8653
6330
5352
3093
23017
35313
6809
34402
10852
37774
2187
4688
34492
30382
48899
27846
2186
26711
34879
12708
40822
13954
19977
42056
3606
17943
49351
38414
4762
38343
45765
8811
9211
31072
20496
37354
8755
46766
26283
11812
47838
35067
8881
7266
28915
12137
36936
3523
13627
13715
2255
38812
9548
1612
14848
7154
38506
11320
41236
38286
11004
15677
43151
70
33209
34084
30629
1753
2252
30604
47446
25007
19413
10686
35006
9324
19625
24149
37134
30663
44718
41600
46781
2404
10811
34994
21760
27168
23797
27167
33321
49193
47525
24692
23820
49937
32959
7588
11619
18196
23566
27965
5441
48510
10719
6672
41195
21783
33514
38602
36027
38413
3878
36811
41713
168
13645
39896
45157
48782
30222
36635
40443
3221
7366
47195
33151
34666
29274
28932
39840
17863
24071
6956
30972
1176
33945
41117
25541
2823
5219
35703
49487
22873
34085
13828
20995
45975
24816
1683
39165
23935
18279
17141
48745
26863
12153
42235
45835
35950
48301
2430
36065
31109
23757
49715
41643
7943
10926
34124
46569
13978
11683
18872
35737
13887
5827
3054
39349
1541
24374
27303
568
20498
25588
24123
15571
29946
16083
46583
39966
26558
23278
36656
2171
12202
10870
29646
23544
30204
37789
29805
47430
33213
34360
27097
6028
7833
26451
37775
38518
1292
19157
31509
35647
7466
17603
32954
4673
2640
13009
46950
36438
27096
14703
11292
47673
17043
9292
38645
1518
24581
49159
39884
27007
44351
47661
33562
21384
13240
31971
32806
23528
2410
46381
37880
29770
16051
7458
28149
21731
8393
39651
33778
30769
26280
14835
11327
24571
46186
41019
11962
42092
40356
36302
6971
8808
11116
19967
13241
11979
44018
30605
49481
23279
46173
49324
27615
14608
43248
48449
31363
39793
16245
23222
43110
15487
27130
21089
2716
20012
49242
48132
43127
8130
32939
25730
8726
25361
19466
33430
30835
44437
5899
33768
33601
45475
32923
16734
7942
29166
42409
6653
42159
32231
10845
1891
16199
41471
47711
40931
33436
31782
37601
1670
3071
17264
27610
41003
5550
48464
17356
24862
10526
11330
27679
44297
28826
5062
39229
24696
45317
207
49375
17414
48435
43688
30148
14713
21516
17064
43301
38143
5450
39434
32001
2117
24256
36287
15105
759
33607
11697
37239
1706
3314
3669
16616
2868
16659
41142
25445
32971
23736
36141
21511
32238
5496
26640
48250
31896
23522
15611
27362
38493
15241
48320
48618
26674
5925
48930
43175
35777
36844
6593
10815
2063
29201
35291
6463
37621
17459
27983
47394
27768
21352
33149
1080
37426
48046
25017
39883
17092
17181
19704
24281
6923
40401
32438
16920
32629
9356
7751
41949
27035
31085
20467
882
35226
35362
7537
27743
16442
46726
35041
34441
29777
42353
10436
1708
20125
23072
30274
4339
47389
9613
24808
41208
9888
4
18746
44442
6553
40060
40818
1740
45634
7157
24341
46441
683
24089
34426
4210
45152
9290
48351
31664
26042
14417
43367
11611
44621
20980
529
1201
16763
31657
25198
15069
1596
25969
4770
41185
8364
9590
28064
33113
2547
705
34265
23321
11081
22109
48414
10760
46464
37192
24982
43625
22298
2097
2347
19347
46792
25669
34617
42588
22733
4813
23712
21238
39417
26117
38501
14054
13473
36820
21602
13367
33183
12809
34375
45508
20043
32345
31117
23800
22720
32334
9570
15924
42174
13300
30083
49378
2173
41528
36342
33126
26975
36687
24132
630
15036
21164
6660
27098
47340
7453
13120
3872
21698
49701
11226
15577
24393
49759
47888
4721
6249
46829
3788
42972
500
18507
25420
24656
17452
12002
43238
34977
6267
28484
21375
16922
15195
46089
49843
21085
17329
25153
457
34325
35960
49112
22443
2300
27201
28697
37462
48746
6004
12339
46922
39794
35261
23343
19842
11186
15421
21839
17272
7945
26549
32763
25803
29695
23652
38182
17352
30401
34363
16852
7380
25484
15501
28986
33406
32801
37645
49680
31878
31171
10454
43307
27605
48585
33999
35596
37126
39953
8854
24615
1578
16194
19353
49775
33008
5280
39569
23274
48118
25751
11118
29997
43163
10224
45430
13813
8892
19843
26649
31618
46308
21604
13181
48106
5575
567
6070
32956
35731
26872
40143
19055
34474
28098
8978
16145
21697
25862
47071
36111
41585
8079
29278
34158
12589
37611
26884
49343
29302
49090
43051
30166
46024
28194
36274
47173
6529
37186
20762
21372
2229
2746
35110
24710
8258
2134
728
22685
3271
42331
21330
13065
2651
10631
9180
27810
39030
25247
32672
41313
31814
43501
38667
19569
33831
18904
20213
35538
37254
39079
42290
11716
29202
39627
2564
18630
37335
23353
31281
2660
32192
27571
20495
14331
8049
13433
32394
29904
10513
26964
38073
38755
6947
7270
5257
4410
15350
31827
45543
23402
48667
34235
11586
10492
5288
15929
4302
18153
2389
28646
43968
17009
45942
31159
25424
4110
42483
36810
32053
34697
28591
24494
19583
19884
33628
32523
27374
31853
2466
22654
1839
20839
30004
38494
30887
41272
27295
19592
23874
31405
33476
5930
11039
42685
19238
45266
35847
15858
11731
29320
37865
7531
23957
40102
23586
47070
24252
43103
29874
2396
16718
28891
10185
18094
4112
47635
2118
13960
8384
27252
6868
42438
27417
10956
5862
25638
26957
839
9196
12102
47112
29263
5048
11452
24620
1502
48574
30809
44780
2504
17294
18844
436
971
48141
38942
16948
5689
48860
40407
1633
22822
39482
5524
24108
26313
44245
31801
2860
18575
41110
31062
11610
37388
33068
44359
21747
45279
33865
20676
90
19166
46965
10624
43095
18825
19243
36889
31283
49465
46876
1053
5639
42066
3755
5983
21570
30622
49677
36245
15162
10462
5734
9447
49783
16523
6096
32890
41723
22711
15362
40501
5526
6324
15872
24573
18754
13851
21859
41034
19044
6467
16575
2281
14296
24629
6664
2766
46376
14414
17415
27765
12170
33443
612
37434
44503
41586
20620
11986
1741
26110
4830
21548
38392
7785
35028
2337
18603
24030
6182
6426
7639
47000
14322
45514
16068
2183
1572
4802
291
8646
15231
41224
4915
17651
45184
43012
17968
7112
44368
38597
24232
44542
19854
45820
21825
28469
38588
21020
33678
32056
44091
38972
23548
38394
13471
34968
16574
40162
44143
8546
32762
47549
40180
20174
535
17155
38470
20245
26749
27606
25566
48457
15167
34042
38562
19172
15089
9007
3672
20198
46791
26073
23029
29129
9051
4905
18554
32506
28001
17707
39820
42824
15351
46017
35251
42829
32757
12744
47844
35611
30607
13316
116
14177
25326
15443
9102
2303
19300
35193
12535
18804
22500
9841
23035
45343
44099
35285
42932
22726
8937
46896
35945
29862
43255
29144
7628
4569
27985
43720
11767
20829
24455
38527
35161
28766
7334
45351
10199
14367
12671
5430
6026
32639
49734
14971
25269
25591
38296
24351
26317
1894
15805
25219
3678
11229
25483
14118
6212
23961
774
23524
3717
10043
31214
4470
42423
1439
7284
36565
26194
32941
941
21185
40771
33694
18435
3988
12371
42490
37029
3047
2681
45047
49493
8780
48981
50
9693
16985
12249
37158
41136
42292
20996
33272
29752
21190
38276
36135
23527
43029
1514
40384
28143
43239
46131
30928
41479
987
31819
19528
19288
19662
3977
48835
10206
21983
43324
20700
18768
43801
45198
24563
43245
904
10941
29267
23443
18490
14104
43833
27262
30541
44678
17590
8420
22002
31254
3238
9920
36919
26270
24017
25750
35903
31534
14680
16234
316
32389
36759
19072
49737
6942
10389
36723
12600
30038
3009
21450
3809
25656
12113
6150
14437
30506
31857
14978
45409
24313
20381
13139
47544
1060
26998
1218
31028
48317
25265
14755
24074
24387
36365
24676
15934
28945
33376
9725
10338
24204
8247
22484
34926
40159
37877
13517
25647
41830
43069
24152
15573
29125
4786
26901
24311
32741
11192
24304
8035
34801
16684
12659
18726
24175
46675
8254
37461
6042
18710
17526
22872
18986
31095
20709
8504
30656
49683
47286
28258
41610
39529
400
29601
27698
584
44790
18029
48054
36435
35154
5956
26562
18271
10857
35778
18803
29159
18406
47351
5782
125
1037
6495
17652
43193
42084
31528
25837
38220
10948
37667
44180
31178
12474
20463
21624
26673
9424
4653
22063
22653
44961
24366
22867
2257
36451
33494
30846
49659
28894
46711
20669
16076
25487
8037
17388
29053
38358
13779
46039
39869
7149
15114
3303
1045
23831
731
33106
23001
40577
43770
2817
19373
15653
2279
36378
24462
29980
35787
16316
42182
4652
7263
38265
5006
41290
29413
9250
4930
45003
9695
44963
49752
14139
28864
20976
32151
38710
24097
4805
21112
43233
30533
36906
6746
36232
13189
47497
46916
5186
29097
4334
38275
5680
27711
43071
27745
21926
34274
36608
27559
4054
5931
12868
39350
19847
12401
18949
48129
15592
5684
3628
16928
31412
21555
48724
8028
3342
956
40736
955
49241
36478
845
22622
33701
32146
33435
24450
15387
26590
40066
28047
46189
44816
10007
23249
42786
28762
25737
13286
1157
28268
5955
43225
26734
20185
11733
23511
4213
5008
36254
37328
1033
42009
429
15950
48761
19276
39608
22777
11123
38060
21798
3557
9319
14353
21738
22206
335
36216
36683
3021
44778
28615
21432
21912
6098
38291
44923
8370
31692
49774
43620
30071
10891
2626
40590
43517
5787
5552
13232
47565
14910
16286
19406
38974
19389
22215
10165
9943
46581
20608
1323
3688
29080
9645
3233
26176
35063
48506
39847
45833
31395
37906
7772
6225
10123
22522
40906
18162
43924
43771
16952
6563
3090
22451
39526
43642
6133
7558
35238
22755
48774
41935
49579
8902
24155
33909
16
29812
28391
34468
47240
9437
17358
4090
30970
11134
4126
35493
18396
9566
13942
43518
9729
17
40575
45960
33383
29758
24964
11916
33190
26223
23931
11126
6230
32322
35985
2479
1356
26329
43139
44861
19321
41596
42012
47856
11894
49494
5851
48786
4808
20994
26291
3469
43725
18402
45781
10015
24625
5869
36352
30979
19608
32643
9374
14025
33469
12905
43157
39694
42935
21230
44688
23034
27427
43573
42476
7674
30175
47374
43953
13603
14903
47724
9000
24176
29522
14889
32675
3036
23209
38484
35940
32943
35598
3608
18348
22343
20010
32370
32884
38189
23691
41042
43695
34355
10063
10003
41870
18506
39083
31054
36001
21979
11743
49746
12741
2071
23397
38428
34404
37410
42072
9210
7310
41000
30760
13689
49048
7454
42814
41973
39223
19932
34209
22425
8974
38748
45797
17157
48224
2169
29922
20968
33828
38540
7650
12563
4053
14230
16713
17080
17154
12581
5962
21978
31437
44946
25717
46073
25476
10396
22126
14163
48963
43232
5823
22093
11866
25988
29765
244
21729
16059
17265
41932
43407
43861
26295
4899
10802
25358
47181
5974
1522
38887
44889
14957
4330
1646
27622
245
5553
38596
41938
27938
28113
38665
46321
24837
22224
39575
24681
34679
26542
40021
44999
46369
1470
47536
39120
20380
46511
5556
39766
20921
21443
18300
12126
3333
41796
6939
48123
37543
1440
18025
24228
14902
20554
7169
30832
14527
24443
8238
34047
32472
33558
22272
8214
32284
20291
28171
30926
39904
25033
2793
30642
43266
26305
31410
7373
31767
36377
44981
33533
46758
17737
30140
46183
29762
132
30973
27200
25744
37418
33791
28246
41202
2575
36593
11529
19694
10182
44574
402
9124
44667
45289
47987
35965
41213
28552
31736
2220
3244
10850
9573
5985
38726
49543
15034
11483
11321
7932
16189
22995
31401
24085
36921
34025
21626
25605
46452
1803
25488
28555
28500
28509
48843
49617
41976
15514
12278
49582
21835
697
35511
25932
1210
45097
21091
34256
33343
26497
16487
45182
953
37991
43468
22537
35318
65
1054
29754
19372
24771
11775
14203
2887
19115
5333
46092
44552
9934
33635
48407
11287
22139
21574
21098
25624
41631
12115
798
41385
10673
3421
34882
22021
35213
25169
37205
41292
7269
14484
10903
17197
2422
30285
7658
16012
35259
16193
11782
1859
1642
19806
24312
33165
47047
2605
46682
39656
15648
43053
4326
2076
17140
43543
19940
28507
33280
28070
43086
39089
2853
13897
15000
26962
14162
43014
19710
8601
12168
9831
5138
1504
36767
9921
28543
45288
29739
47425
36705
39296
9255
32931
6304
21029
703
25975
7151
42068
38451
8641
14412
13353
47117
16526
3719
24803
24522
15037
32533
26227
33960
43799
27446
28326
21720
13857
29505
24853
16413
34148
8202
2877
32091
52
25676
23472
33109
33923
5067
10410
14172
232
218
24886
29766
11223
4372
49889
41485
48428
26453
2768
43825
45528
12791
8076
36194
28750
23875
18179
33159
4725
33918
6031
48157
13351
3709
30589
15522
7090
8798
18668
35077
19666
11245
1391
8894
29359
28049
24924
6350
4012
34336
25087
28513
47302
6015
5417
3109
28564
16218
18851
1684
49832
16383
23311
45635
33513
16025
25628
19064
2727
12090
43796
45225
39284
8149
28620
4772
22235
4505
37176
12710
46052
47271
16457
12512
23477
20448
39295
28432
20345
12666
33611
33992
26455
8838
31724
35713
38128
24475
47839
31407
37848
33035
39377
29730
26939
21687
21373
19442
6960
8033
19120
11966
1106
34934
48616
19553
18906
30319
890
17634
45229
23245
20408
43368
6078
7780
7721
33974
1436
36350
18845
9254
9748
2789
1245
17406
4421
14661
25432
48209
30221
20615
16821
42603
3250
48207
39037
48254
6482
45039
12429
44831
28417
36822
7760
7377
48310
35353
5069
48600
12006
6263
1717
27808
20488
37444
11637
39788
46936
41522
11526
38516
16414
45363
19245
4190
3533
40600
33959
8395
9907
24590
23214
6534
30077
6536
39903
12774
44813
31424
45930
48313
47645
25081
35386
30924
43654
46098
19234
37104
11651
45023
35478
43750
33044
27523
31774
21911
17000
5795
42032
19174
43417
34189
4910
31611
5150
37721
11745
41444
26325
4752
32355
37780
21500
23396
38195
44348
28025
30406
33643
49437
33890
49237
23109
25958
49448
12117
39568
23197
20254
25331
39125
36312
31086
42696
11811
32072
38299
29707
37935
12506
33597
20449
19400
49479
31738
45654
8436
28692
14256
26298
21542
42815
19802
11286
2083
47233
21012
20086
22860
14268
33196
30396
18342
46090
44628
40964
14051
31432
29098
48634
9422
6405
21495
6789
22788
40709
35931
22330
35012
7207
16500
21150
8914
34950
23788
10563
23176
9963
14136
22105
39877
4036
19492
23553
45604
49657
23347
22982
39713
46219
40486
23862
16073
45386
12652
31128
18288
8425
42148
37316
428
15587
13092
39633
12990
12844
44445
40314
4482
38095
464
14524
41558
5405
27958
3683
31683
34510
13969
4462
34491
25686
34956
20237
22697
45186
14113
36882
2196
9834
39209
23743
27774
6682
33566
29807
46161
9117
10512
34308
969
44842
25001
31255
46685
29949
38427
6586
46400
22418
15052
38429
7226
33221
49528
44006
6200
27890
31845
9835
3231
48267
38341
31218
36457
14061
28740
1767
16411
3567
8285
514
18828
26907
36944
11080
9190
3614
12879
5758
11050
11893
44579
21630
31883
44221
33709
23186
48112
33375
30253
14625
40228
20600
32578
35615
35009
25459
17110
9547
38918
29094
17950
36571
24342
40630
33395
16436
34346
22936
28313
9381
39040
33919
2839
19777
43666
2732
29429
37900
4960
8644
35810
46694
8386
25872
16276
36538
25389
39468
15402
19250
42264
41816
35528
15152
11581
9867
40653
36029
26750
2271
26573
285
12617
35948
45201
17678
7495
23490
40792
38439
47061
49952
46047
10726
46761
10834
18690
45310
34051
32131
19440
19863
13580
24301
37189
34805
32212
17340
33447
42809
16397
48832
12163
30571
46974
12814
10641
9333
13584
2091
47846
31787
29285
5299
26543
36061
38298
2693
39603
398
29738
39595
30331
6963
48851
27857
38191
29221
21003
45959
2136
6199
5532
17053
39207
24459
2239
46157
46586
17334
16190
24036
15224
46688
13841
10755
6481
3170
41357
29006
11669
1069
8971
1761
30803
36815
654
3035
28773
34218
34980
16349
47093
45752
20729
27504
32786
45876
1465
21031
48965
30197
19252
28605
16064
19208
45931
25325
45230
12403
696
7309
4193
19768
28122
11896
27950
28554
14312
11168
33771
33525
28079
27868
39576
19944
38752
37064
23478
4776
13373
25456
40039
29361
13792
33586
4274
44798
14096
23040
2114
30336
22468
5511
3321
30877
40534
19659
43942
35512
2990
37677
7253
22927
27977
36591
40337
33730
33655
23685
15693
19655
42243
39724
26721
13680
15111
18838
26358
8764
32838
34512
21024
41381
39343
19210
22296
10738
48613
18079
18991
47705
12123
33387
4567
6074
37067
7001
1678
3455
30481
21656
18227
8793
47923
44098
5317
31758
46423
16580
2537
8187
45076
22011
16453
40739
37929
31040
45490
28200
6843
2759
21734
35532
8309
38283
29871
47385
24477
39804
30439
67
41214
21411
24509
17243
32503
12480
17403
10560
19542
30857
2181
19458
7523
13791
29748
31414
2776
4506
12387
49170
27059
17620
14497
3896
32093
13179
7687
4860
34320
36890
29336
26739
20468
5783
6101
29206
23285
872
23089
49462
37401
20830
22465
26439
6796
41517
14718
18581
47535
7755
1487
39071
10705
48767
8987
22671
29792
36476
34842
10590
49630
31381
30731
30608
27288
46262
19927
11574
27286
46475
28485
20502
48813
48877
22161
9040
1049
6269
27668
21166
1225
33466
47475
31931
48418
17848
12330
13391
1983
12347
21374
35862
38776
30937
34049
15590
3727
17572
44146
45575
1416
46956
45909
32017
27134
8623
37247
44293
27092
45161
299
13653
18785
22959
29491
37446
34955
18009
1978
11747
39393
22269
9941
10955
37315
46339
47432
16201
17466
47353
20744
18539
44130
34660
19845
16895
1784
30007
41509
23126
43174
18200
11038
28437
37439
21022
46757
26056
48586
46244
18041
18410
16518
22686
18744
48198
31617
35020
41724
38620
22092
24112
7980
4814
16423
42777
41116
13939
29813
47277
40994
12362
25567
41767
29380
25020
30049
25851
713
34273
16280
84
28358
40636
31474
27749
30347
18876
30856
20823
22349
45226
12404
30462
2062
123
1730
16176
41169
34224
2061
47593
14541
7879
45682
9329
19160
44232
23135
24392
23178
33253
15561
31478
23434
14176
11594
14009
47605
47626
8927
2489
34728
24173
19778
41350
45511
8032
48976
5303
26630
14746
49792
16557
35415
44811
44238
810
32796
13798
4226
35452
35733
29124
4259
20136
28198
12938
38982
15033
18516
10473
4491
33027
39277
37717
41656
35958
24270
46420
6318
29591
18831
32258
22626
23890
30679
9248
19179
39951
31339
27487
37619
34068
12277
6975
31447
28392
7913
38535
17421
13520
23517
20277
39722
18416
49833
31523
11656
20085
47843
28924
18308
47449
38706
11982
45442
32377
9567
17655
10027
5666
28524
47480
49164
44240
19867
38350
19402
23980
25464
4864
1799
16786
22488
2896
26172
44459
44706
46555
10457
25829
628
20540
40390
36647
40291
27750
41854
41179
38707
5617
21803
44509
35668
21777
32245
15737
29558
49930
37079
11985
26928
8002
33633
40670
8100
16707
30931
35845
4429
13671
32063
26429
35185
49342
8441
37810
17187
22559
26393
38923
41556
33803
27028
352
17204
27859
16694
12182
14849
24592
46200
35413
33299
18067
47588
25266
23531
36802
19162
11395
13138
26255
46027
28320
26968
5425
40462
20236
43413
28138
7260
999
24470
4681
3920
13914
1923
16519
4481
35167
22090
1481
8303
40010
33256
12531
36168
1863
12821
47900
26667
30059
34231
34594
36372
36746
29450
21701
25769
7589
40296
44377
31329
1444
7062
24508
38496
16501
27969
27706
20873
28580
32038
7232
32439
25417
38478
29391
25281
44070
7345
13363
45020
33416
27038
29346
45320
30485
38321
18957
28165
11416
6542
6128
1394
3933
16725
29660
8234
28916
25661
20562
15915
5355
42569
20514
3494
30512
49751
2060
32817
46635
6718
13917
26671
28454
12524
26689
20799
5000
48501
3288
38215
30510
41681
28896
35445
7014
16739
3228
21435
7136
343
18621
13623
14454
40359
9942
12911
24971
9842
49876
28457
20389
18829
23881
48810
39408
34161
894
42942
8655
4903
24978
36163
25083
15065
24830
44339
8385
40316
669
43001
28220
41341
45994
20533
22084
26663
23853
25725
13698
14270
42960
48546
4557
10694
23777
44977
1196
3775
48360
47270
46987
38814
37800
32962
2514
25056
26628
37585
34186
26518
38705
33640
26690
29925
10545
3425
46404
1940
22492
27715
12573
9162
41172
43862
47598
28029
15364
13215
10813
44596
35579
41504
40451
35096
41049
44473
3163
9200
42294
9463
30451
3452
21067
11214
10743
46214
30665
31728
1457
45318
13461
31337
28263
48562
15649
20884
14432
20089
6325
17796
12084
1557
27381
44390
9554
27478
8606
25906
11141
29213
36330
16417
21648
37006
5009
42593
34857
39999
36018
42715
35331
44011
14954
28734
40948
46056
2018
28870
36669
22917
26243
20802
13564
10521
35677
9118
8006
49568
3471
5743
23328
25909
16143
39420
28337
17817
19645
9006
18343
45542
7737
19341
44663
13762
37521
15580
39080
19329
17638
16634
40886
25005
5805
11333
17188
18867
21146
16935
24873
15405
46140
36127
3617
37440
47989
30254
37435
29905
8928
29181
12106
6941
22324
49191
38902
3396
34515
12556
41143
40755
49398
2663
5505
8732
13816
6453
34246
3435
7488
20336
46116
24023
29959
39765
32518
45168
16867
24026
7888
4097
21078
45191
452
403
12792
48633
33867
5393
12225
20149
37988
24537
12029
36170
31512
23486
36328
15086
15758
17575
8494
39826
6141
29462
1847
46535
13650
32679
36379
15026
2282
4232
45699
18733
20112
42006
11657
18797
3280
26099
17176
28166
42744
46620
25298
9897
6450
4171
49754
17902
48855
38782
519
41425
17577
16906
25311
42060
29665
4117
39583
36650
17307
37485
699
11388
39981
46710
1467
9212
43753
18160
47978
42416
33090
46465
22575
45849
36846
24544
1892
20171
23111
15689
26493
16740
1758
46886
21594
6129
46525
237
32740
36322
27496
41502
33559
38649
9259
28649
23657
16949
44920
43922
16474
42323
44525
26743
41418
21036
37061
41424
43287
4719
17367
43662
8581
41429
15959
44950
1226
33508
15317
3096
268
29467
39519
44149
12381
47123
27663
3781
40717
17623
7128
14843
12833
5877
15118
14300
40939
36930
30284
47039
11093
13656
31895
47739
36077
11239
31876
7021
44787
34080
44255
178
25145
23136
14116
42804
15031
16609
3921
43446
43339
46822
5507
45998
36561
32303
11442
44776
36153
1497
18047
40655
47488
3136
39129
46669
30689
14002
27534
41540
17907
9335
44017
3924
15728
7520
31875
11756
36259
28286
44432
26796
1267
111
2883
45945
1230
30377
47761
15567
220
32731
40719
1094
40427
48486
1149
3713
9346
33961
27697
3153
47145
43995
40226
10488
38569
43365
11845
38682
22311
45247
41684
33942
32498
39811
12305
15363
10536
30178
22924
30043
89
17601
15576
45739
45879
41607
20880
34071
38097
10577
24162
30343
15081
15010
15691
13183
23917
12612
19307
15310
27614
46890
4140
45349
5051
13966
4444
28312
37964
34277
30576
14275
21814
35513
34967
16268
33515
45522
23860
48015
32681
3697
37857
35482
4823
49454
38797
46015
43673
27720
5233
34541
7688
36255
47373
11042
10306
39282
17718
45926
31536
4775
44188
3278
42469
8430
27893
38201
42734
6629
19917
35722
15891
36770
24454
30440
46746
6732
15471
30275
45327
44352
49539
31824
4312
17246
37786
21593
34128
10500
233
41427
36985
31830
25327
1954
44561
6997
39872
6388
26296
15923
44458
28533
14219
30771
18703
9161
16226
23930
28534
25138
34616
15233
8239
27650
2627
12435
16482
2015
25504
12222
21586
30502
36764
31167
800
7351
43499
14227
26992
4911
13364
8499
18441
48775
27091
45079
47511
49365
48580
14361
17048
1967
33032
17797
40594
8599
31529
44709
37785
4224
31399
43780
22499
46312
37684
33855
30535
42073
18397
37178
2905
3378
128
36601
5181
15827
8695
28752
12967
41960
13769
7066
30893
11981
14813
25317
18742
21684
42173
46013
5808
21696
18134
27737
1805
17485
49450
17030
26896
28488
34133
26454
32852
35987
17803
13604
39932
45126
31936
20548
49710
13361
49189
3666
1932
27834
9430
44333
13508
25821
32026
43434
25903
37885
1975
36051
47414
4463
20523
22280
46528
25871
1259
10401
48022
32078
13381
37661
24180
37016
10776
13826
35174
36797
28722
27941
49787
49883
26248
49536
1644
38270
49254
40383
48534
12359
7572
18024
27341
16246
16954
49290
7038
1174
41237
21776
32891
45717
10922
5385
34807
44100
35292
8756
10993
4693
10424
29172
15518
21816
42911
20778
49268
13870
11144
3743
21657
31356
26677
34469
41066
14815
14490
18502
4071
6457
46625
7079
48919
49560
49853
14985
20796
2577
30715
31312
39817
38181
5672
6531
38646
18940
38932
32388
35367
3428
49632
8137
10569
25436
41422
22853
385
47582
17788
19880
20400
47057
43556
15817
6677
30311
13808
44769
45219
37343
14593
23180
6213
48432
30906
13804
32936
24264
210
37089
12391
17574
10854
4811
6177
34718
49353
15470
25809
30537
31812
10792
21884
38522
26637
19005
11283
18188
17868
16509
39503
10818
43209
12257
30960
10999
4812
36929
6548
33310
38377
36531
413
16987
44924
44040
11014
1336
6544
10077
49011
46691
49643
22665
27169
42250
9830
16547
5087
24177
18700
36741
5820
16116
34384
835
7175
20803
711
27124
12310
3055
9743
35294
27227
24905
14183
26537
37487
8256
7843
8735
841
36427
48493
6248
7271
35782
40299
1566
49220
48880
4441
217
32539
39897
6819
17503
49818
37230
21927
43169
49532
11133
47542
41624
21239
6176
47934
14639
16997
41855
39074
23983
22870
27490
40788
12107
3039
38930
1248
49625
33929
33800
16463
39316
9750
39828
24452
5389
45381
13741
20816
39699
32514
37606
20319
28059
18748
16455
4783
45237
12831
2967
14525
16070
1309
46575
1125
12940
25439
48651
41726
5133
19858
41909
23751
1565
37609
28467
23003
36557
28919
17143
1073
26540
44068
25525
17653
35099
14708
17657
25720
10101
10232
4109
27814
47194
29217
16257
9692
1672
41
47982
19902
12035
37303
37734
38256
2565
1965
14700
34095
17392
46599
24379
24063
11056
1079
42842
34526
1606
9390
46147
42965
40954
37011
16456
21254
27149
19989
38766
35065
11947
21119
38458
13048
42941
13736
28418
20367
39131
19637
41508
15150
22933
3842
43302
3521
24009
17539
10741
3033
14533
16101
1645
49278
27445
33446
771
49145
25178
43602
21070
16109
2482
35633
10069
14238
30674
15944
9761
18707
31929
9648
3584
35614
35473
17062
28913
18818
38229
34664
44158
46059
27993
17869
39049
12379
20394
22310
22816
16127
19862
8832
8515
14216
44205
33979
46667
19452
4734
37729
49044
6651
4890
16046
10127
38567
8746
44430
5540
44668
17405
44020
44571
23316
27045
39473
35814
27203
21811
12862
40117
3906
1251
29547
1534
37274
49588
22975
3068
48381
49565
39721
10625
21977
24835
46199
14594
35158
10725
41838
25509
49820
18823
36007
41866
39436
3119
7095
40422
18028
7459
37501
31507
3423
7704
19975
16186
34187
11622
14399
35996
27070
6308
35242
46653
2820
45447
7385
20878
45610
49654
993
24635
12910
44925
38793
14458
3745
5659
7357
3649
4078
618
29720
6846
24283
13714
22082
44064
43210
4968
37741
19126
3105
9598
5493
42578
11511
17517
26787
1243
37822
16299
16877
41392
27925
32076
32085
2548
30079
47467
46739
11082
46247
43018
22629
16221
8660
32836
7934
19850
973
16901
40611
35344
38613
34794
44217
13895
5714
48429
2728
29163
41823
49916
25343
17142
39619
2924
21585
31980
15175
47073
5619
12515
35726
13400
26829
42608
2265
44849
25648
31539
40552
10356
16490
5305
20372
14072
34775
5622
12165
19385
35360
42461
46324
27183
4442
42214
9062
42
30293
18444
19661
45853
24124
46286
44366
8014
981
38418
47795
19793
23564
43800
11092
18808
7468
8618
47819
9033
35118
10325
356
29817
36545
36243
3731
25530
1643
24257
7362
47868
9852
30708
19763
45419
262
7979
9438
21305
31714
18578
20589
40052
25831
30886
13245
39097
14779
12936
9940
48610
41991
46386
47973
48748
18338
44576
21269
30437
28328
17254
15894
32411
14660
40598
27501
25166
16681
43098
43115
6132
43576
18517
5558
21703
13436
49102
31804
6872
49345
11264
21681
27128
38196
32441
23492
22108
36500
23688
25531
40813
12183
39466
22646
12077
40574
36870
48229
3832
39549
45213
542
48008
12904
22177
15865
38028
16885
17563
28018
23315
40029
27879
30632
37252
7977
9258
15191
20177
11505
35103
3023
14929
7832
11352
22842
15324
49121
42767
12707
36725
8105
25406
21563
36749
38309
42833
34549
41708
17618
29835
8055
18030
34898
9628
22404
43871
37730
3094
36083
23365
29439
2686
32794
418
30357
47458
27377
20571
41706
46261
40610
23293
12681
26622
40350
3175
47258
48004
21509
30591
3326
20275
20610
41515
34369
13561
24296
19543
6523
19428
32342
12772
5804
44074
18853
39268
41920
30216
29194
23731
37914
11494
10998
24349
9638
3286
4855
19579
18033
17757
31108
35030
20909
42800
28684
28175
4829
30948
45245
37884
21936
17231
35166
31571
18304
4710
21063
29261
22080
11507
16339
28768
32942
24279
5893
39439
29452
35742
32158
38788
37762
1686
5313
25455
9599
26333
40405
26440
28120
26060
23648
1162
41548
29371
10223
45038
22668
9644
27822
8654
1937
3543
25024
38874
12838
29994
27747
46870
19006
49240
3660
12459
44429
17704
49610
44138
41898
249
31331
33547
3026
9773
42508
26137
23432
48799
12694
28332
19544
15179
35690
11615
39894
510
37538
15308
33569
7805
1055
38926
36611
1074
12654
22800
18595
45103
49498
39092
12603
37524
35753
2403
40680
35296
36655
43309
16003
34847
1786
569
34989
7363
47013
22192
18127
33137
34113
20761
2380
35490
12318
15800
1920
12871
41089
962
20885
13231
49901
3524
35069
36867
40849
15803
36827
18391
26811
7729
36803
45156
23735
8720
9814
46488
31727
5041
24214
36413
49204
30091
19557
42672
48918
7295
19580
1434
36204
12119
23143
37165
34023
42768
45773
18514
12121
38415
7375
13551
45051
34457
18301
40915
13961
47638
26029
25761
29729
1555
46508
25496
34912
21842
18732
24336
6914
26389
30732
33057
23650
44783
4237
49359
25828
20905
14970
9465
39955
42505
481
12408
39287
541
22472
460
25485
14207
12620
5338
2406
40741
40879
20280
47423
10310
37394
30022
41516
26385
42118
27852
16360
43343
27403
4953
38449
4717
40726
10337
48630
24628
25797
42029
9876
14877
40810
38273
9249
38406
1729
5727
37302
36264
47371
43000
22678
22117
3994
43947
4975
5256
42528
13573
11447
42721
30603
30474
1442
35051
11855
16089
16953
47176
8219
2088
11361
35761
35382
16435
43303
32682
15669
48469
40251
9901
36349
46639
23331
31998
22153
17439
38711
4285
41210
1607
36518
29469
25900
28216
18305
7647
8706
12539
17768
1525
28130
18616
11301
6247
2625
15183
44502
29035
33977
18040
24824
12256
49444
23670
10041
23895
42445
41120
4548
33214
29182
41055
47460
23306
5510
4997
7114
45672
41786
26516
16373
49453
6416
2407
27566
13748
2292
37624
48299
22458
18148
40723
37264
44174
49519
29967
48915
19574
423
40112
23382
21377
15595
21730
31654
46576
4667
27982
37219
39410
25696
36891
496
692
21992
38818
24998
2413
48994
10305
14475
45026
25610
14343
29345
29340
29920
4798
44541
8074
14857
371
5191
20913
47406
43306
3287
7665
46004
34638
12721
32869
29961
47234
22350
21126
40023
17475
17599
40621
40827
26051
17239
22018
16014
17687
31243
47403
38668
40058
39160
30801
45500
26165
47380
37376
13928
36942
47881
23677
22934
22551
49407
14666
45405
2767
20851
17191
35446
49243
8608
31585
4265
48836
35145
22232
31215
5818
34001
18311
48174
14983
29319
34942
2824
34259
18659
17344
19265
27933
20710
23014
44053
47896
14397
38946
23352
40799
9738
24650
45836
7315
10555
13073
43221
19775
41707
38687
44270
30822
31273
16846
10867
31064
27389
19425
30499
7501
45716
18706
23309
12486
33208
18283
11375
23509
10395
4942
5710
12485
10084
17068
8614
4525
14563
45611
5356
43390
35639
38741
37580
46616
8529
34760
28983
9469
8326
25187
7644
4434
7607
38650
33577
43675
12562
44008
20622
3635
44909
47331
44334
26006
11950
20492
3227
39399
25353
9677
44809
38859
19780
27031
44806
42919
18422
42552
4089
49721
38400
40374
43140
7783
36862
34767
14940
46775
20751
5339
26810
39628
23022
47462
902
24141
8316
20320
14679
49349
4116
23948
35257
28630
15927
8445
15766
33013
9784
9239
5442
18121
45485
14271
17771
20838
26214
13427
43011
8539
3483
10687
33122
31822
3925
28060
36654
24548
8551
10965
36637
26008
37576
7519
47758
30367
19664
2003
2427
19786
22919
16639
11114
24498
32291
3762
6735
14470
32589
23773
15276
20756
28164
7027
20321
37625
39248
46480
35613
31499
10785
9204
15385
36734
2720
49722
45906
30190
37815
10210
48636
24118
42437
18345
5173
7192
34241
25122
32692
35153
16936
30333
14459
12054
37389
41675
40526
42033
27589
19713
13170
28339
28475
22887
16259
3723
39844
24942
37371
42192
38998
42813
40622
20224
14770
49811
2568
3546
24687
18918
5705
11433
42765
21712
21280
36939
48203
48325
23169
9853
45267
45123
17360
9742
35249
40274
13
2206
28322
45845
1985
10190
17491
18317
5674
43858
9819
23105
40973
22664
26465
16887
7006
17397
34501
6192
32173
5074
30767
41056
21965
21679
23560
30179
33010
19434
3019
29625
2145
43064
11695
46743
5213
7139
29121
8042
45850
21052
21113
44666
39492
22803
37451
22830
15582
46398
24749
43476
31834
6733
25878
9969
17438
4849
27243
44635
32541
5756
30658
2005
8311
7052
39738
8675
939
39924
18642
3535
23149
2528
13045
46494
4847
3430
1137
46037
751
33389
12625
46532
24743
12194
43553
41514
8986
44449
5202
2278
16761
14870
20139
46393
29815
47712
14342
6826
11257
32188
1660
44029
39237
42669
44450
19650
17228
28657
25630
22210
6387
38378
43667
22721
30673
28397
48049
36178
33845
48489
2926
31989
37748
42529
35700
8047
9979
41937
5990
29561
41766
7423
22797
45558
3087
11360
14205
31974
30754
17580
11524
36830
23599
44772
26849
15674
9875
49141
17008
49373
48345
12609
13097
35526
46982
3976
145
6190
31966
38909
24851
30121
47659
46034
32272
2800
9013
48266
37128
26079
20886
38345
20132
23260
12635
17335
48878
28360
4118
24154
46609
37985
10314
49391
1775
16251
31602
7677
33360
42126
12925
20895
14029
30860
45600
27471
12327
12241
19073
35638
36596
33662
13234
40923
6413
16932
44212
33242
28727
46798
35821
10040
34311
35053
28017
5882
33309
39409
9404
42002
38336
350
3461
48589
17781
25794
46556
45921
28255
10878
34315
34022
18133
28691
13378
41666
15181
36879
42896
33946
49459
4507
17624
44837
5308
28733
17752
17747
44613
1494
29821
14478
21383
31066
44427
26913
49886
29716
27607
5662
24735
30806
30454
49211
33600
47646
24751
432
1584
42219
29533
33337
38053
198
33473
34138
16545
10978
9813
1077
44610
42474
48179
6354
6027
10201
31674
1161
36079
14519
22928
6564
10030
47214
21650
11001
47247
28125
32881
33626
24782
32707
1327
38112
42845
43009
46892
14318
23217
38560
49273
4294
47845
24506
39672
24912
323
17677
38678
6197
14130
1156
47559
24956
10465
32996
32904
47527
990
38106
10459
15599
17465
23145
43377
10581
31716
34097
49554
30920
21532
1390
20536
32834
7084
36730
4136
45806
39689
11881
34990
37703
38334
7055
43961
42977
27326
22921
43519
22971
10122
37245
19682
45322
5568
42412
46292
19560
6063
32216
47807
19709
13054
1796
47962
44181
38290
18936
28594
29458
33349
36268
36829
46243
16065
22338
18830
35869
8857
15484
16530
34669
4417
37760
41842
5741
6822
926
22244
3182
5621
2502
24364
9423
30031
4858
42230
20404
46683
25772
32061
16588
14441
48856
23698
4047
45665
29608
13555
38989
40036
26570
29898
15424
33017
29620
33228
20446
20917
5324
10324
3684
9400
25791
32204
1530
33315
37719
25897
27590
39916
44887
37987
49209
29940
1913
26831
20668
7992
43977
21483
30836
39554
23665
4304
45254
36620
4341
19961
30163
17992
27328
42785
37911
21226
19680
22292
12676
41156
25753
16825
29102
44508
49730
48615
4453
34050
40690
18819
40290
48239
9894
8036
21438
21791
44728
43901
30037
38072
28297
42203
691
40129
2382
32110
48051
4007
20926
18174
33273
18942
45973
27121
17890
41670
19899
24398
18567
16613
10637
43537
26599
13318
49742
49944
37529
31899
11342
31104
26088
12550
35060
22409
15090
11915
17274
1668
37197
3944
8376
44792
33284
24599
42678
9806
35117
42279
38848
37265
36949
33859
25141
48241
22682
41190
30446
3922
46051
32837
28214
17743
48415
47928
19500
2153
978
7587
18019
6663
43733
9786
33686
24693
19772
12675
6628
35797
8661
34121
33005
46193
14311
41822
26560
39256
13279
44604
3224
25375
22415
25746
46153
38139
18450
27026
3131
44477
46204
2221
5916
32403
33624
20113
8552
29415
37904
1858
48479
40391
12479
19441
34941
12386
42537
2762
19404
39180
10574
599
1116
39085
29088
4921
11875
8826
33289
37168
36562
22252
39051
7026
29062
12216
34391
42754
37754
26772
17621
8084
40241
16524
41199
21826
29976
40981
40378
6538
45834
31155
33659
19399
15856
22052
32360
5856
14602
43655
29585
40936
17201
17736
24937
16765
24949
7941
14900
46242
10334
48193
46784
7448
32248
13529
21647
40487
44038
1371
40701
20757
1445
25930
44528
3495
6646
15408
43031
26024
35623
49704
36424
33814
8977
22042
29565
5377
2355
31032
7471
26065
27498
43482
17766
41549
7732
37724
43480
48364
20582
46579
33785
8428
24460
17669
13191
48142
14134
8065
5872
1939
41170
13746
21708
48937
25517
9065
15314
29614
13598
37271
4546
26215
1986
13964
45209
15914
34613
45938
7850
30101
31726
724
348
15266
31182
13901
24950
36909
41146
49514
42485
23967
17885
28984
36341
11908
30630
4920
7972
6512
45406
39617
24164
11658
26801
29153
19364
16202
18907
43898
12582
341
14076
49672
15807
21235
46485
41476
5521
23708
30778
36011
41560
40412
34848
27332
38786
24233
5760
20007
1475
41270
48977
4848
31495
44003
37289
45946
41553
11807
10550
46967
32372
31239
27821
5884
34019
27137
14048
20285
37028
23412
19301
28709
17692
44405
46318
28816
37535
49895
8683
38021
44189
44665
47686
3641
32974
989
35747
13501
48402
23815
34425
10266
16118
27211
29044
6428
16608
31943
24973
38306
20315
8099
13468
29364
42832
2013
34888
37360
15201
39
18017
27994
33695
40466
20211
8022
34670
26297
42306
41518
19892
40153
45734
760
4643
6931
8941
5576
33236
17765
18730
28452
18684
5126
13413
17827
48735
45433
14573
30968
47168
13612
10142
21789
6792
23110
6461
23756
43391
32347
34489
35436
18500
13418
15550
26350
183
26303
23545
8413
36247
36024
13171
4287
43466
20261
44039
38694
5501
16899
9660
48837
39735
3335
15544
47866
19640
11481
4892
38213
12233
10662
12223
12357
10531
27825
2311
30097
17428
1420
16719
16596
27290
28755
8821
34104
18002
3793
36244
40479
3212
37281
47561
34876
25779
32561
46937
27601
22185
17223
34750
43498
46973
48787
30349
11247
32967
41524
38831
38875
39991
1334
24624
28922
39522
43711
31127
45212
35938
28531
8005
9090
28888
47125
48704
16826
49906
47995
21800
34342
20160
6995
28820
15520
6952
33969
21209
31821
32515
37409
30316
27975
47442
19619
18045
46634
42220
49234
2444
31382
1597
4199
15466
1207
9022
35075
13933
38988
43240
33235
24527
27342
44656
3377
37402
15932
21414
23959
312
11340
44004
37610
18206
43739
28062
30391
25470
15368
14726
26773
42638
22332
1453
10861
4367
40625
31322
10102
45169
24153
44855
26221
15984
25497
35676
41401
31392
17769
2241
48575
33351
43837
27603
20809
17828
20014
49515
9551
477
6251
12455
36925
15729
14942
1813
31705
11162
3431
3307
43740
5598
2341
19424
7838
46608
23601
42787
49151
1764
12601
1958
18937
20780
39573
26001
6204
34036
22655
4827
14012
6706
41097
48936
46437
31297
27407
11612
16344
36931
41943
34701
19365
15265
15789
12987
26479
14304
48785
21162
30581
31165
26058
25520
21587
44867
49777
9640
6754
42524
20347
560
31146
18299
8401
31731
49422
46341
7887
2437
13485
39962
32903
9027
1297
30697
14749
9376
16890
47402
2304
21915
40748
34726
7642
24608
44824
40365
32695
31438
19800
28295
17772
39717
236
49766
26108
37956
10060
46152
29791
39177
14583
16363
17672
38190
4159
20366
7210
30695
33661
48091
30476
25854
18282
41344
18275
3112
5027
19629
30360
9366
32166
17179
21773
819
43710
49168
29383
10453
36711
15475
10009
40880
27799
2944
43484
47727
44791
48109
41176
19351
49925
44905
1272
33989
43617
37123
23986
37738
31472
13545
20653
476
15375
13565
18261
15008
47404
10591
10287
14021
18004
28982
14380
35180
20518
34403
33910
43079
25201
37308
3391
35079
22369
34538
24786
18082
48695
16878
48614
17128
5127
6283
45529
17719
44355
45916
12283
36851
73
5073
9832
6719
11534
7738
17146
39830
32658
23427
29148
38476
28706
19085
9024
46762
3247
8684
45537
10089
3705
48567
29605
45555
8738
24099
45390
27115
46692
44190
49303
39524
13027
17418
25876
32989
21161
24261
22766
1166
3048
1067
32866
48987
6113
15564
21653
13201
41361
42439
23198
6913
5752
46361
37047
21436
41720
10149
49025
10842
35092
45989
41931
46000
32292
15264
34354
15926
29593
10961
809
43439
15442
36880
15537
14938
35388
30579
28020
46903
23811
18720
8624
27488
25762
37902
40489
11467
37851
3722
36440
9746
10448
2465
31909
10644
40532
43337
41954
20827
45016
24381
32249
14498
5912
12303
27730
25978
43624
26145
40328
8677
43616
47890
14600
16402
48349
21608
12962
31232
7110
9930
23934
13628
15360
33300
46281
34688
44465
15836
26148
26602
44057
9726
5565
30104
10297
28403
31181
13488
38648
35867
47999
39315
34816
11639
18564
39637
29553
20821
43767
44471
48597
10781
46069
26039
14237
42185
36020
44832
32223
47341
18680
49390
17100
24220
23965
39286
18676
48680
43651
11599
37472
45804
18302
42269
6469
7272
25272
38628
28399
33936
49137
48010
25391
31892
35515
22679
28409
6181
45826
16241
25987
21281
5301
37193
21786
46696
41739
10093
4358
31905
30721
35575
31952
45642
21503
43604
21564
40581
8999
19310
10518
30207
4991
30372
36604
40646
23569
36587
20677
31120
41451
36838
24277
7355
36428
44424
27793
22040
32797
48103
1999
28996
18484
11504
8152
14352
27312
26583
42414
4580
44643
10635
14467
10258
5071
43792
30469
5696
6401
6493
36980
20964
3443
28446
45476
49037
10280
1509
45929
42336
24151
36122
26525
20109
38817
14670
13087
31135
41812
29836
32116
49071
19976
46706
23720
46303
4196
32460
29926
32868
25222
28949
33970
24429
43388
32910
17308
20178
46644
46331
7684
32701
37562
37888
37166
48243
38079
44394
10605
39818
43520
10571
1249
43220
12693
14837
34110
34931
19436
34326
40268
20035
31598
25694
23928
28634
33984
41750
35548
26668
7324
6451
27759
40046
9603
39372
2120
26442
11317
5995
10805
32304
21494
9171
30141
13834
35059
19801
11523
47547
16461
46999
20547
19633
7931
8121
2379
31368
24104
6296
1785
29737
2192
46749
49741
19581
19360
28926
36481
41326
44513
36520
46658
20413
48044
15842
46704
24128
42026
22454
42166
41630
46918
31315
5943
11377
7712
28466
21083
38009
13869
24604
24033
10586
6243
46741
31868
17951
1757
14641
17610
34200
27726
36085
21340
5056
24840
10703
29238
24160
34604
35895
3235
48459
21306
9302
24820
41575
5095
13720
32535
28623
10011
35352
47348
48990
44303
22031
4763
25105
31788
47614
46122
20216
32265
1496
28370
7679
36605
24307
12639
29477
23351
31742
6211
12658
12749
21837
8115
13444
32032
594
37257
38575
38775
24079
25738
29007
17674
5447
48687
4022
4588
49035
28010
2912
34614
7818
45612
26087
34864
37618
12725
17695
26163
24931
36704
49
18105
45605
18093
19429
8522
3844
18465
5423
15731
15229
6505
6310
45337
12860
5248
27647
30671
11646
17233
25133
15261
37045
31836
40313
28065
21499
33405
32167
21246
24773
46085
2729
13453
14210
16281
2833
16667
6840
37161
31983
44393
27404
27767
37102
44710
10275
5210
32900
14553
8593
15546
27831
8067
39010
26931
39195
15960
2982
43129
45178
39758
4787
12820
47269
23902
7024
17639
28686
25825
21662
19363
8812
49661
32163
25305
32048
16290
33302
48798
30682
47189
35461
22396
23407
62
17299
21539
8728
9285
22191
4132
32625
5322
36108
38111
47861
36004
46403
18294
13153
33379
9073
46129
7101
47623
17395
43490
4363
5715
47983
47863
9988
8288
19271
11821
18602
11041
5778
2041
31302
28162
2228
15735
5003
36938
21525
10132
35875
20776
27874
12554
10804
20019
49028
22473
1113
29456
30182
10580
20210
1476
34345
35767
28954
41734
47567
27773
41692
48887
5137
25290
46842
2001
17330
8721
34086
26834
31902
29106
21116
3550
46058
28369
21054
35565
21827
41469
43024
19817
46796
19381
33246
29133
17607
34347
7512
43879
8418
14780
41155
23038
2418
28576
32147
20897
38811
10608
13833
32271
23510
39358
16061
5079
24717
39419
26705
12147
44985
18687
14309
43286
36068
39751
23011
18080
34108
23769
11781
25760
23429
35619
11296
44691
45313
32756
33117
17488
27174
1466
19456
17993
5535
48461
3566
47434
32599
46263
8622
24242
40018
32338
18404
43614
21962
18775
3507
44175
26934
1853
15624
8397
49309
1797
26621
25264
49068
36319
6278
20479
49297
13047
1322
49570
29785
8794
18101
34768
3082
25171
754
12584
27080
42340
48734
47441
31526
10874
35974
41223
16459
1752
38445
2006
37196
31204
43680
9086
1987
31872
31226
4677
48941
15428
7264
18255
14864
30957
22615
31400
28806
42772
44027
8242
38605
48472
26422
31795
6151
9877
42918
36292
47912
47287
11503
40495
20731
10712
4747
35557
14828
20960
19357
25246
26708
15197
15113
8860
47729
25139
6487
44439
24920
39635
6253
49660
10873
35217
49323
38921
29516
7298
30529
37119
28754
30296
44381
14017
38581
39242
24451
4365
30213
35295
24224
25707
36356
2219
34885
45822
46432
38585
46981
35707
3406
29312
48935
23449
12505
45029
19084
38238
19635
8433
10405
43375
9343
5597
11520
45902
13493
10746
13654
22430
33737
12112
319
2356
1545
34769
18381
35657
10106
26265
33595
27451
18111
36426
7085
39589
13574
28846
41908
4610
36461
19352
41594
16017
46858
44050
20255
23597
47153
21442
27265
27175
9715
2879
45127
45658
450
4988
29175
30118
6259
42513
18463
44112
14986
11509
38281
46062
25400
21197
41926
7208
31829
16087
45340
41484
36585
31151
5737
11468
45955
14962
42349
13967
16298
22027
46276
17442
13985
40639
18409
19696
11181
36613
1552
39386
16462
35573
37876
1760
41638
28632
18123
41802
39214
29822
48682
31919
28914
5036
26053
28385
136
772
24331
47204
2174
18714
14732
6351
28167
17985
9232
43945
32947
5292
38510
6752
41099
32346
24503
32378
41727
18929
8744
9860
32778
40184
13619
39413
32841
9347
27909
9315
16827
48114
34853
17148
44296
35199
17637
16591
17036
23749
15130
5415
3901
16871
40362
42722
18902
11331
38526
13330
21659
48333
28239
37769
36703
17716
11308
12307
26360
12087
45312
7925
47803
9166
4395
10107
3075
9088
42057
35893
4277
48321
32305
2914
4738
15602
35366
22299
23766
14894
7898
38672
31677
17667
31920
10153
18128
31119
40689
17527
35190
5042
5871
27232
3341
13160
24292
11012
13261
40164
35681
44083
10825
28934
34919
36288
13510
26911
18359
15753
45006
26816
16572
9354
12124
1180
28145
27409
9119
34976
41216
41198
16033
44207
44988
2392
15311
10612
27378
4446
2774
49520
17932
23082
2721
7413
787
27672
35263
46218
42752
39477
6907
35871
40065
5391
20630
10539
41165
18307
25306
31457
6965
11119
12981
47330
49745
1895
25380
15833
15370
27420
36812
41059
13595
5669
3517
13771
18608
9342
21560
4584
45519
317
16310
23348
4476
12334
21034
6037
48721
46526
46771
31027
20340
1046
23613
8679
23891
6425
42645
40269
27431
29751
38266
26837
10561
36417
13842
40178
35564
31330
5765
23872
37835
10522
40188
29571
49887
26791
8947
12672
1010
22997
44199
40149
27111
10774
49838
7003
13036
21787
42625
35622
1224
35523
37519
13342
49904
21715
18856
31237
18975
8983
26355
16496
46959
12099
9164
14398
35694
18186
36276
27320
1128
35351
49711
47267
6573
47372
2299
13154
44823
22600
35204
40957
18264
12755
44734
29594
9975
34530
40980
803
26610
40521
25659
43107
47534
22532
6937
19779
29596
43565
21497
14618
9296
22250
17069
28968
40536
11983
25239
21628
34653
19475
40054
38236
10159
43398
20685
41536
13089
21259
28118
42755
45392
19022
39900
30993
43885
15850
10259
44866
18023
37871
23518
10403
18433
32562
3908
13582
35518
40729
7858
19965
37554
7070
45394
49374
1792
33908
28638
32145
47696
1874
31817
16008
39508
33248
40847
34470
23506
15281
18012
33123
38529
22571
29917
48671
30717
38810
30342
1990
23880
33527
3349
21320
44825
16533
31852
13937
49733
40671
9382
13190
1946
11290
8284
33618
32810
34245
39455
22804
46732
16309
36630
43913
29929
27517
45264
30547
23467
22695
7522
5627
39262
3284
44065
46068
66
41041
39831
30447
9495
31625
40896
20209
16798
14464
864
8948
12645
39889
17114
18424
30797
44698
15396
24227
28504
22942
3034
19514
30827
39728
45951
13285
39910
36450
8251
38033
2443
15361
2164
3066
34746
25712
29527
27395
15883
18875
24975
6790
43567
399
48133
39137
824
13370
5757
36869
47765
8154
8069
42098
30387
49232
25983
42223
2665
47312
5336
39578
12088
7182
32415
11533
33470
39643
45569
16465
30680
25393
24850
32605
31721
16279
41588
10659
27109
22176
48063
17904
18731
41615
36385
39479
6930
19644
15525
2870
12325
29663
27088
22379
40694
14223
8358
5870
14094
20855
24960
29786
5437
9727
1317
35476
48092
9147
2852
26997
9415
16607
42611
11968
13137
29269
14867
1171
47171
32705
38794
29289
354
9142
17468
27218
16294
4020
27805
19720
6909
42897
35708
24423
25402
10257
4613
14526
17878
45493
48130
30712
34943
43097
2227
37961
8026
38550
39510
41343
41409
3116
21293
27974
2942
12999
41149
27922
24369
30666
9973
3736
40712
41414
41177
19739
31915
28677
42341
38799
29501
1456
24780
2084
40476
38014
32301
35354
22758
34079
29657
11379
42878
19879
37819
28156
24300
33316
38904
32035
42164
7548
37463
15601
40332
48912
8466
10859
21551
38751
35066
17556
9758
8876
14499
3256
2546
44441
10246
46615
1332
30930
30187
39994
48979
38565
25227
34897
25067
13571
20022
39917
10028
47457
36019
26588
8493
28592
32241
9158
11454
19241
14960
18635
28966
41024
7217
13152
274
23167
36999
14315
11836
32878
41211
32564
33499
33792
3348
31231
16001
32018
26699
21571
40677
39906
22131
39743
27129
16923
29232
30113
48144
41805
11951
4072
38071
45265
5854
36406
9846
12614
29760
35262
43824
24060
11153
29756
29883
35434
43379
42799
16903
42017
10001
13902
14814
1446
25276
47095
30482
18656
40914
24939
27744
49259
39056
29691
12146
13049
1021
43738
21379
37867
34205
10817
33610
3917
30288
4697
10931
5582
18822
42882
37942
31428
21127
10604
21120
46975
41081
20513
3409
36028
48021
35964
9018
32710
37283
11347
13226
23501
19688
42136
39755
44024
25547
27651
23462
13566
46977
280
23046
41192
17784
12152
13947
18050
22907
1993
21073
23416
8898
1560
8411
43789
38425
15922
34966
26839
4668
37823
868
10373
15485
19524
27145
35750
14488
38447
45517
35998
14811
41079
32512
44268
30442
28963
13944
9608
29290
40593
25597
21969
16567
14805
17825
28794
25583
4025
44019
3124
23625
24739
46610
22348
7997
48956
45731
17529
37018
32491
14830
29755
31044
23107
38854
39835
37325
5163
1811
36022
42236
13859
11677
40147
44139
32475
43356
43652
10341
24769
16829
563
6368
42747
28590
31124
26152
26072
8136
17077
29692
469
21688
45832
25319
49756
17315
26011
36490
48569
37870
38313
41299
43348
17224
35685
40322
2103
19955
6474
47236
31176
5155
12188
33294
13126
37500
23602
42368
40363
17213
33682
10839
25880
18672
43658
7867
44646
10303
43915
35586
5295
13642
39490
49386
17462
21616
9752
27827
27258
32807
3444
30640
7765
2346
46753
2073
46230
33158
18312
49506
6154
45458
42321
31579
33580
49053
16126
35705
20123
15051
23174
21870
22060
8408
637
25904
30847
33900
9410
25119
12544
37217
47841
33094
32634
29004
15369
44555
27568
45525
38566
49286
2146
17516
10875
186
38489
8699
25729
3591
7237
19686
44358
30016
42654
19984
21989
46150
36675
28034
32335
14409
14906
27560
14955
4692
28327
2375
8138
49667
48031
35228
3599
40597
27839
18671
21588
15226
13162
13577
14689
27268
46619
35806
16382
34165
13844
44560
28105
43046
10397
7400
22049
1231
2684
16300
31601
39166
1408
38404
33543
20971
13696
21782
49994
29253
43790
42408
44292
12674
39188
10184
28430
32488
38332
8704
30747
2561
24317
19359
30302
26213
40987
44746
42491
2177
28953
18552
3691
8246
22742
12598
43231
10398
45105
12861
32226
32285
31773
34405
28645
20124
6043
48657
31880
49043
47399
25080
34433
13187
31389
41193
4424
40921
11691
36124
21182
710
15880
16831
897
7015
16716
16882
23418
2376
21144
41550
49082
26966
10784
26874
10709
49476
12714
27837
37893
11409
34264
48068
11631
24554
21424
28157
42504
35111
36510
26063
21415
41965
18106
30443
44157
32767
1574
15940
10602
3121
17316
25611
47152
37874
7109
7536
12733
16955
6983
46430
43874
30750
40270
29966
41365
37096
6365
17400
46821
32140
12290
18372
851
23995
17075
25629
22673
31087
556
22868
41784
12243
43152
7161
42701
5500
45983
40174
26399
23529
5118
43249
10899
49040
4281
10412
21097
30692
47617
35329
33875
6294
6112
35889
39864
31578
27824
31888
20601
42682
26718
45448
17511
8287
27289
28471
1955
3100
41023
11689
49691
26531
15440
76
36118
33354
5724
33458
7121
9612
7072
28024
16758
13130
26735
10693
29426
48676
8452
27114
7318
18598
45231
22541
17263
2288
6372
31648
25951
18729
1472
9712
34324
10291
35727
13360
35397
4875
28738
12622
4392
39401
28192
18801
21501
9289
23871
41001
8407
38545
32277
9165
34149
47424
34730
18695
37589
16183
25743
47589
33582
20702
47426
45866
8949
49449
44872
10553
39741
18382
6970
8938
10775
22460
26490
40190
5704
23277
48533
49969
36905
30572
38020
39667
10329
31316
49059
15540
13558
20979
8507
29045
25691
13994
29810
32784
21247
48659
47577
40317
10411
47141
18042
25709
29435
40315
49111
18791
862
11757
32065
34845
26286
42690
8482
44410
14492
3996
28398
18549
6409
27538
31069
45772
33772
47130
3128
26421
9082
1429
20655
9649
42473
41652
6969
9732
38750
24225
8734
17290
40480
6860
24514
24067
43645
32181
19255
13164
47566
6988
35595
44935
23208
10863
16722
43948
9960
3707
30370
26692
47893
49573
11432
37550
17727
3417
18149
10064
3283
32196
47733
21271
43610
42834
30251
29252
31105
42335
48826
31106
35582
10311
7566
10031
27883
35451
49929
30531
38784
25059
19001
17464
15071
1403
33581
36226
46838
10678
17544
28700
242
15380
32779
8094
30840
34034
41114
24481
22187
456
45384
35271
110
7354
49713
15445
4809
11072
18412
40333
7623
47035
2688
34236
12592
48951
28938
7538
42477
14308
30217
1659
49435
16777
33509
16971
28197
23857
12378
44101
6853
43744
10660
42217
35721
3585
17703
2619
43359
29697
5119
14629
23716
35780
36610
34523
15331
45048
21242
21296
16255
43510
29191
16982
4170
11249
7649
24172
41683
15304
26064
28290
373
3650
46380
44295
130
21193
43608
36903
29316
13867
23637
21629
40724
23101
38791
20250
41080
15410
30160
29152
44075
9625
38855
32867
36257
43703
49645
6434
6807
43500
46455
39428
44271
1653
10787
4156
17431
322
10263
2950
25601
47670
8268
47951
2412
29313
2545
13658
9851
44865
3099
9015
3372
45336
48456
7599
41500
49962
14946
39602
32698
15978
197
40118
35844
36551
36950
48240
14135
42586
36618
40786
22813
26921
29167
11189
31699
11754
22047
1623
30110
9312
35803
5992
15857
47333
39411
15707
28228
1889
2011
29958
18651
43891
21948
31078
20341
41648
19232
20036
25304
24130
22882
31122
8262
27086
11892
33073
9182
3600
14422
37863
33386
4670
47409
1936
22032
3357
44269
47630
36805
39269
35717
11386
49212
315
15776
18231
18505
48120
3180
7131
48560
34322
24694
36242
11448
30532
46151
39971
39663
26410
49468
11579
17909
42517
31575
19639
47076
46954
6159
28030
11228
6964
14239
42342
32726
27611
32994
6054
725
4869
34986
46139
6272
30126
26388
5865
43440
18191
768
5453
19956
36629
16296
20565
16323
35684
31252
25245
32023
9008
15958
31373
28967
47134
48271
27869
16020
49998
48277
2692
17108
44354
11555
46463
34129
21573
33510
13393
39430
8637
41162
43078
20032
31048
19423
47891
33384
24515
48983
38269
9823
29051
15064
40372
1872
33930
12166
30518
25029
7845
46794
1281
3274
5244
19571
43015
13773
44337
461
6510
34938
33413
23381
40399
7273
36755
8088
36799
29026
32706
9906
13266
48087
43596
28631
27632
10331
29851
17445
28283
4177
20028
5900
3983
14156
5328
44756
17087
2263
7929
13407
37881
27574
15014
25997
15100
44341
40465
29032
927
38373
18527
17635
32097
44308
26143
10949
12608
15478
3011
27802
7259
35218
28536
14349
41605
20356
10157
29975
180
8461
43564
19144
48978
45865
975
31199
40463
36375
4561
5465
8197
22637
3236
16240
4483
1516
26629
46911
24972
3176
22700
34353
48725
13077
28009
30086
5618
27791
10501
13986
42405
7753
35223
35198
35939
30315
45753
8574
46083
13660
24704
39213
23164
22895
33501
23276
15079
47557
43572
11515
1193
49138
38554
18052
36898
27039
14175
2866
23471
48151
32060
23400
25474
46348
44797
44440
47431
47165
41069
41127
7218
12945
24822
21768
48621
5785
3611
31049
9540
15882
21171
33004
33664
24430
18767
35100
30112
32558
35922
36337
14153
28715
2615
16153
958
29503
46009
38477
12246
19734
33496
11990
48100
40673
36699
36483
35745
32520
8751
23256
37169
2330
31924
37953
28199
23383
49651
4242
49637
34991
30412
25674
12400
43938
20266
15057
33093
825
13618
10669
14351
29763
10733
13422
46012
7321
1208
4873
8707
17971
25042
337
19088
49160
46942
30951
42723
4759
34911
38673
42492
13112
1739
23116
42151
6694
12255
8600
19097
15896
9378
45172
43890
11528
31860
3426
19618
30550
26328
48859
4799
13657
11227
47980
18753
39234
42555
41633
33893
23021
8671
26132
29288
42229
5260
27842
34228
24834
26658
35288
14170
16493
7504
42365
4508
46265
38310
17648
12564
34829
5647
32054
46617
24096
33245
37682
47850
7627
46816
29721
1840
10327
1031
25214
5695
43810
41583
24371
5372
27788
25703
42080
5860
4222
3310
13230
33176
36340
26314
42699
45689
41590
34206
38724
21615
32077
34965
22317
1938
43357
45676
6430
8193
4836
39618
37699
49779
18589
18292
8092
794
4195
30189
27708
40716
7911
48446
22820
21355
31190
18143
15995
14528
43880
44546
25450
17579
12432
49150
42144
22159
16499
22792
45494
34243
23497
19058
10837
30524
34109
35537
40340
19952
19493
8722
13445
46778
22137
42132
18496
40169
10044
48529
34761
46164
27758
17258
43022
5419
23798
9352
7338
6854
15228
368
4314
31203
39863
4708
21595
24541
43170
33144
43493
37602
32596
14192
31842
1899
33836
49078
3
30493
20707
24278
6838
40182
46873
2812
47510
1734
26647
46003
27687
22855
18471
10663
23476
13458
32874
717
5449
21635
26626
32058
44193
1600
45064
44150
32919
33997
21191
48335
19968
22138
5050
42819
6291
7973
49824
34041
26879
15948
8905
46782
47766
49064
4006
16200
3319
18683
23563
43445
7526
44652
5634
40938
42694
12196
12350
46188
22039
28993
32497
29234
17519
25451
19550
38005
15015
5263
32101
722
47902
32986
6337
48089
28304
17324
41051
20659
23491
38876
24095
433
2040
9418
14323
3912
38161
43820
31375
46428
44839
5755
14847
49171
19009
2464
48841
33223
35865
31249
24146
26830
44145
34379
40192
33934
14995
18472
24640
4119
26371
39775
7906
12965
41108
9441
48874
15451
13861
28617
35202
5023
17474
15680
31234
25505
32096
590
36835
21099
24409
22589
3597
28233
11218
37575
12621
45329
24
2785
10559
8464
47242
2803
38906
49805
19289
174
47521
30035
48707
7834
8543
36321
29180
10046
32413
5368
20137
14465
16792
25140
4272
1378
39715
43921
35462
33329
2780
41831
38957
28305
10133
10318
15638
31993
12738
10674
38233
9672
739
32628
5881
30461
3395
29725
41352
31955
12846
37695
37647
47327
34907
5905
28769
33653
49885
1787
31504
28072
6077
37537
27920
34
31277
20833
8484
10856
48465
1573
29431
23639
33629
39181
15616
29140
1308
30393
15025
16049
38357
16974
8230
10008
19551
42362
2036
15143
28341
8887
1236
18547
30463
4642
15900
32894
4247
6943
33244
25672
6097
4979
23345
36246
10829
5781
42457
38940
25228
36543
32696
151
19445
16857
45505
8024
6788
524
43690
40166
14482
44422
17588
38217
31125
7312
17533
34349
32328
14086
12164
9399
22248
2343
45019
31193
5840
9788
26924
26472
1742
7332
31162
2959
33520
16080
41819
4922
29145
38647
3970
13918
8029
10363
15486
11075
28256
42628
14575
32039
27783
11154
32239
30051
14269
3935
26765
26418
17205
3255
26645
30490
13729
25693
8007
42046
30871
27073
3735
35918
43863
29912
47381
30815
38222
2285
40185
11933
10367
38304
42361
22142
17924
41967
20658
12215
10864
2970
33666
25721
27256
20914
39846
20054
7884
26941
4380
9568
2411
15815
16253
38815
41225
41111
18170
7839
41437
41499
41783
14566
5853
43929
10294
28764
45936
7429
20916
22156
45465
45640
48181
47186
42045
9160
16804
15246
39000
4074
47391
33663
14999
39414
19787
1209
34738
1448
9485
31501
33962
16024
32606
27078
49879
37504
28660
46288
16207
2974
15382
36149
32283
40369
30202
32766
49329
39067
41864
13356
42952
27246
27618
40512
46225
39923
17304
1206
38384
10237
38781
42291
26134
29414
27515
28622
7555
24282
19808
32079
4402
11216
1907
7225
583
36750
8767
39824
6065
10848
18992
44569
9689
13637
18371
40345
43438
3520
47001
12970
16121
24066
23393
19075
32777
31770
16054
15562
37375
43502
19942
16984
12679
9496
46415
39354
10490
20170
34833
32339
30831
41547
24979
9541
25971
36968
13524
46539
48102
25549
28831
42363
1794
25108
32677
22817
43296
45830
49108
31240
17045
21426
17281
31540
3708
9578
6052
19934
417
1029
34485
21382
8525
29728
14569
2764
20050
31866
773
2736
11860
4977
7045
21489
26618
41551
14111
38970
8486
19658
36908
13151
7705
13587
29096
580
43774
33099
47570
7962
36037
47104
18889
47320
49231
33835
26025
13737
25533
28092
7009
17532
34061
49258
26522
34577
39734
16297
32456
26480
42789
33138
48715
33184
30214
46932
26287
27334
25560
34639
16137
19624
13417
28616
47222
37692
21867
17173
25756
36318
49524
43145
12089
41238
43737
41480
15343
35710
18215
6981
9123
29899
31837
37138
35369
44523
32005
39070
8804
39484
4659
39088
1118
24032
23013
9409
6452
12103
32568
7554
17940
45400
14120
25204
47296
3001
41218
18074
22470
21227
13959
39151
19605
17717
32298
9109
10551
36721
5316
12873
45136
9733
29823
11130
37466
45086
26789
12336
6288
34164
32665
6191
25652
11443
36095
5306
43813
14897
1688
29373
23913
32319
39938
24081
4360
25012
2544
27027
35275
2724
28681
19765
23366
49380
18573
41391
6305
12520
23541
27304
39424
26089
13338
12517
17794
40472
17354
28201
29711
14539
47857
6468
10540
1486
7986
49321
41970
32613
46350
10832
7940
22802
11630
31328
6422
12876
24411
39686
4986
27542
37039
880
27438
1614
39300
44810
42811
37708
38460
8666
16675
29658
29408
27797
4416
25313
22056
179
10566
45155
3607
38319
1396
40453
19754
37777
16443
2414
16282
8043
41880
16579
7179
48556
37497
12848
14358
23813
3427
35048
41426
35283
1105
48968
10753
15334
6576
47358
42228
32582
11576
39562
39190
4128
29637
9588
23643
43184
27254
48124
46453
47463
21065
28040
22228
37477
14621
5746
36956
15400
42988
46290
38914
6987
13437
9317
43478
15820
49856
43615
13265
49684
8980
29043
18789
41404
12807
8877
35646
16222
45922
34752
5628
6059
6935
46271
30318
1947
23741
23537
992
11617
24645
103
6319
49574
12467
9459
33110
21111
22893
5987
21538
5293
29956
14451
24935
33167
2992
17006
20665
4495
33459
14413
34743
45052
25440
1778
41180
26688
8038
44088
28374
26733
11784
14447
29832
49340
13793
37211
46120
28174
40917
18597
10191
46394
37213
25840
49861
18712
37559
43765
15155
6655
17054
4517
17802
48346
48528
22038
11271
31977
34507
27835
702
42978
35330
28128
20900
49647
37109
19990
39081
48357
1719
3253
24414
3028
36082
47334
5584
13003
8365
34922
33067
29423
40811
4937
2456
18639
13277
21844
3003
8503
42634
13727
23692
38471
35029
41844
44928
11007
46145
37473
37221
10893
7353
6729
5940
44729
37686
38697
36316
19470
6750
5965
42205
4443
20407
49826
30010
40816
17540
4147
49814
31497
16898
33766
29099
6699
17749
22994
20100
40546
43606
122
5841
6060
36598
12533
3118
2387
21192
36329
42668
7953
40105
13747
36857
47954
5889
24984
32494
18854
45402
15773
12430
21646
14316
26779
12909
12494
33000
10728
22309
26985
15636
42332
40140
29570
45241
505
22806
15177
28000
4292
32507
1474
38525
42081
840
18078
32739
36464
48545
6456
25950
39172
47069
26311
9926
10146
22796
9235
7508
29611
6048
1848
47977
32736
13819
31070
26552
42615
7190
30610
41883
22407
21767
47573
4599
10301
1121
19882
8053
33881
46679
38551
37057
47435
41232
43423
23252
20162
24789
10202
45632
41481
40481
38778
37457
23845
43353
31743
8498
1884
21140
38093
34569
31189
1673
33722
49999
4973
363
11173
18916
14253
25320
17617
15255
14052
16651
28731
10382
9089
22634
1498
33401
37357
31953
10002
6530
47246
42841
25640
16861
26868
21318
282
27276
29000
46075
221
20773
15765
21014
15657
41246
9444
31626
2624
14570
43002
12180
29569
14691
1982
16352
2996
49624
37334
44554
23379
45174
34142
18077
11300
25212
39464
18192
45464
23132
42737
14003
48847
37147
7802
46155
43747
44952
30159
6666
43328
12761
46558
22091
46690
13481
937
40721
23786
19988
3191
29470
3480
28218
5020
14667
28756
21189
11148
21430
6850
40353
38879
40529
4724
24327
19919
37649
31916
20813
13479
20509
27658
33826
14729
41664
47720
29403
3369
2585
34855
5021
31477
20020
16506
47482
4919
40082
28265
2864
18175
5018
37636
43712
21952
31775
30638
24303
34486
21878
49466
47033
30018
7827
33817
13526
36901
25232
42905
39383
41160
19728
13925
21123
16726
9074
29052
26869
6893
6642
48027
37515
3258
1731
9070
45582
46399
16961
38889
48658
29277
39995
3836
12179
49507
9532
30758
39191
32154
24885
30012
29884
24267
35654
40881
40346
22879
8880
47051
18253
20543
37191
47288
29025
49933
13801
4202
4880
35928
35754
20053
24901
34260
23582
273
43595
9326
19733
18204
34176
48953
45977
48107
12843
15321
23213
22277
105
19291
2569
8554
3120
48078
4258
17300
47740
2541
22249
26486
11487
45972
5998
37468
46970
3245
12377
27348
38327
8427
43435
11151
14200
44426
17423
46239
32889
40638
8185
43421
41295
5323
14762
526
3642
27587
48854
13541
44779
42637
47492
28124
40349
26261
29774
4447
36109
2374
28935
21205
1377
3630
33285
40504
5849
36162
39163
21914
31933
15909
34808
26508
482
48538
25812
25307
39197
26191
16720
30508
24827
26878
48703
21194
24165
27529
1558
49695
23574
23512
22694
29613
1284
22562
41477
20119
31848
44327
23542
24817
23297
24308
33043
43111
42756
13931
42458
7163
28584
12344
10655
29081
9475
25224
11113
26852
40197
35054
39887
9370
25146
49277
18868
39567
407
44413
3489
47299
6727
11476
34712
17680
34740
12864
44159
41200
13389
32329
13098
34590
47904
4810
10883
30634
40049
48246
46254
8218
36225
4037
3324
32123
5728
13757
11525
25933
1238
4625
13705
7446
35819
32928
26835
18810
42869
1186
42324
3927
20591
22602
23419
13293
9470
2155
20346
648
5523
23879
37362
9016
3744
32009
17219
11077
24679
43698
7764
14921
38030
31687
33762
39657
29355
13578
22999
4060
8605
44423
4435
4518
36223
3799
24785
4509
36796
44451
39136
17712
4079
39454
222
34293
30787
14246
2058
4866
9506
47986
11844
2656
40064
20353
2935
31594
40992
28004
11717
48307
4678
41126
8575
39392
133
32172
37742
6156
20378
21796
5616
37983
714
5649
16536
49263
758
14809
37164
7634
44538
9923
31542
44322
43038
4045
29626
41085
2289
26402
3468
20516
15569
41288
23460
24276
20272
24006
23844
21368
30081
3961
44108
35625
16666
26059
39288
3306
25584
22240
43116
40431
21139
46311
41928
11563
3499
34937
32132
25234
4182
13313
12295
488
20727
40903
6076
1345
33834
23923
39297
28348
45526
22411
36916
2277
45088
7012
29581
3998
7880
1260
27394
6339
2033
49399
15353
8075
30606
21823
8409
14920
10876
30774
7076
15630
32865
33971
2747
23667
38983
2962
28601
16000
8348
28279
10533
37146
44092
11171
14772
22752
12422
39739
31102
45061
31702
33734
12045
15043
47631
11998
20966
48319
39045
19367
44548
21210
27801
30228
5187
10645
7331
44926
25100
12957
36965
15319
31489
3587
47932
34167
21101
49821
49623
909
9840
6429
38175
45115
35181
43748
33347
23435
12547
32640
13546
31426
22133
33579
46010
47140
20015
25736
21173
14400
12898
18895
47531
42831
7300
37984
42908
13328
16902
18018
15110
8483
14861
23461
40100
49442
40213
13494
26920
49136
6768
40217
29811
34528
34961
27731
27112
47167
32200
31005
14968
18973
13916
3604
21032
36866
30500
23031
708
10217
42520
7278
26023
46627
23162
36338
22291
922
39352
27049
38929
29615
47043
24779
28323
34982
35321
12687
4082
32434
23974
23201
19825
41007
10496
16178
41166
32775
45704
26500
20292
39055
30817
37782
57
41339
2064
18935
20580
2601
35558
39693
4556
39363
41380
26095
10720
2757
10239
17493
5446
37114
12085
4145
46114
25923
14789
7124
11365
13686
39445
34258
24507
4216
11517
19757
45125
28384
5100
18197
32824
32648
44974
40311
12409
32691
16873
26492
36047
43542
9436
44253
25600
49872
2491
37569
38736
12683
46434
30196
21186
12553
31422
5192
17018
42912
24238
37955
38498
25754
37525
27742
2486
33407
8833
26605
18637
29247
44417
25478
26416
45291
1617
42635
115
564
21422
45085
20349
22426
16188
37758
21445
49864
14740
3955
20226
21871
25213
5068
45639
40730
26427
2966
49334
33843
31649
20387
3291
2631
29595
39453
16912
44202
2809
38743
24877
31549
25053
47714
48070
41428
6266
2685
15754
20282
2991
8823
40236
19812
48350
42233
10029
43093
31164
30879
23975
43802
37112
6802
49269
24357
12326
6541
19907
17101
32907
46560
16988
4838
46659
5164
43256
28002
11927
40047
33794
6662
26112
17619
18591
6188
18944
13322
48122
42720
4174
16979
23027
15330
46554
17451
6320
9970
16967
42510
8322
8648
388
29744
28244
25616
1841
1929
9426
46801
32233
49605
43724
19796
11009
45012
14442
43751
38169
33991
6522
15325
47163
18565
35992
29950
45674
37323
1751
25097
30044
14391
32697
36603
4959
37650
5822
33489
44553
3388
25842
22538
27770
43075
18860
12722
39384
4043
39757
16865
17892
4163
45118
5230
39066
3154
27447
28447
43886
15401
25602
39566
30987
10814
42984
17216
8521
27806
2209
45533
6764
46939
32873
29694
27695
38107
5365
3375
49247
29003
25654
28179
23710
17189
8587
35762
20758
36348
24203
32548
10053
2581
10062
36645
665
15604
25410
27851
26179
44937
12726
4344
5098
16665
26141
21087
12511
19242
35734
27063
37030
25123
13778
33215
46439
42999
18917
38991
14714
6588
44640
7656
30598
19876
28250
28346
22314
22547
10169
763
28757
48037
18354
36896
35728
32958
29938
34674
46104
26639
15085
8835
3771
18303
4637
4206
16704
37894
45449
44243
30068
41635
45914
42460
46
43280
9984
20588
14926
39527
30029
37544
662
19589
41201
16311
24919
36119
34908
4992
5688
46655
23658
30921
6475
11184
14549
41512
36940
16047
28813
15139
4510
29704
37765
35108
23404
40402
43976
30243
43378
942
44586
11147
41900
35912
46001
46701
22267
25340
30802
14765
8264
5964
25425
45660
38954
41861
44757
11736
22098
40674
19495
31296
6104
14574
1535
23910
40417
2542
41946
13572
48387
21966
46046
37992
3770
16155
13554
44805
43261
26960
47694
20764
39241
33254
47595
4024
29500
28455
6888
23607
7214
29061
8758
21369
45857
10400
171
13031
35448
13527
32972
30527
35969
35791
41465
48341
1808
35697
35972
40119
32575
48598
42489
45595
27676
48295
23357
14987
16388
106
35863
45131
38739
41376
18268
16774
21055
8454
20310
9767
45700
42914
48330
15288
10773
15840
16096
38790
43868
19393
49674
13766
24611
12464
46343
43416
45035
6420
41281
30501
11495
42740
17033
9071
28718
1066
30351
31145
49299
29411
14706
22416
28420
24957
36058
39674
21449
43270
46082
49682
20875
44830
49656
21848
11261
8228
42993
25238
47817
8710
34988
22640
6281
16598
43558
9946
2635
43936
8146
19282
29705
23053
28107
42089
49253
27037
18458
9581
26344
34348
34791
21692
38546
17958
6565
11880
13912
19548
10066
34460
5279
27185
39006
19397
3347
11752
17378
38260
7661
43821
2500
45638
24399
44433
29067
12354
49021
13441
46289
37103
23826
26615
44496
26125
24524
13659
38688
22358
44486
33954
8143
34661
46812
7700
39247
4058
11188
38453
37198
22383
8742
10213
42171
30060
22054
32069
37087
16993
20402
22334
28827
8141
22564
42155
41308
31080
10278
11680
43021
5040
11222
19116
35635
15247
25732
18011
11435
27345
1423
34735
16450
42693
18189
24274
46302
6590
39012
15810
44854
5562
40890
26293
19212
24039
5935
17458
24438
9778
38077
34707
27016
29409
20585
15745
26956
27253
40989
33287
14159
37310
22857
6900
35421
42430
18893
160
15711
46158
12778
35521
26115
30484
41953
25477
27855
22306
35546
41599
32386
16312
29363
8940
6392
36240
29787
42444
1690
46632
45043
18795
642
27065
11310
156
40142
47677
5682
2618
44860
32089
15286
35191
18570
47401
2512
49009
16441
5318
26981
38254
44921
22791
32579
11932
3135
46827
815
28736
8440
29681
36107
38490
36326
39716
45941
37044
34481
30143
4712
34421
19051
43217
4092
49361
18087
7769
5358
24245
23646
14186
22732
25981
40232
41521
37596
14073
12739
16551
49696
8306
38519
47624
42674
39792
21337
30344
48178
40945
47114
38635
35042
26154
5585
31965
24111
9902
46989
27864
3308
24922
10163
21543
37149
2984
49638
26683
42470
21220
3107
21553
10460
41186
44724
31688
6668
33886
13569
10962
14609
5658
39989
7552
7050
5422
25682
30130
2101
41778
29652
29827
41342
4094
14601
3765
43981
6830
13825
4647
34204
4454
19964
41482
47206
12395
13376
7794
27369
37108
35480
48757
26156
2712
4264
16481
8576
44777
13314
47316
35098
13814
31564
38101
38344
44332
21496
45187
22578
24994
24294
44454
12321
13121
20853
16138
9591
47606
19749
6214
49561
49780
30064
23240
12653
39467
45252
45904
40031
30816
34973
3414
31053
14551
3004
36747
17321
32118
35955
46459
4851
39682
9815
28647
45954
3680
24762
37551
41490
30334
21552
9655
10546
41446
23609
14291
7877
191
11902
42582
2152
41506
49961
28390
8527
43955
28356
48290
34328
40161
15954
38248
4492
17165
31045
40627
15756
14879
22952
16640
47852
42375
47911
28099
21636
14505
16549
6152
21084
24105
15660
21145
22209
7654
3724
30908
27545
34984
20001
44434
40685
1561
23370
4586
6492
31747
29093
33130
7204
3565
11975
21158
21862
28111
1750
12157
25112
137
16592
2850
19586
39760
8017
41865
42663
28033
25869
19725
16057
41340
8996
21059
31577
38317
41580
34979
30653
13123
33896
5960
26445
26414
1862
1025
9782
34893
4575
48331
44219
32780
22586
34747
4379
9320
34830
11830
18681
3865
16274
25644
1095
41758
46748
10796
24263
36445
2794
29724
8597
31300
37372
41182
31163
3407
46642
42901
18276
2102
19474
37470
31581
45371
34151
15890
11187
44151
31253
34672
4150
33952
26370
37656
32084
9858
4535
28088
38798
41258
31462
49166
48793
9412
37726
15650
19552
31806
27240
31755
35197
22140
42178
49685
11251
42557
29037
41115
23065
30690
15678
23325
29718
26339
11354
25788
20263
30814
23138
49331
6367
45411
38779
34595
7743
30024
41379
49377
24396
22300
2613
31944
1951
38018
23188
26746
31706
4631
7573
33621
5270
43791
31059
3498
40496
46906
22394
48161
27702
42778
8279
38370
36310
44662
35620
34820
33704
12027
25152
8694
11460
20772
31097
38178
1015
39184
29069
12242
45545
1627
36325
7584
32444
30999
15050
23721
15493
16264
35186
11889
42319
26623
9301
14016
45796
40276
29693
14348
48356
12335
14535
44908
39712
6165
28150
34797
16361
13451
9077
21314
9753
19599
28222
13883
40780
9775
14438
43971
17906
4471
42597
35631
21788
16992
2700
14927
24593
4271
9231
35776
21942
15972
47100
10054
40229
22370
7561
23533
35898
20574
20602
31975
41781
16099
27942
46076
24216
1837
26308
37321
32195
5731
44563
12501
14141
37736
19132
37
38992
43125
27315
35486
22904
22435
30266
19983
38008
7853
45072
46712
45445
8267
3536
46670
37397
12607
41282
1916
4459
38003
8888
20586
6966
47642
16211
39658
29438
32459
16165
23752
32895
39855
23207
7406
11100
608
42382
36967
21875
34921
30116
1693
39681
5452
29128
27970
38630
44969
34925
14143
11565
32590
41877
15722
10651
39808
41046
21510
36263
11027
30595
23908
12847
838
8350
40795
9242
26762
18236
16334
18060
25695
25699
24981
21748
23661
38091
10381
29165
21446
7368
25205
14335
6866
43333
20660
22658
41012
18738
34327
8477
32856
25727
10392
13131
19186
48760
16370
5503
44922
17102
14591
14433
13535
6978
47562
19461
31021
6083
38754
12275
36559
18322
42327
18213
28712
46875
9341
16794
17663
5796
15134
6717
31591
47687
40641
30161
21015
38976
9067
47196
8114
27662
10799
440
28450
30340
10514
34680
30899
677
5655
201
19063
31429
48815
18509
42917
39899
20134
45824
22599
26159
26411
6258
19958
26950
4038
14043
4889
43937
11644
13562
28980
16631
15816
45274
40801
17424
20972
46340
34033
17671
2105
29847
27430
44288
21458
18978
18897
38235
6260
37272
23417
46928
1086
34734
408
39060
1727
31160
18596
16799
25651
42107
9953
40663
3979
49815
12463
39029
22677
33411
24325
37924
39700
1822
43442
10323
41662
12867
47854
17664
28023
14522
46935
36491
41093
36213
43340
48183
26326
47718
6640
25952
16074
31894
23025
12896
12158
39216
27682
17177
45345
17044
30834
24421
1172
41712
27164
9797
36172
40926
42985
40751
19820
5289
45300
6352
9348
40619
15849
11439
36360
44690
22278
3653
10304
27142
43584
35016
11344
31561
43323
20466
22964
48762
42493
45540
20114
17182
48398
2268
26250
13423
42830
9101
49718
32513
24343
10006
25243
41463
37639
3059
7875
38245
28324
9199
13374
42315
10264
19945
23651
31948
12200
19168
38610
34985
38320
4197
391
39895
22913
21779
4328
1147
42950
23160
44462
15045
36026
46636
34478
16239
32320
43092
5593
20763
9050
895
39531
45188
16691
9336
12308
49602
31633
26775
22283
25924
1214
36315
42039
38703
13620
11474
4739
6209
19169
33291
39888
9111
36621
42583
17656
22770
9809
14368
45607
31927
44944
36569
43534
18363
30015
36825
45974
1699
34472
15885
6439
28422
1100
29869
7252
31823
6010
19454
10511
39018
41131
30798
44136
34677
44448
27396
19760
20074
41353
31636
49619
29740
41088
3890
35533
15430
22886
11739
42719
35274
7316
37600
23656
47619
14302
41040
34199
8743
16986
41979
34429
35007
9792
36215
22847
14264
10619
4184
33396
6210
23572
26481
13742
11061
22119
16232
41899
32282
18173
25499
29280
12056
21973
11597
20822
35304
13380
37413
10984
11702
915
32611
2158
35022
41430
8101
44848
34839
15112
284
31427
43686
2319
47156
14354
43715
22801
38922
35781
7293
10835
2498
15373
44048
48316
45771
41328
45661
24641
13905
44984
46900
16355
39174
16514
46990
40576
26866
46493
38919
48247
33038
7638
10313
38531
15390
22774
3686
29017
20807
17104
9780
7056
13977
22662
3805
40665
49424
27973
46646
40540
27866
15609
8453
26180
19219
39936
24729
10928
13984
35568
22437
27360
22693
21984
24295
32702
31703
43285
6555
6300
4162
47217
1005
35433
42181
6769
14404
8972
35418
27018
37578
40556
26275
11589
43282
4401
46099
42110
7697
8668
40773
7971
33614
6812
5959
18007
41687
35135
15038
7849
1108
7268
5456
16367
3528
45170
43369
43549
37484
43395
23926
29552
9213
32113
18293
31061
41693
40040
18089
46070
10469
28596
39557
8270
5207
10103
6599
44369
18624
6572
18417
16452
28928
12171
5529
11044
47650
14584
15133
44696
42016
5828
15406
33882
35835
12507
20720
26183
30681
3784
4500
17139
3974
7007
42543
12913
32410
9081
21907
47044
17975
7415
14251
34748
14396
6569
26264
46326
49233
39581
37015
31694
12110
12376
29236
2810
35656
23480
5605
34239
34903
32369
15763
48971
26659
36643
39373
4900
553
36900
40077
14321
1269
41431
33018
304
1155
27630
11013
31310
20478
13408
25604
21013
31938
690
46600
14540
4641
37522
16778
37818
7869
23843
47272
32683
13846
24846
22768
17120
26014
45778
10097
27645
36380
42399
43766
27800
44263
15072
34383
47078
44838
15172
27951
6670
36570
13147
29241
19789
49464
15388
42380
906
40338
4223
16208
21818
38234
1817
43589
19198
43054
20417
24838
11662
41636
36907
5880
46377
31292
6136
21348
15306
21339
6837
3851
19251
38528
2957
384
25646
17952
46216
19675
35208
22128
9246
12444
1204
41654
4451
14410
21216
7907
8342
37279
40492
16951
26799
517
23919
33673
21673
5382
41219
31928
22606
21775
23084
37474
36468
33576
9833
4683
30381
30505
19931
15507
30491
16627
40343
17550
22965
41286
2946
13871
19831
1081
17873
16808
28962
4479
23229
29603
28307
41370
19003
7933
37312
15017
10905
10438
6007
27782
22949
33071
19211
32517
27764
4489
9966
30905
16483
22960
49046
42216
11592
25467
17609
27103
15101
10243
18358
17486
26251
25658
20111
24888
11034
40804
18619
35104
17152
13728
1576
40206
7904
16278
25415
36446
1197
29683
24340
21283
47120
31862
25027
18970
18609
3456
21793
33415
12914
18510
35396
27250
22095
10187
45111
49223
3301
44406
37683
3513
43082
15716
20437
23784
35758
325
49501
49699
12522
25777
48327
10004
34420
5924
3379
34093
43397
7330
43944
48943
732
24768
9508
45841
23291
19396
44277
41501
11626
45586
7178
21831
37231
14786
15002
9188
49056
35860
10013
34535
40500
41371
46355
49480
49301
38746
12416
40419
33022
2710
43999
30364
49202
43284
21924
9816
30657
35442
15024
17327
35243
2595
2507
38297
41071
8205
32965
48736
20865
29204
22487
17557
21295
49689
6032
25324
7846
25125
9891
47498
6556
45644
9009
32398
23715
2632
33869
22364
26833
6307
46228
18443
26700
23479
24836
3830
9462
16092
27393
35674
44408
30380
3338
15438
16110
6897
7831
1554
24703
3328
39688
1246
42539
10302
25785
2771
25381
38925
20433
17245
13926
7313
5824
44187
28588
47253
14259
379
21909
39655
12830
7180
35417
49163
10418
11095
25068
47428
28626
44042
3376
39679
22088
46933
31552
46128
25114
9952
43322
28285
4817
26268
10065
18296
38475
42889
7043
25049
7580
22102
7494
28976
2536
13315
11909
248
34057
36080
33358
39909
1177
11486
12388
35160
34536
26491
12118
49181
44753
21651
39362
47179
18262
37807
37491
12443
24050
26731
20597
41374
43916
1452
45736
36674
7381
17370
5868
263
30338
30299
806
37995
40000
35019
5334
30417
1022
15099
41378
48947
29539
40924
15720
15391
3164
26457
37226
15202
14883
45687
13497
4248
46060
25090
34623
19518
3562
27688
17417
26665
44386
25901
39997
12003
35549
10646
49178
48434
49709
36382
5466
43106
36588
26828
38559
28260
26526
23426
24059
35260
30756
34359
32499
18717
38683
23199
42475
45258
4280
3638
48173
5777
44110
36536
41810
19203
6356
41457
972
27318
16318
3916
31976
44649
16269
26322
33480
2472
5837
44858
20837
2098
12322
3687
1629
32848
13879
21475
36821
26875
44592
4700
8950
26644
20452
33636
33763
17492
20180
41612
607
26363
43189
11727
35337
35829
28262
42258
15046
38205
48368
1669
16714
33780
12092
47504
17027
28814
21853
38396
40216
42344
39155
43366
40505
19700
27177
35786
32831
42732
14839
9642
39585
25116
9847
27900
28482
227
582
29218
21459
23728
1401
33806
38908
35749
21757
7247
25768
42280
47400
11625
37620
34010
43361
6716
44407
6844
2647
19823
34446
32557
36155
31711
32229
36772
12976
30685
20011
19913
2434
41029
11219
10909
16748
20303
25688
24690
20551
4774
20998
29948
30194
10154
645
40508
25284
8715
30460
19687
1185
11819
29797
13703
27235
21849
23505
27042
20697
11971
16377
43060
25369
448
16287
37081
34811
27685
1152
11897
39977
25519
12920
4611
11436
36203
19730
15123
14993
34333
36670
37242
20590
34438
15936
44208
27819
40825
15359
42925
18498
25752
15291
2664
6185
29138
5026
43701
19685
39629
30812
10364
27999
40850
1250
40846
40704
40474
42456
20678
23032
44725
38497
49941
30435
48475
1850
10634
36975
12877
20736
9284
30030
31533
41759
22730
43118
32734
45027
7489
1203
38583
30934
26282
2633
36308
9745
25618
40130
29935
28574
35003
39776
23711
9783
47350
3364
42190
28821
38735
46057
20742
46847
30998
31513
28873
21838
49252
12732
2368
1291
22393
21276
9615
35040
3711
231
219
22365
23575
45602
42791
27789
39161
27196
13827
4947
6246
21675
21403
16683
1714
3897
30866
48047
13974
19476
2065
39600
37048
34862
29354
3542
21558
26581
28791
47215
18626
18827
36333
14393
19036
7965
3374
38950
43764
25197
15612
49186
16727
31208
14430
15223
32511
28086
45789
40612
13711
34851
19705
9629
44833
26589
5183
45463
38041
19844
21277
1348
34157
17073
33461
19478
814
25815
11500
474
2485
48499
4016
42969
49794
14452
41825
12470
15366
23763
49829
19555
37306
43224
16209
8953
31161
641
3050
4002
8920
9306
31383
37530
48670
21579
26460
30825
32829
45338
23596
14635
29215
37931
40898
4623
12271
46074
30880
14293
20954
12897
9828
721
29324
35594
28137
13614
8086
947
42963
12995
19834
31142
36084
2582
19016
49727
28310
42422
12478
44857
21820
18670
30027
45744
11160
8973
16387
47505
40765
19455
23833
18934
30125
35848
36100
10766
20072
38240
35246
36355
49563
21354
30123
42514
44415
7248
38834
44347
34504
3063
9887
23671
39334
1422
20558
32429
23977
33723
46605
35968
13796
42455
8747
19722
32442
36269
24345
30127
2275
46370
7289
5161
36762
44036
15925
6131
5690
6336
47760
43295
14988
1424
30621
15895
26424
33602
37261
18260
31996
45129
45049
38099
12034
47823
37268
27609
49817
32082
2266
45684
17214
16999
48908
5438
4080
14371
2295
19785
26366
11593
40702
37002
41474
45562
24606
32861
3615
6551
19246
37003
33041
30144
7643
3815
36217
16543
4152
49616
37916
9080
44362
1997
35927
4789
40258
14886
26078
44598
24400
20611
29878
16847
20791
314
6806
11280
36502
5520
45220
18384
204
42316
44852
15144
39293
6353
34281
47503
13299
36145
25401
42705
42111
41274
8054
15651
27343
9760
41006
4105
15244
14887
32199
45159
47336
26784
28636
27322
41356
27076
35222
46985
29446
49562
14486
32242
40669
28112
19405
21609
11021
14019
20572
27934
5677
38804
22773
38579
42206
38571
37528
22798
24330
40824
35581
43671
29484
38544
15654
45925
30793
38813
4565
36864
1398
2792
48938
35663
27068
16513
140
20958
13411
38718
41717
1410
10982
2093
23939
26854
18721
48334
18411
20812
33530
21357
47671
4616
48328
44570
17926
16844
45615
48318
20222
29108
11394
39692
39425
16806
18049
14248
24011
46053
35807
29001
17732
28977
14375
5923
18777
35089
25728
2264
14905
13343
8895
11710
36067
27292
42806
8313
10238
455
34298
45089
41771
45452
39638
36359
34395
47931
15457
42894
9850
43817
42671
31733
22030
16630
20924
49346
25271
20317
4129
8104
38037
1917
22304
28219
23137
17605
47346
7559
47523
21037
18350
15377
5661
9110
42801
33046
29126
29870
49475
1625
1930
13588
44059
8023
42103
27472
15315
20126
2446
39676
16749
9056
37912
36270
9802
5258
25949
1461
33858
3458
27413
20789
9837
43892
40211
3177
22078
30330
1329
48423
43469
36594
46755
38487
15126
18980
5033
31629
6811
4383
29161
87
15884
44527
42940
24246
40517
37099
12770
24084
12571
22028
12108
16480
33901
31067
47085
8304
39598
40910
12370
6271
3237
27585
42848
39206
4299
25641
42512
19855
12901
12518
19590
2312
40522
1454
35813
29173
3404
28461
25613
40335
41368
15718
41191
34819
38762
24547
6020
13725
19978
38936
4309
29177
49778
43305
40587
40843
42619
21728
8512
42226
7069
9253
24874
13674
45316
36676
25920
18648
26292
46134
33012
24665
43264
13178
21897
13099
49744
42447
31719
3690
17661
27024
36701
18964
6321
1009
34008
43355
23271
17912
21633
8557
3823
31268
20953
29685
32961
48
49058
1000
20784
14530
12955
91
38690
9528
30646
30620
47851
18655
30738
14725
23104
13664
9114
12736
46647
36563
17125
14277
3166
10582
33747
6753
49802
25907
14800
42154
1407
47455
10682
2566
13326
1532
33308
7445
49002
40246
5064
4761
29199
8421
27269
17180
39347
27182
741
38978
2777
19699
46086
23398
15878
31704
14933
34657
20946
48660
35114
43723
7967
2123
41941
44026
4885
22843
28583
20965
41939
28210
13533
15455
39087
44611
39834
25384
3478
30522
35967
18896
15694
336
10935
25023
28901
38249
414
19395
23543
31314
1471
32251
23849
32927
45587
30312
4422
11642
47723
44111
2149
48081
39382
7185
48186
35886
41853
3583
12141
45374
41382
19207
11600
38437
46451
32717
37803
40982
18989
30195
22750
46267
47546
31791
33418
16791
38928
46482
11046
17822
37811
18696
47007
44699
40196
47366
36665
14715
6723
36824
16149
2180
4122
14581
3312
12802
44117
46483
42762
14126
19316
20281
18869
37590
24602
40056
3978
9135
2972
31832
21058
21417
29228
9565
33212
1702
2622
33492
4154
41671
24287
15077
18559
37614
41070
32534
30339
30231
42202
41406
25203
18666
9149
43910
44234
19634
41060
24447
33630
25953
13237
26230
44600
1093
8820
13388
27400
25995
36477
39919
42028
32980
43199
40535
33442
10932
44047
25333
47097
38070
1508
2225
14833
49931
4179
12633
39687
2211
12
10688
29430
14260
5707
30133
13971
18968
27627
47182
42014
20269
14027
20
79
9593
30837
14228
45283
2508
12928
48893
26595
1979
8236
44218
11650
30961
35870
23999
13765
26900
43697
48016
36913
3581
30105
16600
46405
15434
48308
39465
12025
44899
10032
17612
46949
41698
2388
32940
23904
38227
30618
1661
23789
44683
6785
3572
47537
45166
34032
1528
38530
22295
45420
49846
3857
46811
36843
23852
40859
12513
8598
32121
27352
19414
24433
44233
19199
11623
42577
7990
1382
39559
39332
44078
7948
3305
31881
31242
29220
20687
10047
42748
16449
41348
18237
13142
14842
8367
34650
43207
24192
11788
14952
30966
10058
44076
30912
44550
24159
44708
17995
26246
28666
11879
32331
8800
287
16082
8961
2218
41718
12083
10731
32363
31805
24212
8443
45748
43089
26967
32746
46594
21143
48992
27191
17685
20581
38050
146
11366
11124
44419
8041
46563
331
5863
41964
37791
23234
15119
38912
32983
8388
16699
3958
17974
31111
15435
36041
49113
15904
22511
46379
26991
42551
5147
10992
39650
14753
15060
21202
13309
48526
9765
28856
30106
23686
36700
36006
43267
12191
16214
44991
35264
30034
4282
3239
5158
23785
29534
23182
25120
2072
19468
18888
20864
37849
47792
4066
45696
5596
15190
47337
29537
33230
34500
14560
32745
31282
13662
45875
23854
31436
17401
42076
17809
16407
3320
6494
24505
7717
41655
18199
42910
41642
25690
7885
32604
34411
32430
8542
19613
38393
38186
39394
45756
10779
24167
6881
23733
19049
10944
23484
25966
25157
43141
29169
38038
24449
35839
30624
24904
18454
13307
33267
42562
15541
23521
5525
33152
43415
32612
30065
30389
20804
42326
36347
15365
28701
2421
20118
24323
47379
2552
46111
24021
4283
416
14047
39317
5032
45792
28386
13038
9264
7542
26594
20411
41924
38049
46988
7739
14274
47281
1330
19717
27652
11696
32704
48884
5700
42079
10388
43242
6701
48116
5015
46295
5253
24126
49679
49971
13180
4840
45591
25913
3243
39299
29105
15879
4837
392
19554
44736
29092
12496
43070
3401
48654
25419
19663
46622
30677
37546
44251
20935
31783
24413
41483
28299
20638
49005
25430
44767
5156
19601
27140
10100
35194
32371
28710
27222
41407
10721
25680
16669
4538
10472
16365
23949
6632
4085
13430
1192
30138
6471
5399
11206
20029
49496
32100
20399
17086
21892
35872
34687
8422
755
38312
19165
33163
7203
18035
16252
34776
27229
1365
12854
23837
19587
28597
35343
23142
2034
49828
34873
35146
11544
7664
30552
30419
11343
14991
22025
15124
19922
39841
25865
19453
27483
29727
43451
17589
39875
48677
4469
1746
3527
36463
13439
16915
27952
29931
28747
5361
572
47357
9373
28146
22389
3467
17434
31917
5699
3553
45393
46947
29227
11405
10636
6984
48696
37833
24069
26556
42818
23302
22650
23079
29919
36331
15068
11774
26081
45268
31483
6821
2100
26395
27455
8352
49491
23445
35800
22598
44714
15637
33538
11771
32842
23552
17432
42567
21488
35885
23603
16849
25462
822
47491
13076
48823
25134
925
1829
15739
26780
34649
33769
1043
5539
8339
27302
12355
25571
26299
15303
13308
33111
40358
30597
33680
4249
42371
14511
8116
17690
20350
14444
1229
24007
5845
19566
7691
21517
5108
49716
26466
14512
28548
38452
25099
17026
42946
41002
23061
7010
44722
42870
41740
29809
48541
41296
39033
11633
25362
5259
4790
21350
27597
49354
34058
5416
38022
22555
4461
47560
6550
21203
28183
27740
26483
34296
33174
14948
14161
14456
4932
10408
10073
28477
5753
29772
42096
46921
37267
21021
25954
1547
16968
19448
23047
49993
40447
38407
26114
37046
41872
5958
46349
41852
1493
33357
29719
26910
10220
26142
41355
26559
11698
44907
16680
27660
13301
26687
10895
11946
24533
13208
43864
26568
1713
45981
45810
24417
20494
18315
7408
27267
36970
25363
6911
7296
36875
30974
40873
12185
19379
31718
20661
10970
25421
39939
19641
4828
30909
3616
49162
7799
48192
29471
13708
23496
29562
15258
19261
34600
21124
17948
3365
22591
39773
4629
23036
22144
43956
11557
28549
13585
23144
20322
14055
12891
48079
45399
15866
27947
42374
48863
44620
46061
18800
13425
43923
30211
41497
46008
10972
45429
26377
29771
15078
9413
2128
3295
33978
2603
28933
38937
48419
27570
13499
39396
45483
2399
5897
29428
4573
13268
9052
25225
47754
44326
49226
27380
48134
47309
12447
2756
46223
29461
8993
28211
21154
12138
195
9280
12296
41790
23498
4033
16783
27009
7886
41452
5984
14022
47249
27293
7648
283
37429
40826
37755
25999
22399
30276
10316
4627
39947
5852
34572
26795
8389
33787
25713
18772
42501
40800
26331
40893
43745
32088
11849
14242
10816
37921
44674
39746
47283
32477
7216
10295
16503
9061
29250
16398
19751
44876
9699
46883
38511
30588
28458
19386
40282
1679
46737
12132
3101
13128
46920
34207
21970
6945
35816
16998
39444
26942
42836
49061
24689
17377
33264
12057
29222
45183
46203
27582
12942
22894
36707
3165
34626
21180
15262
1092
45308
33879
9619
34764
43023
3211
38430
5035
22368
12410
46854
7532
47383
28264
2009
22325
36556
32312
41393
47025
47216
34689
49300
15559
35335
39193
945
48149
31661
39266
15596
47634
30413
2243
3948
16090
43052
21887
1212
17384
935
17776
40238
32722
25723
7129
13872
20457
20420
20154
23822
38877
23737
4371
37827
24517
17215
43043
17319
9964
11085
18631
42742
5149
33963
11948
27561
18430
40132
49812
13874
30021
32176
22372
28866
38557
33128
30026
22205
45678
36848
26938
40327
12293
17145
10204
3923
42210
10406
10251
28382
27460
30261
4172
12415
45246
10212
11618
19498
11458
38263
35553
20228
36948
26359
8701
31776
37898
29551
30602
6605
20121
7547
48314
3931
20306
25395
40389
39285
1599
42536
1437
39245
44664
27729
15594
47099
17816
36690
1433
34487
28249
35739
37190
24195
17032
11547
37853
18778
38871
48895
7757
38012
38208
15968
41889
28221
29820
37442
40136
25807
3216
11128
35301
9657
43804
17387
42913
48662
25128
3621
47860
3359
6633
40477
30545
29993
8380
15097
22612
41533
12933
35391
18244
6591
26995
47016
37778
48417
7360
9549
26462
12971
14365
29814
8555
1819
46541
38158
29113
10033
15848
48001
16836
8727
31643
48131
13216
19973
3506
31607
5791
47759
13079
28193
15618
8379
1036
43041
43290
33306
28621
7040
46549
47080
35010
18723
30120
34125
48289
28280
27853
42550
46958
40470
43894
15721
17292
504
30851
38893
43687
4886
5287
31777
31298
5432
26102
19512
47010
25955
10129
7698
12097
17440
44622
6688
4215
9886
13467
42718
2244
13636
11410
12368
13777
32892
24260
22255
17998
19450
7680
1051
9334
23078
2109
17986
5236
139
20360
30430
1142
26342
20718
24080
18389
15757
5116
19724
4576
26574
47474
22057
29857
39219
14761
20460
12664
26652
41557
23993
42157
4834
8942
16925
35736
33439
24052
23515
31717
48251
38187
889
47115
29700
26764
45953
16102
45884
25802
7299
25810
13817
20810
20328
16724
20021
13783
22062
47190
2592
2119
1851
34656
22876
20908
49355
46864
23408
11601
7761
8245
3902
27495
5653
6631
38198
12149
30963
7669
8085
42021
46945
37759
5933
18193
19568
6431
29142
1393
28810
42420
33696
41045
1748
8652
43016
36993
29509
22859
16369
585
37825
8702
31942
41595
30069
29305
16571
38619
28639
39406
43304
45794
46813
40307
6345
638
5495
2127
13359
20220
40456
37101
48806
12461
15415
39472
19755
35678
43427
39109
22275
35105
31885
15217
45692
24048
26092
46229
6744
6772
43581
22714
45991
11182
16657
43272
37353
47751
17593
49571
15127
8194
38180
34627
28853
25910
16494
44927
43494
15441
17946
10991
10195
24372
14858
43629
601
34163
20550
19477
12086
40718
37118
46885
39061
13443
21252
23131
28359
36181
39148
12380
34427
35219
22356
4958
22101
8717
17592
33369
32022
41705
3808
47692
10538
27414
487
9912
2675
23290
5037
1595
32052
1358
17480
13963
2828
30555
37923
45770
18788
19295
17010
18998
8044
22966
44682
20894
35336
49509
37917
10390
8994
29643
42774
34899
3292
15013
16050
49890
43230
46250
3225
11263
94
38933
3673
5891
10468
15824
17463
44578
30210
38696
27194
3737
42396
28951
4076
19594
14324
4240
44755
29753
25144
6148
46595
25660
5571
11761
23270
37449
40115
9224
44625
29563
17792
47255
28540
1091
1278
9
36323
27419
8060
26022
36649
28335
7895
17513
10519
22180
11054
48692
47042
7711
46806
26161
2989
49500
38715
795
19124
25296
42389
45469
25230
42499
4465
40204
6315
31679
36542
24616
46182
6061
23868
6344
15762
10024
13665
21963
39395
10425
31
34706
701
16801
35419
32164
41917
24082
21828
47783
3389
6386
23190
48292
8167
29891
8359
19123
38090
42355
46137
18780
28822
11242
28793
40990
14023
16243
34817
20023
27769
18862
33175
23192
45164
47889
37412
49771
12162
10910
40416
26041
44374
16642
45741
22786
16166
9407
16946
32908
6698
11337
40510
33270
46997
34939
18376
11652
19897
27135
33211
45574
1921
9368
26877
43674
15257
14137
36091
6012
12646
22524
19874
36708
23809
3532
9576
42572
46596
39117
16629
36899
24833
16235
25678
26181
19138
3027
33173
40364
47554
30392
37251
25058
18661
4758
18557
20339
20625
37187
42370
10420
20870
749
13858
34177
33304
43455
13525
26361
48273
40203
37095
43609
1491
20808
27654
48652
22254
23508
36972
1861
48591
11817
20307
43195
18109
27479
10924
18313
6835
43932
24247
1632
2094
23095
15213
9163
21704
33917
24490
43399
24318
38864
45720
27966
14931
30982
47872
37899
49831
1357
4204
31075
27355
22508
24326
44605
42509
42599
38441
30818
47251
1289
47892
44904
11572
3551
41173
5739
12476
48444
26267
11583
15956
17808
47867
47702
36201
30664
23674
9389
46734
34597
6174
28672
22918
13335
41608
44284
48139
15730
42463
46979
12289
3038
12525
42776
36739
16198
4236
41685
44198
6370
1411
38482
42003
6093
600
22967
18099
16872
17546
1199
39803
3215
28400
44302
34780
42616
8335
49451
36668
44370
22165
10836
49384
11590
23421
43940
42058
212
49184
18113
31696
36229
47213
17478
16067
32300
14258
48225
29284
42594
18114
45539
20239
34398
46611
10925
19262
10444
28817
4263
25700
23807
15788
21874
23700
18286
17207
35730
9054
6928
14794
48288
32804
252
26670
22055
9872
15193
19841
36003
14880
16038
39198
25372
24469
5058
46718
24958
40110
21945
1
35141
20489
27506
811
15821
2758
19178
30471
3083
48639
30724
33943
43835
43819
21094
40802
16041
48282
35962
49196
30950
46130
36064
2749
40656
12276
38883
36530
24841
1602
12189
40605
45982
47684
26897
27192
37260
46714
24872
18457
37117
32086
10150
29050
37074
48626
28890
24741
45728
20129
16886
24767
7335
19488
26695
49463
22973
16196
15593
21480
37437
43705
42527
23726
8312
24187
43291
4962
4916
8568
12599
20159
48352
16128
17780
6580
10342
17622
25671
44173
17714
3783
24575
10595
22912
44282
39542
7388
41916
6691
29518
33323
30295
4108
40253
13236
13345
45440
29376
42600
8248
45460
3002
16325
21343
33292
36718
38594
23312
14462
38241
36414
45578
48427
6005
21253
33793
19156
5203
1875
47647
31435
46346
4792
37425
15059
23228
17972
45710
49183
866
5016
46521
34757
12140
31874
7720
1114
9181
43782
24031
31567
40591
37377
19875
36093
28380
6936
11814
4227
47223
23808
11346
44584
37920
5344
17665
24230
35071
20874
26188
32049
9458
49546
16271
25287
13449
26635
40037
17129
42684
35365
1232
49558
14606
47282
19995
19420
13528
45735
8277
24698
35755
39558
38388
20486
8785
42576
8796
27527
7615
21467
18117
44195
34136
14875
18550
12366
7840
27081
41505
269
47266
17970
42964
42559
44466
36871
26013
42278
18524
23056
13260
49123
49995
41940
22193
34918
32230
20088
22781
24054
3031
21344
546
10131
34497
29873
23635
30714
25747
37793
42973
8965
37687
47059
33700
24932
3773
659
23588
2398
38614
34233
16531
7166
23898
33669
12889
5110
19936
39225
22542
37336
8862
27025
42467
14947
25045
21461
13056
21336
22981
48388
10778
30359
37159
42232
15814
49245
3240
48898
27023
48518
48718
14182
33816
40538
25348
36671
24166
20834
13549
41253
32432
42866
31408
41572
20324
23195
5082
14106
28007
47737
24223
38326
43136
7048
34777
27586
37363
1303
34466
15504
40308
12546
43147
27492
16856
23087
29332
30070
40962
267
3487
40654
4457
40034
18347
32978
26903
46002
32261
36489
23454
25585
48966
48487
37331
13932
20566
45629
44249
13167
43599
30394
44602
29599
37850
39142
35350
32161
26162
5815
19731
6967
6925
16589
35031
11735
6829
7317
15082
25813
16078
10121
40955
48820
25129
9530
26545
3106
37244
46839
12186
34166
47929
7876
27251
32351
9043
13222
38606
35315
46703
20517
15585
32437
40222
34414
47666
37841
35772
32083
44593
6515
39253
16656
14701
46237
48512
24213
27030
34815
10603
28648
43318
13007
1732
28378
30036
13434
18995
37858
4604
6371
45510
45524
12852
28735
35514
29530
45090
9910
21175
4191
24315
35316
38847
33082
45957
7569
32010
21937
27923
2042
30903
23437
23474
36335
7836
28110
19314
41164
45036
49420
25675
42847
14426
30272
21174
4824
46462
34992
6407
19139
15019
1992
1763
29065
14747
26937
15659
807
40145
40024
35621
28230
21338
39798
35011
44382
12991
3493
33197
42641
32221
35983
18183
6202
45596
15899
2493
17011
44705
15121
7620
30458
36366
31220
27944
16664
25378
9046
32925
16637
1151
15639
3993
2401
11150
36228
20825
18419
15687
9500
28961
33332
1976
48914
22436
4594
11057
46192
25240
34615
26100
35383
9728
37662
8072
31293
18629
25443
48699
27198
17090
49336
41138
33199
42750
832
29778
6146
16911
2104
18217
49096
35130
33377
36151
35443
46754
9293
19408
28598
19315
12100
41777
29733
4924
21716
25374
34154
37560
37806
1421
32687
18176
10628
35530
23442
27724
11374
33477
8589
41403
2678
17339
3408
21549
2365
12127
259
32976
4288
35584
33928
36760
17121
45521
10034
42936
919
31748
40838
47764
13251
14896
6554
11564
3694
33821
43346
17829
2452
339
4593
8595
30983
42698
35234
40706
33715
1903
37641
29192
13225
32332
12818
5722
49662
37672
24707
8673
40111
24966
48886
16072
4335
38322
48800
5436
33380
33681
33810
1085
30203
21460
43241
26786
37669
17604
11839
29295
8896
24977
26067
40244
41859
36553
40300
26260
30271
5725
10529
16336
29146
6946
12536
33449
12759
48581
10517
5733
39369
21804
31088
27359
44265
24781
931
29773
41245
8140
27100
44118
39710
12041
40059
30820
7476
12648
20684
5799
26933
16819
13124
8998
45353
28723
30980
31904
36722
17850
256
22961
5879
26412
37224
36800
42054
45874
24740
7604
42415
15502
1001
47415
6797
2523
43492
28502
7659
26415
22737
33092
6160
27017
10244
14739
21741
13199
14031
29742
40592
49753
45352
7695
22124
33441
45603
48758
9621
34665
39134
41785
34007
15437
24143
39057
18361
40473
29939
3366
36210
7817
45648
19921
47155
18380
10974
38185
39082
2163
16468
17530
18558
43974
18492
29610
29709
24339
14868
574
10494
27555
29183
3084
13687
36528
4134
5813
3629
20692
10921
14891
42802
30577
40588
28443
18357
44126
17699
40861
38047
9428
9445
6470
5387
18072
7775
28319
31168
47933
15992
48354
27165
33773
47262
33084
7162
29499
7673
46707
37744
33133
41434
27600
13055
5057
40199
4203
32171
46572
34741
31247
31535
43998
39132
8233
17268
11871
46687
3420
28696
13350
37284
16766
18124
11349
19656
12195
3997
43532
10446
11606
5528
1087
10810
31147
37718
8192
29466
12982
7926
5544
20477
43772
4660
16977
19328
38279
4842
31415
14187
27118
41871
20323
193
43954
25193
36299
1170
42289
15116
15547
3849
16929
33693
7999
23085
29068
32041
6270
35779
45380
1860
39440
24538
42820
39215
3548
24788
34675
33645
44398
46803
34834
38963
12402
10869
22069
14697
3144
44201
14614
42025
37255
42128
1647
6277
47785
3298
39007
14473
48665
47937
34709
22020
4545
25342
29521
40092
18055
44898
31431
47476
3834
24519
442
25811
36784
31870
2722
8431
27101
40660
22026
20647
32317
8615
5080
891
2112
32042
38607
26241
23900
14232
33728
47683
49401
47780
8703
4543
36765
6235
23561
12530
44081
47704
33274
48159
34380
13344
3837
14122
33229
42393
4630
48807
7516
36535
48490
21982
37129
48858
22950
34625
42300
7201
21466
21961
48041
19671
9011
33811
27707
47752
38767
13450
27954
28232
23780
26369
19342
27674
9882
47669
419
11795
10458
46101
2847
17242
1745
21864
43456
5487
12374
16227
47407
42087
12885
11676
13889
32750
25190
17785
8657
2371
792
41984
44648
14548
31421
2137
32268
12763
8001
30507
16959
46477
23066
1413
39497
1124
12662
35333
21900
10666
10039
16620
49385
26074
32858
15552
28401
5944
42810
42168
4017
25314
43146
10844
4486
42659
5250
9936
44841
33995
16918
2439
32055
11358
979
39314
34064
31241
13683
45636
23682
22608
27340
45162
10419
44071
34334
4527
16554
11608
38271
25038
46909
31411
26851
30736
17919
34702
26723
38193
49636
39192
26277
22284
6517
37262
12358
41818
1044
25175
38105
22647
24178
34131
19467
12288
27416
18334
49974
27849
108
30813
7206
27305
18499
748
28823
40551
5206
27364
25575
4552
3218
8073
46231
29659
37396
45150
11351
933
11175
36694
15556
32302
31759
2324
39199
18836
40460
16156
35679
21069
4000
23264
38402
39843
8954
14173
39782
24674
15980
46372
6722
40336
1540
8988
44870
26553
36376
19596
4354
13288
37643
49333
17570
24723
34659
31014
28259
45473
5429
26597
6279
44248
49979
8590
32934
14819
29557
21044
43431
37856
2899
5298
40144
29983
26546
43994
46469
32607
46323
3956
32463
20671
13668
30777
15565
14455
14517
9055
6293
4522
38555
23448
4540
21135
47693
17502
46948
11101
14876
21661
8406
1023
43587
26219
4501
48940
36778
33650
305
37868
31041
6161
32015
13597
29525
25237
14722
23623
24072
17040
40531
31187
1715
37421
45361
32897
34607
14589
39646
35491
17301
7936
47083
34878
30093
8211
39238
15156
27690
22401
24677
12719
45403
41101
13403
16510
11370
35124
18932
12312
13247
36361
6779
13610
40858
15461
35094
21114
25039
30303
30765
18669
561
49840
18481
45791
37036
43896
19303
39141
46408
24936
6121
38827
32992
42827
21115
2217
10670
21917
345
11921
14171
28780
17632
14748
13107
14273
45301
40770
37668
8213
10838
14070
40895
29168
19824
154
29392
21523
29443
3354
32075
28343
11031
21857
35308
37787
43138
35148
19595
20078
30436
30746
40703
35231
18070
42295
45427
44191
11923
48481
33172
3064
45723
21151
49261
16229
18914
32911
6612
3415
1611
3405
4541
17645
21562
46490
29795
12713
7678
32588
15499
31530
34527
43649
29580
19539
13663
44015
47665
17123
33809
23636
27433
21865
6292
39703
47583
13243
15826
45993
19060
15510
42860
21486
6756
9338
17338
47782
17004
13511
25956
38955
9800
4646
13023
49946
15780
41472
46603
49207
26413
46969
9865
45512
15337
45999
18248
35774
46923
35247
3670
4938
3012
8168
42639
31046
11233
40370
15142
47354
27029
2068
5644
22787
7896
28704
27226
41552
28969
49094
2438
22767
46335
13365
8266
41152
42657
21406
33331
11230
19604
18545
8117
34936
42783
28746
14631
26405
24037
4690
43676
39111
14181
35477
22264
19852
38065
12199
21504
4322
14774
55
33702
31580
22923
24545
6086
19074
2539
5089
12360
6003
33346
8791
25244
14148
7806
8471
48653
32716
24876
28139
47138
21958
32344
28331
32445
31930
49870
4753
45294
19515
35913
13013
38728
1779
2737
23074
27642
11715
49702
29453
47052
33925
15450
45609
9639
7365
4967
28906
19726
26238
5567
31233
19588
15467
32119
39842
34773
29089
21840
40220
38360
22434
28711
20595
40304
9822
19575
31174
9881
39851
20928
38440
12532
49902
15554
36418
9662
9864
3252
17311
45757
43926
32454
10698
40876
49891
40715
940
26943
43347
40758
32107
30328
29448
44103
4087
29699
48594
37311
45956
27871
14500
21899
27486
2419
5402
36836
2247
14836
8392
21287
38768
14401
29460
8488
14963
25131
15667
6082
912
26651
45743
36369
10606
32457
34894
36653
32912
17872
44654
3277
47284
2002
45840
31739
37623
7653
32626
6081
43330
29150
41347
43899
2426
22008
14550
1972
35799
44566
3768
19161
4632
13366
28748
5656
33275
21930
20564
38873
44781
5561
21505
35055
16479
41995
37746
49897
48749
46320
23968
22024
25377
35706
36437
32162
18141
6302
43257
28724
26936
14108
34901
878
25357
41755
5749
15108
14373
11298
15238
40081
19991
38349
2386
48706
776
20680
6184
43354
37358
31735
4612
18765
36622
29272
14074
46172
26124
35541
19504
39015
22464
21742
13406
27689
42211
4511
881
17733
25564
910
24561
24637
30794
12038
2259
3753
24591
43717
38578
32070
16892
4415
26895
576
12849
28725
27376
42242
9694
17641
38382
39612
14923
21053
20432
12785
39333
35447
17151
37184
25576
5573
36709
42970
3538
13163
16392
49473
49529
24578
6317
33002
43154
42038
29498
9479
6244
8203
17118
49467
24456
13864
42775
11161
21490
17425
34021
45091
1146
34244
33575
14909
31180
29398
9569
12647
33742
9252
28688
48679
35266
18096
38996
24976
5625
21674
21998
49669
1110
14572
43112
48140
15871
5665
6034
3778
5211
22699
8781
38013
14941
9754
17056
12221
37133
20107
41433
39356
1311
22566
47279
11204
13956
44192
23970
18250
43779
40661
966
28841
27936
47241
20312
1981
4872
31222
17751
12746
45663
48923
19891
22262
6824
7456
44283
15588
12853
19410
14649
34563
29963
30039
1695
38757
44481
33698
28449
32594
11424
31394
4716
36102
33132
7741
2858
4137
22757
29512
36854
36894
5414
18535
24622
40606
31492
44651
26469
35952
41369
19057
10800
34094
33125
45964
29447
49413
47621
24659
30096
8943
16889
11722
19839
37919
38480
10268
8333
49206
22914
21160
6607
18769
33061
40404
6069
11779
10524
18773
48458
39648
13478
38278
32914
20760
48961
4048
25070
45491
34518
1417
41025
2731
19110
26976
13068
26783
9680
9517
43735
7035
26174
41716
12869
27055
9201
16094
818
17927
45992
20899
11797
9843
22779
27725
11158
15736
16497
47015
1354
31587
48599
34558
31969
19877
1418
31403
13920
8133
13297
46016
42636
45551
43634
23064
9385
37536
27437
26912
16528
15511
14320
12526
5698
22282
4013
17865
31335
47265
44223
19853
34152
3539
38756
18617
40853
34813
45239
17471
8840
13482
38621
45431
20549
11211
4989
33249
3833
24542
20398
25423
1211
44012
27967
22400
595
38080
18470
49566
26650
43162
17386
42259
33544
16897
35215
47089
37431
36576
35642
30001
38601
22585
14890
23738
2519
4127
40256
11411
15831
10765
40368
39143
46512
7912
3875
16652
5410
41310
47575
28169
34863
22512
14863
22902
40275
44549
22988
240
10374
25847
1083
1202
19061
47905
25356
10351
36357
21761
40326
28559
48221
43495
46022
32250
18150
6552
45577
20973
36200
47664
1194
46998
13202
16566
203
13166
48391
41903
8016
24035
1782
27117
2522
37106
32104
34026
41010
37450
48705
25697
43155
30601
2708
25409
34581
11837
17587
27228
39780
28989
26435
1237
32174
18771
17947
13815
9849
28442
47445
34230
13646
17248
16438
39973
39956
43990
46169
17467
49219
26040
24695
24639
22958
29911
13476
35794
3155
41364
38878
42624
45594
43036
5142
36497
48539
25563
35989
36343
14744
12382
5830
14474
32024
11768
43166
20331
20703
39226
14310
33825
21289
27482
20436
25715
17314
35665
17368
6634
21326
34835
11200
25142
7539
27458
18850
5388
31245
22066
23039
41297
23088
2435
18644
49423
42976
22337
32753
43105
4448
12198
41892
27153
19859
23097
49655
28431
39106
39110
45709
13431
46117
32479
45872
29586
30805
8635
41415
24003
746
9667
23336
15690
41616
17689
34105
23091
34552
42200
30397
14189
49149
8221
48811
4306
27176
19888
12504
34407
16834
29632
46724
32484
17921
49584
3466
2949
6406
42653
19327
9535
22587
27365
32532
25637
7285
21170
22864
32915
39353
13733
797
46184
8651
3410
39196
19833
3786
26642
33578
19490
13207
6295
49942
44182
40230
23933
12098
37714
49101
35921
22823
46992
11210
44220
1082
7449
49859
42892
25931
32461
8752
43759
13272
23341
21955
7655
41601
12332
47248
11323
22900
34280
2213
34482
42287
34559
30149
14493
1944
12835
7286
13303
43050
1265
17394
49129
12923
3759
9153
22100
31786
13934
28556
8048
2381
19835
21371
13731
39943
24133
21367
35163
45242
30309
46472
14039
1825
34226
17649
37817
32318
25231
35371
36421
5330
34737
18747
13581
27179
6710
33761
35273
11064
21876
44125
63
15459
29868
45560
44104
23458
39946
39258
13717
21581
32210
32468
7267
253
2021
48925
31906
28910
47558
29323
8012
10079
8514
14949
49117
12823
25060
20977
37380
41267
23259
39677
42840
25823
20936
28351
15165
34341
26005
33850
29853
24183
36432
11069
10273
45033
42218
23551
40560
37605
41243
9560
21808
1536
17679
15367
43763
5654
11328
24809
24671
9068
42621
14233
12972
42642
34708
20806
49298
31958
11165
860
32504
5489
48970
4619
25929
23922
32448
35999
5208
16862
44156
40684
1771
4879
48471
10827
47921
44266
35319
27296
44547
23326
1876
9938
11671
4600
7391
15794
36779
5968
30167
21735
32187
40379
3192
35165
11760
24201
39144
15942
23687
48048
24784
19805
21507
14796
37927
24974
49190
14695
22143
19235
46038
29027
40977
18961
44673
8226
35245
20217
4711
26744
32633
19377
36876
49062
39613
49807
14129
1953
39594
7103
9717
24384
47532
20128
7044
1593
1282
40063
37156
7382
45439
10915
26876
42251
6885
18743
38842
7786
1970
41047
19562
19809
16432
35045
23059
27732
8976
26815
11580
16150
27946
20273
36886
3476
24774
30914
15781
21068
37640
14651
16010
30901
876
40892
13878
29328
31772
12529
45890
22466
35732
40355
38006
45417
11415
38335
15533
38845
46307
34175
5608
30557
8475
45821
41795
44135
20148
1003
14461
28921
28315
19101
44829
4801
35984
49438
22963
7325
16379
42184
288
20230
16416
5638
5275
44741
10158
33872
17037
6648
9146
39954
34458
17824
45656
31031
1736
23118
46454
3598
3869
10276
4362
16158
29910
6906
24941
42329
4468
24699
31003
16192
25796
3595
24473
39880
3739
20940
16559
4409
15137
9731
7306
13744
19846
2453
8560
41065
31430
45787
33512
28076
36140
44796
8762
27796
9879
22135
18016
17600
39540
4955
21664
22207
24226
27411
5611
22003
16184
21967
22134
30399
6466
14924
43332
31967
26959
43160
41082
27493
12254
10877
47349
46925
38758
42113
36295
36277
28618
49569
39367
2530
25442
36493
10847
14231
4923
46524
48755
21612
8158
37976
31029
18548
37236
28960
12907
12265
36303
29226
39233
21484
42431
26533
8719
14510
13702
3540
17058
20073
17961
1656
22115
7393
7724
5120
19346
20863
48329
43108
38574
1828
6297
4011
2052
40007
31680
16730
9562
4096
17734
31461
23825
18537
3801
36209
32120
26052
25069
2531
38329
16645
39553
45457
32531
21404
11029
6910
31583
25816
26103
35454
15268
18064
7119
8629
13667
44617
47725
49116
16583
43887
9525
31033
18427
44958
1145
19890
37270
5609
34550
28656
5850
40403
12760
8098
23775
7586
40978
46248
11536
42313
48587
31132
44044
34663
31999
27623
43467
17477
29079
27087
18493
49197
40796
114
5340
12143
3555
46195
22346
30188
15329
8317
19930
37951
32326
28448
46178
9698
16863
34686
422
10751
42563
14082
27020
29867
468
33753
58
24101
11255
31640
8824
34866
5454
22065
16558
48507
2520
2262
31173
39680
5154
45691
28542
10082
12870
5189
14644
19708
20847
35864
36686
8294
15285
5226
45280
23794
22743
2521
21002
4123
35256
28881
28659
40157
38374
49371
38303
43479
19732
29230
37852
40950
20439
24870
23897
16654
18
29927
34646
36015
46025
22946
22405
30873
229
45997
9279
22651
28159
23052
38226
9421
29386
405
25300
21758
17024
36401
17595
30986
23663
38338
21325
18270
743
5461
27896
5380
30890
6681
19031
22342
8147
3695
18429
39022
17220
3867
8865
45730
35032
43988
23251
38055
47772
41808
30762
48366
946
27719
48009
147
14831
40433
35037
42805
9507
2194
45740
26254
35524
23433
32880
45515
33021
24746
11964
35804
3637
4388
24755
43983
27756
12292
16818
39073
10045
35574
48737
21950
41068
16195
32887
13412
47648
15145
4669
35577
5976
11120
33150
47600
24222
44287
42373
33904
47326
47263
41383
32952
19027
37622
38442
47953
17862
38589
46077
1385
4583
39730
26228
47024
49144
16773
1697
5632
3151
17447
7094
25329
23002
30780
24811
24655
3845
36713
26485
15095
35074
48382
46607
3503
46695
49965
46208
19638
27960
6713
17253
29063
40396
213
33040
46285
23951
22565
42204
8918
16813
33240
2895
34759
34046
23945
675
30300
3721
8019
21919
19421
39718
42265
2511
22656
3394
21722
39813
20326
30693
4407
4939
1527
19480
35980
20155
19926
48927
17882
45293
9709
17694
18643
12549
5421
17837
19247
45935
13860
28936
30376
45441
41259
34837
16781
47541
38262
32280
38901
42502
38770
9434
22597
14281
2460
43846
10166
38438
38481
44472
4211
9099
24594
30988
9214
11398
48101
48515
15917
37009
28801
24701
40033
44165
38485
18924
14845
37139
4374
7356
24168
6882
3757
36874
44680
10136
21589
951
45775
16914
10943
43694
35150
15658
17500
47805
30525
29536
26548
41212
5049
31871
6506
39118
10747
40027
8904
47975
10114
39084
40351
39601
23593
40467
42065
19050
12865
27583
26994
36282
17859
18142
47869
17320
48608
28909
6035
1490
44624
25977
32768
45190
60
35569
22644
2075
44172
41304
31572
37533
16484
40727
5633
2880
18452
44178
46867
22674
47918
18563
2310
46401
38151
46850
155
31158
21920
29147
9195
35378
41167
14622
40620
30848
44169
747
5692
23166
40312
23782
30317
19213
27476
19649
28414
32932
37925
14234
26401
4068
33129
29644
7255
18185
28503
11203
42428
7696
11956
36623
24858
27558
32565
46096
22889
39545
42398
16380
46201
11006
15066
48540
37086
49551
527
31256
18607
29087
9432
18705
36607
33091
19435
24045
41137
19193
33314
22920
3818
39865
23317
39740
36771
4055
34583
41439
27762
17050
31947
23210
16260
36383
43941
28085
12685
18977
21153
45963
12369
22359
39620
45181
29790
40782
8989
21755
40628
48191
28082
42954
34115
1019
37160
28687
26804
26119
14825
39709
43844
47748
29860
47058
4125
13010
26348
32886
37100
49097
47578
95
6085
45923
10151
4121
39325
4908
49157
20133
45708
27703
4497
29706
49389
12309
684
46513
42411
14688
5223
45278
23172
7123
202
39882
8839
49264
28090
41257
5819
35846
33654
39050
12093
23678
44659
26873
4238
4698
14041
43512
35281
2074
40382
23725
49167
42310
8915
12212
15991
4031
49808
12365
10148
28429
22288
23858
43528
38721
16446
29155
7652
40518
685
22420
39026
37479
20955
1058
1088
39227
3242
32007
46742
5836
32279
31610
633
1050
37183
14347
19607
42262
12837
45281
5581
23827
40005
2481
25922
45556
49446
7337
11484
12042
18834
31889
72
49267
14495
27370
49395
38023
48111
14645
21999
20165
30883
33078
1463
36431
47275
28643
10233
11928
23275
22670
19248
14516
43470
24643
36883
11488
16476
7102
41287
39222
9387
24871
33009
9012
24004
42231
11297
14287
34198
28236
3477
46938
17396
14797
45828
45031
20342
5640
11765
23534
26126
14010
16883
19788
11037
38737
49310
1704
47774
37973
26806
1703
24832
10607
37068
46154
17630
34370
29244
698
23669
28609
47471
23148
7706
26093
14295
2609
38920
805
9637
10819
42945
18392
8869
33103
8510
28999
19148
14979
30405
14286
6636
34924
23659
17698
44987
3573
21064
16848
35282
9138
88
8091
30139
26273
247
24188
16114
44997
35836
25291
37952
33065
22660
14158
18125
46898
28340
31907
7513
49708
24758
32614
15578
22554
42664
6229
27423
17059
22439
23693
30978
983
27279
9855
43986
33033
30176
33083
12800
9384
27361
28520
18437
7188
35827
35887
27664
44511
7200
46387
35660
14155
22550
48090
39774
7326
28276
42885
47303
42024
18057
35293
7372
23077
1306
32700
27401
17353
36845
48959
15908
32733
22449
33293
30734
37348
25784
40725
36211
30855
46209
39920
14817
13760
21916
16015
17282
4674
17988
40121
2428
48311
11621
142
41741
30459
9866
15219
38145
47127
48742
17484
39967
1826
41397
47874
26077
49291
14860
2032
13938
13244
38720
40519
49307
14160
28180
41913
30353
17167
40420
22819
47191
22351
49839
42494
29058
18118
34631
9836
41581
30218
9925
39783
28868
6647
4406
10267
19924
34744
5086
2641
11135
24891
12239
27986
15523
38857
18586
38083
40329
25927
15171
34800
33409
9919
18251
39784
4639
47137
6189
19437
28512
44850
24008
39905
24244
32219
46602
22548
42071
18979
35137
45518
21861
33429
17208
16045
12013
16926
32008
97
38507
19446
35711
11794
16180
41171
7392
44686
39501
3760
33423
7376
38802
22698
27187
39478
22520
903
42929
23403
24440
21074
39260
3839
35044
29684
26929
3020
12988
10253
26178
17160
36171
14179
41657
8180
3879
10021
20033
39001
32935
47322
1340
30052
27004
47343
4794
2709
48882
1026
24860
22729
40956
13409
40667
8749
10750
20284
30429
28147
20782
16746
21328
20740
12543
30719
1228
47717
26524
14567
44632
8837
19010
41461
33754
15941
15506
31686
20370
3424
5034
47184
26321
9457
37922
43839
32485
4778
19653
17014
29135
22321
28663
9402
3510
32190
38867
9762
25621
38380
20714
15274
34683
44285
47895
5343
19947
26890
20354
11110
20221
46763
15147
31116
46136
11561
7828
48565
6926
47814
26201
20787
28068
43575
30308
3729
31443
38841
28719
20708
25074
34248
28708
44166
32929
10684
21584
17811
6411
40793
1854
29747
35908
16814
8398
6080
4970
1928
4551
18158
40088
35001
12067
29642
14599
19679
45782
18910
8801
46986
17322
47518
14827
26653
43574
5514
23063
13521
43960
34756
28770
26320
47963
27005
36833
21906
15704
22136
31590
15498
39912
5876
47369
39259
28670
40738
40626
6002
31154
20115
1039
44684
37615
13083
33237
1777
21248
13440
19206
188
7899
43888
29890
34440
30546
15517
22251
29597
25558
1696
30388
7086
49007
41959
18740
3032
36922
39985
29224
5367
1168
36720
33556
33218
20631
49052
16431
32108
46144
1941
42139
37122
47668
16393
38966
48226
22440
9345
20168
26672
33746
36667
21921
5578
5379
37975
18677
21994
5077
42308
32364
38017
3541
42660
1469
47392
24472
1178
13639
7861
38054
6780
35651
44093
40974
40571
29974
27510
4605
13543
42293
33932
5360
4059
6149
49471
17332
49658
16702
34192
10435
353
43205
32288
3939
48675
30609
12338
18611
38660
38330
40513
40584
22753
28257
34195
24864
20746
29535
26848
34867
40872
12706
48104
34766
29010
886
36672
31840
29271
36659
13862
43358
36678
14802
10994
22145
15646
14341
1687
777
6659
29489
5913
13401
40012
46866
26798
3547
41988
31379
49074
13624
15664
9244
12764
11238
41911
14085
852
40441
32417
47323
23050
24727
32505
29123
46582
20575
31762
22382
22236
35188
39723
31637
28586
4530
13811
14658
34193
25328
38771
24961
45122
7842
25957
16539
1027
43197
21334
41956
4425
46628
15270
1503
224
3790
16135
47943
32694
38595
44703
20911
17891
39312
30170
11234
48220
27659
1076
30131
5904
40664
20358
24319
32224
46722
45507
28008
46103
19369
39108
34606
20607
9914
32987
9647
6889
21462
7829
34551
38110
6126
37883
46029
19938
45144
49847
38513
3856
18081
2154
34302
3344
13296
7862
30725
2233
49728
1964
491
2293
32833
10017
5888
45398
38064
7727
13349
46760
44568
47243
9411
21690
5470
34056
43580
34568
45637
30233
4027
994
20752
48544
12193
30854
2463
32592
18605
37886
14202
9993
47017
45435
15465
34321
31669
42244
42714
38731
48573
21258
10734
19744
20450
43776
9763
5477
38159
34323
23159
5842
13903
36996
45855
19868
7082
30162
20860
12352
39034
46168
36682
19972
42466
21663
44953
32028
27072
18474
17302
45885
35567
10554
27930
12697
28825
23204
30054
15676
46163
34579
19684
5473
27910
92
23581
15240
22762
1314
33070
43638
23102
42091
35629
18046
28788
12851
35951
45649
34542
2115
5063
39179
45979
29656
17342
13396
32876
19309
34069
34294
39486
22122
33361
47433
31900
53
6140
10661
12224
37977
1409
42249
44289
9997
20497
9597
10020
45358
43161
21149
480
6927
15218
43104
11493
1507
8852
17481
1148
16904
12331
12541
8729
12771
5274
37820
20153
47927
7277
7924
46334
5458
5076
788
14333
29915
22890
1480
7545
16272
30100
2518
41867
49383
8244
15447
2695
32037
34612
49968
11549
31675
13113
537
39809
1720
14810
44516
22457
48684
21092
46917
43803
15543
37784
19642
42780
18272
42352
14898
24867
49903
21421
2782
20048
17172
49430
44863
34564
48876
22064
35531
19293
10189
29360
6864
25465
42055
16800
13416
14638
43235
32189
48245
3403
12411
14198
37632
41925
21290
44581
7428
42707
37518
43550
10963
18403
21578
9522
36134
43621
31094
37901
12963
10115
34828
4587
44479
29327
3437
26714
2494
49850
35484
14377
40330
47674
667
40483
44567
34287
42450
644
47178
21597
11604
11357
32783
4317
20649
21665
24465
47225
25726
19033
39272
46446
6381
24419
36564
21530
12116
30804
30371
6547
26269
48870
45675
4796
15919
27148
14793
30229
18038
30386
36484
9129
35178
40885
13651
12018
9805
19761
13837
15937
18865
47791
29841
38981
31015
27041
35469
21165
22043
38036
19231
5536
26151
21439
26091
16030
20706
12282
31076
36034
8259
30444
14429
7301
49427
3485
41529
49990
1845
42545
32671
26655
44551
44906
17682
30699
4253
33718
11641
41231
3682
49172
2751
548
10831
15635
31157
31244
39024
4490
33935
17898
24954
38417
40844
48165
46745
22485
41814
23950
25941
1464
34397
22107
28404
20207
36914
18034
6961
35356
13784
18320
27699
928
36617
32764
33247
42369
4766
29350
10221
42926
38521
28501
48284
41645
38808
10772
28629
23612
17938
40845
9079
40087
39178
28658
32595
2669
38800
8172
19606
42299
23389
8320
13850
42821
5482
27052
13880
49763
7916
5559
20525
6274
45270
41325
38131
38924
15168
44740
5807
49736
39438
24539
44692
10960
10729
30844
28441
23672
9714
31780
37565
36719
18037
21575
13177
4909
30365
37404
46641
3114
17538
30321
20882
37967
19158
44052
49939
36738
34884
34543
18423
15832
11003
39836
17691
28599
11862
22543
20435
36291
46817
34450
670
38677
12751
48053
1500
34576
49322
1316
41022
45104
557
43289
45626
9308
47118
27978
20415
41794
14977
37341
46196
35384
31056
45532
16529
37972
40106
47292
27051
44384
23570
21986
18593
31887
14719
45010
16327
21370
47352
47596
45315
11232
7527
33899
26608
10197
37673
32809
10565
10307
38431
30411
9933
37216
22045
6795
25010
35669
37626
17631
35910
30748
23718
26434
13865
46940
36644
46946
23952
13690
22164
3586
32177
46795
42662
19325
17646
45217
8550
8871
33381
48664
13544
11780
44206
40550
12782
40791
32259
15615
658
13019
35467
7549
27368
29198
13486
17236
37993
16113
