3541
48900
47733
7597
5729
48657
14407
18750
46795
16523
34551
27711
16294
47355
2114
47443
16499
12766
21349
22932
23411
29770
43224
40336
25064
44492
25331
5857
27924
16023
32069
22525
11706
39644
42541
7460
15710
4736
28612
18148
34882
19910
21957
49463
24284
26821
29906
23879
23061
20702
25955
30888
33504
1121
24267
8345
19819
11011
19805
37146
8307
35948
46622
47633
9797
10939
29994
42263
41111
9977
8859
10558
5222
40110
16638
15429
23327
42274
20657
11242
18171
31002
20299
5063
28072
10093
36042
23151
29470
7040
10210
44860
20699
4534
44899
12241
31429
35035
2291
3071
47588
12560
42563
23330
48193
23991
33275
23285
33004
41093
43636
24545
22418
42873
7891
12100
24605
2138
17752
40232
46635
13773
4088
16185
19949
21434
36918
26408
16013
23575
3240
15188
19040
45726
37254
447
12801
6366
8877
14598
24175
33171
17467
9231
10641
14947
4941
20410
37578
33468
33375
35353
39339
35515
28319
28793
38065
33538
31128
11985
33583
23306
12810
28383
4860
49960
13449
15003
9325
8754
13647
1389
10721
31831
23781
12055
3230
23614
5404
39956
15553
44431
45618
13854
5706
28917
42193
42990
12865
39427
22441
10813
37691
45311
43949
46321
1176
14258
20715
31481
36182
2372
3432
24036
32765
36645
22905
8881
31994
4476
33500
20895
43534
48596
37170
43892
20418
39656
20824
37544
5871
31517
22150
27233
4685
17175
4124
43149
42323
21164
1248
11811
21460
14797
20517
17203
16541
20068
31954
27260
785
19301
10640
41530
19056
3185
7589
28274
28221
40171
14247
18239
23361
42870
47120
37063
32384
37750
18435
39882
16770
44262
11296
21146
9359
23050
6199
26018
23387
34231
48789
37159
45638
12600
25941
29441
9833
31531
45733
15918
2474
47869
41924
16227
5176
48570
4621
2524
34036
33235
30911
37354
31736
45848
21447
34105
11169
36902
46414
32582
26061
866
25297
36219
47478
36845
48634
29526
10839
38887
38578
24453
3380
47572
24137
23128
28690
15564
45068
42262
43405
35825
19896
5783
28957
23401
12794
10575
8824
28980
2953
23859
37181
22098
11365
37274
32139
31345
549
37745
15333
39940
3892
29105
42888
10716
33393
13655
26235
30534
8083
20631
49774
9065
11095
21623
8627
11827
48597
40450
34751
20195
15352
36332
46307
28010
30675
30014
33452
36184
20387
11126
34073
40344
33245
20238
38799
13548
18516
44137
10131
44710
421
22312
7802
27881
24904
46741
42907
33606
48142
11725
40509
28807
29452
34944
28990
23839
13527
3540
5581
47317
7033
6376
35274
25399
8998
29057
26028
11926
31131
29422
34207
38900
2386
38479
12708
38694
29488
32000
25541
19053
22858
49554
11372
39183
17909
11823
1806
36466
3968
44022
4255
36050
15060
29206
20906
28940
21974
48895
6661
25449
3525
48966
30689
18232
26829
30494
21710
33257
6293
10760
26296
35457
27997
40210
48558
31310
33130
9761
20939
9565
22934
8992
40043
12681
14743
14163
29752
42571
10207
6776
45820
6747
27866
3446
29727
9942
49888
36715
21079
18358
26085
928
25397
31923
46972
29187
19770
48548
46686
19863
42176
38088
25360
20522
49348
18980
11412
6574
32070
11777
29214
10048
30063
6912
35265
8086
35136
20878
20732
32392
44358
36635
41647
22349
47424
38100
20958
36855
38816
30316
21186
31747
45286
25830
35144
14295
10884
15795
35163
13117
38960
16077
3383
21033
40609
4032
21514
27508
1947
22562
23561
23695
39337
39012
43298
26793
13704
18914
14719
20548
26046
45783
25203
43897
11509
49661
25473
42685
22948
39598
49626
14561
15329
4317
40065
20988
25211
13353
46579
19246
6274
28440
259
23006
6111
26728
10042
7300
34970
48022
11757
49379
22304
9453
24614
28639
21335
35532
41796
45930
34270
18165
13668
12710
10379
10796
35248
10519
9613
7853
28968
38335
34217
8512
28264
8768
21878
39760
48012
46023
44628
20792
38972
8984
1358
23502
11413
14831
15402
45418
32568
38826
32028
2245
42689
5882
8753
34923
30728
37015
9356
13699
23626
46453
9035
18353
48513
22842
4250
25141
31141
1954
34670
30263
12911
47126
15787
13509
45166
331
47347
45691
19924
2762
17496
34011
12412
4710
6939
7218
26232
21748
6868
29188
47096
37796
34257
46530
42727
31647
43716
18391
9353
28257
24344
42470
22865
49192
25146
26960
28586
24120
35979
13496
12821
4278
9491
15597
15726
1366
15796
43873
25793
29934
40412
28887
37208
6250
3551
11292
34555
497
2904
28192
18250
27226
8702
15446
45560
43295
24533
27179
22402
38336
48987
3099
33181
29784
8468
45137
34285
23858
38321
3936
22895
7682
16085
41659
41912
8162
28623
9747
1250
23948
8514
9860
18888
1622
30956
41804
1754
31659
4399
49165
38641
28246
6019
30788
35658
39498
32853
6348
8435
35303
44172
46320
49305
42150
39454
35710
26877
15846
34298
24894
31299
48088
20789
28695
7653
4407
13807
38786
40038
45721
24203
6839
6302
23259
6927
12837
7280
45196
49886
38723
5734
235
33578
28300
15366
5993
20143
31953
40066
4051
37583
28116
36731
19544
25692
41157
2680
43920
39009
1899
18138
40660
31348
28697
14345
17604
21078
31307
28942
34997
3587
17621
33664
11390
48834
46277
28702
29854
19379
38349
38660
11966
21035
33421
43167
26070
43682
45388
27118
44908
36697
39116
26111
31287
41307
14462
20077
49946
4139
9688
32345
7588
23567
16985
20271
35468
19856
9079
7001
32888
9041
29826
2489
29212
30779
47817
37338
21347
35519
24332
8200
46595
959
35240
13205
17607
40796
4245
30275
18566
784
42375
17426
47505
32892
45315
1419
37073
26308
7342
6414
44907
21118
39678
40616
41776
45595
45110
37540
29318
5997
40042
32660
34718
22527
38602
44521
2862
12318
11115
3640
40444
7623
2799
7686
36378
34719
19995
13141
10610
34951
9842
14937
14242
5876
33010
23126
45223
36877
28528
17486
40273
8827
18737
37862
16260
4558
39060
17357
3726
1426
28302
40037
18503
31104
27650
28607
4449
12141
14076
44496
2231
41729
28141
27167
23251
23263
33530
9713
11724
14810
15037
3889
23955
4391
29258
21094
14263
14356
16889
10157
45280
46176
34141
24997
7025
31300
44873
47989
40103
120
30943
20459
49764
45963
19081
13667
8703
45190
41721
24939
43428
2294
25070
29953
35081
1592
8636
15178
32323
42299
6493
19401
45959
40948
28583
13166
33817
21885
6445
16307
15891
32222
37679
7598
11651
32536
23493
46322
42151
38977
41583
40936
28390
49651
36283
27645
1561
41004
26167
9272
27903
8336
3974
19167
25469
40386
28183
41846
49300
13209
39204
17787
31377
39021
27674
17326
33339
6985
21353
10028
36779
46805
35251
17019
44054
44391
1604
36800
43321
48053
6360
24297
29765
17361
6207
18618
9109
5548
26629
46217
24932
1827
31387
38188
47105
8516
36705
25648
32241
15270
33383
1844
24640
4053
26905
39368
5507
16374
44089
2599
29772
5491
19241
40028
2593
22781
2781
4479
4798
2971
38318
20100
23228
20177
5948
35222
30840
40680
23433
21423
11215
41133
23277
34487
16378
21451
39518
15248
16272
41575
45974
14266
20367
20056
35147
21152
46790
19778
38522
314
43035
31532
16562
43086
15086
9670
15838
10566
5537
17015
26129
13276
9026
10812
36253
40719
4850
20722
25301
46225
13829
10376
2535
29210
14156
26261
7381
45919
20368
14405
47278
41763
18984
33522
42709
29218
22052
5467
4493
4617
15132
7852
34313
30380
46841
36446
30040
640
39384
10984
30026
28357
35411
7189
12596
1017
15950
20171
14036
34013
39744
19278
20186
17309
22901
17410
18840
3114
1906
688
41082
28921
2778
13519
5040
20687
29632
43370
19937
7492
16163
44105
7279
12652
1974
12758
41710
8891
40840
39072
44960
43801
1690
28850
47752
1885
36666
14903
31143
11328
34873
579
14678
9069
4109
1047
8986
20992
37792
5551
33911
35334
17102
12769
26109
518
35637
18331
23063
16969
35572
25261
26478
34740
34641
34948
30504
18280
5800
11792
31410
36882
25819
8723
40485
13649
34465
1680
33893
3386
20785
9486
14343
20883
26011
2677
26766
47721
38888
31114
32937
49567
45163
2255
8592
36396
26919
35777
25533
35671
17799
38787
2908
14260
12733
48794
46292
24922
19632
33941
1499
37327
17480
12498
35116
34135
48526
34968
10642
15066
5762
13823
31484
10793
3448
43114
26383
18529
973
9893
6483
2604
46407
49584
28186
31121
11483
14293
37113
30712
43291
7064
43425
26528
14676
4158
8329
22144
33167
31119
32350
33568
43284
24089
28356
38163
16257
29037
17029
26481
23321
25314
37114
14996
24721
40673
6963
11853
45015
39311
41288
22577
4960
1688
27491
38419
32383
3986
30166
7216
41005
42467
15349
29796
23012
33548
5984
21967
44352
2429
18133
38627
34339
40306
21952
8506
37475
10951
28170
45053
20421
46922
29017
47811
15946
32064
25148
1815
32850
16694
49885
18793
17023
1625
37060
5535
21273
40977
33717
43431
11869
14346
19242
48502
5308
49703
29851
24377
26140
49051
29676
44440
30936
43554
43510
6735
36876
32031
36865
5463
43935
2229
3880
1228
18268
2385
17612
20377
11555
35233
31284
40493
47022
44655
22111
1116
29800
22404
15566
14836
22664
48170
46705
3792
1501
28867
33558
12987
25801
10032
11751
15202
5329
25887
2674
11418
20989
307
48940
35284
40637
34510
10653
2502
27692
14556
16859
44132
34021
49190
12376
2659
39664
46856
24746
26904
26112
33513
27921
17817
29011
22085
37012
1567
5131
30965
47951
27482
10616
28217
10510
35606
33345
33279
47751
33015
40827
11266
17511
27065
31543
18715
22761
46375
29929
26054
36142
24678
18766
15737
23516
49410
35697
46957
46132
34806
14781
17349
1314
48869
4749
17255
46465
25547
10515
17299
38528
16538
32155
1029
10443
31688
7242
14392
9965
7400
25189
3721
11310
4467
6213
30699
35992
48609
42911
30690
1637
3794
17789
3361
34687
30955
42050
13622
23314
39026
28693
7243
22207
20871
25048
42845
25498
19008
5414
15023
47558
28926
36767
22904
28009
28270
46476
47714
28562
38475
49857
12231
9886
3463
21648
23047
24672
4409
41366
38863
20835
37741
11607
9523
47142
40970
7509
34831
13391
31277
46168
15279
23492
40404
34564
41044
46616
10586
13324
19598
11252
9063
42384
26211
27901
32057
22993
48478
2233
34879
4928
1596
24125
16304
10200
13990
25965
29075
33433
38616
17874
27927
39101
22148
31586
22326
5316
38810
40035
3591
9125
36448
30796
11545
5952
534
4269
1578
12016
18256
12729
47205
30183
26362
46767
35511
49947
17782
45756
44651
17302
36490
25185
6906
46386
25905
30366
15821
4664
47620
48110
20493
8808
44950
39561
1739
41250
46318
24809
41768
3693
19032
22610
43111
1106
45513
40688
28777
20788
38326
657
34906
20693
47779
49199
45504
47956
3354
38258
44799
29270
44988
45238
42644
6379
27756
26619
48218
8079
37056
1147
754
36506
39036
26768
22822
11506
26509
48128
2661
9382
18711
33844
45950
40147
26931
42293
10891
37373
30747
47387
19247
38192
39033
16797
49097
2288
25611
35329
38889
27002
9598
21233
11166
29703
25763
37840
36449
43461
8231
32986
42096
5182
39660
38555
40367
25750
17071
25678
32058
47790
2196
41042
19049
10458
41522
17618
25442
17967
8181
16741
578
7837
44027
7003
30668
9918
30528
15784
15574
2721
14734
5238
7096
6325
47699
2453
37947
43094
7473
2871
16531
27193
9603
22728
7474
3277
25528
40248
40902
14646
10435
48878
37625
49969
11245
23086
39632
26086
33585
37034
43794
11231
21363
34741
48833
41219
3263
994
37715
19523
6515
29529
5709
43
43433
3117
18426
35962
19988
38756
40774
16674
30057
25114
7683
42269
14645
20063
42019
43612
8233
33404
32865
1579
23988
46491
29249
6186
28240
44051
10179
18008
49964
24459
16539
13830
21528
40663
9232
36582
14612
40264
487
15077
46399
31620
48482
42018
8339
26765
43845
22477
28012
40888
28835
7335
16405
3474
34561
19355
47021
33761
20886
13046
13645
15033
15862
24651
22742
16804
98
32255
33214
9209
28031
31702
5926
33846
18088
6550
14368
7107
48365
26545
9319
7518
43703
28810
33948
43670
14183
10568
14116
17861
23966
46092
21399
22763
16503
37151
9786
2033
14505
48696
31598
39056
35126
1044
22411
1099
11438
45735
13165
17010
42123
15079
4788
48093
45090
24185
45101
24268
12422
6916
298
25709
22220
37563
21612
44844
26894
22482
38570
45292
16864
26380
40278
18078
49912
40192
4917
28657
14616
40153
30933
22684
18534
46989
1917
6958
38975
34807
3524
11209
40777
14766
35092
28789
19258
27741
26114
40709
299
4457
26008
10008
47904
38471
13608
31073
43904
25806
32358
6479
26878
42366
10814
46796
43221
32296
14086
42999
20237
36537
2371
19582
19202
9098
16455
42479
33704
19914
31194
8740
28600
21853
34169
21048
13821
18211
2603
20355
32927
37667
19308
32585
19596
17313
10464
18991
17244
21890
9767
16967
25379
44128
28962
43079
32432
47240
11042
25138
48908
6078
38196
13483
20773
3348
34268
20019
2631
27231
7130
40474
41035
45967
21229
49279
682
22569
15822
40954
23220
48524
28478
46685
15783
34099
5483
2141
21949
1246
42774
29070
1708
11040
18417
43923
40426
13726
28105
18959
41256
10810
2879
2548
47970
25583
35483
44838
43252
7304
24903
18865
48998
3268
15014
21864
27478
38526
37735
31911
39317
13314
37977
33512
44187
5828
22057
41571
26517
42880
11753
15430
33891
31806
4733
41910
27461
44466
25901
14297
16754
102
18475
2134
17043
5590
11780
40565
16556
29415
45501
28488
47946
6576
19483
3533
31275
11504
16673
35966
13683
8263
49344
44102
26165
36099
651
37169
32982
19470
179
47623
25012
22274
6344
16830
10613
39178
45666
13101
4759
11457
45971
44592
37847
41996
24716
34784
37143
47328
1524
14438
26616
44700
1170
44021
277
34584
27243
40427
11519
3498
25939
42804
27158
12509
10431
14554
6001
40073
29617
35390
35678
21917
43643
43555
16393
12570
33226
39048
16763
25467
16214
43982
19166
40597
16893
46696
9642
46673
41448
17430
23702
37905
47502
18056
32786
42002
48591
12404
35199
48795
1439
48333
14325
18066
11057
21107
14394
10669
42832
42286
2151
39878
14361
25420
17154
16876
13911
41629
17125
24609
2738
2163
10082
47159
32575
28609
19749
24022
26587
23332
40463
12975
18781
18367
17318
31674
40486
10004
38017
23369
9273
25542
4009
4734
17053
4938
48662
13643
29742
20153
2638
49182
22092
280
45086
44463
40314
32466
49752
48421
27763
24027
49740
47199
31847
12686
28347
25662
18955
6299
5301
49936
10556
46268
22096
23943
37252
49050
46223
25035
8067
24668
3403
28425
39848
13177
7384
15020
45061
49186
25143
11331
44966
8721
14424
40590
6281
45391
22732
21177
33144
28800
10926
24799
41340
31734
36913
12073
2449
33006
13004
44555
16382
8607
7831
17936
36503
856
321
24374
18708
14064
3566
20434
43026
44461
9703
8351
4415
47050
10249
38628
27396
17591
8567
4780
12670
10529
49239
27312
14194
25728
35459
32127
11345
39533
4223
32670
15910
13363
4768
44731
9937
16025
12405
39985
40225
48273
9655
35934
17008
4277
37622
24390
5168
23296
34621
18269
11749
43032
37155
30782
28412
36491
37729
46548
36701
14465
8267
36300
49098
7702
28540
28090
24099
14674
29082
44254
36847
25674
21794
43886
37173
12019
3429
3195
24070
40569
30367
10585
43466
47181
30583
37547
24458
23073
10238
29973
13171
35804
31276
35124
18492
39177
13635
8321
39913
14442
18525
6934
48579
5771
43001
14874
27814
33557
14037
43971
19705
32256
46981
4042
24619
13369
41675
45785
3501
20249
19621
40720
13812
28092
818
48488
21337
27507
15990
42434
6898
11050
33121
3341
25046
10677
1130
33712
32503
31803
24171
35994
27952
48777
42298
38923
43652
28569
25506
15565
33940
532
36686
49890
2830
47810
13089
42408
20680
2343
8838
28749
46078
11696
29627
9592
9408
16490
33028
25034
45367
6087
33582
8089
4650
45640
25132
31715
47710
13798
2466
34721
26827
14454
31525
12954
11064
15513
12916
34742
43749
22189
42102
45615
19574
31289
40151
37645
33153
15415
13962
18454
8078
37349
670
2403
40839
20669
5831
34623
42630
11700
29892
35438
5272
26854
47262
9193
35652
2841
46844
9187
20949
43741
23507
29621
12484
49337
30383
5631
25842
23977
642
18685
13865
38301
23334
24540
40980
490
6217
29184
26562
20099
45887
11356
19607
42712
48095
21624
21785
13882
2682
3339
1218
46350
11924
39393
30304
21251
46760
2407
17428
38905
34434
17794
4313
47049
41974
16377
777
8521
27086
22768
17692
32667
2558
25280
7262
20004
45372
27473
16265
15034
33943
38237
28572
37160
17300
681
381
9931
31126
46439
9774
22942
5084
39187
16219
36498
42211
36060
10115
8699
26280
9099
40055
45531
21638
12734
8486
8968
39844
45115
7633
48971
2190
39055
18234
17892
23097
486
9526
45910
568
4178
29897
46956
28365
46798
26057
20277
44866
8760
25670
27923
23593
29355
22925
19161
49357
12166
17625
522
20414
15069
45561
3480
32733
3911
493
5187
38921
30356
164
41781
49271
8681
46642
25693
40418
25456
14581
38898
40479
18140
12014
14299
49686
5936
21651
22735
5645
7995
36452
15123
13413
21532
36710
35153
29358
46258
5427
28269
37462
23355
10817
11868
40500
6660
23217
12106
45050
32327
40019
5194
29889
28271
14330
4155
4436
43644
41543
16495
49461
47294
24141
38114
21388
28202
33857
48647
39232
42683
4633
12465
26977
22782
34520
47909
22713
45435
7823
29321
21580
569
14763
19931
26926
43788
44467
9171
12550
18227
46222
33356
40372
3031
10636
38014
20319
3732
43293
7291
17415
41816
38625
7316
11776
46290
41962
48136
29634
37347
16240
30705
28243
3576
9233
32299
23583
32967
19120
24603
5833
37088
28646
8509
44892
45650
33351
15280
28048
31901
4106
38713
23704
34870
34122
12131
4063
46286
13370
12421
1216
22745
15572
15651
46500
34531
34500
42576
48716
36590
27196
10827
15383
51
47765
33451
34910
3719
42967
10183
35961
5914
1619
9324
35691
17460
15046
23644
21795
9030
6145
16766
27041
23304
38916
48906
35946
4072
44124
30033
2478
41725
20608
20407
19675
44238
25539
20106
25227
31619
19309
44059
7857
38341
45038
42654
742
46824
6930
27786
4823
49405
8065
41339
617
16097
30751
4644
13938
22337
14079
19403
18724
30480
49333
45639
36588
37561
46785
33386
13790
45585
30332
48410
5473
2021
4835
19717
40755
29449
13424
19350
27154
12120
42109
49390
43628
25867
24576
30345
48073
16165
32353
923
19176
17587
31072
32341
23071
7172
38875
45424
43910
7858
14028
45161
29262
25431
14090
27597
47540
11532
46013
44777
49973
27859
24481
34446
9287
4454
33537
46662
10469
2946
38152
13902
32948
35621
30495
42929
47213
19723
31163
8831
1377
46354
29568
28423
43820
44177
37926
22613
28555
46646
23808
14277
17711
48388
43813
30220
37825
31051
48961
45025
40856
27224
18647
18149
29087
48266
7285
21314
29342
44694
44380
18824
34005
14870
33360
20985
16269
10163
10289
16667
46405
16262
26985
1979
44163
28134
26089
14768
8912
4712
5559
10829
30718
39466
24870
14410
19145
39571
25640
17586
519
18600
9817
7875
28244
18460
43946
19720
45121
27439
36317
47729
43394
44688
9744
6380
10849
33971
31945
28380
7269
3769
23506
42373
20854
20135
2359
20069
47023
2063
22553
18640
36623
41129
13933
17266
17946
11058
18804
33525
22165
36397
5885
45576
2334
8434
8622
49319
21173
22213
30869
10972
19199
1790
17386
1155
35612
41803
40155
37283
1514
27548
35343
30401
49007
40508
33371
25500
6960
8159
37632
37322
1080
46918
49972
32721
49054
23189
38368
2129
26852
48580
35539
20919
47617
49442
8331
30925
30854
16420
28333
41372
33754
6592
27275
29656
36134
33838
19341
6102
3410
27768
10085
22998
48545
5424
29910
23708
7261
49376
39713
21706
43270
6607
13337
39474
20818
10398
10518
21653
5347
13672
19216
36502
38231
47000
32157
37030
30228
32780
29134
25305
23860
49235
49108
34414
31127
11425
44488
9340
22
11478
20216
11614
42704
41906
9831
13593
8806
45452
15983
29979
9046
5556
31745
33190
35917
25531
25843
40020
41883
27793
35667
42355
33029
44661
45029
47901
48896
49518
31292
8217
49196
48593
12962
24773
2304
17979
39976
9206
28845
14256
10166
25579
28987
41134
44129
4050
22774
46403
14805
43702
10231
18723
38846
44554
37280
32094
21678
48543
39407
41623
4224
43271
40494
25781
43953
4792
49835
14
1969
43659
4918
5722
8591
35938
16484
4029
13657
28228
22132
44692
18254
43406
23292
13121
44967
10386
47438
5252
23221
7555
27704
29538
21858
32910
6656
672
43325
3667
49045
26721
39303
13834
13225
48453
43888
10500
29846
33668
1553
49874
45866
47289
19300
43165
20339
49496
29645
3430
2875
18880
10445
1599
40891
20692
1560
9695
16526
6991
15302
16810
49215
37470
32416
32706
12573
5071
8579
18717
1975
42127
15464
10320
44508
11463
15960
38793
40430
30154
49910
224
12818
37204
23959
48838
41733
11181
17702
6208
5285
19683
15205
24692
19508
35719
8894
19745
9131
19511
34981
7897
19619
34287
6582
13677
28838
26188
41943
6408
1989
25910
31244
42052
504
19259
45485
30759
30721
48056
11806
13718
47857
35922
13078
49342
35020
42063
14841
47140
28355
45761
13012
23898
32200
14933
3187
47104
7533
23800
4373
49107
2792
13931
28307
21697
26674
47080
28951
30173
43064
39029
40389
42831
42203
29429
24320
2570
13342
44662
17009
8538
33953
7094
27202
13106
21469
6756
342
42069
14632
13007
25179
12775
19858
47534
43230
24537
48885
1855
44469
16362
39099
18182
19985
11884
43645
45890
7495
969
22801
10119
45536
37080
25535
32186
29827
44941
7363
14815
39282
23016
4045
5381
15820
11254
12928
28025
9211
24813
26272
38512
23078
5391
2438
35847
29845
37588
23174
18864
46057
24385
21563
24518
720
7489
25352
19771
17915
3831
43866
33528
31442
18117
3422
32221
20823
46198
28070
29864
38130
36807
33598
14429
11176
33521
2701
26276
46694
46689
20627
13199
7326
40169
10960
27563
27634
37081
16574
39783
8462
6081
16908
49963
46031
18312
37393
12052
29699
27893
1108
9472
20007
33440
49146
9308
26968
2400
30613
33254
32477
33926
2929
25357
6947
45173
19274
27092
48330
7041
42913
34893
28000
26898
1746
17202
39373
4054
19095
16998
21319
33159
1880
9181
35642
3600
14306
20707
6367
10741
19782
27058
34051
9392
5198
34308
32489
34142
4130
27904
49040
41209
9801
30181
26622
40079
21478
44611
18481
32674
36353
5089
34723
8854
1180
41451
5763
13448
39900
38993
45674
23838
31453
33777
9722
11455
46027
49016
27829
2979
4888
23335
41840
45575
20446
44871
16461
23619
24248
20321
26655
26122
31188
28723
24140
21375
40851
45911
27045
9929
49291
45912
31312
16410
41746
45477
16571
27995
37854
30902
39665
3180
48811
34762
32329
22587
32445
8611
29285
9500
42486
46402
31084
9908
15249
21830
4592
44737
36265
36871
38523
23935
11138
27524
40998
26863
19946
17680
14468
47814
658
42958
31444
23427
48588
17216
31845
25747
30105
2990
27996
16586
31937
34747
9800
21103
9719
13498
24986
7977
7265
21060
9417
30737
41174
49030
29432
34469
46564
32374
10215
3985
12414
46170
26121
21916
42189
16958
31986
18961
2421
28568
5273
14063
1748
37717
20972
26524
19113
16128
19676
28301
22936
28949
21258
44645
18197
48602
44225
24364
2226
18923
13320
38517
7125
39496
16928
1110
46493
21898
7235
26120
30197
19326
35793
18326
24427
9465
47542
3776
6843
24828
29125
20515
453
30589
41233
15413
8938
20551
9828
13361
31798
11261
18447
22576
47405
42436
45824
43796
13596
40272
4012
39574
49280
18079
43984
44379
30372
30209
30784
23932
49545
27716
4473
14751
48641
3639
21298
6813
43818
25136
35725
45457
32759
21684
9342
13308
4487
17583
32560
31885
30708
20880
30505
35624
5249
32272
39121
18359
35785
42284
7435
37443
8633
27297
6105
46484
25053
6308
46864
47354
14302
9608
250
36687
44490
40465
7371
6646
5370
42296
21649
8149
44367
38207
36650
42171
24534
47632
44768
25856
4890
27122
42422
29563
19673
28563
28876
26076
40800
35693
39861
8741
29964
39610
31333
25369
46471
21760
18183
41087
9248
17350
43179
2852
6201
10910
43186
2335
295
21424
22147
2699
10605
27647
28778
40571
1134
28268
36009
37083
26328
8004
44536
25899
49064
1802
46257
15738
33093
31855
42555
25593
20571
8409
18904
49926
9124
37257
37100
9172
36308
9261
9553
38564
15528
13000
2009
13930
32091
36653
30013
23844
30781
41531
28055
34803
32
27527
15635
24838
17472
47866
1756
34459
21231
7126
33636
16093
28080
16840
47938
34149
30656
46672
35873
24078
16509
7937
5972
22928
26539
28960
23903
46140
44319
33194
28780
32748
24682
35178
1847
3139
31980
21143
15139
6757
1282
49980
5050
11768
45378
31138
8041
15145
9484
30125
4953
10991
41179
18292
31027
45461
23918
12247
15272
2851
19157
42512
29067
35636
46113
29700
39013
18474
16103
724
19927
30811
9750
13005
12908
11895
20071
4723
16824
11046
25664
47500
38402
19817
11854
29791
26091
44603
6129
23420
39558
23382
15118
187
35430
47942
10776
29793
40790
8242
18497
25343
9741
22079
22475
16422
209
9399
12331
16860
13967
41079
411
3796
47986
2382
30100
47003
14577
34306
42082
7193
5110
39557
9806
13303
11677
2046
28558
10280
11253
28834
21011
3392
29272
40548
32897
23436
18805
37921
8364
35613
40370
34203
3454
15941
7450
29635
32219
15058
33683
20747
7312
43936
20049
9888
47144
41938
27510
17374
7523
1195
279
48941
32891
12063
3727
49705
10424
2774
2266
1930
17132
16232
2015
19088
31603
39206
42258
32723
22136
38482
5859
46631
47112
23023
5851
24254
47698
23594
12705
30257
24818
29370
22722
40259
38476
5125
16172
15295
6232
15463
5776
20462
34252
24234
5314
7998
48417
39151
23616
16342
36458
18584
41228
20295
49268
10970
26644
13877
30403
8950
12906
5201
28435
4765
24976
10088
37379
15984
19756
16792
39438
46926
37582
31389
25319
7689
7118
43248
49151
48912
31589
43199
25866
13915
38435
21855
9849
41108
17592
21309
48317
12836
47356
2958
46853
26373
17418
21098
46466
41361
8689
13373
24470
30827
41383
21270
36975
2828
3604
48826
8790
29769
32698
33382
13981
18225
16872
40325
10226
18617
7789
20826
14648
22390
20491
12874
7965
27236
13827
27555
8718
48627
34817
5822
25468
1915
25291
46117
25814
22656
40527
33833
25990
39465
9588
43044
6110
48782
34294
15124
13077
31878
30996
24817
20816
16553
36529
581
34631
34343
17073
1585
24982
34198
25769
9480
11174
40001
17011
6509
26657
7478
31297
26477
3517
31968
5349
36964
5211
47291
49666
25287
40032
44539
43219
22511
23309
43591
16438
15831
26861
9003
14507
44798
26285
40959
3041
16141
49095
37216
9672
37171
22217
12280
7120
13648
27567
49524
33602
21788
35195
23687
22888
43254
28618
14934
22967
24952
4673
14749
30671
8408
49731
41040
24167
6055
30347
33780
27394
24736
17227
4805
30002
30598
43567
9775
17279
45567
930
34578
23744
27770
15493
23015
30522
21718
28881
34050
758
9487
15756
45327
6486
14765
17868
23934
48770
37021
12086
29151
23449
24103
2552
43969
11961
25475
34852
23155
47236
43367
36189
37432
26790
19807
33364
17056
47130
5382
3491
6785
36496
17660
20292
13924
27985
36517
38366
13109
16108
48745
6018
27337
25705
44580
33161
18858
19160
39642
49826
6050
27063
14710
13100
31562
7952
33729
23533
37255
35630
5465
2048
5355
21182
16015
29006
5947
12630
2165
28920
8700
5608
44931
30863
4226
3274
9452
32386
8221
45184
32388
28578
31408
19294
743
39801
16390
35664
41532
7796
39131
5983
41033
34996
36633
46188
23936
2194
15287
35328
43687
36729
48332
1429
24960
2747
8683
45850
43922
25111
49088
4756
39464
29519
20187
21487
13554
27981
31717
4198
24951
46697
297
42579
43427
41182
6902
19796
14420
47601
37887
24770
860
25654
4957
42987
38514
5903
15958
4101
27470
47164
29282
36255
20384
33060
47870
9419
32370
31797
40809
24092
9829
35891
7635
13524
17551
35520
925
46215
40986
43397
38610
29678
9438
48867
20720
26229
28934
17870
39695
30050
38785
48054
26006
44198
48561
37710
5496
1432
14137
35991
14605
16157
39951
44045
22770
28396
36480
6298
5435
48027
15298
42345
21726
15732
13153
34667
10733
35980
48916
33429
10579
4031
19682
41759
16421
38432
44759
21876
22811
27769
24360
13489
97
46502
38090
32710
8578
11705
45871
130
11946
48066
17360
23978
14309
26667
43180
12400
15956
27402
43354
38449
13297
27219
37386
46971
2826
11211
38283
94
41097
13618
6575
3761
49018
9656
35865
25758
39999
49822
12058
38623
43556
11051
10708
33594
47785
32754
42277
5798
29325
11976
18871
17504
22921
29001
15882
37518
2848
14993
42671
14270
17617
15691
28196
18346
15408
49870
32122
26928
13233
30049
33655
44307
34711
47495
3050
15239
14590
35373
10168
27747
8077
35651
4812
27307
27906
33592
24964
39383
30023
6200
13279
3860
25605
13673
35728
13828
28326
34442
33444
40333
33560
39538
30896
24526
41948
6893
24667
41680
44430
19264
33298
24086
20499
11521
27636
43513
35564
16149
12472
4922
14875
5601
16680
44709
27533
14623
32268
42041
16774
2200
25818
22591
26314
30426
27318
13390
3575
18704
15227
9895
9371
22069
43183
43188
35410
44362
19442
40024
38142
29583
27895
44161
19751
24516
20526
16993
14897
29723
46807
21605
2501
37900
13792
44647
6245
45751
41011
8936
16195
23041
9428
32811
29294
26155
16430
824
27308
20694
9376
20872
49906
13556
25317
13786
26209
40303
46482
36167
5909
44410
41777
30685
13851
7377
9086
24906
7324
25310
33919
38534
16063
30592
31649
35619
5363
46141
47363
49077
3683
37033
30117
8947
32762
25147
13224
12372
39521
4019
22295
12890
31372
18371
11708
35921
32598
33124
34581
27346
3151
10173
12605
665
20158
27448
4683
12089
42448
1569
24686
18967
33449
9727
18688
9029
11189
19553
33333
15321
43731
20213
29396
40808
13857
33321
12738
3414
13491
39706
24656
46429
23359
43207
25107
2892
44093
25911
5791
10304
32338
10094
23102
20256
11848
2634
31590
30214
23356
22600
22758
40607
33779
35376
48881
35632
8765
15823
27166
43834
4143
15722
16851
19628
35064
30392
21918
41245
29021
1069
32232
31975
8695
1743
27857
25383
12259
18729
36742
45153
24755
12489
38764
44066
47849
1685
15951
42122
31728
22287
23755
29173
20281
5160
3800
33997
20667
10305
8914
3469
23711
48507
15840
39958
42170
2788
2278
947
31282
30058
30606
28135
15917
26593
11524
6798
15908
18670
49875
15082
1642
6913
13468
28147
43539
18707
32493
18375
20093
7188
41355
30561
47988
18425
20509
49352
38469
35331
22258
2333
19465
12888
16722
30445
32945
34799
14594
220
45318
29924
7267
4228
27949
23150
16536
2760
9175
42586
33078
20010
24554
22504
26163
11730
3436
30676
21381
10711
39404
15038
31470
10679
40754
27959
48715
26095
7174
20468
48626
40164
30085
10654
38612
28523
32146
46820
9185
4136
48074
36580
34993
31409
37423
39302
35294
8680
15648
2918
35260
19763
27134
44812
37493
30359
16852
37336
22852
49799
46360
33829
23949
37148
2222
11803
27998
45396
32544
41404
24339
43105
16585
15935
4329
40432
17013
19180
33663
2215
19240
31336
31571
10723
6062
44110
38472
34761
35874
13048
3283
37467
49482
34267
22240
18741
45022
36391
39539
14800
49623
42985
11112
48403
44619
28391
45836
40137
20574
41499
13088
39701
30474
43709
12129
57
13252
3320
1149
5011
25351
23693
28644
12300
10567
322
27911
2073
16114
4065
25748
45279
24222
24529
36215
39378
8758
24956
46832
41859
6159
20863
32111
41424
251
30650
15397
26456
36810
5241
28378
46765
38654
24641
49769
22558
33728
46843
15189
26108
32535
26490
24197
3265
4044
26716
39718
28071
38491
10302
9507
21666
12494
9242
32231
27087
49448
390
23954
24420
23759
46209
25151
8635
42282
2375
47731
3237
20232
17334
21819
2658
5188
8365
8997
15724
20807
13815
10318
29092
45007
26773
24409
8629
20392
38901
12017
30155
1617
49895
11680
46154
7984
44969
48137
27147
43237
19128
33617
13929
3731
4642
39501
34368
33660
35394
27795
17597
30804
36632
28901
30511
48384
37984
40589
5343
37027
22483
6968
19663
48427
2916
15569
7600
13473
11738
47549
48240
26554
41485
8440
37009
15146
36840
42083
13543
31970
46544
45977
46708
41177
7643
25110
29158
23524
44000
1375
47700
31549
41778
31978
3840
16333
39979
18607
49665
33195
39906
49369
4470
20836
5669
17107
34083
19791
44165
8497
35692
41831
49041
20670
5190
47613
32768
8537
11315
43584
48946
40373
35065
44
4017
4530
45395
23661
31278
3147
34391
42459
44073
34984
5077
30120
29782
45033
44095
1157
18060
23323
29401
5266
22751
4218
11460
11606
37587
285
37816
25864
12690
37305
43891
14675
10128
31886
8043
22799
34314
44101
32161
39103
6749
40814
35409
44574
11587
32775
20240
6377
19658
5789
40685
45532
37450
21119
35221
28924
37739
38073
18901
28819
18912
33180
28783
34909
30254
47640
9795
19918
38166
17666
5079
43726
18751
2221
37235
25968
47382
32087
38202
42867
21197
43675
17195
7964
37870
45233
28557
14533
15988
25595
35423
38281
4779
26358
44183
8282
16632
2763
44693
16617
15409
22209
5281
16938
49029
6838
8614
15842
31860
21237
30297
26661
5324
33414
38159
30700
2356
28474
13023
25825
49116
37409
44588
17070
40413
47741
8388
8734
24750
3622
1173
42132
3515
28886
255
22672
33750
29191
21403
47312
43620
13700
28884
40799
14041
43348
13115
25509
21756
29023
18282
17980
10588
47125
43907
5724
40729
39832
35857
4608
34675
40521
31428
37408
48257
35672
15970
6265
32745
7867
29486
33137
35714
10941
7393
42291
21280
34195
24730
38128
14693
34138
6280
29539
14982
7336
46752
31206
16500
37761
33701
49943
1301
21870
39613
25187
15994
28263
48010
32871
37086
29409
4450
31180
16811
26836
35420
37815
36428
4451
8012
25181
7764
17525
24786
2106
6031
35670
22556
4895
48302
44226
30793
31411
45944
42240
42031
10298
26223
2780
45925
26110
44258
25680
25256
46870
1020
44346
15907
35224
47637
4801
32695
26484
13731
7030
30270
12871
26492
41607
46431
28486
1684
18398
1435
2856
31875
27422
8570
39028
11541
12389
33055
24659
18603
5191
35899
2769
27080
9578
30604
10419
47844
2602
42603
19707
49174
19181
2055
40274
34305
21459
19263
2087
49206
5688
45077
44847
44409
48437
25119
41300
32312
17295
29436
1472
27522
49901
19331
3219
48107
13072
22432
47047
16043
9062
5965
2666
6180
10127
20137
20706
32308
38825
37592
39263
31065
1406
25232
37857
47674
24860
15370
34432
9327
36049
6852
27340
36250
47376
14663
47655
553
39070
37452
36853
20726
26874
47292
36571
41243
43646
14317
45172
28647
11576
7168
49301
48846
19520
48280
23054
30966
32609
34529
46847
38538
17518
41935
15721
48336
49713
33372
21326
44491
42949
44823
48249
14387
17219
10582
41740
46751
3722
30330
23370
8452
40512
16287
19954
2716
27810
29274
32293
3477
11375
36716
24788
43724
32662
42855
20483
20110
49576
48851
23442
43759
34765
24159
47952
28131
15875
23809
6188
23093
15916
4327
24020
44333
35015
49012
43116
20357
2816
37330
23207
33972
819
25236
45307
6291
146
149
37605
11734
30287
7148
14190
24454
4352
33556
9040
26259
12078
28692
39762
6209
33783
17851
31405
11938
24543
43161
45333
7925
42490
8746
5091
41917
25961
48084
11954
14707
18816
7013
3227
39485
49015
414
39002
14107
820
41679
28981
12561
40257
24655
19466
9783
22235
24368
40506
24816
7090
40034
40365
12725
44326
48351
27689
29251
12656
10840
1451
32832
17260
48447
46577
5405
4271
14091
39361
9188
49987
15697
35766
23662
34114
34221
1222
48616
33640
12967
29480
2109
6470
11421
26939
8424
44111
31838
33117
15055
15713
3686
24350
11074
35943
43570
10700
28273
35312
16126
17622
22697
41613
39228
35227
13299
19345
48407
15517
6709
35748
2697
21606
20044
36455
11703
8251
27082
46519
35712
18639
39245
1525
42346
44786
16239
1878
20840
31267
3324
13412
26168
6481
28832
41400
26543
32377
35310
36150
13267
29328
7022
41838
12617
42706
11494
41650
16892
39633
17215
47303
48409
44399
43629
25324
1201
12541
33106
21808
17953
41739
44595
13440
31314
45592
9697
29637
2719
24926
33437
25874
26345
3616
41982
3961
47703
23182
15359
12869
46048
36605
30812
30755
2472
35896
12524
7721
21062
19627
47570
16305
10297
18163
38569
45941
36027
38327
49521
7018
43103
23565
27842
46810
27787
29569
31396
48159
6440
11585
33883
46131
44168
40689
30608
3729
6718
5533
26287
26139
17431
12543
42916
48104
49851
43872
44147
23437
39004
24624
35357
48664
7398
38656
813
15556
32022
25254
17236
40204
17479
5587
10624
48740
6425
3366
13895
22599
11797
11405
19055
36978
7558
15350
47524
971
27412
18881
10283
9556
44863
44349
39845
21477
35918
12468
8063
21911
43041
32344
13239
20470
40906
2567
39604
12504
11554
21644
43129
33157
47427
12597
42516
27775
7259
45078
38164
37239
17658
44257
171
41789
32990
19874
25084
35337
25295
26494
4163
20778
22016
8835
16983
17540
39780
48425
47967
30221
12551
25144
30757
6125
46781
7981
36586
12255
16847
20287
26891
19286
19568
13066
23403
42617
8536
48572
45596
47051
35351
45140
6824
28253
14206
17170
35010
35046
43523
49159
15515
8649
43562
36972
43390
4462
45755
3415
29222
16429
47208
3837
43503
3766
39589
45647
47448
23213
6091
11078
49444
11831
12554
12289
42248
39965
2842
33111
40123
40186
41122
33860
755
26774
32382
49706
3927
35466
15716
34211
15757
43362
7072
21301
27938
11574
2110
33775
40464
25326
19976
23194
2016
30116
22382
25309
28691
44553
31028
23283
42932
10727
28653
3997
34402
21546
16988
37271
3145
2037
25168
45870
31135
12879
25561
35590
39963
30635
47490
14833
33706
3907
40296
46001
26946
29706
38147
42231
67
12980
3042
37123
40656
25986
4829
34494
26363
45266
9277
14747
26176
22225
13642
6711
49611
25495
20758
47761
39226
5023
13236
22944
23067
49090
42327
28015
38789
20037
28533
19218
47114
33088
10541
46928
33696
37127
8792
47006
826
37371
45
45969
14097
48527
28768
6294
494
28592
10440
36001
45422
33843
30283
43663
12182
40619
37527
25601
12588
19009
20763
7530
44912
7753
36816
7771
31710
3365
36404
43965
47606
36675
44666
6926
30409
17509
3813
37910
45011
28677
8201
20354
30029
3133
8304
18885
34830
7429
38894
8015
42389
5331
28073
28212
33308
5617
27714
23326
36673
38409
11034
37736
32282
32720
42533
39822
48499
27173
19244
49125
30620
15856
13690
38617
35230
12611
8654
4073
18156
902
46607
29392
43717
11498
13659
18958
35754
19837
9525
5568
12083
34777
5913
43213
10920
11173
26693
11025
13974
27639
16568
44318
43250
10050
36524
15207
27169
47249
749
15133
11184
41425
47789
45931
7343
14793
40957
1988
27951
38707
293
33936
2212
11411
39417
1241
35215
28806
27752
48180
9605
23868
26274
14779
36909
32463
36596
41604
18305
47280
32905
18892
1545
19227
41474
34457
4056
18753
46450
6047
24271
23331
7511
33034
29504
17998
2253
3646
36180
17896
22194
22851
16066
18389
32123
17323
4430
15031
26756
24945
48354
10626
40236
27060
30032
28472
14524
29922
33643
41465
5366
33272
46174
24897
12364
13164
40635
8729
2460
41052
9373
29937
23018
23101
6147
16610
15793
20950
20301
1161
45102
28480
29822
17396
42732
22335
5454
44139
17609
45322
10134
15151
39150
24340
40528
25238
320
15485
35722
11481
14551
7855
12578
6173
12654
45177
48832
44566
27132
22408
9444
44641
30556
41521
39126
14189
49569
40629
2250
6559
2364
12297
23166
49773
24675
37454
39138
14216
20867
25633
19073
49920
38931
19144
20226
18300
38161
23750
14963
14431
7824
24765
9326
45908
18615
23043
39125
44441
49226
23347
45953
34336
46129
5920
28448
46996
34443
23374
35413
15777
19996
34046
48491
25313
44004
35741
21147
10935
9748
35174
6567
43288
40023
9946
43131
48338
19824
28482
49058
17272
33016
41172
40920
43525
42005
23971
20250
29005
29314
3699
29814
36721
26884
16
47009
8111
19522
40384
32840
11879
42146
4775
7389
15673
23780
29361
24016
45562
18971
9847
18185
44263
8450
32040
21713
35886
15213
23090
2473
3648
7705
12047
49377
29810
33323
6113
48290
4006
37580
9827
4739
19916
733
41299
38974
30075
15894
40239
43679
14151
8552
36322
38048
26599
8662
38136
9762
10256
23184
3668
24379
1921
32523
29620
6032
2292
29360
8999
25066
42390
17422
3963
2492
34387
49141
45684
14564
40207
18486
34525
7781
37758
19983
12103
2340
38872
7021
31358
9738
16659
7554
36375
5509
21557
8693
15106
14901
22038
38777
28856
22834
37116
739
37245
46840
17895
37420
36063
12121
49278
35822
42971
24235
39008
19290
36620
11154
40965
747
32145
36128
10982
23767
37817
33035
23944
36206
46980
32736
30940
22583
26757
6409
45552
44290
14995
21289
13522
2467
39522
38504
3908
38866
47566
14510
40069
44468
24694
3378
3349
28349
38633
18198
43614
44113
24573
4796
6777
21535
11766
22806
25454
30593
10410
11484
27484
30929
12398
1732
32785
10432
12979
42024
12027
5302
39165
40100
40621
1723
5860
12501
45523
16874
3988
26116
17667
27637
15524
47803
8134
49067
13889
13623
49036
2012
11479
26991
41218
32036
28814
21705
11660
12553
27554
6082
24980
23846
23720
5659
33898
30135
34709
36545
495
12844
18287
46006
23550
1832
12295
16118
27871
49786
24189
39745
28870
30331
7232
36174
2332
41813
13724
49809
5068
44598
16558
46679
3799
49629
6165
20391
36980
9666
28197
23677
33916
5448
20075
4735
28995
31330
10747
15694
37506
68
34950
1951
13011
47977
21488
39147
6009
38190
49579
26886
33399
42988
24784
37340
22416
45905
28703
18463
33722
23364
12478
9179
35291
41259
19533
35542
6210
31940
22952
25984
12108
43269
2164
5565
32267
3924
25734
10140
38018
8983
12021
33642
4515
25791
36639
12663
34134
25703
23274
38506
44881
11408
26665
38885
17985
15301
38722
24568
40085
45688
530
19185
18852
32842
17537
9557
45473
30514
47910
17756
7526
5748
3369
41757
42595
4360
32624
8864
31900
30281
48967
25521
14814
3479
27204
44994
43635
49867
29771
2941
10180
32977
42776
42513
12507
13637
41131
10570
14003
8287
1238
24632
41185
47517
26553
40139
24109
23646
46731
9914
21113
21151
34849
22251
41364
3850
21219
29705
10637
6089
977
1749
31944
6794
12345
25551
40765
34526
26978
39862
47340
17193
33853
43898
2878
30087
14188
2863
36193
46004
19226
43392
4162
21944
22629
38378
26315
4039
39748
43071
17642
8628
13420
857
10521
29260
3487
40099
37147
26962
7153
36130
2142
34683
48125
42697
42289
30207
4260
44003
35956
563
47195
14798
191
34850
44517
44203
42187
38801
15405
39142
28534
7068
31926
24438
49391
10746
43126
13939
16005
5501
42947
49802
47158
19732
6066
5159
13652
8467
4935
29479
16907
23668
16196
9238
11283
49275
15664
27824
4892
44325
34642
34956
11391
3946
35416
47434
18293
429
36483
38390
45136
27279
12583
38805
46187
23118
21959
32825
33021
38744
39509
46744
10791
37897
18644
19454
31947
33391
21243
33039
42343
40165
28036
7287
3146
4262
4171
20439
40293
27590
42048
44218
24397
21515
37773
49079
9622
36536
37128
28877
33033
27367
14739
36320
45024
27165
43498
42965
20435
11332
2743
7397
6587
28689
7973
31156
22866
18050
7838
20594
25030
7971
10769
34053
49083
29388
33101
5810
32653
22446
36935
8137
21084
49113
48248
36106
15968
32461
43549
31844
22088
2909
10912
46553
44559
28083
21732
19972
36318
49127
16113
43976
9577
4636
41433
12347
2286
11547
23424
28566
17264
13766
10553
13729
26575
34528
49055
44773
15666
30455
9381
40299
40643
40012
18465
36959
21244
10547
20936
35574
37602
40760
18472
15782
12791
10931
18478
2096
9320
8529
44543
28594
44028
43924
49588
9489
28047
48848
10279
35708
23483
49381
4490
17177
24345
21999
3170
33981
19998
10195
44961
31491
42328
3397
30509
41403
27329
40185
5745
1194
538
44009
1057
1903
14098
49223
13351
29524
2896
3252
14522
19546
13149
36617
11718
12648
37537
43338
24338
48399
14082
8879
37200
6557
20590
10507
35723
41091
30451
32707
1515
35545
31354
4441
855
29768
20959
37533
23522
22660
26964
48276
8141
7141
43369
21327
10906
43855
4601
25233
1371
33031
29098
15
39750
8833
19424
18427
47551
3914
31198
49841
4030
37242
9788
59
32577
47336
46983
2428
15952
44744
25464
35246
34344
1838
38176
20162
49864
1473
15801
34785
41714
42909
18240
41144
23847
359
13971
40343
28107
13998
29660
32922
3232
8479
35464
40927
17725
42191
2239
6354
44720
6257
3152
32429
47241
32106
9802
7298
32016
16416
11944
3944
7103
34898
30447
4699
12008
22104
30533
35048
10295
31958
46578
16850
19498
31713
11287
19788
34248
48804
11556
15936
6861
25497
5055
7943
48116
6474
16634
14466
11371
23689
7015
49911
6527
21163
34086
45070
4343
29263
38189
28467
5715
34455
39418
7340
46081
39248
45143
16801
24990
30482
30992
24833
47681
6385
24645
21873
40989
687
4529
11384
32269
28219
1952
5602
25447
33242
39200
21639
48913
1761
43931
56
29562
34731
11480
29652
19834
26637
46688
33206
40355
13401
27986
20850
32252
28153
42330
25658
46016
2022
37360
34672
42013
36573
6693
49418
44848
35768
10151
16691
43903
32418
9020
22514
46750
41852
6758
10366
39042
42374
32298
1267
20393
45701
35792
6396
17638
32303
42836
26937
16476
23057
19310
21218
16594
12165
34341
38708
14017
40873
47788
35363
7123
39568
10242
16527
7934
13263
2901
49536
34132
41309
38194
41394
29720
42022
36472
7551
35391
36612
16194
11643
27368
27641
39324
10869
2620
21509
44378
21022
11160
9678
24145
16182
38177
2753
27443
10243
21392
38416
48337
46351
15967
49722
18459
46348
38398
42103
33986
33115
37211
32861
31607
14666
48504
4311
37058
16346
29806
9093
24647
11016
1346
6163
3736
42858
36766
3613
40121
32642
45339
45774
42784
17197
18569
18076
24983
31374
7804
5752
20361
41353
24720
28529
12901
15412
34549
10070
4522
18952
43458
6637
22916
17644
8967
14493
23458
23039
10442
45129
6865
12891
19888
47882
41545
4295
2702
21782
44829
24731
13986
23921
40030
5027
30081
30654
21758
19174
21778
34205
1252
33441
5643
8445
10845
1322
1729
16241
13389
28308
20290
41913
12134
6995
24618
34478
34380
585
42646
12915
4379
44453
10471
20520
13357
20756
44856
17182
45194
25695
20815
3202
29832
13108
7191
30225
10186
25536
24708
46245
20566
22233
15601
32495
30595
26143
284
30542
23053
42155
43672
31542
42839
3586
29014
25727
39865
38006
31177
31983
18849
3937
32952
30318
15197
46009
42142
19827
42445
10686
29554
13833
17522
10665
35495
19838
25704
445
12337
37019
48962
31458
896
19196
41609
17399
46955
48863
5053
47908
3052
37339
36208
2515
12860
31005
14173
25865
21207
19593
31915
40868
33553
16788
17276
43456
43913
25963
26485
32755
36494
14786
15426
26645
39172
29291
4916
25377
3692
90
12445
23072
47465
6919
47473
30921
12517
3561
45467
20691
2803
47521
16751
13512
12513
26726
34513
4254
37604
11770
16757
2955
9528
903
3872
38791
43544
14138
11473
43867
9180
11298
48750
37974
76
182
49997
21826
46454
42735
46301
14104
5226
31591
30407
4855
11193
17681
34012
1205
43677
19091
38214
36720
38298
13126
11876
43708
6438
37636
19078
19878
13135
37035
45149
49420
806
18378
13600
14187
15422
48481
13015
44406
20812
26151
39597
31587
6857
44280
42478
30517
48205
31170
3913
1321
21791
43508
693
16155
36044
8228
49823
25860
6300
15171
3461
19649
40379
24244
6727
6318
18064
44542
10046
15425
35324
39722
10225
49991
3656
43399
47091
47930
800
21696
40990
43730
19545
42535
3387
28916
20861
27855
41248
1671
46018
18406
23770
15766
4444
9494
40113
20933
47875
35478
35517
38324
44056
43814
21131
24052
31981
43168
40363
44551
27272
14101
6790
45891
11255
962
41616
1398
5429
48534
34612
37332
45390
12167
45629
34558
36447
41390
47408
47578
27304
4965
30284
7117
174
31569
23912
26459
9429
38262
23843
9117
39216
15509
25532
42676
12373
34779
41597
34958
6532
20227
28857
13547
38001
29745
9958
16789
3510
10718
44548
32178
44078
12926
2785
26177
41242
45341
49542
33221
27222
14504
12744
40991
5264
1023
48372
32439
39534
14133
32563
17627
25795
8096
33148
4580
6422
22734
11055
13032
28016
43707
26828
16895
34054
41481
49466
24713
49422
2238
2616
43830
24392
26580
21095
26856
18112
29626
25673
49443
49245
28198
22886
23982
37917
24460
32789
28497
48719
24112
8098
21891
3513
13945
40167
23472
11715
36470
38270
18782
32705
36678
11396
27724
24155
24334
1992
10927
11998
40188
23528
44868
41037
29240
35395
43887
8031
21032
1074
28081
14579
28769
20225
27536
18065
5210
36479
13010
29668
7319
41844
2508
311
44732
37546
14688
15700
2084
39621
32656
21742
13423
12493
7289
1869
19617
40967
18394
6192
46162
24291
49581
27774
21583
4066
33295
49958
5502
30399
14589
46703
37077
37936
38401
13749
44515
19170
48043
37574
49250
18788
18380
6482
36143
16635
10562
11635
34493
38937
10908
28113
19789
26031
46011
15198
10976
27003
11237
36836
48752
42777
15993
14265
9756
18853
4905
41537
47726
15684
43505
45357
696
8647
26598
25926
45598
3690
8175
39490
3447
49006
30498
25876
47507
15624
10422
30844
15340
41760
38293
14760
39694
16467
34318
27391
30180
37980
36922
18443
8660
41718
33619
8458
2119
47660
41567
34881
10095
38280
616
33977
16572
42809
35965
11406
2248
22723
31516
35764
40105
12218
44938
44432
41563
45237
48140
42443
44675
32317
47791
8216
43833
3063
33697
21929
16171
26499
29962
17366
11940
7673
2888
5698
45982
18757
32645
3298
7880
41291
20449
39439
24317
22658
43010
13880
46507
12450
43734
22262
18274
21183
23747
2426
5114
13970
11362
25809
30011
13747
40676
810
47573
43311
45555
22835
42027
32280
48643
39456
544
16530
5066
3821
26504
43442
24493
47349
12114
19964
41851
12800
40230
5887
19917
1936
27830
2542
30004
377
26455
13298
35730
40233
31199
16791
1552
39215
13725
14637
9118
39213
21712
15685
41234
17250
21709
2336
25242
19002
1139
41396
30667
1691
27863
1035
7167
11348
16271
1224
26525
39800
29153
10069
5046
14073
12514
27322
36873
37730
23459
47491
4097
14435
43962
42651
8360
44874
18141
22730
21471
27820
17284
27032
23295
14936
4909
29790
14350
41305
42232
41492
673
33363
39280
20879
44385
23539
47609
19936
45369
42275
46862
43229
36228
35944
17560
26664
5872
24707
12491
29410
48250
49984
42405
21331
31394
28785
325
3167
19647
8277
33470
25512
4652
49428
36303
38125
8401
21138
21110
45275
42536
41285
36987
9571
16845
14401
16151
42556
37369
24152
40309
40453
35107
48200
19750
30351
33136
46558
46587
9791
31203
32647
1257
46886
25624
28551
7051
13431
27843
24369
46746
48174
48334
27851
43662
32715
44344
33651
14019
12180
6528
27831
23676
14408
11788
25241
38254
23294
39201
49122
9255
35204
48195
15310
16817
36065
16211
4686
5196
13264
36892
49412
32254
2510
21067
14422
46753
28157
5531
20926
11943
31301
15449
23191
38778
37535
13040
18563
10961
29682
7367
1846
6699
16630
34978
20000
6770
18621
13275
30329
14727
1867
47004
48856
22272
30501
29615
29601
36663
44166
28338
18100
24876
39278
5710
37660
26164
25992
6551
44690
23902
23141
23010
25967
31236
31913
13494
14117
9240
13567
7594
909
46538
12070
42494
49099
16501
20375
43416
13767
47005
35932
9236
16564
15628
49427
37311
48387
34272
27286
45838
37888
36403
47073
46783
34328
30094
33127
14927
20500
13598
36302
21544
8410
35591
9016
25902
43004
42016
1920
2251
45765
24049
2794
32867
30230
37891
29867
33041
19395
35643
26173
46365
21659
16599
31914
5236
1315
9803
20705
4238
23588
3583
3969
47477
21101
14149
9103
28082
15316
18571
48361
318
43076
13942
17369
26507
19708
30832
26574
31956
38942
30547
44502
1107
30562
29390
29812
34593
27919
40810
14286
39058
23992
28664
11145
11424
43494
29959
36191
23197
40817
34061
1508
14100
7266
24483
2639
29405
4268
21320
41171
6356
5967
34041
23946
46428
5940
21804
8454
15944
23037
15363
17531
16068
33392
25606
38067
2396
945
17042
18352
47378
7622
31877
26998
18339
6342
44932
22542
31979
24076
35180
39390
17325
13144
46309
25082
11133
37142
24165
4576
36849
29183
47871
30786
24128
13240
21628
25212
24178
48253
29180
23734
16431
35763
8378
45743
10454
21781
148
8139
45112
13178
44689
36668
33187
3271
25025
9201
8489
22261
30960
30453
44375
1031
25486
9589
24842
5649
39600
8736
5591
33376
17050
19431
46362
37683
46380
6590
37903
29038
5614
33365
803
12659
34409
23576
28799
7502
12368
1125
38424
1611
36429
6845
19973
41367
1403
49031
36092
11303
35414
39173
39109
17149
11534
3062
1506
36941
12387
12322
11333
7920
23554
42854
20230
48460
39114
10971
14182
7
3308
15305
11246
27643
37426
15342
41827
43689
33510
30623
32235
2070
9668
32669
16709
30438
36798
23325
38494
22164
39798
30353
27293
15477
49609
30536
31421
45606
430
43664
21786
12558
6558
21948
30548
2949
12230
47753
35901
15927
29351
28340
8385
11277
38758
47953
33434
47200
20503
31670
19532
45037
16697
46155
34680
32829
24703
16037
34214
44764
22499
20220
18127
37414
49788
37772
24950
17127
41476
39240
46759
43349
32505
10852
24417
36045
43844
42616
35452
39191
45759
28956
31252
49668
47584
4906
46064
33932
14165
43685
9586
23264
22468
48820
33847
33540
35740
43654
49373
12546
38447
13406
13528
35431
44883
37210
43838
41526
30115
44055
21695
1892
20690
11741
8266
15163
27420
36306
31916
41952
33366
7746
8161
38228
6429
1055
40580
30541
11686
5479
35761
5779
9167
844
26750
18221
12487
22628
28744
32044
47425
41614
32360
30641
37521
17147
6700
22056
22310
4160
43728
37122
25411
18374
47423
21731
4463
19812
8974
47611
1307
9623
11820
12273
40559
25067
8182
16222
26463
11195
19135
22675
43943
34654
8414
26087
7549
40322
44204
23753
14960
43187
6674
13934
25000
5128
1905
37366
24054
47263
45861
7620
9085
49544
10862
14214
13755
42393
14430
34735
11872
30227
16869
31723
14730
42757
1235
41553
8113
11385
3302
15328
45293
20679
7007
27371
30971
9091
2601
17867
37864
23408
13753
35398
22473
32511
8964
18530
19050
1459
23815
46369
1866
39369
15218
15231
3273
36658
35813
48948
11822
31766
41276
46135
4480
12559
8091
12122
37205
358
21013
8667
33105
9709
3347
12839
11008
14691
49262
14683
35002
15873
16383
37489
18784
33870
40369
27773
15311
37091
9787
46546
38440
38337
8247
11502
25321
25159
32971
10190
7553
37282
34648
8382
35518
12620
10882
31740
43694
30754
4321
21215
3897
32539
8195
29229
45539
46125
35079
49591
25690
7306
2028
10781
12793
40086
37011
48028
17529
40916
24953
18276
2790
2394
31533
44658
5289
28305
8694
28518
13903
40654
1193
70
17598
1476
15550
9944
13397
30931
37567
17466
10457
45933
43393
18101
24415
46561
40659
1085
49413
4732
35627
47688
19372
65
19604
42636
43381
31034
8114
23532
14580
44671
10761
40006
542
25231
47690
37868
46406
10396
43124
10074
42818
43247
44224
48544
8910
6485
43642
29301
40095
16094
18403
39667
42719
11000
29414
29177
12745
25871
4599
12602
28154
12186
28724
3368
4914
3193
10106
9354
28379
12435
39556
25616
34544
6507
48765
28597
37918
25184
48937
48943
27545
2861
2148
21412
47987
24745
32524
41884
5671
21295
48674
9278
3464
5484
3771
11968
32194
22169
27733
2696
29137
7946
31895
16658
13268
42241
10978
28165
14620
24018
25425
6448
30805
42214
26254
48893
15039
49183
5070
17400
3756
37523
13968
28368
14067
35906
40898
12814
2414
4309
20167
4426
40801
201
34763
1693
9516
29505
10321
3235
42046
15695
44465
12914
35867
2030
29648
15964
27815
14989
9521
47475
3743
34362
41272
23302
28525
43530
23491
41999
47470
41489
37439
26375
14121
30833
18396
11099
24172
19121
7023
442
43333
34353
35628
26247
45779
25782
38962
37152
38418
47210
8561
10698
44402
23613
2960
18572
12706
44600
4880
30136
3157
10083
3313
10194
9184
29714
11285
9790
11272
37177
47432
20583
37711
15461
39881
8155
23739
16545
7257
3178
11520
7843
3553
40587
15638
3076
19662
9244
35833
387
48537
30008
2077
28259
836
8053
11781
42432
2594
2951
22022
31331
39776
42157
17728
31600
36401
46186
33326
36829
40159
16268
14630
20366
36159
27129
31435
1484
19452
37836
31552
28729
41600
25773
9686
11634
42770
4340
46849
14280
32712
266
6436
22474
1925
33766
20755
16375
8504
13180
40394
44472
22825
13778
42044
10484
27163
28938
11092
25768
23692
24478
19939
17359
12778
46239
7626
23261
40196
10841
37786
45521
43061
11456
34615
34468
17169
37153
16000
14661
49552
13505
45992
17772
32233
20625
11259
44546
20317
256
815
34775
39243
24984
26792
18575
23247
41055
44846
37433
7677
5515
37644
37692
40712
5804
6804
11814
14657
23650
3595
47822
42953
46479
27238
35883
16589
28686
25588
894
34922
22646
45981
37593
43986
46976
23425
38076
6972
22931
45983
18545
7599
27659
18935
31536
28364
30107
9430
46313
24546
39098
12409
26190
46547
47503
20920
2053
11069
44219
6975
42506
40771
13706
41628
31788
20531
30847
27612
11322
39325
21664
15947
2090
19279
5563
1620
2260
338
47447
14439
20865
20620
39651
21117
45497
8576
18891
17393
36544
5078
40187
26322
20779
30807
21096
40933
45557
20395
48216
18466
43849
1136
35403
36325
39229
13881
9049
6320
35114
38108
29709
45699
46310
45766
6830
48944
27531
44897
28388
25259
2410
40501
35447
45106
49296
7520
12420
25433
15442
19212
31339
28443
23553
25896
28900
29858
28585
48525
38631
19447
40834
19134
31818
42808
46669
6121
41795
34759
26080
11663
44781
11970
4491
28045
34224
1145
45316
28503
37202
11936
34100
6005
30019
3250
42433
24117
48139
7288
9322
15255
641
31735
42590
32244
18510
13289
37333
41370
40007
36965
17020
29719
3051
46664
21465
4878
31567
29166
31726
47415
46071
30483
31989
23685
1196
22543
12864
9991
4731
5045
20465
26678
26936
20592
43740
33831
17713
8088
47045
47227
5459
31049
9043
11739
36752
46412
35471
23145
15640
18544
6026
10623
28895
24088
28971
14145
48370
3089
18979
48062
42304
21842
12065
18613
39834
49234
18990
13315
44053
23400
32193
40645
45182
29085
42447
13893
13430
19626
25085
2437
228
36527
42179
24548
25400
22663
41684
4367
2259
15024
34431
36390
24491
27078
20930
41405
48559
44328
3809
18190
16816
42283
24646
49454
45678
25529
2284
36583
40046
18196
2521
34552
15441
16719
3874
24924
14218
48049
29748
18245
46327
19543
6301
35686
47928
12340
10766
33970
29071
17079
1066
27894
36649
2092
21960
10673
20898
42378
12323
45338
31062
42568
47458
36714
5387
22899
28323
11094
38568
35527
46056
7098
21640
4517
13885
3310
7942
8733
7737
13393
36482
21533
9205
30569
24776
48565
722
29900
9587
24405
31224
35849
30681
31332
29063
26421
5294
48529
36603
49315
23216
8548
21426
46214
27052
186
22896
8039
3980
22986
16369
13409
47948
25047
47191
34523
26480
2772
8872
3055
13794
14783
38884
25323
21061
42251
29460
47818
24071
43823
2672
8037
47085
44265
4485
9906
3560
1737
6454
674
43737
20783
38441
15962
35960
34428
15380
12952
41862
29604
28774
45160
867
3579
19679
13408
18938
16048
17878
20891
16639
43133
36879
22777
4782
17218
35275
13146
27148
10429
38096
48678
9569
37007
14587
48714
706
21248
46094
4455
49074
37988
7770
33555
32565
15500
31449
4289
11403
43864
37130
17239
37342
20516
22573
14850
44464
39195
41114
7354
18538
14920
46019
26305
35752
37183
30537
18201
44999
12584
42461
11566
35346
12749
15454
49149
4872
4266
17178
15119
13765
40842
23939
12956
9874
10038
25597
29920
4138
34480
43497
10102
13820
41211
48723
30084
47799
22338
49965
42238
13601
49281
9819
13663
38824
8618
39771
30024
2930
38288
20661
29882
15116
45914
5754
25485
17923
5918
1526
23290
41643
10571
21464
20189
40568
42139
16980
47770
30218
19534
23601
34643
14181
27256
6088
19059
14848
26860
18350
7186
14148
37125
13526
18119
47530
22997
582
210
31260
20912
7988
24425
15475
36227
4874
6334
44369
2213
27015
20174
41128
43492
3407
23215
11995
43154
29239
49411
552
29911
2376
34167
33223
3606
26439
7106
27662
33707
45790
22863
25115
28180
6670
9483
44642
25105
14677
24836
29606
38539
24925
35809
31160
27090
10856
8068
3426
14340
7990
4028
31321
24069
11023
45352
43007
46339
38854
3687
27281
30663
24367
37982
37214
18217
11404
49878
39912
32626
14584
30390
22497
13825
8168
11713
11485
42216
48938
28613
33767
48026
12430
40251
39122
41705
14520
26555
5118
43019
42236
28779
29299
35881
27544
39696
6832
28943
43553
35611
28398
2405
3885
26377
48316
29653
27720
22299
3784
38699
29172
32734
17234
42128
31922
11048
46692
38361
5999
47338
21012
5291
26052
15702
3212
16313
22327
19741
45852
24293
45518
12434
33082
13653
8084
7254
17860
27679
49460
19934
16261
8255
18340
44070
15462
987
7697
2999
21920
34098
8845
6271
29857
39025
21116
38033
16926
4129
39062
14789
45104
26796
19746
41229
12276
19071
47384
11295
46219
14704
30704
31295
24266
660
37781
22307
46175
3112
24232
15728
20572
31201
1547
32480
23714
34037
4998
45093
9355
3506
28846
47284
47652
17240
46551
46773
16642
33830
23806
26078
32130
11772
32659
21707
35219
27203
13019
18164
38659
26233
28904
36670
5720
419
14029
23610
39905
5493
2156
11992
39525
32012
39572
32406
25510
41075
45694
32428
23706
28937
15604
1449
33884
11499
41472
30507
12223
44295
14977
43047
40651
26423
33889
2635
45652
20991
8672
46171
13075
9258
37199
25552
4902
9696
28944
17033
31737
24471
35445
36538
16288
2622
11857
23088
44135
36069
8284
33455
21072
4581
47979
46475
9502
15986
15389
14109
23137
15054
42001
21611
8184
21222
39424
8717
34079
17731
45332
28733
22874
17734
26263
41110
30123
33370
42975
28492
21046
2298
23663
19698
14839
3175
3118
33834
12858
17340
43933
6809
23675
49514
37878
6288
36707
42190
44885
12469
22958
26605
8154
13925
15525
11957
6267
30152
48993
15241
38677
200
42566
1902
24541
2673
11316
5588
30939
43320
35197
19137
2362
16520
42964
44830
39043
41335
10998
33587
9128
49254
22574
37542
12204
31910
29421
21693
5512
7071
39227
49742
25126
3404
22924
6154
14164
29567
27532
28335
40830
48431
38221
42340
9459
15149
23373
3730
23875
21594
49157
13972
2135
22099
46932
44013
19560
479
31693
3547
28056
3636
24243
44460
44836
27665
18531
28417
34532
18077
2966
25530
13806
46478
13587
45902
49002
2379
42934
14314
20363
26715
36960
47063
4015
22269
48793
4590
38546
450
24115
36565
43640
2547
8225
28288
11647
42801
17926
42725
10040
53
12905
49075
27474
27933
20045
21516
28579
10260
40082
17167
8152
9338
48805
2931
29243
4190
33892
36723
17146
18972
36528
44371
31281
15849
11161
40
20184
48258
44057
7284
3950
37345
11834
34607
1385
23363
35261
4119
39331
45306
48519
428
48894
34129
9671
48839
1780
33814
10330
27958
41337
30615
611
26921
33104
5240
5964
735
12097
21444
33741
25216
19250
49548
16202
86
29625
900
42237
14842
43249
9986
38890
42177
5506
39312
18754
13692
4170
19997
6536
20832
32002
4116
2197
39795
948
36531
28411
678
44164
10107
43960
35866
8019
18664
44323
9409
11024
20009
26208
10340
8634
18697
21122
49989
25740
31725
17987
34566
18608
48293
20228
1353
260
23139
17819
39811
26200
46609
39933
31140
31776
33699
3291
35140
16167
40161
28699
15516
3921
7994
30645
38372
27364
28422
36139
23490
17563
3596
39797
35189
28035
21844
24863
49732
823
37703
32521
3169
9082
38227
22362
20472
44246
46719
5130
27116
34225
25213
40555
44314
21880
4936
5339
3208
36152
49587
3006
19282
21080
4239
17389
5171
7881
618
12224
17441
41904
2688
34156
34303
3884
36860
21825
10748
36981
13387
1500
16474
39005
26707
27221
26586
45389
13688
10865
41105
11693
40128
12868
36908
45716
32976
1172
36618
13809
14924
28899
38313
46873
42980
31222
45397
36730
32781
30066
5287
11453
23571
21984
45906
12321
48059
37961
30459
6754
2687
38933
2983
43342
24084
7625
49175
42159
21694
40539
45355
41417
7320
43632
22519
12992
43307
42673
46671
11044
7570
48289
30794
29813
10749
31325
45976
4566
30848
6911
34331
23066
27253
47809
21379
22910
40802
23699
33291
21736
46367
2267
10278
40573
8778
6905
10742
19816
22965
15401
15219
39445
22622
45495
48828
21679
37965
10000
4725
5462
49316
37263
34755
22876
31050
30580
23009
5819
29891
27462
3987
25139
13035
49486
19276
2483
21408
14559
25878
1146
25816
32260
28603
19616
29058
13940
25150
37384
17593
5829
9684
404
15901
31964
20510
20735
5445
20053
9470
11305
124
33601
13304
33231
47890
3930
17471
30873
6235
17142
21772
19566
18263
23776
14914
44623
12627
29928
4297
35789
42537
39774
45164
9191
36086
9346
6193
22059
46962
19504
40305
42099
9873
36906
995
26681
10335
15376
46494
13092
48416
29903
8598
31025
39918
27805
24426
19562
1516
24778
5524
17901
46813
37585
31559
463
19775
11731
24058
10577
4834
17516
45985
8392
22322
23617
48661
35479
49914
7283
13283
29379
18143
13532
13722
29437
13175
33794
4869
5971
26638
26626
28285
36434
30079
11383
32551
45005
17024
7062
13221
19820
6340
24479
41750
22759
39506
49425
14002
20887
6307
13888
45573
26196
25131
34827
40375
44302
45551
27956
8420
23111
18110
23607
44036
2978
24941
24528
32195
45417
12062
20941
5360
29747
16105
20105
34819
27306
36793
43585
37942
47560
48516
48862
8569
14224
12635
48068
10456
22692
8725
46661
21053
5341
1621
3255
4046
17021
33274
39959
12302
35568
39548
21909
33776
41897
24591
42116
41435
18943
7996
14203
7121
17111
24564
41875
35404
49135
8366
44438
5886
12896
20782
41176
22979
26643
5668
13913
38042
2581
1226
29344
20021
36593
15571
32923
1177
25421
48586
40896
28851
35325
2211
607
8564
19932
31285
40707
36016
2299
29578
16146
12845
4724
875
28179
9410
49138
3724
35101
17723
21132
4408
14486
197
35579
49671
43900
48423
13105
18199
31541
11414
44421
47487
45593
20765
10603
25846
42717
13654
19570
46573
46986
29978
40053
8959
12067
11471
10250
42169
26642
21269
11013
9178
17346
35421
1503
26453
35057
17854
48495
47032
23133
48094
42837
16418
2943
11482
27791
1572
43172
1309
37765
35486
43280
44370
35321
28233
43470
9527
44772
42647
635
42204
45108
5425
3584
8038
9539
40734
45583
16750
14372
37456
41246
41416
4628
47936
39504
46370
44104
25195
33290
12534
17613
36153
12475
27000
46095
24948
14326
6566
21154
11017
26468
43132
49386
35575
24331
2089
13585
10643
21049
19865
29884
6529
927
12256
35781
40655
13309
44401
18222
10554
7276
43415
24695
36691
28289
20251
13530
4298
18537
49795
32908
41788
14885
3256
40649
21305
25684
37687
10153
22140
21576
29579
11030
34201
6471
29831
8256
40397
42905
25093
49645
8632
7165
36432
45570
7195
3634
40899
32153
44827
35450
26071
43495
19225
5946
14679
24132
1588
45897
46930
18283
18957
43475
20314
11949
28276
32072
49111
24662
18422
35923
26395
46650
27378
22975
4637
34971
29236
19943
20144
25982
23019
1890
18686
8501
7390
48877
15504
15963
33802
48711
22517
9203
3009
22903
45880
38206
42086
34722
26203
3868
43956
19672
47697
22522
33685
2813
154
27038
18565
462
6504
42705
38331
18498
7163
2755
17918
3411
31274
32722
3408
13545
47341
3109
22860
18395
24434
33662
48553
21007
46555
46267
2244
38766
44112
8419
37270
12391
49205
3564
5873
2275
3331
12531
23511
40524
10328
12726
39355
24469
44390
15028
1670
27605
20943
35957
25299
8498
22400
8735
6195
44560
18830
26335
26327
39069
6569
13578
49481
38640
23007
48981
40089
48219
19989
40071
31539
43596
31865
7506
21376
42846
41958
20852
26866
9616
42921
11286
11977
23724
26462
5746
14158
49680
31942
46177
17807
11466
41792
41312
2285
48456
49110
30070
20038
22448
37361
7956
22551
46233
15843
7145
355
30276
7877
21300
32512
49227
6636
32964
41529
34963
19493
27128
45216
20611
27850
38948
12737
10936
11409
49754
32352
28426
7538
11327
717
38840
2626
5431
40319
37288
28193
46565
12440
34582
3603
23381
31162
6058
24005
11887
25074
15854
5263
34159
16905
43030
38719
40806
36895
26873
42452
41420
44133
28537
45558
21472
39919
46193
36610
6684
43546
23627
35736
32643
35852
10520
20513
25021
7317
15225
44567
28078
42007
40745
18800
8204
13853
46998
41968
35529
4719
5185
46941
27740
3601
31765
34206
7619
1013
43261
15925
30763
18999
24834
48628
16994
35731
13616
35006
47386
34826
8107
6766
36619
35160
40338
3012
40532
11543
19020
26682
46739
5499
7510
12593
9555
42769
546
12147
12855
14125
14030
42525
190
23788
32979
1566
15278
49669
9247
10889
7475
15573
26844
9478
47557
22689
3382
4610
49287
18675
39095
3176
44335
30890
1859
5345
44813
3013
5756
32661
14039
48090
7462
42425
46178
26663
41389
7505
48903
40578
35872
58
16820
6628
16482
20001
10607
24372
49999
42935
35208
22323
22032
47619
39647
36269
27025
49103
35709
18290
35187
5753
43065
6441
7703
3452
44933
4704
2516
41100
42419
47944
19947
34840
36621
14341
48532
5259
34441
4653
17405
39995
20146
29522
32417
39796
28176
27717
49716
1945
24014
44341
42684
9953
32903
9904
29726
48269
468
821
27186
24783
40526
33695
31148
37884
18611
1089
847
116
5542
40094
45899
31869
13065
6878
5505
17959
41558
49898
8460
19757
8895
22094
40068
35181
8367
6900
38408
25979
42270
14740
3419
29823
14344
36019
36075
33102
31106
37755
14283
19674
43518
47587
18968
49409
31635
34659
46550
25751
37319
18386
9311
17791
28972
24599
43810
38692
1912
29286
19499
28034
26652
37259
27401
28190
43930
48454
35162
39536
12589
12532
44576
30491
45978
37516
21181
15346
25434
4992
18635
6779
39471
25460
1446
13742
42105
36444
42700
40828
16475
5246
15598
25889
6449
33476
18721
44625
18893
16615
28631
34796
30300
15658
45500
21189
41514
22737
1336
47486
33100
7828
45855
21047
19702
3556
49712
17469
35488
25708
26596
11728
41755
5258
21924
17320
117
20839
19531
14905
33627
7146
25214
38739
32898
24093
21676
17588
31478
14166
32968
23160
3377
26458
26782
35446
20952
31231
1797
7815
21720
29683
46676
34653
6955
16937
9037
14201
28
29114
35490
40880
4646
8314
1731
36546
38915
379
4518
30034
32026
25394
23187
27463
1109
49313
10988
2041
8951
38459
5153
41761
47536
15609
525
47361
46212
15650
38548
41591
26636
25461
34389
45028
46959
46508
43138
33974
18477
14512
10858
23599
1821
28151
17809
23893
6196
22707
22670
11528
26824
5224
44703
14811
49659
2463
42938
17982
9194
20793
43376
2282
31452
12719
6962
15818
1323
33678
34907
17684
783
39739
31329
2458
33539
26174
39883
28203
26606
25798
38299
22970
31699
24482
20760
30616
16862
33593
9653
36795
10606
7700
43551
8925
4578
13104
26026
27333
37473
40874
33081
28755
3290
21100
11838
37286
12997
38557
22002
44144
17905
30139
9836
39220
26041
42672
9971
22358
38032
13313
16004
39816
203
31261
18931
8923
37201
42954
41540
22294
16934
3198
1725
49247
4853
15763
26623
44606
12138
41421
44843
2389
34618
42941
16116
15719
33238
22507
28466
21201
3539
324
36759
28796
22205
46183
44972
14837
32703
396
25726
2914
39161
36195
48283
917
18809
44993
8706
26412
45445
28069
31778
9216
13244
7790
20615
32287
28669
4605
20659
23170
13644
5115
41320
27428
8000
37421
26870
36207
8759
32981
25244
27547
28225
29991
31441
15819
28067
46489
47687
4351
1681
20993
22808
14888
17880
41493
43059
10963
22555
15414
12653
8238
32237
40124
11164
9321
40861
35029
2522
24961
24570
22151
31432
36295
24279
23473
14894
30813
26974
30370
15605
33807
6600
9533
13003
45510
38126
49169
8311
22128
48517
49118
29269
30680
6669
12330
215
29947
26400
42208
44103
37115
29602
46985
37460
11201
30421
46653
41515
24754
18514
11311
11192
46355
47374
19919
1230
31425
31074
19248
23625
35086
31667
20731
6112
5253
31582
36751
11432
29976
46436
41270
21553
47998
8945
17196
45210
22106
601
5595
28985
35383
29045
22657
31768
18673
25503
19590
7491
43947
3165
1457
9274
42782
17155
10425
2683
32208
28663
40467
26983
20813
25991
33024
47631
9917
37998
1589
27520
43981
47671
26316
15105
15472
13886
44452
31976
12456
37074
39961
2444
11983
5255
11590
49503
28297
20461
2676
41663
13514
12786
32201
1650
33580
33850
20130
15080
40018
21506
561
41443
43806
13760
14915
30670
10506
10405
9513
35634
10592
29780
46404
41656
43343
42736
27836
28184
29367
323
26607
9582
44145
34512
16512
38753
23865
19903
28097
38724
37871
49028
21743
6508
10949
10123
19859
45954
44618
11799
5700
29475
32596
41716
6578
33887
35313
44791
25225
36274
39429
23766
20296
19666
29374
31013
30472
19722
17214
31183
16099
21601
14333
34232
35201
36485
28037
49508
7544
40484
2984
47128
25275
30904
6920
4799
8097
30571
21895
18680
25265
4110
24130
13296
32148
4332
5206
29680
41767
21737
49941
7893
25191
3619
46449
30395
31130
7754
18839
23496
16098
7334
31459
10208
28573
43184
2928
1640
2337
6229
18116
6789
13602
6442
17065
37725
1094
33649
35359
47777
5589
19004
10913
30229
8818
12162
13208
12477
25931
46434
29802
5942
44794
8444
48960
22606
17119
2136
17139
40258
34498
11609
34131
36841
43101
10622
30417
44115
36351
46294
27265
9730
37619
15372
5
19077
37248
2204
3856
11304
26364
29136
9413
33793
14284
36319
30629
12966
42326
8308
35889
7099
48041
19440
1704
35862
47906
23329
20709
18602
34103
34390
2152
21432
1225
329
25271
30121
11465
24857
14128
47532
431
13051
48203
31969
3549
23964
46782
26925
41667
31342
41589
11422
34447
11523
30410
7606
45236
48852
1295
37258
16945
1807
23812
5719
20569
40202
45723
38027
31093
28287
16725
5321
47553
31044
32032
33584
30078
41281
30658
19774
19343
8593
35031
25229
4083
6216
44455
40229
49720
2031
27521
19728
41661
8783
21334
2223
15495
23606
37766
24435
37247
7951
16489
22127
27608
49093
7282
49201
48234
10675
37798
25746
924
43658
23541
16067
46812
33856
13042
36198
38549
33456
32053
8394
27017
36525
1662
24361
27705
7034
8711
32448
28248
21091
7199
38427
35429
28216
47855
38428
30660
42333
887
39252
20984
10054
26049
22074
40585
32666
44579
21647
49003
49198
47400
35327
47529
33244
29824
46371
9732
16318
6867
22512
7631
40405
8471
40669
42223
18012
10156
3638
26838
20404
19192
18327
45296
5167
34506
1326
18030
6850
19312
39730
49366
17715
2876
39917
44190
12849
38969
45720
644
30406
30046
41584
37669
31448
43937
39061
33921
2968
45195
42071
40290
14592
18209
15608
5487
38804
39923
29732
10277
6618
9629
531
10497
46835
45261
1381
47535
49253
6030
39964
25944
35229
19207
19497
33220
24384
5015
38733
3859
47653
17373
4945
37499
18001
23945
29278
33771
16687
10994
39041
43302
2479
12923
34911
33432
37822
28249
42847
24749
35375
15131
46960
39693
6495
49854
16778
48489
31326
27503
25958
24448
35695
23515
48405
30581
17463
27451
45526
34569
24252
37873
11892
40911
11171
9536
5439
45590
12683
41413
27993
44904
44148
21494
12773
31259
41900
25038
11419
33718
48131
24684
24274
44343
10325
39027
7628
7311
48016
24929
25276
4369
41605
38516
43695
34813
11583
49434
44232
45698
39569
40286
24890
17863
9276
48756
9298
36792
35755
22347
43197
17348
9890
8044
22644
48459
11227
4038
16812
11863
8982
13501
11323
49913
768
43384
34515
29382
43037
45269
39893
21989
13291
34444
22036
11875
32209
27266
45122
32995
3140
47683
14935
23512
34579
16471
1328
44682
22999
37441
49289
45494
3671
32159
47651
3458
31712
35576
26079
24611
34716
49013
35688
37834
23820
2993
38391
18944
41535
29395
12392
398
49129
18700
42455
30777
17995
19428
23564
19507
35407
29324
18450
33923
34278
37698
4307
9706
48406
19980
45690
8370
621
14517
33914
19547
36064
12212
5817
39939
34947
36166
43906
29638
10663
27580
11447
13450
49164
14119
38345
30448
30659
4447
23001
17634
10268
5899
21531
12716
20672
39340
25817
46925
44841
37496
34429
25322
13572
28298
37317
40118
22567
39858
7765
22053
40925
44667
16532
19338
30128
19335
33051
12258
9734
32597
21716
3023
45623
43893
15529
26826
42991
28736
48897
47634
47069
14565
25897
39283
10009
14944
22674
1286
28399
30558
29117
45777
45088
30749
39457
11702
1777
46224
37778
36581
31466
738
3529
25831
19096
39309
26293
41096
8996
43511
42751
15909
10650
1258
11661
27587
21630
9676
49020
2023
40627
20498
41568
39847
19851
14142
8757
40451
47020
40625
49993
15068
12219
44939
21420
42336
45739
6310
24525
18854
2992
31963
4562
31150
39663
15974
11690
21346
17232
43395
39643
32380
4690
33747
37020
31957
22192
11740
6946
26169
2809
14555
38574
29614
10897
35851
33262
3538
16314
2733
32863
43351
3977
49220
36118
8332
14756
15229
19724
40203
39440
21324
8294
32769
7593
44571
33403
44983
37486
4574
22575
44804
14545
17390
33283
32018
49704
18720
100
8496
22068
29099
27164
21776
47616
10035
49622
33787
24210
37492
10388
29408
48070
23891
47326
6498
28927
28548
17706
33665
2642
507
23112
24616
6475
12776
22839
12151
2756
6690
41741
1049
34809
47027
1234
35560
14774
46717
38839
17671
25201
6335
6359
49897
7743
36665
20686
15761
47033
14312
30132
30697
47963
21951
3544
38339
40981
14362
6689
49805
8257
25281
41201
2588
18237
5031
14440
6512
19329
11746
4316
2171
34123
3581
13031
40848
4466
28575
36285
35056
29941
15011
40400
1901
20456
2209
38370
5220
15044
29571
22838
18705
48704
17541
31640
34172
18357
34121
5394
38729
20925
25786
4197
771
11697
40620
5104
44668
25713
47316
38453
14453
6729
14922
9405
2917
21857
14968
37483
49753
28457
21014
3744
16882
34271
7477
12798
10112
2470
40533
16496
49931
10466
36857
48359
41634
37387
1245
33964
45212
23790
4762
29663
11909
25481
16906
18275
43100
30640
13732
5908
49784
30817
24446
18458
8666
19653
667
27376
6591
4509
29313
32877
29662
13113
17910
33316
18069
49475
28718
13029
38113
30968
5924
8886
11994
41519
15657
22315
17873
8676
4263
33073
8952
10118
36780
27414
1822
8844
8534
39057
38355
13961
21045
30178
22113
31290
5571
47371
15881
30435
4763
20283
46361
25149
4025
19885
36051
25414
49597
26958
60
33917
19062
35821
1024
18342
43193
37488
13459
24669
44457
28392
38085
23975
14987
5808
48639
6260
20570
13307
13355
10306
29527
49684
19597
48813
28628
23762
27755
47716
27988
35769
3779
7249
24604
30736
30427
1364
6033
3135
32959
20842
48731
47243
21418
11568
30900
2684
36113
22381
13612
7959
8786
44353
15052
23730
12042
4730
30560
37440
34964
22693
33022
49736
42420
35426
19138
29818
8291
42943
33646
16483
20651
20962
20558
35344
17646
38950
32878
15484
3742
39838
3532
26697
25480
48233
44752
18812
31755
27939
21262
31220
33096
31161
40117
35653
6873
32150
15374
43941
33849
24499
16885
8955
26342
16690
4477
25862
28532
16469
18329
32189
17950
42946
42224
20682
23405
4973
11565
46811
20856
41973
21604
21108
20200
24913
5941
43424
34106
20876
30572
31876
25501
33903
8049
33499
1300
38533
14099
33961
44437
21026
4165
39023
13332
19556
11119
11719
18436
1927
9875
16626
47457
16254
230
39376
18739
6095
4545
19992
47594
30198
8869
28750
25546
48619
8024
4281
1614
1239
34514
19697
5047
16740
30089
44965
22370
17603
38790
34246
20754
8036
39819
4622
2768
14941
31830
31132
13859
25270
30895
47247
49194
47662
24242
16448
34976
39288
49881
11941
35193
32870
13162
19368
622
41025
15247
34210
7966
24764
28330
9772
15696
23758
13231
29575
20050
37136
9665
36651
40534
25632
42547
41508
27311
45937
33202
6109
28520
22748
1730
26040
34286
8603
15009
35549
4659
19808
43228
5821
47823
44561
35235
22760
24690
34891
32105
5977
45229
47964
41271
22062
45375
39110
18384
35142
11907
37303
10343
15228
188
8551
43380
28182
42385
330
22586
35596
45144
41147
21311
46968
5766
43317
28824
41086
31011
41653
27860
27335
38030
40488
39915
44853
45680
16247
36264
7928
4074
31641
48712
44167
27947
12349
14521
38396
13983
11573
39578
33762
42926
11122
4894
45065
19772
41217
39673
27684
29783
1583
16649
41594
15004
44201
868
47350
39734
31186
44220
21603
27690
47301
46850
12266
5035
46041
5295
3679
41063
8312
48429
10621
13761
13254
8584
36316
25519
26021
47898
45400
48560
4727
25643
23406
9537
9610
7935
15216
20638
29866
34031
49975
22826
14416
33412
46687
11709
11580
17640
19268
15452
14909
41877
48145
39849
42622
9575
17704
30544
18790
10059
40292
17749
43200
19298
46346
39559
21881
9843
5384
18549
18630
18062
46691
21665
22000
47526
29259
443
2411
19669
2776
25199
40577
8981
39803
19262
7655
45358
31683
26428
40060
32100
6797
4357
27362
38853
20095
15612
36221
44085
1886
17897
8763
19129
30119
9361
18818
29079
10690
28024
19684
17645
13410
10868
15603
7776
25821
1102
32075
9858
25432
39588
16106
24075
9649
10527
35928
27178
29629
24430
8310
35550
31440
19284
17736
39458
36412
29411
28118
22394
9333
24310
1682
32934
18756
7290
21194
15570
38831
43826
43772
19475
8303
22415
12252
25237
39805
11535
7792
44501
12629
31125
7706
4481
38285
42302
31288
20602
35972
29640
28149
24386
11939
41895
43661
32494
4635
35253
32630
39167
35489
619
21114
27150
5874
23080
44998
49133
7498
18213
34000
45834
26547
8828
46869
19904
20859
34536
9081
48905
13737
24110
31043
6190
3134
3797
24829
11379
16441
32806
41625
37194
11134
24756
35415
38680
7918
28752
38673
3495
5062
30308
9136
14132
35585
38460
5917
11986
20254
48465
28847
30456
46221
44663
32758
19092
39343
10239
31433
16701
15223
29386
22678
45928
25808
20178
18612
33925
47679
22241
44757
14879
38271
13977
16999
22953
38988
10055
15242
12213
31893
8429
18567
35626
8630
44299
33894
11307
19419
33524
27569
1590
47044
45155
43373
28831
18667
48169
18762
33732
40973
4172
3790
38543
6915
31629
4912
22149
32404
33122
10867
23396
9619
29589
34350
8372
4141
17256
8732
37326
8800
8047
11388
43805
111
8739
3241
35939
44578
3873
11101
13813
36642
16137
17500
44617
48185
21926
15611
42221
29986
39130
44285
20089
42329
38742
10778
45059
34805
38956
6256
47411
20560
23787
4453
8318
11370
4665
43283
1772
37627
45462
48042
35689
21196
26934
8937
11339
42197
8190
30724
15810
12201
25945
24639
13331
7958
8811
22377
35837
33879
336
12996
42160
36246
19703
45795
14120
32962
35502
49613
29213
2615
48182
26414
26081
24887
33217
30324
45203
36188
14269
17343
36788
17632
3156
20712
44076
43988
4085
33312
32340
7060
15396
13503
39587
38357
11989
198
28247
17911
18236
38827
47264
48413
42632
12044
36848
16628
1551
26641
32504
11309
19131
17477
10848
32610
23341
15989
16834
14838
22463
14141
39351
3106
17519
22668
32566
37927
13779
28140
11862
21239
31528
1441
29658
36276
28650
16948
13204
36267
22359
46822
44332
20223
11942
37066
14170
47238
3899
5260
12917
10956
23623
26651
42661
13500
34
28843
23771
45374
49719
19132
33066
34168
10057
40837
14813
39519
5737
10474
27277
28701
6502
21914
1078
34222
20197
43669
27607
20496
44624
16462
40403
25444
11825
24322
37437
8921
45998
35095
31456
30990
25675
26441
44084
47217
30206
36578
36775
46377
45934
4791
9315
1468
7159
33491
15306
17647
18501
13194
47066
647
25978
3438
49230
4464
29469
9492
20478
35249
7111
10345
11172
4919
34369
48400
40313
9968
34193
39594
32634
6451
22667
45481
1105
33164
1860
43336
32547
12211
10255
32633
7947
16966
39549
22031
23045
40352
33192
6275
29
31359
10786
17090
3663
35001
7224
42194
18049
20609
18926
43097
23669
18111
42660
49578
24772
25974
12859
22682
49126
28836
41190
45113
20333
4994
35983
26452
17925
42578
17271
13510
30454
47273
15209
29359
46261
27991
41646
18390
3962
40758
13884
28087
49573
15853
29148
22968
21561
26722
19158
34094
75
37491
12172
18081
42517
4658
45522
10530
46884
6814
42519
17943
26048
21276
7816
5959
7642
10010
23735
4674
6614
16184
49938
40884
2345
43242
14629
22890
9156
4098
8214
33203
7650
15563
9154
12936
31238
41356
25954
23395
34632
6290
22523
79
13477
12655
17327
34249
11652
5954
31254
7985
37133
41503
26488
40514
37904
3863
47060
41304
19316
1778
20877
1721
31413
10355
38817
11540
42691
9364
41365
29141
39532
22913
46734
2890
3325
41858
23805
25175
38911
42388
20904
23854
49483
3150
17698
37120
48019
36802
40197
44814
38768
5353
9954
22480
38486
15071
28830
27915
35290
6137
16372
16640
30957
24579
46701
44478
16273
26742
27251
22160
47290
6716
1478
41587
16734
25492
7225
47409
12812
26842
4439
32919
30803
8927
12581
3954
6162
35645
35212
24057
23818
43356
31473
19101
38529
1156
29152
1452
12142
125
4089
4037
41017
17533
16275
11054
3316
27586
39370
2796
33442
20349
21267
46540
12502
37814
25545
42065
25788
6954
33854
3168
33950
27765
40882
42908
45103
24051
28880
577
8377
24880
46621
25567
6337
44185
1288
13202
36439
20040
45625
28726
42850
415
35900
30231
49372
10455
38964
35117
38966
19200
38444
22444
41596
25820
19779
8226
15439
45254
4402
31006
19314
7444
24972
45649
14860
16299
40890
30677
14566
21851
24577
43205
45752
42278
5262
8400
35042
36561
44286
42087
13451
3476
6692
39141
2130
28710
21861
46438
19332
13212
1876
13627
42974
22356
47234
22546
6907
39655
41695
42380
26731
48505
1595
36339
24843
38749
35477
30586
42805
7618
13492
38193
16702
44956
43289
46417
39135
14470
6856
12582
38740
38655
18794
43444
17131
11299
38601
20532
161
41023
25869
7747
2056
16228
12221
11430
18419
40166
34310
8432
33641
24219
36938
29761
29904
22955
30910
41641
16826
11667
20533
32261
1363
29753
36973
36365
28507
43975
22061
42174
38895
33652
45864
26980
44776
13488
344
39967
48994
43865
7127
16192
12271
47176
46468
45350
3460
44713
3804
43564
24144
20990
33044
10339
31423
37389
10065
3684
33481
4897
24011
40175
48701
37991
29586
14221
4339
45825
42285
31672
18028
18578
2572
45630
7568
12079
44616
48660
10089
14287
980
44350
26027
28565
22590
29327
25228
43088
25407
13161
29496
3781
18662
39740
16990
2586
45253
24846
30418
44308
35317
15138
16604
8613
22070
2833
47364
32171
7849
48156
37975
37937
33276
18308
45043
418
49242
609
14161
26424
48819
23308
28030
33297
8369
13941
5124
6494
29292
28720
5056
33902
1154
33534
14278
7082
2419
439
42785
31982
31705
17306
31003
20072
36474
40180
1042
26482
23900
32215
43857
14846
33234
20892
22957
11497
1138
6003
25042
23772
17668
30510
25504
42124
41698
15518
28500
46738
6194
11218
7204
28776
41295
8415
45524
21591
12658
541
19478
4156
14010
3879
49642
20482
16878
1311
44010
36395
22084
45154
4771
23691
42000
33008
11618
21005
45416
46357
4488
19549
7061
32250
43218
23195
12882
27534
37788
48196
11313
15619
29819
13544
45448
12755
23703
37639
12922
32784
40617
12403
46563
17678
5242
1077
44196
34602
43341
769
4848
18295
36567
35167
46872
27798
12599
19061
25650
36062
40781
2920
26749
45245
11538
30488
33430
18243
44537
1978
16517
4372
30665
48709
28582
46394
17166
6410
12511
11965
21542
38110
1498
12284
5030
15182
36904
18649
24160
7485
5193
20524
1657
12418
46244
23262
47546
960
41238
18535
17544
30753
40456
2555
26205
30855
45664
475
35817
12887
43753
37813
39573
29801
9534
42418
31187
14816
7693
36875
41963
40026
46709
37875
27112
27546
11062
41437
29561
16150
48976
25307
49571
13703
10953
8610
29362
33826
13887
19114
29189
44439
33942
13156
49326
47856
11248
33625
34703
4809
1483
37023
25525
17297
1649
12198
19449
34384
41829
38663
5005
47732
45511
34752
39952
27809
7453
29364
22746
30299
22845
27037
4582
42464
21589
10312
36553
48730
8349
10051
55
47516
49675
39117
39274
27978
10323
32558
6146
6571
36654
25043
13966
29710
5038
27506
24947
27777
18760
31070
30343
24946
44556
8028
22588
37832
38823
15433
24245
46900
7532
24698
25190
6691
26117
36608
12521
48592
3490
4236
27973
2829
43155
47743
10834
5367
9395
33818
9148
35828
48458
25193
39235
30815
30286
24223
41478
3486
48006
45718
46892
36914
32810
6746
4629
31617
19090
37556
37442
7128
18223
11423
1794
31384
46628
13661
32224
1999
35120
42734
38070
32085
19296
30315
32864
24019
11185
37299
21847
26283
47082
2623
656
39156
31912
33567
19115
13875
25964
3143
22275
26640
42903
35278
34158
9496
8873
23904
45874
38721
27757
29916
47614
28614
34952
38820
35609
910
276
14773
13565
7408
46714
24486
33349
23273
19362
4832
24535
46766
45545
45080
4424
30702
44274
38855
17291
22994
13669
42944
16344
9742
30484
43901
271
20915
25079
27464
40864
28802
26736
27565
34652
39038
12680
10232
26072
2318
26810
39615
8425
27034
31507
18402
27828
2434
29674
3751
26357
5145
4689
28007
36002
10091
37356
18981
18735
17270
15232
289
8197
27573
18795
5639
35569
22625
20573
9126
6323
43862
4120
30672
33708
26584
12816
31395
9163
1512
11549
1289
39929
37380
21130
25916
46342
47539
43760
17099
42021
30412
25245
20474
19435
24061
15260
2663
24671
43968
5904
9796
34064
36133
16251
39019
34521
18070
31952
24366
7910
39676
48210
464
13417
43196
40606
816
8381
30818
3102
44184
6404
16746
25154
22908
47865
22548
42403
31572
22571
27001
16360
13472
12783
15507
1039
40787
40757
46953
13734
348
16505
38304
29981
16419
47239
9882
14692
18039
10854
6061
19484
38772
16290
16784
15264
12614
6076
1070
14790
9985
3484
14464
39136
38154
15885
47057
5975
18440
47230
35073
30577
28676
35100
49069
9106
22417
20300
8357
39640
8977
49939
19198
47985
14769
39476
24908
11548
26899
11294
40692
3599
5292
38303
39300
6641
44252
2329
14209
3431
2307
38122
25660
21448
15689
49580
32857
15813
36897
30393
21510
43649
11472
8856
7458
28670
21190
43869
7024
48677
38291
25502
17520
22623
25915
170
26752
32447
31273
23181
16264
39132
32035
34090
40282
7786
39040
46915
45055
5358
6556
41775
20766
42321
5546
22324
2550
46816
5322
26951
12971
42750
20502
30188
31505
40310
44451
33261
22273
5970
42014
35425
25364
40934
23454
36540
49687
30039
4866
39363
40433
12520
17293
80
28714
33423
33863
14669
40915
22790
31255
42503
3669
14946
11841
48230
5386
19389
26927
39180
15300
402
34166
12642
39688
46568
1422
29735
20409
4968
19261
3567
14458
725
5216
43210
4546
40483
15140
41713
7234
30086
24044
36854
40108
49628
6084
17889
5620
47472
46674
4131
26262
45145
44681
29369
31909
48632
3435
9754
1771
6807
39244
10420
45486
37261
24839
28848
2912
32290
1699
8403
37673
18645
46153
1181
45191
47996
38371
15519
30138
11389
35623
2358
6624
30914
45796
37477
24346
33478
48394
23179
14092
4569
10907
22023
35200
29186
9966
17061
44952
32061
8189
43490
38422
40419
5441
175
13908
22753
10977
24531
32550
29338
27979
8889
20556
32752
25614
49816
6361
2996
23237
40913
45636
17458
35063
20646
376
22872
45955
6489
10481
15142
45673
8328
27328
9945
27785
23880
36054
47226
43235
17158
3760
47949
38106
24485
48521
3844
37219
21365
27735
7294
47162
31102
1428
41576
6663
42473
22112
9830
37931
3854
10945
42584
32474
30464
42894
31767
2107
22645
22607
40766
22143
2576
6685
26526
26700
32648
30429
13745
13182
7112
2964
34860
38973
48362
16453
15468
34553
5311
25243
46164
37631
22223
6543
15127
46338
41104
22733
42205
40815
3025
46084
7899
21735
33373
8412
22222
3664
6407
24387
21226
31024
18313
16601
38949
43819
20343
11972
180
13684
36312
9951
40275
39091
36699
32403
47738
47351
48743
1686
3783
2198
32739
11796
47172
14358
39408
1898
34883
18063
49081
31899
35013
2779
6671
5986
41265
29541
31219
15798
41817
35869
37697
8637
46881
10540
40051
1504
40829
29899
46964
19347
47043
9535
32636
21385
28707
22804
46756
12185
2610
34062
7020
28454
45120
27267
38079
43104
10780
10436
43455
27661
3573
12220
8625
23489
43791
41631
27591
18604
48363
11434
25913
17409
42897
26673
14864
14380
25736
15913
48718
4556
22949
27469
32271
47808
20070
15339
33962
34227
23471
5973
41408
2218
8325
27937
10532
32400
42559
6888
37158
11544
14449
48855
34276
12437
49105
46358
32657
15443
565
19191
36032
19536
12480
11984
31061
38732
14363
29650
11755
46413
27110
28306
4585
28143
37987
8293
32601
7772
19950
19879
38773
28191
27299
18947
26137
43050
32402
38657
40767
22769
48728
2977
44604
9584
19797
20109
11090
2301
24959
5174
49647
33523
12015
28464
26353
48631
29300
47813
29729
34155
32253
3312
20057
31645
7829
45508
35776
5517
28735
24321
14557
27529
46089
48935
24714
22718
33527
5330
33823
35770
14538
28255
43140
2443
42315
43337
27098
36970
25412
41802
13539
28353
34824
29869
34669
21663
15621
23392
44905
30673
44291
18728
30232
48818
41431
18167
20380
36011
44493
23147
32796
40321
35087
37968
21159
37229
45884
37742
36708
31242
10561
36669
35746
27089
21271
32468
36282
39782
9871
29849
27354
3829
9009
22621
28359
17307
46799
1810
39380
11950
11858
49976
32671
14026
8821
11075
32357
9698
1263
47396
31401
36746
12360
28213
15961
43223
9862
16935
24726
16370
36755
9679
6353
32117
17602
31741
34359
32356
9952
29081
41697
47626
21899
45056
5929
44042
42638
232
34345
41848
20117
21536
3056
11553
14733
9224
29600
891
42295
28994
23996
4681
41278
40740
610
36022
23342
40984
29438
34451
37376
48167
31096
46034
10191
23365
13576
3871
11180
25894
24936
26097
7258
23324
25205
45788
33596
221
42838
36846
27731
16565
2147
38295
27502
18712
36234
27804
45084
17538
1799
17088
34063
11896
3301
14052
23721
1357
5609
35952
19317
48630
166
16341
46707
7329
21077
21745
36336
34395
12210
3900
20432
16125
19587
12169
18058
40820
42226
14014
12764
1991
23952
41546
21204
34154
27284
42573
25171
17251
5254
39924
35025
14913
28136
37869
14198
33801
15277
12228
41112
878
47760
34565
39104
4184
36933
31116
28204
14276
44687
21512
11493
11071
12826
22611
22063
5489
48356
32081
48735
6085
13542
23523
12942
20431
15562
757
34059
10193
43404
20028
27040
20132
11584
2936
49484
13869
15176
30941
10819
3971
49858
43871
26576
25686
2865
48444
5693
6762
22107
34045
25880
19665
47891
32595
49346
20605
44959
38218
14776
3097
31756
31919
44730
18716
42404
36894
47375
12183
26858
1244
43231
34527
14115
31764
42538
35848
12123
20336
14956
43859
28868
12032
25976
10120
26743
2484
31076
47207
14252
8269
34655
24855
16019
39631
46570
30142
17003
34219
41338
16897
33301
22229
15887
46933
28550
5900
25608
2633
46138
10096
15830
26435
13595
41296
19136
19417
47585
12950
19768
11955
33978
5117
25311
48069
27046
43846
29750
8397
28471
25630
29532
19826
33454
30378
19503
14988
8112
26808
11794
35583
47179
33896
30027
43787
44443
19299
28053
34771
45841
29178
42156
38268
10338
46916
35602
28033
36740
17648
36465
12292
10611
25419
33992
1669
32567
16580
46472
41709
155
40739
38316
7419
19043
48446
10267
18610
2481
3973
20386
20944
24607
14083
43437
882
46387
21634
32970
48129
20505
48792
25044
48827
33546
45580
5154
47945
23030
32102
20673
35543
10652
5108
43465
9718
8438
6875
32008
6333
49831
32620
3402
13534
15141
19962
7519
37039
5039
7394
16135
34348
34226
1010
11561
6230
28121
6654
20385
19271
18448
5840
37186
10444
37243
23494
8205
24122
45990
35860
34725
26685
26809
29423
9531
23794
31205
9204
46353
17363
47545
25422
40992
18513
11674
38944
1474
15922
11400
12257
48608
48829
31343
11659
33294
7029
16366
13186
23933
21216
25591
26433
22513
48950
8953
18674
25479
4336
27838
32787
10959
17523
34375
14925
24871
28788
11664
46238
35441
15705
42379
36930
44425
25052
22317
19887
41384
31720
3651
16818
9970
48164
20953
32849
48531
26243
32841
14316
36459
45299
36512
30256
31882
40244
19236
23138
7162
25892
34097
22982
18890
31631
11779
45849
15758
39395
9398
28346
38121
16174
4293
9057
40833
24327
40390
8867
11559
45437
44614
38922
27514
46389
48004
47076
13804
24767
39998
36988
9579
14434
34622
20905
47815
10753
686
6892
12921
25361
39410
626
13378
4047
12722
32485
7487
27620
6450
13154
20882
39332
33406
23350
19852
30028
31663
35226
45439
10101
29027
638
24542
45812
12305
2758
17849
7679
39943
8348
20593
1703
30531
9648
34190
48936
11681
42872
10241
11846
40639
11340
29012
49635
23282
6306
41719
28199
39168
25749
13143
33397
44864
40067
5797
33472
30594
32690
3571
30080
17543
27964
5545
178
28094
28652
26497
2834
2740
14506
36115
36254
31193
20954
18286
14370
48255
34230
30711
4442
42760
37671
29033
40615
26647
44433
30912
30020
31113
27663
36085
35388
25975
41997
39866
3177
11216
35525
7330
88
33939
30090
13138
12022
18160
48837
580
31495
18277
39870
8081
26957
1123
33702
27476
45635
42885
40711
22893
17192
28885
33120
6695
33273
29808
18775
13748
27359
17077
6468
26740
36329
37508
11723
23861
41022
26882
37976
35007
25404
35146
34382
29968
34101
3704
27313
14046
25009
16749
48063
589
46398
34355
26930
19515
39443
35839
11162
19694
31752
38780
1124
46099
15120
49968
6608
24053
41559
42629
22884
49335
44334
16486
30192
26016
32654
43698
22058
17442
17732
8119
18606
20881
22089
22080
41316
44596
35823
28108
48080
5818
36469
11500
26618
20908
45835
45218
32921
15092
8651
4365
39441
7467
29805
30953
11742
38959
29795
17330
32756
7688
44971
16721
47222
14552
38119
15940
4392
20359
10331
3839
48318
9375
8322
23463
27736
44116
28312
41749
4104
30963
37612
33087
27874
35444
9499
33782
26368
8172
18709
42441
3083
11818
13840
1971
28315
18265
44064
27056
27062
28051
42487
26971
23715
42887
47893
22630
1665
8943
41711
8784
18007
43686
22891
37344
27713
26249
22019
17800
5100
4761
43940
25881
17464
24118
12314
37112
4157
2962
4716
48366
24848
36185
13128
40552
702
99
25222
5703
18835
13069
23813
10833
9451
21378
21473
20847
10695
44639
19699
33760
17118
1416
14970
5158
41440
22631
30260
22010
24023
3820
39269
46780
26755
8880
7201
42458
2596
26266
23183
17301
25937
16528
43238
326
43478
46185
48506
20005
45440
21750
42881
14673
32125
24362
21590
9083
41359
48428
4961
46526
49768
27917
27436
32482
42557
39314
36197
26361
14770
46205
4626
25329
1485
19601
33119
14176
16843
6737
48830
44806
41183
48083
8421
35954
36203
29523
16904
6461
16839
3303
10937
27360
211
17394
7192
33401
45682
36615
19330
32440
12002
23819
47796
35826
46349
28200
42976
13471
21771
15729
17575
27247
10359
17865
15450
45371
22506
25129
6000
26017
33160
8720
22537
36399
43081
14967
26056
21822
10433
44898
8102
5807
7991
10418
18204
39432
40327
31107
49967
40603
388
26472
1183
30550
36279
7157
19958
37706
15169
11503
14244
10218
20164
32086
12628
40964
11234
31522
30775
27458
12059
28111
6370
3852
16940
21313
28327
17153
45242
6099
36568
40407
40440
37193
38808
39684
37524
38978
46789
12806
4126
46713
42038
38671
1720
43593
20981
40872
21199
47416
49692
23757
27517
28495
41249
13277
29511
35814
15971
36753
25628
37658
11035
31251
7212
21753
41401
1016
16111
19773
29493
41574
44392
36393
16392
35384
34692
43419
17654
15417
3061
49338
795
31154
28429
12037
23829
41146
42067
28044
15959
14638
21872
15165
44484
16258
7039
12010
12771
24226
37791
17498
2013
42668
101
47169
22912
11793
37728
7745
45085
13229
40410
45046
732
41469
41062
1401
41640
19767
42765
13890
12045
44423
24503
39221
31990
45135
36631
6730
2940
20464
25568
15399
627
45612
2802
38829
11787
46528
45270
49073
43272
7889
6511
29730
47867
43994
44074
36148
43507
6863
48854
38556
46312
20102
5413
39751
39675
13805
26476
242
23569
11626
9595
42092
18029
26625
21170
46216
31993
22141
28144
33281
10478
5992
12696
43303
433
1623
3998
27975
48493
45685
26491
27954
38252
39051
43328
16786
34946
30770
13628
44514
10020
48162
16216
32407
34778
35345
20976
8407
8196
46720
32553
9330
16493
18335
32415
23504
3161
48747
40912
22386
48720
1254
24131
7806
41117
35799
9138
4386
39899
2374
7522
18355
22083
4018
41422
21161
48220
46330
28267
26350
48679
39747
44953
37670
15744
28468
37923
34378
710
12832
33189
32077
16595
741
13258
11616
28918
43774
43033
14421
42800
33579
16250
35072
9983
29756
10016
22420
15522
39541
24263
17924
45731
7586
11557
1392
9669
16445
29030
18381
38814
25989
27822
15866
12270
39088
21577
20696
38938
782
45816
39409
35846
9997
38222
5634
44160
9404
2099
6876
30686
26077
42354
40219
36453
16032
28773
30740
32972
28032
7456
43204
26004
6305
4118
22260
19912
16433
44048
22020
2254
47851
7817
16122
3360
1269
6500
28967
5781
2897
40240
10385
27926
4320
45222
49832
48212
46896
12451
40701
37381
49343
22051
972
9814
33811
30314
48968
25928
40438
16612
7722
41030
10459
18023
16654
29096
38019
10252
8274
48311
37896
44459
48726
31998
47992
26443
43113
22124
12384
38133
28969
48424
24056
21766
5812
20046
291
20154
47725
40732
11577
5097
30162
15100
39063
20270
1676
15288
24977
39470
45336
46525
36056
20234
45246
20437
34814
33980
38945
46025
15656
5717
23481
16210
9219
6891
47907
39049
48549
10545
7421
3975
34017
37576
40183
7177
16363
44001
4122
3772
16092
41959
36523
19124
49710
15872
41690
21790
25729
6941
33446
16334
37684
7459
13751
40431
14035
6630
39666
16644
9329
13223
13698
45918
40750
45916
4764
9000
40626
19986
41386
6432
10516
39986
8150
1961
24442
32333
43468
37269
20794
33693
21507
38954
37724
35392
14467
18875
41744
36301
36460
10583
6439
22306
17022
40940
43560
17482
7445
13954
28231
31757
32599
39037
2293
9548
20504
18014
43999
25672
4335
4760
22943
1127
21238
14185
34178
33193
34357
26666
40223
34739
19339
28155
26030
1601
37413
31646
6666
40841
17121
23729
9265
47123
46289
5280
19075
32330
22832
14917
47367
17051
13728
46883
23709
31418
15382
36585
12476
5586
37005
40328
27628
5421
36454
32001
18424
22812
27617
25264
36684
22635
2506
29518
47137
23064
36481
7027
37072
15815
39211
18121
26158
7759
9070
39106
17922
12527
5428
27423
5562
34823
38062
3475
6704
41758
28922
28782
40614
21741
13312
29202
49293
37266
4232
12673
16024
5638
39618
33457
32083
27144
10835
17760
49246
41159
7761
17296
25482
49693
29693
12857
23352
2549
35877
24865
44061
18508
27071
35125
15160
35293
8374
15032
49472
39873
5278
30774
21055
34277
42475
17887
34033
46618
29592
14660
10821
39529
25619
12369
48071
4589
48477
30723
31703
30477
28262
42857
43388
24296
45780
19518
38537
29861
7008
17559
6397
32326
37108
37301
44511
16665
32311
47564
34853
7493
26221
6045
17017
34311
9263
43391
33564
47368
19069
40447
35397
12447
1568
49388
22695
47924
28004
11374
17292
29547
37041
42910
41387
45907
8166
46184
17190
45217
861
33529
43615
8677
4929
35644
15575
13021
42239
24693
20192
34379
32629
26382
21958
31815
26893
19085
5961
40969
31949
23135
42367
11603
26770
7750
34599
31173
44427
43137
19064
27115
6890
5293
37743
45265
19455
34634
14208
13037
25824
19163
25623
16625
10996
35707
29798
2991
26910
23180
13467
15653
22894
21702
21685
39105
25625
15806
12026
45105
29936
49771
23121
3352
4410
48168
29049
28754
48260
26465
24615
29200
47348
10948
32502
12040
25934
11619
5092
21879
12988
43618
10282
44300
29154
11928
41064
32484
47568
19038
9132
27821
49876
31483
25304
44987
24877
43950
11459
19328
35541
20469
18248
30949
13114
45868
35530
16854
199
10144
3019
25988
26010
42534
6721
19846
4347
21223
11973
10171
4528
3864
16915
37803
24660
5257
47547
28432
20064
3754
5486
14856
40885
22221
1532
23485
12413
7423
34834
15751
29757
49530
18838
49132
3390
17263
44266
47442
4833
1627
1086
4112
8177
45669
44552
39984
22180
20131
17391
7659
7427
16225
24190
49210
41536
18898
42449
38490
40127
49419
38050
7161
40398
12354
38637
39731
9816
2730
3627
46029
13134
25639
44237
40535
44146
16130
5664
2932
31115
6160
26474
33489
27218
36297
37762
35210
49252
30157
1003
36969
16871
28238
46433
37357
21463
12743
25566
11302
47749
27644
30554
32412
689
13687
23722
22247
31184
1654
49664
12939
15053
33285
8857
15314
15420
22785
23171
42844
8470
9693
45004
31512
43997
36488
10319
10315
42074
8513
3158
15541
2388
23877
11250
4921
15639
43524
9468
14604
31086
42351
14962
4412
34258
10188
24888
32082
6128
7086
48037
3444
44982
33112
9415
49952
31485
15005
26498
40227
5059
9054
39645
12750
5239
14983
46496
28854
46213
19867
413
7825
44098
264
8772
32951
19700
36916
20748
9898
45235
43267
17273
23367
19172
8285
26341
30515
21064
46480
10523
21200
12777
13062
10837
35812
18096
22320
15002
44096
1781
34987
23059
31055
20671
22800
1550
236
45370
15496
29056
28764
26591
14899
33250
12371
23824
9458
22750
13997
18385
23212
22152
23448
44063
3845
21019
27578
26519
30576
37079
15276
27652
49277
34288
19526
21454
27393
21812
17781
35824
31584
44803
5670
23521
32373
44674
10923
45676
46527
21452
37672
5627
18882
27734
6760
47509
34163
21986
10666
22650
42107
3104
40077
20413
33610
34901
18053
38434
38651
6119
27946
36232
37794
31463
40284
47935
46586
4484
12269
10668
15099
1122
8478
48310
5673
15652
8915
23884
5811
1187
21209
23117
23795
35610
31217
19620
5007
14084
31733
2491
20358
8684
16376
27270
5687
16259
20389
28291
28156
20155
28627
33605
15309
44365
2589
12691
42130
35762
44936
46470
26551
7208
18596
32943
25669
30846
18749
38558
21505
39493
37075
27576
5395
2973
32890
32473
29956
7132
15852
12820
25005
30546
14477
44211
24083
47555
17304
2880
36606
7296
43719
11840
30733
29515
29687
34543
7712
40751
3652
49365
37970
7699
39412
44659
5399
46142
31896
20208
28872
27467
18061
35021
21965
36921
33958
6499
29850
32672
6719
15955
2571
31386
15246
22004
5655
23907
2101
17465
42884
15590
19979
6565
36034
4557
20451
31133
15643
39972
32084
28099
11750
1803
33671
4350
42331
30798
40661
49383
28910
31122
39715
10612
9170
32664
9112
38284
12348
28576
38717
41606
12930
12912
49187
35097
18828
48959
43623
19693
49751
33447
18939
46448
30850
30091
27790
40301
32940
13230
12486
36136
46098
48314
13583
29384
26940
35592
27093
20448
14788
5757
46432
29238
18480
12007
14007
22815
30791
27382
17631
18289
30877
27139
16660
44482
37511
8738
25026
22725
14668
42094
18304
14378
33922
14708
36587
5654
32245
30496
22620
25849
43991
34338
15879
23833
21922
3647
39345
38261
37076
14225
21002
39807
44842
43123
13288
28266
17337
39769
21437
10514
12174
24111
26911
45321
37586
24901
28546
33751
29426
42399
30122
26045
1770
4482
46721
28803
39186
35620
32278
32347
10467
11662
304
39526
7417
36682
41830
595
37784
43876
24250
32275
49490
509
37748
37307
33906
34418
26672
39153
29559
39188
4609
44413
30044
13272
33574
23922
18582
1087
23244
4344
43995
18404
34580
22973
49225
33483
8020
29564
4363
49161
17610
30908
18661
21417
49043
28561
46729
21323
44231
17324
17476
38233
6252
9295
10259
34153
22346
45748
33764
32603
1705
16755
42334
9867
13084
18002
13868
23763
47360
20091
1275
19952
12720
32154
32112
40146
40780
1581
28842
28439
8782
43973
4999
31174
489
14043
10783
49185
24523
2270
17701
40381
28095
22388
34708
21416
6126
25428
29803
38195
24781
45157
46516
30631
47636
31762
34439
27407
6603
38463
19104
28902
631
4117
48209
17198
26550
14205
29140
12265
26992
45209
17174
16487
469
21749
9068
6621
39554
27776
48574
16806
49739
18035
3204
20940
20101
29472
48622
37348
20750
3611
12379
35830
17585
36158
49308
48746
30396
41704
29987
12020
17759
12309
39149
5151
49861
44277
16846
31840
39299
48685
12889
19410
28616
39189
37264
9400
6358
9868
427
1993
2236
18817
8764
9374
33131
47876
20324
40794
46848
15848
24404
9683
29481
885
39648
42316
3304
29289
17420
13651
37938
37960
7652
37776
24654
33018
37633
1135
780
14307
41317
24249
6580
20540
19661
22539
30124
3018
45697
41786
32839
8547
33492
46062
22319
4276
2262
49688
29612
22249
22399
17976
22459
16337
16352
29169
16540
24262
3229
1185
41652
1986
48214
5265
4787
15681
34342
32746
27192
22242
28091
20190
32302
35963
41303
41998
6322
31237
3321
7833
16833
20875
25094
39763
23065
30964
46684
21931
46788
30247
27994
42114
434
7240
35629
32807
32704
2939
5919
29433
39446
33572
11129
45146
5482
28544
7054
46700
27101
7074
2287
34892
14413
46391
7513
5217
26222
6063
35165
42822
22636
10985
6993
8550
48008
26771
48849
32637
33176
28748
24882
28279
28711
43378
27849
35674
16507
36521
22369
1946
1672
4353
27702
24697
34869
24129
16100
17550
9837
48321
29482
13523
3808
30849
45454
29607
47083
19000
34279
13107
16566
30414
17941
8457
48754
19552
46145
6925
4323
44504
16302
42869
23434
25008
34890
22224
15781
16768
18909
8701
1210
33348
34712
36903
7524
16002
2817
8590
46541
905
42344
39790
36936
30637
16823
40602
16415
47504
46180
9144
44404
27235
34867
32291
42597
27223
24094
39743
47673
40497
32941
18303
33899
6862
26366
16704
17552
37744
6816
49932
22788
45719
1382
36427
33139
7954
36313
17855
308
22175
7993
14171
7355
35732
6761
14514
19882
32954
2338
28394
35355
736
27456
31938
3073
9449
19799
22945
37713
8483
2846
7433
17303
21410
8472
29376
37693
31959
29182
17223
29848
8653
41513
2913
20269
49392
20120
37163
13757
42147
39
13685
15938
29624
2228
15630
37760
27069
42594
21102
16648
5085
41432
48760
37504
28028
47225
24255
32627
12088
23666
46950
13265
23519
8437
3851
19734
10823
35119
19780
12191
35258
5592
35929
27057
36370
45133
22626
42228
6713
22066
30140
36497
17096
49791
12150
6236
47305
3119
5991
1845
40632
2618
8199
49121
6949
17083
46195
16001
44558
24807
9094
18733
36361
36141
28489
48449
41202
33477
6909
20708
5229
47999
37363
27026
23209
24642
8158
29223
23132
27104
42416
35164
21483
14355
43764
25783
33878
11871
20218
1374
1324
19643
35936
34437
36915
40584
41738
36522
13826
13808
34802
49321
39681
34151
39316
3441
26038
4200
35863
28574
526
18006
4754
12336
46328
37457
17767
21896
19594
21016
1465
48550
5770
25668
7787
42963
42745
5890
8264
44820
13701
15281
25116
40145
3066
16807
11239
33132
42273
33052
3787
23659
42064
34768
12433
14432
5567
27419
32744
21827
49871
22380
47337
35458
26684
38436
1018
47670
39773
48742
35206
33377
47330
38689
19640
21134
47981
33798
49599
12393
41807
32431
23070
16879
34327
31467
10176
3357
19133
46670
36768
43141
36268
31105
8384
14653
41841
10693
37430
26416
13198
36893
11268
31558
17913
5837
5132
1308
35098
20233
39435
35473
29855
33009
7757
17966
48663
41782
17852
17927
44775
37555
35940
2420
7507
8798
44062
30825
33691
49362
3136
24840
31286
1695
49489
46833
15937
31581
27061
33074
22705
3623
34126
12490
5170
20845
7457
19204
34323
2393
34077
27355
6108
16409
11754
14054
12893
49517
20258
16729
47287
47015
36093
25943
8941
3588
14075
39352
32310
6490
18509
43528
19811
13521
38583
13336
5552
48914
162
6825
39184
49538
19265
35749
24954
21953
42117
17619
29576
32918
6321
18055
3655
31240
42631
24606
1242
9348
7870
21783
30717
4886
846
42488
32063
22395
43359
42969
24665
1186
24797
40883
35819
19393
23017
36177
41163
84
35341
40189
9025
18151
12668
33954
560
28571
21275
46037
21481
47911
47441
15841
43266
17211
23548
3191
46134
21074
1565
36493
3220
23679
15586
39683
41869
18982
45091
5678
27010
8960
24748
36081
29439
41635
13836
26367
24225
21257
41956
28237
2632
35469
5540
24287
5453
48669
22853
35816
46427
1
44652
25575
4220
22109
7131
286
46974
14519
22280
44222
10090
19319
3842
25837
27298
946
23694
14596
3322
27515
24136
32203
37666
21502
26001
37111
15190
48144
35508
44360
31046
19111
14546
27701
11495
39374
27334
48151
20965
32779
17322
9542
36321
10141
20388
27234
13452
16936
15289
23621
4688
34027
12333
11085
26003
23821
40448
47624
21613
2739
22495
26422
8860
6980
1998
45109
3816
4747
35524
46560
15508
4253
593
24063
18205
31753
22926
21903
27432
28818
44012
41378
13090
10244
825
10551
45019
45980
24970
33107
14320
33013
10805
35514
36994
40641
30894
34798
34839
6931
43527
24793
30829
12576
10132
49025
23710
46693
26446
48076
42364
49506
31058
3497
13034
6090
8883
9052
22168
47957
8254
22428
3088
15589
7438
6435
25224
25759
47178
24153
44545
44676
1219
14938
7244
2044
15065
26706
49744
27977
8215
32213
42222
10627
35009
34832
36394
33785
5235
36462
12789
34876
11167
28722
9861
40657
2370
31609
13190
29694
13711
46136
37953
5569
37628
7665
45312
1791
10281
4222
30187
9902
3805
5320
5012
1169
20400
27453
7173
44304
9435
16173
13151
30892
7898
46567
37790
17237
47016
11839
33362
14690
16891
27726
12834
6948
38209
14459
7190
25520
45695
47260
1752
25804
39635
142
28687
16451
39987
38970
10175
5625
13443
39703
26582
46467
25721
10758
4251
34676
46252
45773
41753
31535
38124
17992
7775
19921
14586
28610
40694
10228
20645
33177
29685
9504
42079
16605
8288
1577
37850
14639
17162
28017
43909
49259
32681
27088
22421
28862
47107
20808
15250
36008
19035
37952
46144
42188
15152
29836
46726
38123
14139
36335
23968
7114
3680
26570
39219
13892
19460
2523
10230
22837
30489
4212
46920
15367
7882
46755
34601
1368
19022
10832
2005
16666
19618
24996
23926
10288
49730
14777
36435
14304
4536
31157
18802
22869
40721
267
22049
11684
21442
39639
47090
40142
16046
44597
20678
18950
7206
29103
3188
25057
11901
31366
12877
48762
47968
4614
13470
28840
33688
37943
24509
5267
2264
43587
39942
9641
2670
2083
2017
4579
32499
4822
35247
8423
20307
22379
8309
12977
39500
1294
18730
16633
40636
31888
16975
43287
6329
9111
43128
5522
41453
25538
4519
44721
46445
23751
19869
40919
2765
20521
33068
21202
9143
1316
22186
16835
17484
11513
49738
29603
35582
43350
20305
38636
24581
38982
37688
41319
34477
4209
25249
17344
13160
42548
39592
30215
4814
29777
28808
9257
35880
9334
2361
40976
30301
22971
45220
16335
38646
10235
7992
5733
26853
30916
43451
44034
7664
30317
6135
18349
5243
47787
5896
25999
44783
9841
6054
28932
45541
35239
37989
13513
26635
26288
38049
22176
42492
8744
8278
23452
46831
5523
48533
13740
11906
6179
28999
46120
45627
23956
27350
31129
17722
40686
18296
7260
2455
46418
34517
2303
16354
7404
12927
10801
40160
9316
18985
11582
43363
34325
29502
5945
45117
16492
31751
29669
33788
34029
37154
21030
34936
8780
49269
41050
36239
46356
21017
16078
42227
44763
16274
18772
22329
19190
45287
12640
5987
11518
46070
27754
32600
42209
8338
1144
7409
7272
41247
13561
13816
27175
12341
21052
41009
15889
10061
40910
21554
8916
2681
19737
33277
23543
7395
4679
7644
29809
8286
24555
37718
32359
40770
36070
38929
1842
26514
1513
45062
45340
25050
29416
31335
7264
23578
47133
36252
19392
40647
18521
39707
9798
15469
42833
18456
8571
19344
18929
30307
26876
36220
13580
707
47038
15663
47406
13662
25900
20419
35102
49813
27671
43121
49189
16924
34586
34605
10300
4070
18034
3184
26360
42307
16881
31360
43651
39075
8931
8909
26230
2417
16951
42453
43506
20685
16434
19610
3028
22419
36598
17891
24191
5200
1757
29531
49172
49176
33935
46690
46028
12515
29339
3534
8246
19764
40070
19920
44067
29297
23817
28963
11393
45844
32185
45409
18334
25359
26324
24247
42499
46539
23246
37956
35894
47927
15459
36676
195
6403
11363
46047
33266
40901
21065
18392
40788
22649
34419
13354
14965
3035
26407
19709
16837
12390
10400
34715
48556
26103
9611
33346
44243
13546
17643
29207
34590
3938
18172
17555
19600
44340
38841
44702
40252
26612
48824
21923
33003
19965
44695
41232
1433
14717
10211
42213
3505
39904
2504
42652
33882
15059
8120
36514
19870
8781
33647
13594
3453
34753
23140
49479
30530
15076
20512
45419
6484
8203
9911
6012
12621
23976
37314
37054
49255
33628
49696
38407
1113
19754
32211
41049
13348
23768
20440
17718
17890
29420
21360
865
14532
6181
9266
33769
33965
49106
30535
44272
12140
45314
30362
35194
37359
44629
31007
11809
1823
41264
44626
42866
1534
10476
18379
22017
23974
48942
14402
7350
44444
41374
13606
44158
14080
38698
17633
19906
25602
30703
19446
17035
36186
37323
42162
28409
39941
23574
28804
39241
18047
38015
2617
35875
15943
36786
33310
5432
12102
40996
49630
40697
9123
7222
20664
3981
35314
43108
34507
47185
22518
32137
44193
17329
3264
31066
14626
9391
44420
45366
21144
36657
49756
13380
36138
43170
4548
28493
33545
9857
5691
7383
25742
12592
3625
2422
27339
4234
19033
21641
13573
47974
10391
16347
20621
28027
47853
763
112
32965
19006
6497
23746
19966
10356
43783
35832
37746
35771
11329
38232
14527
17937
37637
36387
33475
45234
16003
40096
38289
7932
30868
15561
790
47322
22193
47156
4717
12145
335
3385
20977
47980
41126
46542
16831
661
38987
17294
25524
9599
17425
21456
46588
39329
45074
38585
35093
28420
24349
8503
27273
24691
39697
39721
4013
39123
42349
34620
33318
43304
19818
49600
38351
39090
22922
8054
7960
17823
27014
8234
34244
11628
11533
14961
47250
3740
18714
17738
38530
44531
10759
11395
49792
13671
39732
47388
47116
31665
34084
29298
6687
43767
12784
26901
45449
46241
42505
49621
18146
14005
48528
36883
47007
32387
30012
2279
15654
36235
18297
38400
33259
46532
32593
35311
1197
43641
10352
27615
38560
36402
8008
47428
21253
24918
22933
23320
965
10496
34492
47271
38794
46326
45176
31574
49760
26082
45651
26415
44327
5067
2764
23513
24289
29465
24174
25455
27624
23211
4521
37732
19146
42780
24355
15128
4001
33979
26405
41136
35342
6943
5412
17777
28058
1959
28794
3421
35465
1706
15754
17494
20983
43234
5953
20098
4280
35715
42896
20082
49147
31681
17362
24318
37828
16933
25653
47221
44678
21217
48801
1813
41960
21755
41461
35315
29068
23222
13049
1093
9939
21975
21522
31414
12381
134
47450
39358
40543
44888
21351
4338
24505
42322
20345
27992
2526
15201
24300
23899
46894
10326
38769
42690
22135
42
17403
1887
21058
5283
10274
28756
32163
16596
28060
9279
21297
1482
46388
829
19188
15743
41464
34854
39551
26709
49658
3080
19251
26239
6573
36135
6648
10692
19421
21998
43807
6540
31465
5129
39733
4985
30195
4167
32907
28925
1538
25948
34728
25698
22254
23963
48206
42772
26053
47994
48629
18318
6283
32481
26304
843
29107
26246
44684
27145
19743
40736
49640
27097
47329
35027
39994
46236
10460
41856
10836
42756
41560
19509
20942
23972
38417
49849
46857
14886
7221
14671
32098
27460
24587
7014
4745
29775
21439
10192
23890
28373
46461
31176
26534
43435
46334
16946
27593
6477
13575
42702
3288
11156
1151
24596
48183
2652
42977
45537
28450
17453
41771
29284
48259
23633
1517
19079
33405
34088
33480
24000
48843
8583
1977
31520
40529
33337
13801
33880
23784
163
22008
44835
25390
16058
5728
1112
9701
8334
26132
7903
35318
3552
1388
13696
48932
14443
5356
11855
16248
30051
29245
44450
19360
40706
41203
5839
5777
13469
8705
16234
24290
28252
43411
28781
26381
5815
27114
40348
31529
23580
7801
38765
47861
8343
6472
12538
12018
44906
43051
9689
2592
15400
22046
27892
45382
26923
11111
21082
29444
47675
7095
850
2883
4507
9056
9387
5455
41071
8317
47639
24923
40952
382
12474
18658
48888
83
1266
11378
2002
4696
32835
13454
15453
18102
43430
6849
15912
7528
23915
39641
40939
32336
18383
39841
5351
42008
35122
13136
6374
37912
41565
35855
2170
30678
35673
20193
8697
14328
35586
20180
25033
45423
20259
40789
3958
8779
46569
18902
5613
33065
17883
11915
16380
32206
7656
16278
8224
24527
37168
27348
4819
44387
27611
26330
45622
47346
27922
47148
15742
34702
2339
28633
7999
36784
12149
42783
23825
19929
27146
1523
41428
43756
6151
2224
2801
7701
12467
32030
1335
44247
988
37272
22563
26719
49249
6702
26648
2748
26126
4314
45687
31233
43569
26264
630
16573
28694
3989
2290
3069
34697
31266
43346
8847
33485
26300
42091
47798
49351
8940
37594
10625
36236
17582
23862
4075
25826
20272
37771
28150
17204
5106
38248
32819
28595
32216
14446
20772
29385
10452
16703
36037
2685
43673
19794
1344
25613
14070
14803
19636
13218
26312
17449
10878
13958
89
8789
32812
43177
42928
9894
14762
19184
29371
37807
25112
44602
33929
38806
16662
6555
9454
31575
10465
31302
27338
15693
28310
1949
43808
29646
17474
28381
35096
33516
40858
40234
13952
38348
1871
6681
15599
22778
15981
36430
147
36200
953
32813
26359
36366
10830
29350
28451
21168
38000
20097
43536
2667
20613
28172
26189
37325
20821
41099
21411
39837
38474
21227
1349
41745
33113
20884
40058
7716
3861
33991
21287
16730
49497
18291
43631
14275
28672
46979
35729
40628
14296
12455
47251
3003
49485
17487
72
25166
4842
22481
12170
15347
15931
47028
19209
18927
16401
40935
37600
41626
26301
29666
46504
2669
21708
12370
835
3774
13456
12012
27730
32264
47147
4016
46020
1236
47214
24199
46329
22316
16927
46572
18416
9924
3293
158
16853
29093
3122
26269
12919
9826
43423
35535
37676
8875
22671
478
44500
2671
14817
33928
27237
4406
18623
20618
32531
32930
47874
26887
26298
12830
48412
9540
38518
36510
48915
41937
20827
35053
40520
24761
42054
36036
22580
3695
5526
21220
42937
45489
5680
23391
37321
16473
36754
45867
49921
38629
14059
2162
16606
31182
49231
797
8441
5376
7083
2003
39267
2357
40480
7274
49633
30573
47113
21689
6510
20262
18325
46535
2081
18740
2032
25956
9352
7084
5636
36803
40604
38038
19439
42522
33426
48005
30622
12955
48682
29698
45917
14525
483
1608
33554
21550
13433
30826
29221
40393
23549
4035
16030
22959
5585
31323
49776
47589
20235
47962
15067
16161
31843
31668
46246
7331
16996
44951
35497
2987
7182
38860
37065
10756
46590
12968
6411
27721
34297
2480
37971
3912
38003
17406
16488
24091
47941
14385
8373
49558
12358
37740
2568
23199
6224
2323
11625
29659
25794
25752
28146
29647
1052
20711
38429
11666
39174
975
17016
22001
40106
28261
30630
21805
43080
13717
7917
27400
44337
29623
32726
38083
34023
18044
24735
13566
20628
8617
26711
7941
37390
11916
21930
7610
35286
16780
41936
39128
864
46147
43385
49982
20543
32573
48329
7978
13727
27225
36575
17649
49148
6936
18155
41965
28079
11373
34238
18351
14684
48984
10246
5694
10375
21964
31781
20873
12536
9543
48160
4368
24520
3624
2704
1400
2309
18437
3621
36811
12833
33359
27170
12774
19809
40894
44176
33466
26256
34417
42817
23931
15183
40150
845
49203
23307
48426
41794
31197
46910
40428
9808
18748
41736
36925
12846
11960
15929
19029
23728
32236
22597
25548
26270
34315
22981
31010
13844
48367
1444
41662
8730
4201
42983
16776
25743
32938
23881
47331
1698
37949
19140
2832
31829
42628
40813
37304
11436
43432
6531
23810
6577
48751
5855
21296
41286
5612
23407
21539
39137
34986
128
23712
48075
31839
39254
34949
17384
40836
4607
14191
15591
19490
3737
11784
22775
24395
11177
36624
14861
46110
40537
20160
34780
39619
44268
12579
31357
31117
4990
8829
127
10973
32612
11288
14526
32218
20176
8280
34734
32826
49564
35615
43563
41010
10670
19977
37648
48135
21933
48868
31502
17282
39960
34841
44060
36770
23514
48287
18965
22946
28062
12028
21869
15629
5765
10909
26632
36977
21757
19189
19592
28567
41198
20477
37647
39487
28604
39157
30478
16731
41302
13095
30599
14834
47072
31871
18207
33023
20204
29203
5197
40687
1356
1811
343
10572
19084
3060
44664
20399
31447
6402
20297
39176
12046
36924
15307
45942
2777
49395
46598
39705
22602
24849
17548
32021
34917
47453
2499
919
14723
41077
36677
32164
27570
12127
25315
16231
15391
35454
39691
6295
2398
35484
42614
32522
23360
35419
8582
34844
2952
37241
29888
48990
49527
10684
16802
5199
1247
31019
21329
35127
43171
30692
41156
3164
11632
20330
47163
29992
3242
43438
41113
14472
39491
31079
46167
15678
45403
18145
10029
11235
25845
32697
30204
8433
165
41636
10350
32242
19528
9186
30651
49818
25072
32456
43096
9667
25366
47800
28296
31971
30294
35665
28765
2798
10236
12153
17285
11232
6548
35018
13118
24176
48031
12618
27550
27075
8029
36271
19358
31887
27013
12861
8305
14819
24597
34435
45519
1297
44052
39397
12767
40505
47880
47747
45569
32740
20369
46513
19275
23260
27803
34613
42217
28370
12098
22100
29619
38734
18153
22773
35577
30274
28490
20683
23482
21076
8032
45002
21495
21656
2651
15717
37737
30449
13120
41000
46948
8762
28218
5630
45097
17606
961
1206
25687
20901
9406
24704
42341
31837
42077
23095
18659
33269
13901
21127
33116
36451
24046
13919
20471
49974
37579
36867
38561
10165
26063
28654
7601
13788
26698
20606
9892
16591
32292
18494
29467
32076
41570
26284
33205
26552
48105
12061
16522
7038
38957
18487
27276
24602
49632
47071
32576
13943
48511
30212
18930
12406
1760
38703
32833
36928
9341
32538
44609
12945
1659
39601
645
31526
29403
1292
10137
23834
9878
47277
25694
14574
1424
48065
40726
41715
26841
34614
787
29331
22698
24260
25378
44562
20122
1056
636
44809
38606
8871
40525
29459
28227
32691
47961
21669
38700
22219
19099
16006
27212
42930
19603
6848
19760
30291
21436
43800
49566
24559
3507
42678
46106
45405
33714
26670
35546
47117
15299
8487
33890
46232
38309
18727
22440
8893
19270
18162
41874
38356
814
6004
25559
8505
22898
31597
46934
16838
25472
1558
10322
45479
45909
5573
27540
6222
48654
3858
4714
40387
20420
26265
32247
41280
14752
15800
17830
18409
43330
31392
34433
10699
8353
39949
2915
13541
10220
9884
2210
13027
7540
15488
8131
34793
31851
6781
14887
26621
42287
20810
29462
30979
35967
34673
16387
22937
39830
3045
15341
31494
11537
38508
15036
19384
5338
37685
28746
4229
13905
13614
34388
13322
29447
26351
40598
37510
5134
4561
42749
6469
30216
2959
49909
9503
30328
33738
47275
23300
46503
4596
5319
26531
26819
33960
11190
15861
17379
21348
2058
10584
9660
21991
34364
11224
17129
48389
44240
33077
12747
3569
22211
33207
48555
11530
40875
26386
46447
10816
44311
29914
16641
29542
27778
33759
9007
3443
43732
18135
49830
32939
45729
26982
34707
20987
40588
45762
49625
26150
34822
34460
32210
14656
15191
44476
39459
22130
17724
16899
48360
8987
28958
17445
17115
36809
38797
15683
40036
28911
41550
19554
41284
3236
15540
27577
44244
4900
32442
8604
24571
5996
18080
10039
1775
12528
35713
28293
42796
29463
26609
39514
3125
6953
776
5875
47629
21393
28173
33731
14108
26025
7774
6317
46639
7561
49145
20458
45989
45900
37238
9614
26737
49082
12947
29233
452
44819
18109
48058
20112
21543
36367
4342
18348
22409
4169
9863
18084
31311
4092
13625
41780
25483
16700
23340
21548
38619
18897
14853
44867
41562
19293
3598
23672
25003
4284
3251
45786
7376
38553
32917
9838
15514
31272
21156
39850
36769
45496
34042
18588
11999
47852
48291
40075
23778
3085
26419
16525
43262
12637
32562
13563
47718
22557
9189
38579
7273
13220
4403
14332
26961
2728
14271
33900
9636
13686
40211
17262
44005
29844
45827
47389
26500
29675
10598
42608
7571
26214
28241
26445
46372
31503
5215
25666
42172
6399
8262
38874
12306
49843
30952
9431
29654
23388
19802
28377
29998
34056
29708
17832
8969
48882
21816
18779
36741
34235
35455
18771
37969
31889
6046
36625
16316
1655
2937
2038
1786
44793
41593
33076
8398
24985
37747
48708
39934
49902
17072
34691
10114
35806
25908
10357
11120
4820
31309
21511
15731
10888
43245
8524
45896
38591
29428
31341
36477
22284
31794
31446
43422
23984
41916
45324
5383
40014
20822
6672
45294
25356
26195
42565
4594
11964
20995
45589
1828
13364
31801
41195
20629
22568
41345
36543
49355
16292
29984
44995
43482
44114
29280
7883
22679
27370
36231
3818
29007
5296
18431
1370
30715
9758
40516
14759
42149
25771
43313
12245
17126
28389
49010
47538
11487
13932
5543
10660
25711
25031
13428
48355
5721
412
35371
33719
7630
33413
2789
43227
27594
30523
21496
446
28545
36656
46121
36055
7945
36500
14123
48492
19353
34316
14129
48798
32846
25993
13803
13733
22055
13058
44436
30727
3243
32788
39659
33445
35625
48224
7730
26191
17841
17968
8116
20787
32097
15620
38489
43785
27835
27694
2746
16814
13374
13292
48595
33740
12678
9687
29185
32684
36007
11220
29485
25284
45686
3798
17567
6605
18004
16551
14016
31739
42545
20938
10999
3500
34617
31327
1100
12730
32942
20562
26717
7563
13157
40666
32673
21691
37833
31997
40930
47527
32078
22285
9550
33453
28820
11878
24043
16154
30269
6242
31294
48304
31540
5962
49653
31962
16397
4550
17451
32557
9183
40279
33808
18632
14154
17092
33150
33576
7387
31863
26092
23670
43795
36437
14855
25039
14999
7461
19671
21382
16764
34929
38116
18345
7373
18844
30223
37453
27761
5849
45398
41528
40542
31644
32844
22786
22828
40302
9169
30565
43501
17208
15567
19681
37383
12427
49347
26
10944
24920
13916
34988
31625
5101
43208
37783
31082
30239
26487
46903
45148
35662
35993
17798
29955
7611
48585
19060
42493
37455
31623
5043
15474
48100
38005
47593
32121
5460
20161
12825
49100
36520
1378
35655
34093
29536
10981
48001
21534
5009
26479
23618
31701
1088
5179
45478
41854
10825
22816
7717
2140
15437
27495
48112
39897
1141
15977
7481
46324
19721
1968
13133
22300
16132
9114
3620
34597
11281
12575
11196
1674
21373
45962
32301
19418
5419
47436
24496
40015
2529
33832
45705
19269
1497
35838
42252
45035
42501
28162
16026
37777
45822
28989
28236
26212
31318
38165
13284
43958
5225
45030
19277
47296
36878
4489
47792
24508
8490
20697
44787
48312
39451
34349
33746
33420
18082
11293
37429
1626
30277
47414
19890
39792
45247
45499
14731
39067
44276
31195
27631
39014
43945
18825
38735
18619
29999
33515
22795
39725
19457
37629
37810
42312
42737
17459
4381
40093
24853
38771
35141
14383
16045
34829
45334
43148
28898
690
30764
4839
49727
18336
35387
10221
12090
29193
12548
34880
29146
9498
37062
47863
43879
5436
36685
25036
21178
30064
16329
17040
30147
13328
19576
43837
48192
39510
18407
31796
14943
26002
19871
2563
22246
45769
46545
36996
33054
10697
24437
15457
13837
15154
28074
25914
16867
6533
8930
12240
45614
8852
8797
40849
34900
44761
38928
41603
47194
36382
2754
34668
38080
19283
29677
17784
39475
18698
9372
15775
43990
22195
23470
22216
23397
9160
16440
16319
23760
35137
47912
46287
49670
45889
33988
28211
34234
46382
44068
8144
21939
11175
12892
3451
3171
16091
32797
15256
22281
33737
23315
47420
22882
32183
31367
27406
24991
48034
4843
41293
20885
34289
48111
4203
16590
14892
43324
43039
40205
44411
37534
14259
40592
24727
28556
1738
41783
18210
36821
33487
14866
34067
45665
1562
19082
20170
22355
35534
22145
26530
16364
19630
40443
23272
25732
32542
9631
3179
36727
38935
25779
40178
36018
26785
43058
38354
11205
21877
39434
18309
21650
46109
14722
18917
4400
30937
20042
37174
25949
39422
24358
33544
41373
19386
4394
33302
25576
5204
14792
13020
29273
16971
46272
36364
10704
18928
6059
20597
24495
27295
8848
384
30948
31716
11717
49596
48044
42133
28905
7149
25017
7607
31636
19748
28678
49930
18473
47153
28502
3072
5682
44170
14066
5683
24164
41833
37487
25775
10620
6561
7011
33819
16323
40245
18382
17064
17241
37003
9207
6332
42823
513
25918
22271
25092
17152
34087
22227
34280
31511
17850
43883
46203
6908
46939
40102
46227
21184
39034
10341
28475
11987
5006
48871
22226
292
27389
34233
42789
43244
5600
27655
4504
26323
7263
32090
38112
21997
6458
24728
30469
46499
44230
49495
27168
40010
4571
18315
16646
42893
41941
31779
19579
26406
30607
721
42724
47039
25059
48263
23225
23961
29862
10983
47334
40844
21729
15042
40266
9596
649
45530
8850
11707
49995
6538
11800
17906
12202
19492
20379
41076
28739
9779
22215
2972
44878
37694
13876
24205
38597
2220
11093
41624
49848
47947
47621
41496
21185
8006
27185
42514
15235
18634
38468
48642
15778
42853
24742
45804
14167
7388
9269
5464
25387
21174
8138
42500
30268
2126
26088
35381
27388
6982
34714
38690
36176
22691
46865
41455
39674
14696
40950
34537
24383
40472
38511
43308
7142
45876
10662
23008
19208
49884
49353
48599
817
10732
47877
28195
4010
32532
48509
30476
5146
12250
45893
29142
15948
16693
28174
27049
18672
47077
44872
19605
6086
31891
17808
20934
1668
14890
41279
34146
44854
41735
9445
42814
17664
24214
31676
36638
21902
10504
43912
4388
15406
45267
17741
34967
33243
7171
42546
26611
46623
32045
26193
45092
22747
31376
15536
48247
45535
39495
5784
36794
28642
6465
12523
30879
43660
35307
42178
48902
10930
2597
10967
36089
41814
38251
49934
48298
26047
44547
8363
7009
45034
9848
6187
39772
353
16340
9845
33058
5245
43368
1114
3307
15568
27383
26846
7468
29825
38542
43736
48181
43360
24900
42134
2346
17801
25973
45670
33334
3967
26996
48611
10549
21793
1466
26251
13286
24979
30543
5869
25615
31950
28816
10537
9357
3037
26677
17380
6392
32405
32273
35297
20425
6734
15510
6579
43579
17312
1981
6029
14829
43972
48340
22253
30696
3629
41346
24035
35157
43029
37310
8911
35493
13227
27670
18676
1924
29550
47399
34024
798
30962
47897
2086
49568
1776
40148
12029
46160
42819
351
37653
410
46999
2192
41832
6871
49053
11737
33648
1953
4396
16920
9567
1215
27325
13993
16844
6623
33278
5317
42183
40237
2493
45126
3709
31805
33458
26020
7678
43085
35361
45571
30909
13856
7800
34619
19822
22615
22703
20744
29711
6524
131
47561
34912
27292
5978
49663
14057
27781
33506
35908
8812
5214
14597
423
6297
46069
33824
6464
21728
39962
9259
19638
29198
38776
1043
33225
10892
4023
15836
10581
31498
15555
48309
18695
10774
1208
64
12355
45049
40047
8235
40216
22528
7762
37963
23690
35225
45252
32856
12748
31383
22115
27415
21093
16621
34955
6020
13951
4947
4811
950
7871
1040
25436
37568
19221
40863
16065
39981
18590
16351
16286
13922
35354
29219
17450
27152
41199
8589
39268
44541
42421
28164
41411
484
13356
30944
41799
7055
1653
43853
31675
1755
1715
8052
21733
6658
27528
11900
44622
24079
36471
27141
1630
41325
38590
4738
28501
31560
26199
18000
30303
9993
5328
48033
22827
193
42950
46456
41693
5138
23741
40345
49859
313
49
21458
30425
42716
27403
48842
43077
49562
39628
29616
25634
34194
40399
33
10890
17988
29551
44886
47026
41500
9369
21875
40971
23046
42306
43627
11014
39222
11334
39770
9865
18187
16008
29952
41326
17665
38265
45854
37621
25441
41525
47335
5544
39729
10893
49749
28318
37044
34026
42864
10593
48039
44083
32243
9919
22608
2207
39077
28145
21402
4907
41579
23115
34048
37131
7415
28286
22978
48373
8059
41990
39550
24371
1895
26148
41608
8726
15582
34415
39885
1132
36154
33781
14077
42395
16715
32895
27107
21158
19525
49468
15844
42243
13250
47306
14047
15911
9344
7231
49634
40983
32711
12643
6269
48927
44035
11033
42984
3966
41223
7876
46656
16472
6965
8948
22552
8707
35017
10731
49180
43156
49893
14488
26767
34736
41360
41723
32732
33280
10025
25618
33659
24399
9377
48775
18036
43515
32926
18347
10702
7047
47832
48149
25078
32737
17159
6158
17489
24202
5231
1766
48676
22885
35654
49091
18780
31707
6633
33748
9637
14753
8621
37584
33219
36381
32978
37751
34790
24968
36425
34690
7727
46863
18038
6847
11645
35528
42591
28596
2123
1638
36377
19609
30897
33264
22155
41538
33288
28863
10649
4520
46036
25776
17103
38738
36420
3173
26780
25777
30337
41085
27119
46126
7616
9950
37102
43031
26178
40642
22935
44155
6388
36885
28387
4215
24319
33778
24539
36376
1522
11699
41210
6231
24200
46066
24447
45927
7307
29521
43547
24457
46834
37590
31137
2176
39392
1477
26090
27227
45132
4135
2783
9749
29570
43332
25491
879
22593
19164
29618
19462
8104
45553
46317
137
47899
15345
43109
25560
44644
43745
24850
35
263
42615
46897
30959
34865
40762
49451
30350
38819
10851
27005
47522
6202
10997
143
45940
21071
39047
41932
45706
22929
3694
708
42877
15551
30360
31167
49685
40330
48358
8559
25544
43115
34920
21176
9583
30730
39016
18536
49173
11578
13119
8887
34427
18876
20804
4703
9296
9978
34171
21041
34110
30408
15579
32390
28386
13656
18457
41222
6819
2452
46954
9089
19017
10205
11945
47993
31235
19776
14473
36815
1204
37057
35436
10799
41212
29101
2961
41268
34165
3817
12796
24147
18573
1875
19648
23674
15150
3266
1734
2731
45696
32830
20527
44528
23696
20507
41262
22138
1647
31754
40747
49307
3275
44962
1881
6169
31265
7402
15829
1965
42206
23525
19974
48705
14175
44851
10336
20041
48858
38904
44287
21671
2655
46308
26336
47308
2518
23256
9910
41756
3094
10421
6233
31496
36757
42659
31365
29132
30646
15257
1537
17274
11812
26535
10990
5989
43917
21762
39006
18219
24468
32478
19394
8493
26042
28348
33486
19839
15897
7529
8092
41094
8252
39143
6080
10307
15351
47485
49765
21884
36662
1972
249
5910
27888
34559
34009
2208
29512
27206
1075
43057
42401
47282
11650
16808
42998
11249
31204
26417
10126
43006
9580
11897
26343
31664
15939
43561
47203
4358
12239
22154
11306
48173
26236
30628
6069
19844
37613
25812
11722
6171
27792
25710
456
23995
14288
25930
20323
35085
35080
44033
37042
17495
24544
15655
12436
7755
48587
40756
25220
16276
22161
38375
6563
42978
47794
17565
44807
5834
27373
31822
10381
14658
19984
46026
3272
32693
23927
38711
27561
12638
38094
17268
13874
5410
31431
26577
646
28530
3659
822
41162
7986
675
17576
26950
37465
12935
11125
40323
42992
10217
9859
3478
262
16511
5415
32537
20514
31857
28770
49078
15012
37446
40287
19606
23885
34055
21727
45966
39260
27619
1829
29268
41876
41204
34962
10133
6351
458
8572
39853
30860
16242
39970
38467
25382
3319
11397
6585
11049
44750
48958
33328
30200
38967
11469
43134
33739
34538
43469
10403
8220
9680
11102
31551
19551
21057
23083
24648
20123
2315
39442
22849
6094
49450
19792
2974
34851
29250
36415
48226
47146
19915
18150
40241
17639
10826
19744
15110
35094
33097
40059
6601
10681
9439
11763
10334
31067
438
23399
29275
35876
16061
44270
15258
42301
19387
11729
43472
13129
49916
28124
35306
13636
8186
1171
31637
32074
20282
3100
18397
36827
46341
7053
44071
19652
17454
38661
10846
40149
4713
43752
8823
44816
4741
27955
2082
7676
12931
1658
13260
8926
27431
35442
20011
37630
36349
20795
21104
28970
36812
44837
18259
27102
26807
7784
37986
1597
47745
31518
26062
1038
47135
47797
36229
35986
3993
26696
16051
21259
6986
14650
233
45781
42310
27854
48772
22840
365
2051
506
45712
19868
16320
39565
33090
37093
33110
36168
20817
19429
32454
9723
6530
32960
5213
22200
41774
47456
13293
45054
4286
5109
15282
30525
2662
4785
955
40475
460
45760
29815
47385
19933
7827
16957
10397
31346
2976
27708
47299
48252
44650
19909
26918
7850
16233
49595
6970
683
7360
22688
5166
19288
5017
48699
13921
29383
46123
36457
28681
23254
40792
9004
44918
24298
37805
38011
3728
333
32389
24239
12715
13861
27157
26988
43541
18861
40172
27538
21020
20541
21081
1118
45997
26744
38741
37367
42185
4113
18796
28336
7914
23924
24261
9262
49646
46010
10872
24151
29535
1229
46397
38748
43106
47256
5980
3712
5397
39535
29307
38
45394
23447
19866
37043
14857
20642
13772
23698
8485
43127
15290
48480
29261
48051
45414
10453
20665
43045
19229
40360
14687
37599
23828
26695
35443
30000
24824
45200
41658
6526
48494
6808
16160
10196
32095
24487
22047
19162
24365
24283
16413
35540
19097
13665
25478
42567
34540
28634
35902
26849
38767
3224
774
25160
35380
40944
34039
41269
4964
34682
10483
16326
28433
24944
4959
38363
28625
2858
449
44206
43062
45186
39270
49130
18266
24480
296
7486
36440
25088
29323
26170
33505
3865
28459
49101
3713
39920
11109
45932
21607
42875
35365
6961
23092
6640
39261
6815
44948
15735
41301
34186
29679
12136
26227
46197
16396
5841
42148
25699
22624
3877
17929
6673
29130
35389
23754
24424
10263
28700
1966
11387
38103
33165
6035
41566
47917
10980
44685
8920
35788
46702
41979
22594
2471
30037
12177
9034
12466
23537
34701
30998
42715
14845
48815
28369
41602
18884
33005
35298
22642
17826
4301
30385
33188
2985
22297
40610
41687
32126
49264
17695
48786
39670
4950
16747
21068
6478
46520
17180
3508
34791
8556
17501
43822
4086
35778
2560
2736
4433
15878
49594
35555
14136
41406
37944
22434
42960
21336
46242
1644
39124
45373
49089
17123
11165
18021
26036
17600
16178
29290
43169
11338
40775
5711
9760
38550
41221
9067
17144
48510
12206
12989
35716
34924
2281
5142
33676
6659
9230
33343
871
46517
48262
26532
16645
40317
7672
4296
37557
29445
40714
29622
39175
39835
45079
21814
49734
34416
29343
26297
13060
45360
27397
36736
48148
15709
25080
21054
14022
11850
37064
47715
26602
46275
22393
7352
33353
47531
20530
12555
4977
12675
30611
32862
45152
17933
46861
2155
37444
27766
32668
837
42230
45447
20443
36333
46698
42883
20017
7969
40879
9481
16880
11773
29102
41828
23947
26691
13568
43625
30405
26187
42121
23648
36059
14932
21285
39265
7982
35888
39608
37368
492
19930
16117
37966
3244
13139
15087
12817
28029
33268
2034
5883
12568
36225
17447
16414
26147
3593
43364
34645
10874
5326
23551
10964
7209
29741
15323
12085
16735
48030
27434
27
49349
19759
7346
41220
35424
38743
39685
19041
9561
48687
36029
35507
30382
49144
19738
47183
36637
13372
13824
45881
31497
15045
11056
4752
47913
19066
1427
33467
30901
47829
26166
18499
48303
43491
34663
4214
43268
10969
11354
31185
9725
12984
5120
26631
47905
25511
9570
6938
47493
24311
3660
35808
19677
43781
49970
41987
35988
4588
17821
10887
10933
44620
2836
35169
48132
22486
29320
13238
3081
28577
15521
19320
2191
14585
4903
41660
28822
3113
36163
17091
13759
39310
40759
7573
26202
37382
21374
30627
17259
16960
15365
29498
36379
15062
46229
23175
3577
8646
42994
3898
33736
13365
49535
30883
24902
37882
6463
44338
34836
20820
19103
41436
21106
8232
14575
37643
28006
33443
1460
36100
13394
23615
46601
25385
43020
39113
32586
33869
21263
22596
41882
20974
49925
31209
39276
47339
24779
40832
12843
29565
19787
13776
32116
45885
28696
20034
5221
1159
27494
37501
22392
40262
18570
47692
42429
10203
8799
41036
27625
49265
43329
9101
36087
18614
2759
36785
42256
45800
29501
41769
28400
47991
43375
41056
10875
30649
19434
45988
22406
29751
21513
31951
45803
37920
6077
27707
6728
2545
25251
16977
40429
23518
6629
3428
4954
16170
7026
8003
41479
28997
24008
36644
46524
4841
19469
37320
35773
19150
14303
3260
3024
15740
15177
27918
29004
3189
44368
17006
16379
2745
8048
49407
31211
24037
3895
25792
13980
37167
44221
23660
44156
29225
34706
40329
4100
8146
13074
48483
13200
12852
36212
36722
29528
23252
46556
984
48032
38710
14775
7066
19205
41130
46012
27549
21798
42369
35211
29702
21023
4475
5368
36765
38897
23210
1164
14093
5172
2195
7726
18851
24090
3516
8106
19083
7931
46335
7822
2456
27649
38715
31660
9512
26182
47514
1415
46040
40311
41899
31215
44487
34376
48727
38170
45807
15308
17812
6254
40892
19957
45829
1453
45281
7912
34189
19521
31820
25215
20183
46763
28620
20022
1345
4387
35041
6645
31732
662
19835
20107
34260
12626
42968
42489
41398
27133
3562
39542
9005
43457
39624
27990
34594
2097
37999
12932
40063
48835
28210
11563
31393
11170
42553
3209
19479
35078
39257
24569
18273
14027
8402
32914
26747
34681
27413
27530
28008
13368
13819
11350
17037
7562
49513
44903
27351
37734
48078
23310
26840
25823
31168
47916
43598
49718
47648
5731
4468
4751
44582
27596
43655
38507
22286
12885
1387
794
30653
16357
30244
5148
40544
35059
44570
16795
9140
13499
27944
4382
17717
46424
40441
49356
11442
11263
24414
46909
22435
2120
42878
37150
42600
28093
27562
33559
35570
49698
3496
13280
25069
39488
3267
47359
38305
9955
42665
5744
3033
408
7778
28421
31032
48557
21120
47598
33789
48886
34504
26650
34626
16134
12650
27518
35499
17412
312
25833
37388
43918
25620
19895
41630
27807
18235
35082
43053
24803
45778
11420
47086
23223
39305
20383
3434
35472
28054
32742
34144
45386
35783
5248
40583
29468
2227
12267
16277
32378
25336
43211
13592
10413
40958
14523
5557
14352
36648
33551
4789
3918
40561
48036
41482
45471
21602
23873
38914
39010
36423
6446
12799
9291
30441
46510
34424
6123
14854
8115
38795
32041
49039
35091
21453
10184
41073
12457
30790
20639
44189
7637
8236
24072
43175
44825
19714
36944
45213
22618
23840
30797
18166
40648
15904
47580
46879
49904
23129
37858
20998
39957
30368
30475
22397
40691
33232
26527
27184
38812
46364
27341
29018
44041
3536
4817
14582
13427
40271
20047
2185
23530
28245
39948
23120
24915
35581
3115
47024
9949
33469
33069
49780
34639
4516
21468
4189
26956
29665
1696
41919
47110
46667
1584
18226
41180
36350
38980
34928
14065
10049
24810
43379
14222
24552
2698
31867
33533
9300
31927
29337
25807
48617
7503
363
4584
43797
40411
40938
13533
31476
3717
26340
33246
11648
25957
8507
4279
32638
22021
1639
23566
17845
18026
31042
8344
31165
43966
27471
17614
30048
39318
36291
19645
14948
16706
43605
18216
15809
22962
47841
37993
4859
40269
39271
27618
41018
8820
17101
27712
1008
4267
1143
49221
27870
33603
48934
20194
20090
49258
40074
20403
16676
23275
8830
1728
37819
13762
42753
37213
28662
20727
32446
20921
10705
17740
17044
27259
17783
43575
42144
40435
25724
35402
34160
40391
20660
23979
28444
43727
13033
43856
2734
14414
20864
24851
16761
42300
17971
35733
38551
46291
20786
40256
29787
26518
4815
32996
7245
38595
34420
14986
14705
20917
11212
19991
6453
7205
39065
33184
31434
21195
3437
23415
15625
45188
39902
6707
20417
9563
24215
22244
42612
42402
20054
9593
32572
14737
14547
13992
45821
48955
33842
31353
12724
35256
14921
34786
2579
17758
17601
26440
2328
10720
33253
29443
25113
48436
11687
27953
18279
13201
33151
24073
25919
47030
5555
5298
24881
43574
11805
32571
27309
38413
46152
44174
41569
24474
7624
13709
3335
31834
2317
27783
4195
31451
47868
35984
18017
30633
2840
40261
32767
14891
16485
19444
22988
28759
16552
23445
32199
12567
49649
24391
1302
20214
21431
5490
47983
32966
32584
42462
16338
31146
18511
202
4425
18095
247
18652
32866
42234
20564
29712
6228
9289
9380
36475
28403
31097
22880
44940
2587
8919
7158
25252
3788
2575
44025
1191
36674
47707
7238
16089
24077
34125
27966
32020
20869
46958
28393
41972
27125
1933
41341
38593
43426
21398
42951
23229
10041
36806
36923
18124
44915
24421
12326
12428
23476
31652
39752
48637
28283
40545
29895
5774
5163
33482
43989
23793
48085
24162
39301
38187
15490
34130
21806
26319
31662
4240
36949
16943
22564
19015
34394
45052
49526
19234
5080
5854
12187
39385
13590
38438
21829
6327
21142
46463
42483
38243
36165
12603
26248
20466
29051
49643
14417
36728
35476
43558
48343
14294
17104
35842
23185
20378
2431
40356
45402
24017
26541
34896
34782
8406
24875
7152
6140
4448
46112
42192
38796
4861
21850
33984
5846
33114
6677
11988
44236
20894
2268
14289
25995
29417
26723
22465
921
46061
36622
1437
11273
25863
36369
1789
6901
46895
47750
31634
42095
45492
24148
36679
3676
24407
45707
10377
5932
44065
45487
11168
41839
42088
9870
46522
26216
45946
41785
33909
8620
37514
19448
42118
46787
13581
47131
8118
28205
12143
29918
48297
5644
10344
11002
18500
11086
2216
44171
43174
20348
12233
2600
5251
6800
2378
9162
14631
29372
1053
36105
13001
46075
1153
16074
9990
44125
23154
30926
46381
26802
38350
12350
41020
19473
5702
26186
20036
26138
30661
37618
48552
15315
15919
28066
48467
6487
49880
16656
23917
20121
49529
5457
27961
12518
45648
48814
22025
40340
43209
23905
31985
27656
19769
20771
7983
19893
10475
7019
2159
30664
37431
6652
46474
48045
48222
22560
27936
16962
40962
4261
38198
27342
26913
40946
14157
13159
14025
37950
43151
7338
12104
39911
33357
3582
26055
26969
13918
23233
28317
22617
5867
20918
1352
22627
3249
33951
42413
17986
36384
31322
21073
29329
11562
26781
3351
41666
21015
36024
25706
23555
37469
1837
16978
23652
1327
3412
1278
38919
11990
23003
14058
16681
1692
6769
23149
24168
48113
1825
23664
42797
45637
44418
23021
39990
19577
13302
26727
7919
44357
41012
3901
44475
1231
10578
23520
5742
151
18713
15296
5607
41034
47835
4091
21358
22198
13714
12646
31650
14389
38609
36745
10770
7179
29115
16449
46830
14447
45181
13552
44234
32776
45843
6023
9192
40276
33438
41184
21282
10974
39781
21925
47318
3753
26432
47649
7604
33191
33868
19390
10824
29794
20542
36433
3270
23354
49358
47454
4134
40457
24154
38433
12746
36983
17568
8976
16460
14245
38936
3685
39746
16311
34604
27459
23836
46340
14118
7663
32168
45566
47923
49139
21849
21981
36589
27861
38264
4940
24598
14395
34392
38842
40143
13338
30005
19193
22471
49662
43460
21075
17920
33064
8223
40822
19584
5577
30352
19956
6922
15779
16138
15487
33637
34758
19436
34640
6803
42356
13070
46866
34838
8244
33324
45813
18857
14193
36951
46771
48653
37137
10717
35338
30822
5741
21575
13112
38008
35223
17481
29982
29308
8523
3947
21636
6733
265
27007
27477
21203
49673
45344
38792
24502
20346
4095
27357
36424
37249
20061
32548
17546
28169
7002
18919
42828
10075
5686
32526
46961
30612
49983
45342
37482
27962
2042
35172
5597
3770
8641
1765
14536
41380
15379
49318
29319
11785
34254
17857
45879
40860
40679
46913
15102
25744
48567
8330
35898
35641
20289
41216
18072
25557
30262
37
12132
36907
38862
19907
39298
43812
41143
18393
1409
22779
17751
43768
17183
4093
27682
6041
9385
16963
12983
29734
46423
31783
48613
22881
1677
12056
3297
45343
8341
48474
32757
41045
49273
29760
39076
41706
25701
23937
24081
766
941
36726
47394
43182
25273
4988
6355
7391
2289
5180
9177
10308
30555
11859
8855
34161
18091
24002
7821
35774
7213
10098
32886
33173
49678
47997
20035
21401
4022
24351
3111
25327
11769
32725
13463
35074
17098
23684
42235
43678
15774
20632
140
29393
2607
2885
28688
46050
32618
19007
36337
25586
44316
49723
10847
8275
7811
39612
23248
7309
14818
3262
27651
33331
5951
254
44672
45965
20481
15933
26759
46127
17457
5122
12000
40887
36489
22721
44869
13248
32455
32947
9885
30821
31545
13188
34365
41678
41787
1609
46469
28829
49284
45709
22120
48307
15906
29697
22073
41121
14202
5960
14331
33061
44779
47182
34266
39092
31890
20945
40664
44520
42572
5335
33976
11343
8805
42650
46420
46104
17682
45565
32024
5444
12699
31243
18094
44741
10842
14106
5468
22290
46935
9345
34185
46247
46735
40409
9770
47802
22232
4247
28758
39382
21192
13099
11143
41870
3079
41747
49213
38965
744
18646
7647
4654
40076
33313
10569
17786
17078
20415
45493
18365
26658
31653
4587
32187
30041
2327
5677
24934
27898
29381
41230
2261
26354
23894
2514
15759
7028
42587
41237
435
42966
3597
41689
6220
33563
17790
32876
24343
26649
33952
32616
46299
31015
46828
4205
29971
9891
19550
11452
108
37001
1338
33380
22438
29830
301
14985
29594
32434
35083
44797
35433
11361
35659
30016
20736
39295
22927
29042
42895
35379
2882
4252
39111
6655
24410
43706
44917
2793
4274
18016
6897
5028
13482
22407
7113
17859
25015
12795
1065
14872
42714
38562
17089
16498
45546
16180
32906
5891
9811
12146
10033
44313
26431
48061
6928
41886
2175
16815
42898
35143
1393
2877
39761
11208
30978
42562
45057
27583
43733
31172
16856
32500
40087
10446
18264
6525
48542
26093
17947
14975
36747
36692
32212
17769
42795
17238
36796
29887
1271
45533
36749
18562
29591
5937
33026
16631
30662
5998
46809
37531
8090
48322
15930
32622
5488
16842
28003
45158
2219
29231
30144
12232
17249
38658
36407
9028
28668
11059
32328
32858
8355
33689
2146
19585
39284
3745
27331
3711
42136
34884
650
38545
34410
21809
8173
17181
46065
48985
48217
8686
24988
37634
47824
49446
3523
7536
8673
9564
18934
44142
38621
8276
39035
30997
27183
41891
48
37233
9509
36900
37403
48395
21088
8165
40923
35058
34577
22039
26559
10657
13537
21996
46373
12957
30172
40424
24837
26594
18415
40928
7069
14081
7734
18442
34625
29721
45860
18194
39139
40562
47353
18262
14602
2503
47180
44738
35565
45661
39347
39935
22042
44699
9941
18368
37941
10368
42703
10546
37032
8386
23886
46280
15267
14239
25091
31595
11123
2297
44503
10143
27353
3945
7751
15482
16773
14072
44575
10492
46464
38675
15593
28086
22172
8368
44489
7785
21682
38169
4026
25627
27948
49519
16243
715
21537
28038
19790
35254
30485
47918
24273
3580
21043
41966
45162
6405
40608
14334
32792
3511
18193
13493
10533
41539
32823
32010
3917
517
29419
23536
22101
49610
33949
8271
35372
11118
45732
32065
42424
13421
18915
18821
44207
32004
18418
32899
32750
13466
39867
36931
46451
43696
5175
23837
47783
25101
26258
31921
47694
42268
20841
27760
37879
10986
21582
44310
39262
8132
7732
46757
5995
41766
45345
15606
5618
27028
8085
9095
24628
10043
17030
23224
41588
25022
36290
29686
37770
30179
5461
37548
23268
8728
306
22776
46410
47864
41475
35557
3887
45124
19680
49654
4421
23236
14475
5529
34118
28224
10390
7482
25128
19327
10347
49202
40816
35154
45517
43300
35156
34003
3972
3739
26832
48335
17377
44339
14114
30017
13988
32190
4901
7791
13935
4265
40763
17038
28328
38726
45415
45704
22856
31777
30240
17775
4105
12924
35680
18512
18333
6226
47001
34400
45063
39925
22077
1062
2867
1675
30003
7139
10234
1182
35887
41682
18316
25338
18951
40449
20246
37494
23736
37811
4389
15982
20539
38493
40881
3459
29507
4514
30938
28719
10674
28742
47685
18539
39046
19955
42440
20937
1283
45257
14725
9514
32957
3120
44499
15432
27700
34835
32217
22980
35958
13334
47647
7861
49324
3481
49464
36418
6554
48040
6142
33007
38314
17989
19872
1158
32889
28413
1129
46068
14418
9554
37040
19127
43297
35292
42609
666
41548
15765
46194
6496
29477
43036
31480
45903
31088
45708
12644
24938
41818
34600
2351
25895
25476
24050
14928
11394
36324
16235
34766
6118
40081
47184
18786
2706
952
28178
22502
29946
12298
45459
1819
30647
9545
12443
19340
4887
18130
21480
12051
27880
39808
43139
46924
4577
20868
27940
9846
21278
30545
35113
28825
45328
35676
28801
13096
39946
16728
22651
10768
20325
899
11223
49084
16782
35897
23286
31320
40995
48386
9600
5113
5337
49817
15353
22455
25065
36817
8069
13093
19201
5161
31397
44330
40811
32331
14654
45083
21498
25219
7709
21316
2643
48301
49171
1540
3785
24917
44964
23826
35509
48884
30060
41737
17714
47446
10525
9810
37309
38084
25657
32371
2007
30309
19486
44577
39190
45724
36478
22309
42311
6812
38184
34399
46284
31632
35501
37222
35123
5939
26900
31098
22245
48562
20838
35726
11243
5884
16819
37103
3928
8655
16407
3710
35647
34633
3666
47042
20185
32073
44901
39910
39649
19458
33086
27199
40638
37930
31385
19963
43578
47825
14360
23258
41402
9210
2551
9907
28275
29944
48694
11910
8917
31029
31898
46966
41321
31100
46444
11507
23249
20837
30999
49820
44091
26303
36703
43531
35014
34608
7704
25200
47735
47682
39140
15181
4776
37070
39591
10873
33532
17358
17991
3057
49962
48784
47833
48229
46422
13083
37597
6296
45051
8179
45348
46426
24413
45189
10372
8531
42675
30397
10313
10337
49065
11902
42924
29094
2128
20217
17416
42180
47775
31656
15539
37661
23376
17716
10751
35055
35242
35997
38334
23573
6688
43978
16616
47081
29072
11381
37107
8761
30093
5237
38367
49844
8442
47574
13053
10370
30776
391
49873
4103
12850
38362
26687
43713
4445
37458
12768
39372
4934
10659
32300
47352
17365
34383
27537
2071
33332
18139
20677
34215
13754
45758
48172
37824
25340
31239
5767
40999
19105
5862
34065
5911
26970
17699
49715
48975
38230
19404
1736
21024
20996
12234
10023
38638
21394
19514
9159
35772
2900
14112
8704
23962
27289
27076
36592
35000
19039
42377
4354
7278
22343
47858
13835
13995
43318
47533
1735
9290
17012
27039
36380
39413
45114
20248
9876
36171
34713
832
16330
24862
21315
37471
1745
46743
42468
16868
17703
42970
28477
22422
38605
19231
17112
39570
10524
20857
17063
47782
18115
23450
48607
40567
23426
25153
9633
28022
103
5928
16255
44691
49612
44023
49134
1990
2225
1520
12760
42165
14858
40062
12867
32730
2585
20211
3466
34933
10712
34858
12685
1133
34902
35026
44870
37209
4939
17750
47886
41544
47665
41509
6976
38205
3959
1942
25118
23774
6143
38798
42621
45628
28721
37845
26734
20111
34913
1818
17566
594
17470
30021
7585
19716
3994
47270
26516
15703
746
17026
41007
8062
4302
30636
33786
29596
49310
34449
27513
1873
4640
37525
27920
613
32175
36342
18837
29226
11433
36842
942
1115
40672
45806
4931
4898
23358
28543
21856
22589
3216
48812
4248
34393
18224
41137
11596
44789
25208
963
31570
29942
13169
3960
43735
5652
46014
3039
24549
2202
27929
49311
19067
17824
30799
26995
46053
43396
26123
15588
18964
2477
6116
4181
22230
46408
14382
44583
13269
29641
41798
22686
48380
7472
35356
31932
24715
37983
42686
10480
48379
40383
2347
19063
45256
49583
24582
10618
19019
29975
23157
3223
20257
49900
31961
48563
30374
39702
25681
40462
35071
15144
37217
6057
44991
16758
20334
22373
12608
21490
4331
3211
24586
8109
38012
22864
12226
15884
27296
44016
12053
47565
45654
3957
27151
40280
40283
5181
5149
12481
12109
19445
12788
40152
23531
23779
13914
37830
45442
9879
212
39292
32460
25739
48300
21304
34223
30246
40599
35435
26505
3979
12525
9119
26365
24157
47253
16592
31772
12854
35405
36354
24105
10111
45672
45574
40491
45484
34360
41275
25518
33915
6973
23786
2464
38260
17287
2496
303
2729
24634
34296
9825
8395
12411
22485
37978
4908
32297
3379
24038
18518
33407
42247
34381
19911
31344
17542
32766
31123
28304
49896
2240
9560
11233
49892
34939
37417
49737
22054
8390
43942
4186
27029
48390
7046
20866
30190
41392
42297
28290
16166
5898
32506
4868
38021
39486
17513
42560
3866
6505
37424
29574
39120
43152
28059
2855
10237
47597
7368
21123
4258
41123
7779
44081
2881
36082
5332
28855
1200
7442
7674
8612
17570
3637
9256
2905
17652
4972
24135
18689
12785
5247
2608
31903
45058
45883
31785
49323
1491
6083
36287
4603
24183
47552
48802
18827
34661
49294
11351
43122
33042
2360
14281
23146
17247
45251
22974
15560
19342
31417
9781
13878
8219
25688
37166
15523
23499
10227
19635
43778
9559
5069
27987
12155
49593
40080
13242
37826
34686
18444
20487
16468
37490
354
17662
12594
17049
19848
47300
16285
6596
40454
10389
516
15236
3
13702
26573
33125
23270
13721
10169
11188
12482
21414
12899
15592
6610
29138
25011
19602
12547
48157
48007
26220
18019
45429
29852
23814
1931
22938
36532
27361
18719
7842
28738
34192
12301
36814
41722
48347
31874
5641
18233
39193
8906
27560
22983
23052
13658
41244
8899
39668
49855
21817
47122
32687
41084
22821
8171
40031
3427
45073
46130
12470
17739
172
17900
31155
4233
44680
40331
8273
22491
2859
12087
4700
42744
2845
19765
13014
5076
26614
4177
22352
16328
48227
32197
25452
22823
913
2160
28992
16236
27252
44525
30691
13569
32913
13774
6994
22278
49042
32701
3746
529
21070
12677
44355
38443
42892
46704
33118
2963
16071
48433
27667
5186
28941
47151
38244
48055
43022
25598
45514
15898
1817
1458
43407
17771
14865
18099
14641
29701
33907
32096
20329
47035
32727
18147
7327
49480
4613
5759
42826
43516
43256
34534
40442
40753
1956
41226
22767
10811
14048
42119
34202
28341
39086
10365
5348
38952
39460
32182
1652
8777
5985
42414
3281
6744
3835
4709
37251
45225
32574
30377
7251
38961
22153
30734
28833
13388
46505
2127
332
29508
47325
5792
4553
39680
12382
4669
48099
46314
8597
34127
6503
1126
13098
35829
22027
38091
1299
3194
22677
30512
19670
42072
10450
42290
27516
2402
2497
35121
31296
22956
32391
47160
47498
48469
12359
16829
10451
40942
35690
12205
36652
1648
248
42775
4428
6319
33178
27604
35217
3881
24228
33770
20843
29611
4099
40994
42195
36112
6714
34666
17844
26965
22167
45543
41200
33147
9426
16199
46557
48256
47011
21380
15975
28584
10178
13814
3086
7202
17528
21
39423
21069
17046
18388
30375
23624
33103
7277
27372
25247
44150
41263
6331
10229
6221
11106
9935
48438
36033
38040
40052
48951
32928
3833
18552
21556
28040
5856
36664
10181
18319
29435
22883
43601
45399
32339
5916
9708
41169
14542
2277
831
29865
21352
31368
6079
43613
40951
16187
28791
45646
48697
1661
37775
10975
6400
34326
38333
16663
6285
14884
4264
685
25285
8145
35050
49824
10462
40634
20999
21936
12797
35756
31450
5725
28104
4715
40434
48788
7923
36126
10589
17068
49222
44374
13855
42610
11153
11274
793
3585
1963
25507
7175
20668
30349
36917
1983
31192
9677
37996
39560
28043
40646
45957
41181
47397
24729
40112
36991
1879
6710
47795
24737
8356
9572
32541
33630
29657
41015
5002
8495
38292
29143
31085
30773
43000
28061
41164
502
8995
39793
18247
7752
16671
21545
5902
10667
12178
18663
46192
19926
37894
13781
9331
15369
9336
21435
34848
11930
22157
6025
9280
22450
37026
19884
12036
14478
28683
194
20830
10139
47321
13150
25631
26448
22133
31630
47259
32533
45634
8095
15995
35548
16714
42324
44293
4807
12510
34481
24994
19644
4647
2998
24010
11733
11073
11727
29024
49071
30841
42788
8903
45183
22123
34281
13030
27492
33679
24673
46774
21832
37994
6092
49312
38063
27096
26922
30886
27897
34516
44913
4422
41843
24940
11821
44448
43496
15634
37829
24732
20078
7836
39421
11410
8980
36910
19564
1395
13379
49417
49170
10676
16752
22719
6134
8142
43083
15269
46038
20371
42386
24792
92
38544
43365
38596
43453
49371
33156
33166
47684
40353
9407
39531
16022
27123
39950
8771
8727
38385
37139
12842
40963
48325
8888
24790
48865
20565
30872
8178
36202
31730
31280
11265
8153
44632
39489
29664
11627
49363
33839
21368
9378
19942
41918
8080
24087
20073
33146
40601
30006
13080
48350
14664
10608
41342
38068
45645
47846
43571
27715
7124
20855
12071
26571
36144
44923
17961
13158
29144
32685
4737
36614
16699
27387
20641
684
5475
18970
30340
47922
36599
8935
24699
38290
32444
22178
14184
28002
48547
44192
47730
8530
6339
19412
33828
21425
13
45480
5310
42740
25075
9731
38253
43144
45845
5538
47579
9646
46392
6104
47092
47881
25676
11065
39082
44584
6604
41984
9176
31514
46537
20453
27677
47625
14353
44717
49779
498
4962
49783
18978
34470
39155
21112
15585
32569
33385
23346
36616
12095
13422
18609
11692
34818
32066
29781
24473
35158
41920
30993
36672
25592
28407
44549
41995
21284
37267
18791
18532
7736
3531
40009
2184
14603
508
28928
12
30344
20851
36040
18787
39379
37714
13817
24461
36835
33851
25405
11982
19573
6820
8924
16914
31928
30131
862
3305
5974
11492
19152
16683
22353
23597
34651
28428
17376
24400
27411
24134
3027
27542
756
2295
41888
37500
23538
16651
30837
38891
16012
27839
42996
18747
38783
30061
43908
43522
46008
7863
23284
27858
44810
40748
48769
46336
36861
29454
29912
48120
3896
12461
27877
44920
30579
46993
13235
9139
17156
40218
30722
12194
47717
40027
45472
23343
36348
43916
2619
40914
6341
37701
5372
10167
26044
16491
45205
29035
9853
13256
41070
7564
25298
5469
36719
16204
44683
21345
16322
27210
47622
34035
35207
36223
49399
20730
8585
2423
8185
30707
14568
4852
48442
47767
24282
31671
10877
5769
23929
41645
28129
17455
45878
3894
43758
12287
20497
49094
15811
21371
13624
21871
10270
35807
42677
3371
27629
41266
17653
15125
9250
34293
25885
37018
11736
24608
20652
39469
17747
1083
2975
49507
43939
11802
32663
18932
19612
15334
6765
18260
20086
7031
11150
44523
29890
48646
48864
30557
29306
48583
19183
41471
42161
12951
47839
17397
30927
21438
12069
12144
20372
10485
24450
35635
30490
50
23293
33336
482
4632
36305
47706
1973
35738
3296
39400
38886
34486
28651
0
40536
38360
45901
2025
42412
20051
9421
17822
3141
19729
49430
35263
18493
33797
29427
36557
42370
33599
3849
2050
45134
9031
18576
9343
36031
26466
28740
43301
39162
26289
48487
36734
40061
27232
17485
25174
22376
48749
49421
2193
5845
11240
811
12344
18899
20809
6101
46492
37769
3221
5466
28805
41008
35563
12995
32519
45317
32134
27390
16518
42131
29514
20015
18087
11380
27274
4740
10310
12772
43008
30982
44473
43443
11668
2735
10080
10303
8544
36004
7052
32602
10222
20581
32777
12613
46938
30031
19357
13024
5943
41942
38037
4966
7183
31246
6389
27648
48176
25578
41992
4958
30273
40605
37886
24556
13377
24804
49154
17381
9239
45987
6810
20653
8956
18574
9576
9105
11665
5008
19302
36864
40955
37821
9961
10117
37306
9066
10632
6631
28511
2624
17502
49945
2621
41951
12473
31179
47984
6696
37935
3406
5599
6413
20874
21854
9573
40104
8519
39627
22384
49996
42834
48850
9925
49314
4885
25857
17045
17491
16394
20994
20610
23291
15600
40741
23870
26064
44481
31731
48691
24891
12399
46951
11417
26513
11440
28342
42207
46379
14560
6218
34646
12278
41426
2448
47806
7887
24123
37681
9505
18722
26512
5333
9022
30072
25581
22208
44097
17392
24294
22314
39756
18506
28177
21529
29256
317
32828
48624
26568
12009
6572
32214
2020
38971
38234
27827
27908
41524
45475
47895
18855
47426
11981
9973
24265
41498
14992
17150
20016
31853
12064
15675
26119
22683
15736
2811
34273
45364
23914
23091
36694
14033
14419
46477
31018
22680
29234
42363
20784
29644
8747
44426
5760
17686
10881
9332
20067
5334
8313
25997
25345
32136
30919
41349
25294
36630
17957
22669
11128
3750
29764
20411
31680
7783
31399
49589
11308
10012
1820
43993
15126
63
20441
25714
41447
25258
45862
23656
24978
46218
10921
11640
34312
16678
46076
9508
32534
49586
5773
32037
40174
22366
36441
7426
23432
29506
38057
20373
23368
34489
46000
13234
8642
39017
10531
40704
31721
13517
40349
46657
4370
31071
23643
16793
32790
47550
1610
42876
5286
21355
23773
20013
28674
40633
19108
4643
22739
36756
5775
26776
1666
14515
15512
25263
6522
1412
183
25266
47002
24007
22466
30059
30758
28809
1220
24419
15421
4221
4326
38374
42272
1546
11508
17656
49845
17201
5426
18887
30924
2344
17246
32773
45406
13923
36515
37353
17439
37925
23142
6977
9988
21028
32875
8971
26907
32640
2381
19171
23152
4405
38497
45544
10248
18677
4377
31190
49085
5906
25293
36314
4440
3633
14457
6068
18468
24062
46226
42396
33566
19406
4774
47496
7424
47327
19253
5660
45179
19143
27683
43060
25832
26207
36083
41627
33162
876
32376
46695
24884
12503
43084
44861
17503
4662
9812
12074
48945
15331
25760
20800
24187
1202
45401
17497
10880
13584
11898
32834
32814
24026
24967
12346
24873
27552
16479
48445
5809
41585
11783
13982
2720
26515
5359
3336
34548
36156
42454
49758
18013
19206
1939
18405
37253
25234
6822
19948
22578
26292
15111
18317
20221
23087
45264
24622
16575
17333
22824
41970
33230
30171
34571
43761
12035
35237
15486
588
16972
41419
12770
1411
2609
41764
27053
40048
22990
6914
37957
39877
12408
841
47990
11967
23547
34953
28485
41850
35551
40795
42730
17975
25784
28416
18032
15554
29197
24498
30481
28114
34792
48573
17062
43600
6989
45644
9436
45681
32675
32319
1527
26604
770
29425
48845
31564
47641
37738
29804
25282
14973
46051
23985
42108
34397
11639
18328
25652
23105
25453
14823
35296
25774
18894
14902
24868
30357
46871
44149
3014
3916
45260
28239
46640
38584
44526
38420
31054
3733
8801
16477
27800
1320
39159
47772
44945
22847
7351
5646
44505
44719
38674
19322
759
32101
12290
26705
31069
41582
47067
24911
16781
30870
6620
15985
16403
11764
38903
24477
18940
42799
8025
41975
14074
39716
4196
19825
49034
15384
13140
26483
5663
12285
23582
31225
5981
40044
22963
35503
3485
4404
5558
33796
45470
27853
22009
40519
27047
39145
23568
26879
39052
48009
47404
25938
32517
49677
8122
11611
21555
35109
33340
10544
32869
10006
26794
45380
46533
38946
32588
49811
32716
42961
9733
30974
33975
22218
41480
16884
16800
22859
37880
44743
28110
14583
37135
3326
44711
16115
5422
35236
8099
39590
25157
40678
16718
48992
38983
30431
1535
48165
33895
20501
2775
25953
8678
12431
39015
5665
13839
35145
32470
2531
19614
32860
42026
24674
26932
30259
25924
30984
15074
7356
47666
8532
28815
36124
2725
35737
46425
1058
12128
39513
7552
38669
16803
5848
28998
853
35915
1834
38156
1434
48666
37779
34471
26320
47266
34677
10755
16119
30597
46283
47630
28587
11761
7805
13681
36629
41324
25803
39453
46851
34197
26450
21587
17888
40090
26493
5407
41572
14600
25840
3231
18810
43718
13991
24831
34284
48979
46497
540
43868
25515
12508
19941
8546
32395
9852
39700
39791
42012
49986
37885
37616
4678
3875
43212
23096
15542
10233
441
39290
42427
3768
13871
45608
39214
39321
17220
32458
27965
5218
854
10062
11536
15137
2169
24825
4806
47774
20604
4944
2
43715
33252
3276
20030
24992
870
28494
3578
42842
49602
341
29281
17213
2105
46250
4645
25835
15832
33378
32955
21683
5805
38648
10490
37727
600
43537
15828
35951
7534
49426
27068
25772
40675
4182
4795
14032
48186
1273
352
44565
37853
32325
43779
39971
5380
30570
49153
26822
43099
11149
1048
44665
9673
24198
49211
17308
21294
11366
2406
11856
10619
45365
29265
29811
39581
6736
18410
38941
6683
43595
35587
17187
33561
10021
43588
15558
39256
11360
39786
34162
7962
21087
6650
15041
26935
33635
20764
49919
16563
13487
18343
12066
315
47390
34541
3330
13549
24775
43633
6560
39662
46949
28706
37095
7788
12196
49499
25346
24330
3124
24236
1894
21486
46191
9253
49404
12328
25907
47805
21619
17488
35638
49080
10687
8461
35780
23480
27452
10542
8664
31848
30458
31709
41363
34505
11221
1150
42406
14348
18731
26252
3002
46486
38020
19897
17630
11671
9921
5593
7710
10919
42098
46316
13274
16381
41896
14847
11826
42423
37404
15200
27691
8426
47461
12742
46991
42619
33175
16400
18822
27268
27802
23649
5227
46846
13802
29588
36808
29119
41800
43985
4427
12307
789
38249
47972
41511
16504
2640
19784
11637
34563
12875
46975
14998
21581
5112
22813
40361
4446
22453
47012
47052
26067
10802
38818
38127
2787
283
29368
16478
34081
13436
46021
39315
25853
14049
29028
8072
36647
27598
28787
43979
27539
35132
28961
40579
48917
49000
13442
45529
14651
26624
21525
15083
23413
38455
18137
24600
31158
18593
40502
28826
28509
1373
31291
28350
33645
1067
364
11342
1635
21165
42521
42288
1325
5315
39927
29643
34321
12623
16336
20656
44557
34145
19333
9784
33263
45610
41125
23443
18627
19539
21145
5858
14601
19813
30338
36559
34148
11676
49320
1330
16096
13785
10247
44269
4024
36346
16197
14952
5256
45742
19036
19377
3473
3635
2628
2205
7675
49491
22930
11701
44241
17117
5793
38745
2644
44712
43928
9076
42959
14323
39692
40921
24411
37180
12712
43164
21241
47358
29043
37849
47804
38626
42353
49522
39898
40200
33172
15926
1233
28727
29990
44524
33079
48265
35106
20636
49829
35608
11937
40217
16738
2965
5519
21342
30054
31313
36566
7929
5865
36602
41939
3765
11978
23409
33947
24494
12126
21551
45725
1198
8359
14445
33307
9047
36183
25081
1059
31604
4192
13626
45702
49977
13708
5478
29052
12819
13478
28959
4598
6051
24536
26099
38720
5726
12310
751
26066
15404
32304
42106
9422
218
485
35320
19471
8474
2844
28408
20203
32831
43782
40213
44372
12054
35864
22122
15900
1430
47041
20555
15531
30373
18694
16534
22179
24845
22662
16932
34679
43905
25940
24381
5312
21547
9412
9621
24302
15641
27030
49955
31687
2819
26692
1877
33338
10785
26329
38175
18122
7581
24179
25121
30423
27386
8261
3048
49487
42352
11355
7681
43599
44698
3162
7936
12286
34598
48098
10929
41983
9522
3233
43241
1140
40332
34200
3332
1383
24635
7207
27974
47402
34812
34263
41845
49509
43832
49889
49208
38984
13055
2415
35022
42511
49657
17514
1168
9301
35061
3091
3213
3819
41441
48103
40563
8034
1091
786
2401
145
32414
7615
20612
2457
8825
33946
25278
49384
35718
36999
12116
9927
23208
37656
14234
45603
48589
34058
16028
22045
24930
11774
19197
48577
37295
30319
20081
22071
4273
43049
28869
44949
10087
26245
8577
19235
10122
29242
46733
39277
25946
7583
45865
19281
31918
38257
4503
1836
10099
44934
13036
11514
43519
4525
37284
38800
16253
14000
8853
42152
44831
22301
46838
47311
24277
44309
6372
25300
17805
15303
32969
36155
7088
49288
44186
4551
44573
9650
17596
30175
9402
33143
4920
11517
22726
43190
21466
32874
39726
17972
14931
21627
14572
3814
23169
41028
21860
27130
10414
12227
44513
17580
28982
31691
40503
5099
48652
37543
2715
38909
28977
27326
44109
12634
37289
19148
12175
23716
43486
7902
12609
1839
41555
12741
7059
28564
11980
48401
11762
1858
5021
15607
2235
21211
719
3642
47204
13097
16470
470
38315
28337
39884
9217
1994
6185
21245
38414
46163
1340
22430
26118
4390
23629
25
4846
8492
6124
18579
20568
30787
10498
16636
14876
10595
32741
18067
40420
43798
43163
30820
14071
37749
34810
46683
20739
31373
35366
9764
9644
46819
47224
25095
5103
46046
21662
29931
9384
21900
22581
12281
21622
25099
5470
14633
11721
9245
31738
13631
48923
22065
8795
4210
11001
15627
28260
48640
42670
23410
42840
43676
17951
15767
29557
8117
35618
42694
31208
37895
42962
3471
47258
18361
36216
15019
41429
10725
1904
12828
6056
3075
33973
15253
15928
49330
22792
12156
41236
44756
22685
39320
29010
36068
42813
25800
12632
37198
33969
12193
30416
12338
7967
25016
16688
4862
5169
39194
4123
41418
28570
20079
31722
42738
12823
35682
45782
12076
32110
14562
44974
37753
24308
34954
5596
12152
44795
41072
8342
31601
9363
24216
24080
4127
42662
3021
39492
39932
39650
9493
15547
10354
25496
36400
27271
24717
49019
20805
36533
40013
44997
13849
33667
22174
9014
25523
35213
17577
33670
13281
9135
33501
42696
9401
31694
47836
24787
2891
62
48757
3247
8826
21596
21042
15764
12918
19110
5474
18833
31828
6237
45426
48859
32046
28680
2326
11031
11326
22344
34764
24594
1128
29965
43117
15423
43389
32246
40713
27640
39307
44734
33827
41197
43550
19179
6889
23430
40201
3574
7557
1651
47310
30643
27558
39483
34283
20288
1408
30440
7826
33638
18189
48415
14990
17893
41505
24006
21764
3631
36600
43087
31719
14706
4625
2465
33841
4847
45823
27347
25337
32166
10488
16075
42820
12048
24237
48211
21616
15266
18453
3373
38215
6594
24935
24326
41470
14548
2167
40003
25719
23940
34649
13872
31021
17137
45502
44208
2027
22256
6434
40304
9923
45383
9474
26306
45597
42957
1814
8464
15706
10777
43449
4014
44479
30400
48844
477
49452
49748
422
33091
31406
16073
16717
12225
38155
13295
20033
14023
23585
33329
5003
11624
34004
14381
39712
6643
48225
14134
49674
48047
13367
10092
5866
36572
45642
43383
28075
39817
24288
21004
214
7975
21633
9638
19804
36760
5561
19030
10899
36398
23990
7176
28615
11103
167
18108
18341
1510
22162
38330
25176
38999
3049
46969
33586
4185
49236
27375
15035
35571
1313
45882
2893
36982
6616
32409
7455
8143
47645
19487
9694
11107
5082
4971
23983
42198
43273
48921
14540
31616
1616
44986
37449
35699
19923
25671
44301
18953
3886
40163
5061
31328
36797
41158
8476
23227
43763
11225
45045
32177
37341
32034
11377
35004
20967
27153
44586
12077
16954
8
14906
14195
40228
23987
4718
8679
2045
43688
32165
46936
17746
9198
4783
6971
4864
21549
37649
23348
48644
30182
24278
5958
41595
13111
27945
40804
36870
30298
40690
46080
39823
43720
48686
32949
20798
21006
43622
45620
33479
2925
49547
2404
22907
13145
27910
41578
22743
32980
12312
2934
18176
15489
9804
16321
4687
7012
36343
6452
19847
21467
10615
22075
22015
13713
33565
44024
27135
26523
6801
7451
34845
4500
44412
14761
34404
32529
1518
11604
48590
17970
44673
37036
1804
9174
39789
10005
33293
16442
19094
11845
31588
40600
37519
5001
20935
27044
19541
15527
28277
10989
23657
26563
34032
41954
11698
19214
46460
45042
21036
46384
32029
41728
40482
6844
26581
43792
21407
20986
19611
35340
26192
38426
48933
19374
40826
45468
25700
1084
31048
23535
40358
29715
3825
30706
2026
7115
23911
8540
22064
25068
2981
21449
15718
30865
29555
23464
32424
46441
11063
7081
39582
2911
42348
5933
12994
14882
122
10864
29901
32809
20966
13147
47663
5401
12679
23469
30290
761
19443
28849
45764
24971
39766
13811
48270
21595
34292
20969
13969
14056
40335
23719
35914
43255
28402
24909
17339
13271
33944
38477
43473
39855
42754
45141
27572
35500
48800
19883
31849
49827
9150
32465
43452
40572
35385
25596
43911
46531
9012
41991
21479
48764
39308
15416
32450
36181
39875
48600
22547
16779
11136
4107
16142
10145
14085
35871
32683
12516
1396
39237
13152
41119
44281
15883
18188
22364
47138
28761
8868
15070
23579
14881
66
22919
36641
12872
34236
42245
29276
20601
1287
39988
5764
43576
44348
21963
41058
37642
24403
44660
40857
29788
29816
43765
15868
46278
49260
29966
4786
40867
19363
33354
7517
41994
41907
28716
8094
36030
29418
41940
41115
24712
49808
12802
23850
901
42266
47014
14250
14254
44792
27195
49432
32107
6139
46529
10917
28817
17755
38158
605
28792
33650
17128
37571
37031
8243
22565
476
18995
32119
17659
46097
527
14877
28137
12385
41986
7101
1443
43275
46827
21941
4967
41823
34904
42592
40821
10787
47862
26869
42564
31627
399
32475
5336
1710
39735
11010
32527
35333
38146
31008
39224
41520
5451
39543
1211
35305
34982
47187
17629
42255
25470
929
38837
9903
21862
16582
27848
26310
22738
19828
30648
28188
27575
22900
34533
14253
36356
33623
49200
49063
34684
7500
13481
48079
9855
4300
46888
4915
2569
752
35684
21892
29440
46902
14869
47197
27914
4627
16465
48231
43754
28430
27177
33669
21034
39217
33727
37084
6676
22755
29461
38912
12401
12261
36323
16266
43489
40362
48246
13723
49532
10860
25463
42865
12426
8206
17074
45547
1438
34897
29135
12838
28903
16554
16961
2533
5205
33128
36660
109
25010
14883
5611
2186
34889
20742
46210
13226
1384
21234
36386
6395
37843
18097
14375
22259
32038
16579
40002
16959
3015
6675
1854
15294
33473
3545
25374
31556
25388
42532
5622
695
29380
40050
14024
12462
40039
2006
17168
44152
46784
30235
3007
2708
1554
14282
30603
9425
842
27441
8191
11655
23022
16756
44585
33299
9532
27031
42515
21206
28207
19642
37085
14310
49585
11117
2252
29534
25716
22330
42383
36732
27883
10224
41889
38060
10172
34624
16805
30293
28447
4419
48109
17856
33355
12237
25981
33315
18924
35937
19688
24161
30738
10843
38559
9721
28168
30424
44894
46614
43996
39545
44564
9776
49414
15159
44563
8817
22612
11622
10204
24565
3890
45381
16987
718
18175
48434
40742
40334
1394
23726
24547
29673
34377
37906
25683
23318
27833
41724
43476
24514
33428
25733
23076
24866
6214
22214
33347
18411
49714
3688
49241
17676
2534
27054
36028
3131
858
13904
31868
25196
48501
19894
25018
20761
46419
48017
8207
34319
43082
2095
28112
35531
16979
30261
31319
28138
48404
26690
45075
47900
19951
6387
22197
15712
21256
25796
25303
12540
17693
31317
46636
35150
9617
24001
5825
48271
33955
49770
23089
49334
34729
10955
8500
46606
40540
17094
31501
15805
26277
18860
41901
35112
45734
40318
16177
29002
10750
27696
45455
21739
14012
15203
16821
26999
31521
26789
41847
37246
27011
39020
48067
11598
44486
12665
40056
43827
15543
5905
16036
19149
29484
49618
6253
16798
37581
9700
34647
15869
45303
44774
24812
35758
37260
10771
9901
48977
1041
39202
38319
25198
43747
7134
16598
34918
34262
33657
22488
41887
38294
47455
14549
26130
4711
37541
43344
3394
25028
40439
17965
27249
17506
37230
8250
49672
49389
17475
11894
44697
11588
4981
43157
11052
19938
2018
9746
48345
22991
27241
11673
11491
49022
20243
11931
37192
29843
6326
49682
48636
36102
24195
41599
7793
6546
39638
37916
29047
21835
20157
2241
19047
31477
44398
40786
31991
13979
1841
32606
48471
6984
49052
17245
24466
17478
37400
39087
39297
7056
18441
1098
48035
40785
35751
35184
47520
16783
28128
41523
49679
40298
47757
28303
43934
12500
21894
26839
14974
19213
30413
23798
29633
41490
21443
39313
43710
27099
34699
29533
42215
34576
23165
1615
33497
42528
38653
18228
44550
39982
883
29066
1783
4142
257
9414
13453
23572
22559
4595
28709
29754
31992
5525
33388
21968
10815
45952
32277
39824
11593
25585
37932
34464
45945
20114
31382
16289
39073
45421
48346
8555
4773
19459
26376
8975
18285
12171
20315
41463
8218
17173
11468
42981
26149
44446
40784
49117
45703
33109
32608
14714
31642
30280
4322
38566
46678
4193
25810
28629
47604
12694
32286
30609
9625
17764
7576
5790
4933
20326
40098
13375
32555
28484
31746
46196
17974
22584
8839
3747
11745
20396
19219
24484
23438
45268
45711
5417
25589
37312
17025
28320
9720
47362
38157
43306
18594
17402
36940
8670
16723
8198
26347
39547
15285
47608
45064
35155
4666
6792
1045
25302
15893
14642
2649
21361
26473
38269
31271
19801
31437
33825
35069
37234
29304
30203
13928
46457
14610
10501
22121
1068
49282
2766
8526
29739
12229
1119
32449
41702
31213
31226
30719
7612
38701
28526
5377
49869
42643
14503
27759
44317
46761
880
39636
28947
327
46101
14386
17109
17490
8174
24517
22476
10364
13752
35646
45993
40824
48468
48087
15098
9626
39000
30325
9604
23319
12662
47018
46149
25720
3654
37708
35661
14061
48898
13975
21261
7156
5584
32983
16762
38906
41332
42829
9972
19376
38404
40665
33145
6686
12728
33436
14680
6896
43568
2137
22182
7048
40979
42956
15168
34038
39154
1660
15438
20267
45534
49981
46762
1495
47017
3626
46680
36799
31147
20168
16865
16827
11842
7846
45432
19862
13360
6840
36385
43776
13179
26713
45356
26848
10512
29164
43775
11148
5369
26106
9039
9495
44914
35558
49317
2283
28725
18533
28313
839
1727
15240
10828
9113
28419
45169
40878
44386
32794
46730
8290
1268
34426
32530
11005
36260
29881
26520
15520
35604
37096
31706
1379
36772
17766
4154
19141
37818
24821
12238
19902
49476
34757
23462
12254
28101
35605
6240
35971
33169
9771
15428
1090
9729
45441
6895
47548
15707
41066
47463
36997
30858
13529
8810
7248
1948
23960
6589
3843
2430
17160
18445
32808
29303
25117
42607
35382
23620
11642
436
31427
32238
37787
10415
46859
13219
3398
7359
37098
22011
29639
45602
19535
5352
31696
49179
11335
14896
18238
17421
37047
27211
15690
27019
15304
41497
32170
9963
5787
47724
23874
22478
10251
26325
26394
11080
49915
524
36858
46722
33588
612
16733
24181
15965
48331
23602
36326
41915
991
49167
48124
17931
19388
36542
39497
7795
1863
30365
31487
26475
31812
28984
23297
28230
33494
41955
26668
25659
45763
44373
6826
46442
43400
14745
46772
39296
27493
989
39129
19696
36850
4970
5477
18657
23737
46043
8100
40551
24789
24826
41506
40865
45003
9922
8447
892
33725
32457
20603
9100
22255
28853
24258
10511
24163
13028
40141
22605
42742
40546
8259
25607
28907
33570
15808
17510
42722
21396
25737
3990
47392
8211
6969
29487
34170
31229
46007
31760
34438
43890
12925
356
17136
8140
30898
14179
26872
27744
15173
33756
41460
10411
35032
22609
24309
29688
22655
61
38241
40671
24688
1030
29167
7270
3939
23069
48328
27806
22772
11567
45605
11589
35811
7780
15739
30732
22026
34421
7004
25051
29925
34495
32963
17364
45677
9889
21018
41551
42199
31856
44833
27399
31519
17707
40130
37668
405
16398
6899
2113
17726
17866
45036
29086
10068
31594
48796
19491
7516
40091
41701
49374
16513
28366
49695
36887
12135
36327
3159
14795
33123
16129
35977
27934
35128
4624
38452
19975
15669
13743
38510
17034
6138
38220
15723
14196
3956
19267
8710
37554
11758
10138
19861
9208
27442
42942
47888
24808
26984
49158
26699
47501
32265
32263
39249
16188
34932
27703
5013
36080
14262
27303
26710
21632
9933
19175
46638
25987
12732
2432
34937
8393
11244
1448
13086
25884
22091
23957
5228
41048
48873
29863
18323
20145
41977
30073
2808
10901
34941
17834
29365
29943
7868
36912
29155
28741
36702
13464
30967
30118
46778
26034
15465
33503
2214
6835
16031
13214
45847
46462
41554
18905
38092
11279
13196
19461
16901
49396
176
8602
44877
8347
44017
33197
12296
23596
37566
31813
9033
42599
12633
11765
18401
9581
5697
40560
13127
23416
14160
13484
2712
20790
27603
14069
3630
499
12235
37675
1960
6957
38604
20308
25493
33885
11045
740
4151
34147
44529
49387
29495
931
35930
25358
13333
15029
43467
35854
18186
18373
40630
10850
12884
45325
21768
39279
29150
36609
20455
38405
25217
13984
38981
35909
14290
48546
44200
22633
27486
19239
14695
31462
34180
3672
32607
22403
16708
48799
34143
29026
36804
47094
47508
38620
5708
41580
3064
697
27324
8362
14830
32641
35406
30386
25741
7957
26818
26799
10257
1747
28878
43751
28645
16408
24040
3359
33002
13335
14227
6262
13344
10399
2500
26973
27254
19107
48014
14448
29980
29731
36061
41267
25836
3568
26772
9310
6811
7227
21585
6455
12485
33142
27489
14228
33358
20741
42039
26321
19704
17080
47884
44389
2451
33840
36456
44216
35797
12415
48254
34730
334
35677
14110
45211
10266
47955
48909
49590
12862
30679
7135
20394
26037
45138
46845
11888
22360
598
44587
25844
20083
26378
19407
18900
16481
41855
46732
47892
18792
17093
13259
19352
36035
13345
33135
47439
1712
23802
970
32320
27672
6286
39094
45830
48748
30880
49272
46852
5406
21985
31966
29995
21863
32677
4600
49560
26253
1726
25255
30334
5371
40125
15332
15864
728
22701
24562
15668
14131
23384
31557
41438
48633
10044
28837
8898
6042
778
42047
21780
4777
13739
4303
12953
5570
14606
49406
8208
21109
49060
21626
33684
47391
18009
29104
29749
21415
37459
14367
1009
29156
31334
11458
46740
10401
6782
42695
17838
4559
4003
39503
35039
30851
34547
47468
8071
19710
14168
8908
9822
48836
36866
42368
39170
41065
22050
6881
40297
38501
19540
9664
8819
39083
24004
2902
5666
8594
9433
10573
40140
27772
47590
23897
35196
1808
44771
43434
35241
23831
22579
46630
34977
6053
3470
42085
19451
38635
17257
6278
29609
1331
2752
4366
28732
3226
27250
1717
47269
27444
23508
12011
14979
25540
29397
49304
12013
39973
36277
10539
39992
226
21292
42729
25097
41092
31012
41152
18994
12268
6014
18085
33871
11743
40133
7543
7879
8787
23219
3070
49104
36551
25725
32042
16339
49008
29131
29077
2116
48190
9366
10056
20182
31164
34774
46878
8588
34650
41290
24025
12649
4948
3225
2085
27349
43634
21175
19391
27156
8788
8453
36414
14832
29613
30339
32321
18742
349
37212
24116
40242
4606
21167
9080
25341
35084
40982
23864
42830
35316
18423
12272
31936
49899
48564
7844
13246
23366
44011
10797
27592
27750
118
42437
18161
29020
49270
19324
41592
14324
11828
22202
22303
34530
8237
19793
47093
13371
48581
28640
47395
28731
34638
32854
4290
7979
22333
38781
47873
7658
1548
30918
29161
43970
36859
38473
13831
32735
48926
29398
38208
6416
2938
7559
7150
41720
43014
29108
42862
6828
40807
25186
28089
5619
38051
42280
22171
28954
38022
30539
12572
37328
7058
20247
7515
43861
20080
34157
42741
24055
42679
45713
21356
41871
45300
31415
42639
748
9023
26633
30559
39359
24074
15344
29517
41748
27823
4667
21421
1962
7864
47261
34991
5878
18129
14143
28844
13398
633
35827
36628
23333
615
49868
49431
26058
110
16365
547
34749
574
1856
45717
41880
13848
1576
38454
21172
5244
36929
20087
5922
46867
11155
30071
36355
16249
6152
22715
5268
15089
11462
15021
44796
36762
22496
33350
23267
44015
31191
19048
5288
12081
32559
29671
38899
7845
37425
11958
34430
38588
36976
46777
48638
41504
39064
2525
6983
45032
20703
30506
17138
33672
7137
37298
49166
17483
46742
22947
47719
23876
36789
28514
1848
28790
45349
36984
31523
19398
23404
21089
13860
46603
35650
35289
20165
25780
5521
44140
49929
26909
15768
2387
39753
43874
46409
44701
13946
19100
30655
3314
28734
48082
37934
33057
42973
15220
41868
47960
7735
20275
33698
20260
27111
22424
40122
8623
28068
49402
41410
5250
40522
47559
15915
26059
43220
21950
47812
43580
13148
7961
21848
49796
7109
15385
9351
42253
38754
21524
14267
12569
22545
29116
21332
40267
21598
47413
8241
1007
12752
49423
48689
15251
28751
15583
400
3675
46882
29490
29878
26401
6682
4249
9220
20622
39148
22462
42747
24657
48713
7180
29363
983
16516
30913
4299
21775
38813
32227
2112
15699
35492
27811
35704
18842
38179
48101
27255
25718
18589
43075
1689
28351
43650
2590
7913
29834
14376
30321
28993
6884
24719
49290
5990
7406
42196
40054
25594
44747
23402
49295
37324
45808
32688
30150
8742
23000
8515
31500
34044
17066
41449
16426
17993
8901
6802
22509
43042
30893
41914
6680
26738
1833
966
13917
28519
21725
39686
12910
36310
24685
23441
18942
40195
18025
23863
10261
11140
23930
37337
629
30083
25488
16039
36971
39107
25396
33462
5388
45123
47064
42371
47759
35448
27392
27496
13124
27737
29332
34694
36967
33154
3786
21340
13670
8123
8477
26845
3519
587
20138
37474
23104
39068
2692
30205
21500
37297
4378
39330
28496
5212
44462
24370
42129
25813
30388
25590
6935
5572
46211
24301
29543
25873
38272
7407
44361
9251
2035
3228
24030
47896
26438
27033
19413
39928
21752
36281
15357
44395
41385
30502
38870
36667
21882
17683
1714
27213
4068
5284
12718
11426
192
35765
46659
9940
43459
27369
20975
7908
3338
15155
6904
24113
29997
18671
47973
31035
21973
25920
30682
28991
30905
25762
105
42337
41533
19762
42794
43548
30127
44758
19441
30098
12904
15268
25626
5396
10942
13318
26565
39499
32251
8934
34488
5409
37025
33129
15480
33661
41618
18464
45611
16655
27006
34229
206
27845
29277
49563
35374
668
43777
41277
23785
24096
36953
43069
36464
19726
42089
36421
2543
21476
9350
18370
2910
8058
34356
417
41074
19854
37394
13562
6155
22875
4871
36554
13613
12452
7091
48177
18743
4128
30110
43418
420
36547
25983
24218
49415
30834
36162
46396
26397
29820
37037
41208
3409
8751
27427
36256
21686
20598
27103
5566
22540
20039
33611
39112
11991
11435
35257
19806
1519
624
27819
16964
16900
43450
4875
29055
2694
22764
6870
10408
48656
18803
10159
40126
32579
8227
2391
32798
6415
44637
20802
8035
654
47422
562
35453
38613
49950
26217
2566
45584
47878
33325
37933
46927
14233
11501
18278
27899
31404
536
13270
41929
12762
42596
17549
47161
36869
41468
46055
5116
2054
13907
14608
8128
21943
34150
20
30970
35214
6017
18651
18867
31602
982
41857
17047
8696
45643
12189
12031
5528
539
27024
33240
41308
4695
23540
30010
18505
37391
31808
13574
9994
17532
42606
10559
42997
29945
42143
35510
47150
9818
7575
48783
49787
33694
29789
12004
8769
46082
39537
29974
8050
23743
26833
39511
21056
385
20946
42927
49903
10535
31056
43780
17816
5034
7119
15337
7972
41001
49325
48391
4824
1792
20718
29786
35266
14456
39815
17332
22766
24681
13996
37000
6189
10197
43825
36201
44107
26952
4416
4257
7108
44173
16989
44069
9726
2367
46536
37872
36383
2445
8023
27626
46615
21820
2770
46385
40574
11658
42624
17907
40388
10905
6431
38406
625
42979
767
18637
30928
29302
31210
42497
27138
29084
27960
12417
23595
7297
17579
5362
37721
12754
27429
9411
18003
19365
1559
39955
47141
22803
49992
15753
1711
35856
9987
8093
30617
32988
38039
43750
13535
3154
47720
39527
1410
22831
42476
10439
40855
496
12317
21422
22308
7229
1872
35786
3678
1824
2039
309
36251
3423
43012
49424
11041
21489
26595
34746
18870
26385
47695
38250
29244
20031
5755
42843
40549
37768
46182
34627
33170
29950
16038
16042
1274
40115
45207
42682
5541
49102
32882
11314
8110
4330
31078
28491
48197
47332
43573
17672
23439
21609
46157
2857
45039
43610
19325
32492
12671
32644
1462
10792
47525
7587
23116
37624
44405
46937
41369
13414
20060
37110
25582
12824
15769
5178
8245
38716
42558
7036
17387
23178
33408
9692
42669
49237
28322
13591
44722
19031
4531
22964
48046
9222
35277
23241
45792
25685
25554
4007
29681
39896
9896
11782
21210
19651
33763
3734
33938
40357
26540
33424
5162
34412
14908
18272
33508
1865
12765
21193
22694
3681
25325
4926
15354
9881
22802
28049
30587
48983
33422
15857
23385
10294
42575
22263
6622
43583
34346
20337
41806
22078
30767
25435
29988
47118
19886
10634
40458
39978
28278
36519
16205
25756
13750
44384
8340
20528
20545
21559
29080
20219
35192
26779
44157
39505
15902
35696
43977
5632
25466
13564
16220
37515
41860
30168
11844
38571
22490
37838
6038
49741
26393
1916
22119
35683
49441
21491
11088
35283
44408
48673
14009
11657
36103
41688
18626
43412
19691
7595
43964
42635
23081
1511
7464
24858
5676
44289
7662
49076
43054
18362
4052
12703
49971
41362
19489
45170
27305
8809
48889
4027
9015
31842
31561
11202
21279
40158
18041
11682
49449
1343
32003
45991
49005
39717
10285
37651
23658
11646
25641
13311
1587
20268
33713
10754
45898
1663
30810
45147
19044
17184
6780
12148
42029
3261
9714
42043
6386
43609
42526
24039
25063
15108
28375
11865
5747
19220
25935
30634
1643
2427
9789
49806
8878
47315
17515
31690
29348
14342
14087
37045
29110
40041
10968
8615
47115
15785
9152
2355
23099
40947
47920
47059
8169
14384
46073
12139
47036
14726
17871
16079
30842
2656
12727
36774
48997
27214
14060
33968
11824
26654
19072
14685
5111
33435
28234
21579
47755
19967
968
35378
12512
6419
14997
13873
20327
29628
1830
38216
46973
44740
38836
21688
19396
39585
15665
45692
31422
26267
26987
13068
11716
21188
6347
38697
37162
25289
28522
24757
46800
7654
35554
3902
21235
31030
537
45288
34575
9297
26600
22570
40586
17876
44217
34674
38358
20734
8001
17423
893
22870
29412
20198
24431
11096
48385
38524
45660
10380
1190
17745
35302
7900
35910
31826
18655
481
27678
6615
25922
1762
17534
18433
7901
18413
9195
13405
38986
20096
11867
43265
47244
23887
15863
2520
12107
18206
26754
31704
9778
35115
26278
32791
37565
40852
23414
48018
11571
45767
48969
38695
32118
6060
40281
6775
27258
17228
25170
37655
44079
24211
12880
35139
47383
23909
45282
17456
23123
33050
12168
3457
36552
49209
32699
36577
29196
2118
26915
20149
35300
33019
49804
19961
240
6204
270
11236
35288
22436
33158
30035
30434
1203
33877
44474
5155
37503
19045
13192
37418
13926
8180
20768
32181
2476
32342
47607
26125
41664
12898
23317
42111
31827
22199
47054
43203
18132
34864
20433
49520
32709
1997
21354
2487
19687
19982
6786
5723
41061
43285
15237
49683
26732
5927
44527
21564
47190
48768
39448
38985
38470
17691
46794
20728
48486
7834
27280
18174
35396
20356
15999
11076
8719
43178
18761
19068
27584
48215
28621
34109
18642
3823
32441
28159
8884
762
41949
43914
5650
3123
1312
7591
41808
37767
37909
20310
49341
19222
36262
11835
5020
11947
18620
18684
2274
16607
14591
18625
24898
11653
26204
2498
3557
33075
43481
33806
27622
27016
31063
18467
13783
6874
39606
41014
11229
9074
21568
40295
29009
26434
43680
34102
11691
10688
7797
44506
15827
46042
27142
22252
12848
45784
346
33341
12499
32483
33049
5152
7237
21969
12805
28554
14672
14670
39997
2399
38338
37038
7428
185
2595
39447
36211
42145
18660
3832
23393
17319
34587
31364
14980
24663
44653
10563
8737
26953
22710
13025
8619
11009
8007
8843
34825
36230
30714
38762
13082
48242
6964
30529
38572
11467
11275
26966
7333
22131
38369
8595
39375
26795
4304
15792
2132
26352
17572
11116
48625
35802
17000
9155
25647
38376
14659
39579
23068
32427
29837
32799
9632
35815
28404
33464
21457
25354
7198
33080
27616
39507
12325
3657
5277
44638
20649
9887
19217
21913
15411
15636
31614
5433
15532
13694
9712
33720
23144
21565
31669
11654
6243
30379
9141
33752
32067
40716
27310
24376
49397
5042
37395
37774
49283
7281
21274
2678
19634
38851
24021
36109
28473
14491
47728
44075
38943
3822
2217
3803
42491
21723
27719
43072
10311
36293
22292
47252
26145
38087
36526
30199
1613
12676
4838
45741
37848
13515
22190
20353
40825
22387
31816
22572
37355
3891
17383
7470
18179
46273
37598
20492
11511
28498
451
41754
48667
10160
7339
36266
11974
17628
14315
7963
31782
39778
16506
43130
4619
32678
9060
31654
39616
8885
22266
32423
28470
20444
23732
1741
37203
16561
28166
31363
25898
12274
4275
27847
47661
3759
24574
30169
9832
1001
1213
48683
33287
8319
26628
12249
16145
42342
3367
27190
39478
11886
7638
10378
20025
40263
40084
36773
17806
15749
5392
4602
7692
1360
34330
32848
15095
5105
33053
34034
19900
46114
36090
28235
17120
44331
42657
30312
46083
15166
30442
6027
43279
46629
19527
35798
9856
27688
14169
14237
11443
8129
1861
12471
18966
45201
21661
32196
7385
27109
1284
1773
12343
27693
46150
5716
31832
40294
49757
25677
45099
18807
33017
34078
43445
23444
17624
6
1103
36067
992
5095
8745
9158
2837
21266
41923
11552
36556
31846
13232
8443
3503
8698
41964
3096
16086
2537
47157
18734
43474
49691
33908
19569
35567
9717
1509
14812
1072
47202
5847
24149
2606
48761
23235
4021
10526
21703
38210
11401
11415
35767
23796
12374
20897
28023
38691
23775
4984
20591
2424
13621
45740
16270
43206
49435
1002
47254
3526
4337
36884
35076
1767
46625
1264
20263
47429
28294
41026
48485
375
48603
6312
37089
33062
6097
25527
43919
31677
21839
41297
28679
8380
39350
41946
48281
14907
20430
47168
3413
5628
41142
830
21433
20119
21840
39480
48982
30657
12815
11105
31089
21083
36417
15336
34837
29003
16922
29031
1463
44599
22862
35045
28360
4989
26933
2995
14780
19273
26156
11398
1543
18420
7102
15987
15377
37610
48692
38286
22156
47079
29257
4937
34592
26718
34322
6304
29909
17763
28130
40401
29740
3095
46815
12425
49565
43118
23423
16136
30186
4506
25745
13039
48462
10066
11630
29520
21286
39199
14180
2059
29860
24013
5157
26949
38031
8125
26702
3838
36140
48029
6462
10447
44191
42611
22987
13735
41934
6120
42904
18214
31087
6617
33056
3206
8466
46875
48952
24204
26372
37498
17526
14008
43251
33705
4702
45107
24883
46190
8890
12897
23958
45749
14127
23883
17157
47127
23288
38850
37526
47065
7590
20331
16973
27022
48841
29407
40591
2654
14366
8876
35721
21135
43477
14910
7239
10691
15533
21704
32281
19613
24396
22060
2831
12367
15403
28979
20956
12375
216
792
48020
16668
26806
16736
17069
8272
34816
41430
46344
19494
40949
49577
29060
33552
23200
15837
38833
41376
11464
3282
31628
19385
28125
5500
24677
14062
39704
16813
36209
16353
663
20286
20442
22264
43409
11608
42246
30245
28786
12253
38347
36187
35498
3098
7065
21642
30042
40005
5232
25474
16452
22293
43382
48924
7799
36764
11572
19123
5290
15858
17048
27127
15460
40582
43046
32365
16417
3542
2068
40904
43784
44090
3527
23035
40385
43011
30311
48134
32092
46253
29377
2784
19875
9780
47216
44020
25260
9854
42812
898
25424
24931
48003
30389
14729
42477
23639
31493
40114
32909
35614
7742
8265
49112
37901
2870
39152
39530
33511
1591
2810
1251
44765
27481
15015
48623
25854
10202
22203
12886
27762
27812
7220
45840
11849
37665
35843
14804
29948
17719
13285
14949
32920
16508
45469
16614
10223
48232
18873
36956
31424
26384
12895
16102
765
16657
12948
13795
22270
26760
41252
956
13415
21751
3996
21384
46446
15418
11832
38143
22637
39398
9980
15081
45877
13664
42544
47837
9840
11146
6338
12876
43831
23231
46276
29905
48758
46285
26429
18298
19014
32420
25715
28329
49336
10719
10895
46151
45846
15018
44818
40695
345
25761
26275
16055
28795
32713
10463
9087
46435
9471
49747
13560
43119
42906
48092
12199
9283
8306
5318
26814
44267
49292
24416
20762
15949
41103
15552
13044
40513
17530
11204
7545
5957
35182
834
23198
4188
46907
40144
12299
20128
27035
17558
19752
16929
34092
25717
11341
18746
36822
33604
18886
47821
49531
39671
28581
1076
31894
3793
46655
39127
21148
4893
39719
49331
48414
48978
34501
22843
17060
16502
23589
7155
19692
43809
6639
21993
1612
12687
11207
12873
23546
9225
29778
46802
21867
20438
21283
45842
16201
37842
28772
30508
37877
25140
25969
18033
6239
20654
41976
43091
26399
37954
9702
45516
48013
558
14544
40499
27932
4413
33620
35393
18114
14531
48706
38832
22634
13386
20436
38958
36052
18752
38203
34696
18560
18020
3269
39197
15577
47575
9699
32933
11026
49047
38219
7301
27983
28797
18517
8600
21310
44108
31279
31624
3970
45951
23638
23925
41231
21945
39377
16124
6764
32285
26131
38075
30852
18307
21698
20052
12965
36467
39813
3323
24854
42739
28384
39100
35987
11021
14782
45613
39399
44008
3735
42249
40350
20903
31835
26730
28611
29842
25848
10291
23981
28894
27074
32774
8834
6595
43704
7067
49462
31854
46566
37277
35559
20630
48787
4532
7657
14807
6799
2273
49834
993
28622
22592
23082
34423
43848
3925
15050
18526
362
35705
38446
30099
6950
37176
18706
27085
39192
38343
8942
14492
36410
26074
17508
48635
39247
49457
12082
39596
13400
14576
9682
8101
25655
21306
41573
33653
32655
40198
30756
10617
17557
27171
45089
49142
44047
44590
32401
13666
43038
32929
10003
737
17669
34120
17999
15747
47218
26817
45549
5275
17435
16186
35976
13910
2942
42779
27155
38676
10142
41649
26495
14354
8846
42625
25883
41834
40769
4341
48223
44428
31790
25320
32631
43899
6750
45174
37117
17212
5133
35884
13605
42948
3214
18215
33996
32838
49033
4049
38487
14682
20274
1006
37090
19
9008
28512
21956
49778
10105
4011
23451
19777
29580
36076
17869
27801
380
2321
3465
44817
45139
16618
8882
9365
14226
28438
36852
6706
8913
30874
37438
7286
37294
6806
42766
10894
3396
47543
42382
22889
30934
31770
47965
23474
48598
39552
36405
91
31769
22854
4206
48610
2143
36891
10130
2750
8449
4830
30601
47412
1667
38403
29886
9820
5740
2446
24550
43854
38173
6178
37445
13912
30161
15048
8714
33812
22237
8298
28931
14377
45219
17052
9001
1896
1606
43429
32592
16280
47248
13800
46677
46368
44245
24389
15174
5623
37302
18846
37427
19313
14461
23994
21126
36426
22595
39428
4002
37215
14444
31724
22992
8413
30238
38300
10900
17171
23339
44635
46970
7760
34887
16984
10604
47842
32133
15158
13987
36286
9809
21573
18669
34176
17709
44296
45411
36309
38346
7733
603
4511
6966
29122
44696
12263
31038
22043
33182
37165
10707
11979
156
49162
39609
33633
37512
14031
15195
12735
7684
43331
46593
36739
36263
726
5430
2183
18242
15661
5051
19370
42593
22238
13110
31547
41670
30802
37161
39144
1120
18583
16675
48618
30769
10404
32479
10007
47381
44800
238
31355
6227
46085
7471
906
30134
32143
30467
37731
21155
45578
47819
37520
3919
24012
38498
37752
46259
29424
979
25334
25169
46263
46108
35589
17018
22268
2413
7006
3353
27635
17846
23835
45048
45008
5806
34237
25906
47298
7632
7894
39938
40406
26179
28358
18789
28185
41452
24664
26124
22250
38383
49582
31402
45243
29450
38925
9149
32204
15865
40576
29044
3943
28442
6742
17655
31744
4513
648
15348
7374
29951
28085
49048
1152
10957
31538
47828
12304
23218
31506
38531
9900
14147
37410
17436
38134
18158
13054
42778
24560
14895
49694
28656
8836
2079
19052
3605
30446
47838
15238
49026
18229
42771
9137
1556
2513
33716
15180
48294
16083
28309
10886
409
21125
26714
41258
35475
40550
5004
22510
13899
49240
29357
48736
23500
9675
29689
22288
29755
36735
11993
35347
6772
46376
33549
7687
19853
9130
7504
24841
19065
5143
7010
9002
36057
25499
32700
16955
36088
49726
32088
29170
32142
49143
26198
8439
39391
17283
24304
22914
19510
21746
47136
6141
36
2536
42394
20003
38415
3869
8573
43276
28955
40265
49978
43701
39989
4512
25980
33875
29500
31057
5044
1852
21455
14802
39357
12049
29868
13557
24097
21584
41057
43018
6513
8709
12938
16494
10580
12130
29356
583
25403
533
33743
26510
34931
7782
43607
38442
49021
11599
3456
35089
44916
42279
27426
5074
26556
33526
23377
29127
32821
17081
34371
14796
5480
33631
20862
22024
7768
7469
24348
36005
29585
11905
9360
4312
13744
12881
28265
31546
39945
4873
34744
1232
15954
35460
18159
19803
27066
39477
12190
24353
43327
2956
25797
47419
39022
23993
44494
30391
38644
32109
25348
42409
36146
31995
10804
29605
15616
3555
38191
22902
36450
7680
16650
26157
45579
34894
29326
13301
4863
2782
43637
46724
38679
32887
34596
42886
19969
36127
9282
47816
34773
31814
21179
30184
23707
5390
23460
40134
45859
19668
28661
42666
26720
46826
26948
32459
12110
23605
47727
39901
47471
43581
5799
23192
9151
29553
3234
39953
12636
14199
38282
12695
34573
28258
14204
3090
44646
31268
12993
25471
2650
44248
24101
25134
41945
2179
49655
15360
15976
23029
24806
21021
10782
40421
4499
40846
38859
15103
2495
15186
23455
30096
22183
24324
17100
37191
3677
27208
13896
11020
20231
41549
999
14498
23718
45167
4076
21617
27943
41160
19877
42502
28410
7233
30864
35912
34560
15234
35989
3200
3246
10482
48717
14223
45591
26569
5140
48285
41873
18874
12075
13262
38028
25996
37764
35171
19315
14918
30762
17110
23033
42219
11860
23701
2098
16230
43647
18310
43335
14474
12214
27379
41107
43829
36107
29766
28636
31939
16350
19959
21784
43421
49539
46665
26146
20648
6346
7418
34628
10017
15799
12847
29341
34846
48364
23100
3662
31438
13879
23428
46770
17133
1060
28542
5658
2997
5402
16152
20849
26601
17620
6917
25142
5761
24989
8230
37509
10273
33209
3965
4060
1189
42110
46488
3148
27780
14868
1096
26762
30149
35805
27685
14463
43895
48396
18338
10206
25513
7921
23558
31037
20701
37844
30632
19147
47512
37407
36347
44510
38167
23079
37589
42940
44954
48348
33352
3121
34133
15934
34522
29885
37067
35148
13863
30065
2528
40752
38320
14619
12080
40156
30856
48530
4651
12410
34482
39921
6860
16267
14311
36304
38835
36131
11015
23027
12552
43040
25060
30053
10108
29069
19622
31708
34255
23556
24060
14738
11675
15871
3105
18987
30666
10918
4057
6722
16016
45564
33710
12039
44194
35133
8837
2723
23769
2011
49011
26566
31022
1456
3909
13043
6362
47780
13081
30108
24
26333
17199
34942
42313
38910
1922
44882
2711
7865
7614
23176
3155
22720
6430
37782
23245
15335
5823
8616
12566
27244
33675
23717
47958
39661
39246
28946
12386
27601
6726
7105
20285
34173
8333
3420
15991
24285
13883
22095
5137
2605
16450
26924
27216
7773
40212
4033
38389
13465
16974
7980
46808
20559
30513
26210
20066
16712
11951
3512
42527
32611
32855
10831
9681
30394
27245
16081
49729
32719
28684
47768
40235
23673
11198
35955
31
42543
43056
4364
44875
39230
2066
16312
48277
25318
23801
9147
47860
31657
43078
3550
19561
38095
20911
2181
18877
25448
23058
36486
4144
9635
27825
49543
5520
2889
43034
47166
26634
22357
31212
43639
10762
34334
42140
13937
6277
16669
37700
25349
43162
556
14728
15091
42790
35054
46768
36919
21470
21115
24680
18040
30267
12645
19228
1000
8665
31009
35595
25410
14553
49928
44612
45675
23697
36937
17493
32425
18765
41561
23034
9690
36247
8803
30698
31568
39185
37505
1209
27782
21657
10448
17505
5304
48052
29876
21635
42806
39930
33735
33286
45227
49345
47257
38053
22529
43619
43683
3036
10332
9947
32800
4671
49505
19383
38172
43372
38834
30148
10932
9017
27841
3905
15674
46723
43925
16930
42743
19739
31040
30765
8527
36724
23637
11077
21317
2945
36095
13516
19639
32068
44811
45165
34095
46891
47293
9715
42017
8904
2824
6191
33218
35336
8279
45949
6793
366
21833
11922
4498
18284
28812
34043
17688
48398
34926
4458
41601
39018
2111
27176
18507
19334
40206
41632
45948
38109
14778
21059
15745
26307
4693
27796
26318
42507
9866
15537
14480
25822
37614
43974
21910
3906
36021
45818
22414
25494
14599
6316
35474
14799
41322
49949
46481
39286
49332
36950
27646
5119
12565
779
38917
34588
39198
35892
26501
48790
7446
21947
41826
45994
13909
8692
31223
13976
22873
6292
10113
47740
41101
17143
36129
48208
41791
12717
7295
39406
12753
39001
30809
39738
45128
30404
11631
29311
13949
2718
8993
9844
40644
4114
9932
15192
27440
27638
38763
501
9299
32753
30725
1507
49785
42763
2271
38552
25183
7968
33837
10903
45283
36939
45244
3857
1816
9880
4563
17347
3716
32516
29560
7739
25462
15230
5653
27511
22796
26430
24670
49500
36066
2060
11515
23498
43744
21714
38955
29227
13553
7948
29008
23563
39880
2469
28142
38784
9073
34509
43987
16664
48606
38849
20980
42225
36607
11852
15470
15802
48244
24143
32033
40119
44996
35323
10030
3707
47737
20156
39857
14476
28974
15772
6311
37351
48198
35698
39455
14613
27288
49032
11039
43358
3778
32590
45017
31960
6284
34274
40684
32717
9755
6833
43464
1563
3815
49137
15733
47845
8804
25667
37228
7617
20212
29667
7379
29133
16896
49948
40776
12111
15698
7574
14541
9416
3504
510
25192
19881
33985
22102
14720
33488
41235
20151
41518
18937
30047
6426
21099
554
41352
47678
40985
32451
41944
16293
19257
28414
28871
38120
25373
20698
45509
16567
27595
851
7328
10495
44040
24751
10934
35924
3126
22833
35995
35322
17261
40337
2108
17969
27982
1351
46146
1399
10437
43594
25344
11870
5058
21699
2686
41872
35330
17960
19899
20215
29919
31362
33152
10299
36416
31488
386
10081
33959
29335
20737
45198
30907
18993
42314
30069
38521
32369
4527
40177
29853
35533
23642
14396
33282
17492
43021
3393
7211
18502
41153
15194
22348
42201
9115
36787
45588
41691
35801
31241
49256
4004
33859
3340
18989
27094
11558
27706
27180
39463
24630
46511
36043
32364
16325
14124
42889
30196
48853
38940
31124
29961
7293
37536
24801
13518
31658
1564
223
15671
4615
32953
46890
32239
15972
28712
6350
12313
12179
11038
5299
2149
46128
15494
17407
16399
20676
18834
26787
42058
12693
21228
9146
25555
24538
34545
44857
45853
10505
29556
39775
12006
29224
49762
27500
7685
12999
39836
24015
27568
16970
22081
45657
10402
34320
22277
46260
37292
42504
27404
48184
26694
35166
5838
30415
13894
4924
2795
9153
42244
37329
4115
31934
39494
29716
11300
9469
440
1544
28875
36204
43699
12005
23383
11505
23562
21592
17446
38412
45483
47850
7228
1259
29494
19502
44435
16925
48213
31935
41557
18848
5782
20338
543
19575
10382
14313
42653
36974
32306
39886
45230
46235
45837
31758
4496
14635
2308
49828
14516
26592
34269
9768
5877
17163
16281
20026
49492
27410
21272
19177
27727
28064
21715
12068
46940
27323
8194
41080
15156
23049
15161
48440
8210
39218
35005
26194
27021
712
8713
4287
4802
49689
44082
46220
26881
4147
14628
4259
17507
3782
32837
39799
40277
30252
14649
4217
16894
42890
17840
29549
43102
23266
17106
37723
24375
37720
4401
46745
17904
34137
35844
11810
49561
9442
40866
4429
24422
2827
40974
42848
24507
23872
20719
24186
43063
28462
42060
44498
48732
21171
9834
16033
26457
38098
2272
5979
24626
23467
8973
45175
10818
44229
28973
31789
14001
8076
23239
37300
42265
42551
1184
34862
8841
5574
26947
37365
25096
37733
20253
3723
11790
40460
36214
24497
18653
42856
41186
31527
18556
2538
24814
40737
12444
43671
38761
34934
7810
33607
45587
33463
28923
40554
34436
18764
15006
30432
15578
1260
1467
9765
37092
41824
11213
22727
41911
27285
26979
15073
6073
19629
3315
49368
21992
27315
3665
25020
16742
32140
18057
13419
9072
47696
42435
46946
31293
8932
33495
11137
45607
39294
32924
45443
36990
33012
41677
46575
31016
18027
30772
34847
40797
21281
41083
48274
4008
25851
33271
22640
33059
3827
2653
23878
1111
42138
10002
12902
48675
49494
19168
4483
37262
42163
44705
680
47627
1853
196
44213
49218
36238
6918
21588
8815
19650
46994
49812
19901
42620
16384
27055
1347
44928
17886
11214
45199
41773
36693
40931
34174
22541
35556
18144
18768
47889
3245
5888
41375
473
6345
30292
36278
16698
15327
6855
16695
12030
9440
11601
45271
41810
33498
15273
47433
21246
1417
13842
19701
39947
3442
41885
16059
34769
32989
41328
19173
9805
16041
4077
26967
16629
46842
28889
31823
11813
30461
15324
43955
5434
20370
19122
12283
7756
41120
29059
41925
261
16760
32343
17351
16388
47154
43961
27479
13989
44767
26295
26094
17225
9200
28890
21988
7437
35279
34259
12615
17265
46682
46100
14595
22412
9104
43789
14111
29404
48785
7832
24921
10724
35090
19599
34354
37082
39414
29464
15136
5968
42807
2630
87
7392
49066
17700
33108
21264
6697
49700
36296
252
5749
32411
35030
6183
37570
47894
12585
26268
14489
2693
20085
33666
1750
16361
3259
27873
5446
23592
8905
33692
12757
25707
9379
44092
9751
26334
21841
49866
26544
7809
4743
12571
24815
41154
29636
6588
47177
45082
36748
38111
18829
10992
28214
32089
37197
37484
33048
45839
42338
36688
25465
29310
23560
19025
18941
40764
15338
282
33591
33993
11617
9127
28698
24963
26662
19589
46512
30795
27283
31930
12624
22836
47444
39658
31639
26184
19074
12208
44141
23631
21389
40425
21800
43236
16707
6553
19159
10694
23161
11923
46359
5633
21504
22603
32422
7399
932
5374
25158
2324
13474
29513
41347
32731
27417
22740
42752
27321
31461
43048
6309
35352
14972
8663
34877
24388
40396
24794
33621
46343
2539
5189
37406
11352
27680
37129
6787
23028
14172
42325
17661
34568
48703
22915
25269
17561
4755
30201
11971
36359
7748
38634
45410
2564
33198
4505
13038
9467
5879
26104
44424
44636
47268
19474
16367
3395
31304
30369
6249
22961
1964
4991
37172
9388
13329
39804
19516
9869
16828
33300
45127
24329
448
19323
24705
17774
39287
20889
38838
34508
11319
31929
22117
28215
33047
27343
15130
41013
10296
8858
39852
35011
20740
34019
47074
24762
47933
4845
23756
5642
14945
7479
36125
34448
46632
33600
24620
45072
28730
35449
45361
30574
27172
35036
34474
4133
18267
27108
40699
43992
26133
35547
22445
48284
40803
9915
44037
43150
28896
18883
37800
46984
12707
2822
24464
8404
8202
18553
31445
7230
5701
30674
38666
11203
11450
9157
698
41069
36837
32747
6879
6942
7636
26741
26311
11760
26127
15817
10744
32992
49364
20655
36352
39080
15427
9959
18811
30618
47705
25077
28119
23168
43592
38682
6343
34361
43802
28658
2373
7906
34290
5052
15063
14327
4199
23060
49370
17810
2237
32113
27409
3137
29230
20480
47677
12442
18843
11586
34366
19718
32915
9728
15850
5456
31064
36771
16095
49017
46088
5735
46383
40693
20065
30111
29271
31479
28827
15997
2062
33873
47370
34919
26589
24066
31698
25723
15398
14285
40092
29759
6428
44447
20405
29738
33536
44808
43959
9606
40382
18231
1697
1897
25045
36257
17385
37797
20767
3342
47771
21955
1944
34966
14784
29387
49745
37196
49516
43016
7596
46712
33768
40731
14371
36048
48432
9286
1334
33284
49990
13511
29927
3022
36270
18996
1795
45520
8103
34403
23600
22472
5098
48496
4549
17547
45715
13558
41615
39829
12248
7670
13764
34057
6212
8151
7930
4069
42720
2664
24711
34317
28220
41866
37883
47995
49790
20173
4682
43176
45337
45582
28763
13122
9096
24974
13323
32793
22985
37654
34466
4911
33687
18515
28996
43352
21001
42993
18691
5594
37517
16848
25445
39275
49309
24583
44568
27541
20452
16263
1359
46648
42726
11683
38140
42664
28161
24169
713
45738
44755
2353
13640
37837
33304
7514
45335
3284
38989
16203
38992
21797
10416
19646
46269
34372
8176
35905
38725
7322
17742
13207
29871
30255
28893
47469
14177
18527
28321
43828
1005
6951
36245
4930
20489
31883
18092
36334
46199
23025
25573
15969
18031
28469
46262
25440
21721
4469
27728
48988
775
28401
36372
18633
18656
44026
30153
35800
46295
35598
45436
22855
23928
27200
46727
17996
5323
40900
49840
45833
14274
21357
35538
22426
27710
9517
35831
46256
23822
7666
11527
15447
934
20150
9234
11364
24085
36495
45197
12003
7169
17729
2232
30381
20688
7375
22351
19243
24709
521
35066
15615
8075
15259
36934
22731
5689
34872
7414
22201
23172
23765
4969
15204
36595
18773
22439
32902
6075
36492
42601
31001
49328
19940
17286
38541
9510
241
25292
43757
21140
45320
19373
20043
2714
40564
24347
8766
17903
2439
23853
25409
36280
33726
29305
16991
48166
3893
2561
12544
45794
27487
25209
14412
7546
1011
47046
49445
43259
8724
37841
34895
6266
45964
21526
22332
21938
13047
49839
2507
38072
43147
20342
6647
39181
22134
44631
8060
12870
23130
28743
32220
4810
47407
14300
39289
7241
29147
22012
31324
13290
33211
36955
35959
16992
38520
13746
20188
45206
16432
35561
9249
37149
26060
29630
42982
7151
44151
12959
39714
37785
28096
41151
34080
8448
25877
22989
7807
4000
24532
41333
41054
11903
133
4472
35982
5532
33810
44957
16256
42167
18866
47612
33845
15117
4230
7308
36248
7640
18377
28123
42605
39081
26326
13217
30891
25339
29163
48464
38247
42210
42508
17940
44591
2461
3153
7440
32991
49456
15670
6015
17289
7439
43299
15473
40308
25526
14305
18986
4225
15466
22598
48146
35933
33496
3703
41908
361
29829
14212
13395
22014
32279
46581
22666
36289
23705
19755
6234
30208
13736
16745
9618
9979
3127
47713
21252
7422
36357
22006
48781
25661
18580
19307
25562
14772
29266
22374
11392
5344
15284
34199
30861
44686
23389
13432
23380
7572
22673
1174
2732
48737
27261
23797
4705
43877
26945
35273
29333
37591
29724
34241
44749
20450
43608
39562
41330
15824
852
29587
48688
25071
9905
8991
11228
34733
33233
15649
23153
3306
26867
33520
30816
45353
374
1985
9393
43545
47324
46574
12674
35791
15667
23856
27884
45250
3391
20776
38229
14689
20205
41192
33815
47667
958
22401
3038
35034
16942
24229
20978
19563
39354
13898
26753
26215
27181
44919
2102
1914
16221
29690
45621
30130
15559
31866
38353
1167
38485
217
39677
48305
4881
44182
45041
39544
44507
49306
46347
42339
41467
32192
32050
39389
3702
41098
19089
29499
30226
29692
32686
45098
43921
21887
14701
34458
27051
31269
34367
26161
5492
42648
16298
3701
14122
4456
18255
25765
30457
27588
34788
20166
41612
781
12453
46005
46554
21321
6184
32702
27105
23250
34554
35750
32093
9108
36196
31420
20508
9254
47380
16156
46251
18202
45895
6423
4090
30133
1290
21906
38779
19731
34302
13045
11087
36026
44716
39433
36868
24059
15199
47095
2919
7613
27398
32615
47220
26675
9707
44509
22877
47155
22756
21765
24658
25638
44162
26291
27846
14954
4207
43894
38802
29758
46901
9674
40557
7147
28126
11496
13341
17209
30463
43952
6518
27131
29940
33248
26862
22736
17882
4140
19836
48315
4328
25882
9122
41350
16009
42168
44143
14243
38431
8840
48734
4306
36574
8731
38097
38652
24359
47519
1618
760
7794
37480
32375
3047
18845
40000
13241
8323
43005
24687
34726
13131
25055
13339
32426
12972
14339
26885
19876
28909
2709
14292
19118
4668
8966
13843
42746
18654
20020
24206
34678
21834
4974
8896
30839
28617
33186
10685
9213
34275
49821
32394
6956
16727
13927
30411
23647
7660
30626
1941
12388
586
17673
26588
14105
14827
8289
38582
25180
30857
38815
604
36501
33913
24429
21777
34629
15896
38991
42242
17031
13599
29434
12625
3762
43226
48759
36258
44895
29349
20291
159
46791
6476
48899
7711
25459
9773
8475
2352
12577
6279
32936
46105
41148
9304
42931
17581
35526
21724
34842
12260
15623
39520
9704
29896
10037
45563
5718
2408
49918
20900
42574
44273
46
10371
16332
2174
31592
33608
897
1809
13340
41434
9651
43811
6371
16981
27673
27449
4996
5497
34115
10104
34066
44706
9168
10024
33425
14744
10904
3602
28775
15741
27187
3738
22549
45377
30103
31879
14563
41890
40859
10034
8807
45240
31371
6959
16238
42618
31905
45239
25838
9740
3806
15720
20848
25696
47437
6817
31908
22187
19842
30716
10136
20684
27789
8541
33518
26065
33721
47449
26033
634
45858
28476
1850
25246
14867
48535
671
31232
26241
18547
19821
1679
49458
13715
9737
36438
10072
41473
32509
48050
3424
21599
20304
7313
43471
35727
36851
18399
44589
31430
44249
2546
20931
39874
14618
16056
27327
43089
41196
48825
32984
12946
23980
40631
41287
40596
14499
41657
42613
47255
41032
28939
13770
4638
49072
922
19070
13396
10517
13620
2061
41927
5685
13950
3149
40072
41921
28553
25549
46518
3215
8056
19843
42821
8601
17277
9314
32488
22105
47048
37218
31080
26522
5690
7970
32605
36689
31361
15557
6270
46600
18010
8608
38381
7847
35687
29022
40416
7246
38245
2922
25829
20951
177
30881
31967
14578
35850
1753
4179
20118
44615
24623
23085
34386
27613
21541
9792
29232
6741
28452
27746
48484
20012
6619
10293
32696
17230
21770
42184
8566
45482
40937
15233
2907
20196
12976
43398
26976
24942
19402
49807
45420
37650
14820
24126
20126
28665
44538
48175
20092
22331
40889
39787
44726
37055
4526
10129
22248
48448
31316
18168
393
24098
16181
16785
22817
39233
18983
32554
24763
45000
37175
38457
40968
6153
15292
36948
45014
1884
3183
38844
16903
11241
34943
35796
6398
37890
23372
24830
17188
4395
48568
13411
29540
17315
21191
26597
47676
39779
15283
13540
24747
32873
12124
42034
40253
39577
37187
28766
4593
24472
47758
41648
20640
31227
11866
43880
139
33658
1769
31017
31599
46912
12787
12357
23851
13639
38393
17222
5135
43502
23742
22533
6172
2064
6599
17562
17082
40541
1279
34256
40622
11778
2724
34935
47848
31234
47975
11278
33772
5274
42426
45633
18856
11280
8832
30460
25226
1573
35319
37179
1528
8972
28354
48986
36661
36634
14471
12740
39710
19024
31984
5150
6732
12907
10745
18868
45490
6679
48141
32589
14174
22939
42305
23882
44733
488
39118
15676
21260
30271
6632
30253
37572
27627
40347
31455
1431
48261
24418
44019
1768
13697
32497
26538
19908
22532
23038
11337
23622
20029
14878
20229
6778
42003
15770
38045
4649
35188
37663
46876
5635
4315
572
1593
27582
49168
46363
9367
368
26908
8581
46378
43107
32397
8849
17057
7184
13797
36833
15786
17105
48907
20538
43410
5375
2322
30126
23206
41644
27999
10110
43821
16121
30465
31468
2180
23159
24966
29157
44802
49894
8682
34859
12657
13791
46627
48872
40838
10493
22142
49927
11569
12920
38054
43852
38277
36901
32802
44209
29160
13559
40698
44029
41397
42212
46207
49905
48725
43160
16035
12334
38803
1742
2234
44264
5615
43202
25328
22184
22614
10773
9309
15358
43074
4237
9226
13008
28975
48887
34743
18152
17186
2582
38016
35049
23855
29019
40238
3389
10360
19581
43721
28626
30819
31700
11449
29217
19472
9432
7452
33852
31615
24003
43401
35890
19027
26724
44522
16863
4510
6427
7358
35841
25162
43353
22712
4697
48925
38034
16191
41770
8016
16131
15546
38043
49498
20147
35818
24872
26703
32772
32080
16753
35544
33624
46506
1602
11321
19399
7767
5440
38445
34152
25572
21773
30076
14335
32665
48954
357
26238
12246
2412
10713
6657
54
41002
13956
2433
30443
12105
28704
32381
21214
23122
11911
14511
17113
31864
6016
45076
8045
31606
4813
39788
30845
46333
48158
19425
12595
45241
5802
21990
4180
10324
43024
20320
2490
12960
926
25384
19623
7592
25391
44927
44179
49537
25161
34999
10940
27377
10076
18059
16825
4431
20922
28001
4537
38868
34304
44086
9757
7976
16743
25416
34188
14627
35945
15243
36947
21995
23289
8675
13799
42663
2577
1891
31906
20140
46074
8862
42539
37485
2646
6264
11771
4750
45559
3767
350
39698
30701
46091
40316
18173
25029
46234
48268
39840
32172
29631
30191
25966
22451
8508
33241
36992
29000
114
31583
21008
31075
27758
13841
8087
28705
22972
33897
20313
37189
43692
18559
41329
8296
9799
46728
27969
23577
8652
32276
41292
11089
32351
34795
31475
13006
34567
47075
30241
15244
42933
8389
4194
24341
4242
7049
12279
39856
27136
27868
16832
33677
21719
23232
31550
1713
37595
2665
16555
46943
32315
44929
30387
34340
38603
32437
11437
13646
12217
25859
33289
18755
10374
24406
48313
49188
21419
24561
22410
23965
40083
18314
36473
33001
13570
44745
27512
47173
35370
11956
18963
39922
30935
33043
36039
16647
22185
35037
2812
46908
6043
1455
24885
10449
48191
13073
3826
33305
41116
6516
23134
93
912
27764
40181
21236
29817
20644
30524
48614
18131
34868
45214
45284
25909
30326
23075
1928
24593
12164
28232
11135
15312
29466
32158
19555
32872
43836
34358
9920
34112
34301
20584
36098
9064
49440
3543
30899
49478
1701
38061
7997
7579
35506
40623
12940
49150
12545
31862
16672
9658
14634
14229
35573
40346
23792
24463
19831
2565
13822
23970
591
2067
37799
2744
13461
10859
17194
44989
46620
29473
2462
12564
12396
18777
37719
15903
20139
36259
18628
6215
7138
49667
620
32632
42100
14748
15261
20585
13137
42580
48368
1641
26411
22033
8961
30251
32614
17796
26805
27553
22676
32362
45857
19786
34187
19892
17028
2797
27246
7924
38718
19657
9506
5511
26585
21428
7527
44990
15839
28606
35925
3964
29400
47793
8484
19960
3926
7057
472
23896
42411
33327
9518
13216
25076
17877
19578
39629
7769
15581
10555
4375
4808
45663
15637
43540
46855
11219
20255
39652
2065
6771
35970
15010
8268
23581
36237
37141
41894
33046
8346
14681
9785
25308
14197
26286
5508
40530
30808
20490
41491
37078
49257
22228
28076
36820
44946
8929
32332
204
78
31593
12133
32883
34124
14235
34546
1782
34476
8580
20473
18086
37859
49096
42509
43092
26686
28431
34020
6602
27498
40667
2894
40392
21484
38996
15317
30266
30789
18043
3372
39851
1539
27344
2807
15633
20529
3559
7476
17027
45943
36101
30988
8248
18592
10784
181
1217
36199
5083
22534
29926
12441
33204
7531
48823
6597
44544
37757
4547
20191
14021
40423
17935
34767
32180
24170
9235
5141
15061
4080
28929
22867
23986
7813
49437
8005
39272
31655
40978
28860
48780
33931
30156
6967
4005
16193
18946
18998
39078
44347
44039
47610
28226
42037
12353
49872
16919
26050
5393
41971
29312
38918
14662
40368
41442
8989
46331
12698
41257
34861
43875
20401
28344
26955
14425
13497
12519
13850
10198
16356
19686
30327
44480
45700
44572
35485
39054
31375
20534
28436
2010
49842
8482
46240
49177
13251
7629
24441
34914
38567
43264
46893
48612
26701
42438
23665
36000
20888
7714
48876
36121
47228
115
33236
47959
20127
41734
27454
8528
24625
16183
42755
13619
7256
20316
30551
10743
11516
18455
40773
48000
10779
36311
15980
12782
39336
34049
19795
13936
35968
27879
4361
7070
18421
21501
1475
29194
28536
49620
11258
37911
11006
1332
28632
23313
44306
35105
47467
25240
1982
43312
38730
47483
25923
32901
3775
46325
36151
42803
12969
30306
10646
33011
231
16123
4631
28912
46459
37207
29366
6535
2737
26639
16950
21166
24180
21672
48091
41637
16724
44891
31759
41450
45826
40886
45936
36272
28559
44188
27437
2115
46549
33820
44992
5824
16435
6364
243
17754
1293
24492
42655
31059
33773
2049
43387
809
18693
27416
49224
13864
46173
15187
9948
26725
5675
25644
18776
7741
28115
19766
31748
7521
1404
18878
2625
15924
43630
1938
16613
24194
45746
20152
38464
7578
18178
30950
23611
38509
42986
39517
6176
36074
14880
15175
18432
8375
49956
22729
46944
41751
27972
38364
34518
25272
33213
13446
26521
32176
13769
30521
6759
10407
21567
48439
716
28601
26015
19678
45330
11318
5850
6368
13173
9447
5813
1481
18218
8793
471
12050
39333
4084
42972
32202
25550
41651
6205
5442
802
38752
29960
12282
16593
48308
14246
35516
44256
8416
25886
6107
4691
8775
9969
13858
32313
41586
24398
9084
37617
7178
653
36484
10317
239
38667
30202
43926
38483
25514
11368
31315
35044
38639
12526
31643
11110
24272
47582
21050
16670
21162
8770
13920
44852
13170
45305
8130
2187
5814
28549
40342
30055
23590
30720
42723
32507
21136
36555
27697
38035
48461
6276
23163
7603
23849
10409
26567
12537
16624
6418
24177
20757
935
16437
3764
33450
14436
47088
15845
35152
30486
10201
13243
14822
46887
3355
25932
13604
1488
42496
9590
31727
29728
302
36539
14013
21157
4492
37278
22940
4772
3615
34496
17002
37232
32355
38274
47644
23653
3278
23542
32490
12043
49961
29537
38892
37682
23783
1673
9482
41051
2150
24401
48970
10896
23044
47646
12539
49954
26337
643
12423
28745
45809
29453
47654
4904
45131
46651
29446
30189
1199
13588
2806
5223
40674
24295
30279
37874
16466
8473
18906
21692
24378
29091
30067
24856
42474
34693
20770
41700
25972
27509
15534
20104
8557
36487
9943
46666
6664
8822
19524
27686
39264
27365
41311
22443
23005
17843
16018
33134
21121
45851
27020
8013
22966
6024
32156
47635
15008
47484
26403
26282
11670
42827
37915
7430
46096
16244
41879
6303
1423
34473
18089
14496
41922
15000
18699
49717
46779
45617
32191
40593
21404
827
28508
17687
12958
44704
16218
25753
31513
30991
14767
12438
15410
49850
5403
20724
39818
14686
5579
36205
10947
5935
14427
1607
9515
10116
19781
41930
43159
18945
15013
28638
40226
21824
43110
4573
43017
23997
22550
26897
35496
20932
7547
40624
10838
49219
37638
11330
22807
30553
47482
30709
45347
5705
30258
13305
29159
4535
33874
3632
36671
9782
44275
29478
27779
3108
5830
7122
5539
25855
42036
26579
8560
29029
33613
16010
38009
16349
40495
22561
20746
35033
38770
47756
16084
48443
12319
35309
42728
5534
49123
18446
30159
2957
2511
3101
8690
40793
49367
12288
49339
42550
6127
1354
5949
31474
21859
21485
3807
23782
46189
49746
28395
26096
17443
5398
39093
27466
27742
32152
14862
40215
3548
49541
39605
10726
33865
19304
474
8459
21221
32679
21372
45924
39396
26391
46652
36712
48518
26533
1709
24800
49777
703
7302
33876
49559
41381
6921
5713
32108
31791
45856
28481
3364
25682
28013
11613
26219
23852
36750
47528
47843
1362
5408
32708
8014
5553
21668
42623
15101
7097
8229
9630
8499
5297
15027
25577
38757
39066
1262
43366
47592
32583
40366
39908
21928
26812
8510
19990
38702
35668
32818
36038
9202
46748
26290
21350
28042
32859
25007
25106
28771
30884
4670
35202
27050
22139
32184
2821
22159
1479
47602
20206
45095
23020
8716
44260
22003
3087
30313
37364
43070
8124
12607
39843
41812
36046
11539
21593
15501
13273
31349
25534
16252
35168
36328
35238
40461
27519
25505
43532
33872
7076
45797
38611
33099
24488
5164
20913
42101
25933
33344
37268
2354
39654
978
11591
15771
18428
43755
25637
37184
43463
9051
21288
17930
34704
36952
33000
16315
29839
26240
35669
11921
7812
6036
26387
12429
41038
1022
30591
40854
45727
13870
30146
3748
26903
4618
41676
33196
48463
35953
29283
1976
34008
40300
17948
35552
29430
37635
22492
10952
41193
3862
9456
42365
47145
7154
19565
1255
41731
25194
14213
3920
24227
7808
9243
46067
11081
18364
30499
45359
9643
13674
11595
11238
39806
25847
5647
40681
14379
21818
19637
2804
47704
16464
16886
11290
17735
39045
18052
37048
42442
37287
44518
8127
700
35400
12660
12424
13057
13777
30288
24758
2580
7508
32508
38013
42816
1958
11873
41068
47078
16245
39096
27912
11735
1342
47773
29054
37861
19978
43851
48081
38500
10472
36149
37558
15049
43816
8865
35175
37609
17744
11893
39523
29983
2629
46797
40677
15503
32368
48419
49512
31379
2668
15886
2418
184
8157
1470
22097
848
7431
8791
35903
24501
15750
15730
22239
33133
44859
24916
25646
40718
39266
32639
29032
49702
20179
28152
26339
42802
45313
13965
22265
40547
11935
46274
42200
7819
5208
30800
2121
41323
37699
13520
33749
7357
17231
29128
22582
35895
3904
28427
39936
48989
30519
46243
34539
4243
48690
47319
2057
40531
45961
35700
22340
32743
39285
7085
10597
10491
19415
18921
43025
35437
1160
49140
24847
1061
33930
42350
9815
18665
23113
19557
16917
9976
25109
5836
33715
2707
1445
38681
5510
24443
14409
28948
25152
31270
13247
9196
37265
35216
48251
29651
13787
9466
17429
7777
29566
21312
38759
38686
1304
39809
46035
12978
36562
27345
4397
37464
29295
42718
14570
39394
40116
4383
8587
8082
3521
46597
20261
2349
46737
42577
31262
7798
40870
2447
6731
45302
32561
9097
35745
15451
28823
38683
19367
19830
43493
42542
48228
4020
1759
12262
25543
16050
17278
43983
45021
11454
43257
11186
47103
19405
29145
29932
48671
12809
3643
29126
10924
8009
6945
24823
10058
27749
7512
37780
19427
9013
35794
23667
45119
34299
12311
22820
37559
26986
17408
49797
16144
2001
10729
7078
29083
6768
933
22325
12365
43309
46634
41486
34181
19519
48578
35339
571
33038
44826
2591
20374
35070
33306
49641
36899
48645
4675
14718
3053
44415
20858
41348
32295
48057
45921
25868
4943
49276
18933
31661
10664
37677
33730
1095
2392
602
3953
10489
36636
12222
22861
548
32738
28284
9349
9546
34821
4542
44890
30958
29254
19840
8522
3641
14826
24524
2573
11748
26437
10063
20544
1857
21250
32958
40831
9260
23799
15687
11257
18550
11247
26963
42254
15436
11695
16744
35358
34657
17894
3811
5751
20018
16011
47657
36012
31809
43260
29584
3749
10154
42220
4946
38055
32975
17401
26938
33848
29025
38665
30295
11636
45013
24928
22372
22243
40724
24958
14808
23214
46952
49204
20408
13167
32225
18306
37362
20828
24759
8070
12181
29199
7550
33369
49459
37801
8946
33703
36569
27240
18434
47297
46304
1092
7535
23055
47237
16139
2559
41294
35739
20264
36242
12981
7353
38821
37016
35907
1888
9182
39996
6070
4952
37532
11276
45875
15860
23526
16652
29216
10808
32027
29841
23127
10164
12264
21240
23278
39983
20350
35836
32587
49286
18836
19042
33519
20088
4748
11791
25962
29317
41273
47314
44058
13287
48178
8299
34445
890
29949
40455
30945
43243
26855
11451
37052
28649
28513
10423
13768
42011
34191
38323
21003
13603
49359
30862
4246
40702
13525
45060
47242
18701
49416
37313
11817
9019
28052
46430
19595
8708
40016
7707
269
6244
16179
21383
13132
6492
13866
3381
73
13445
30823
22129
38643
18806
20032
9962
10199
18636
32868
5704
28456
39364
48911
30889
19713
10638
16404
27332
45655
21149
38822
7885
42585
46452
37029
40518
12702
4983
104
14984
20454
45023
43589
2131
7432
37955
21293
691
40877
41423
25316
46858
21681
20273
16976
45659
29248
34606
44648
26039
25206
34756
26379
12488
41127
49725
29833
25755
3287
1926
33095
30346
12161
33224
44605
27869
31153
12529
3186
4722
48349
4502
42076
6506
24256
6383
41021
31749
47854
11097
35640
19382
20108
5598
33622
8644
48122
42126
41165
45667
21837
26454
16052
39024
13384
16726
13891
33200
6390
8659
44828
4034
34001
48299
15456
18484
35840
11159
39869
12929
42792
41088
34503
24652
26775
39044
47246
47106
42006
18337
1787
6998
24121
45548
46415
41427
2280
48201
30903
29471
21803
8842
13973
19178
25426
38239
14558
2201
22302
11262
34855
4680
45935
6008
18973
22236
18191
31469
22116
23789
12209
28641
32880
3530
18568
19018
750
18732
32973
38668
34462
43850
5306
3489
4465
49354
45259
14211
16685
8074
41867
2637
34930
33957
1329
3218
32771
38131
30951
15899
16836
14647
17305
38322
15530
3084
21461
14357
33389
18703
44239
2860
39508
9541
12619
9967
23823
6708
49865
21660
24869
24575
35149
49836
42919
48288
24221
7275
28331
20447
16909
45453
13589
26180
10097
38201
36079
7170
49853
34351
13382
46543
41488
9936
22503
44937
11347
3130
46923
32778
36744
45600
17984
3334
21813
11526
3129
32173
799
16857
7050
28362
21205
34216
31714
40097
371
10513
1996
16224
7133
43648
22498
49860
29989
26680
9609
36898
35028
21040
15549
24246
10574
1605
45263
11407
46352
11382
35941
5536
33398
6885
41206
29847
6859
19829
403
40566
48097
7869
15026
15725
14397
24306
2166
4168
36963
27188
32257
1104
6328
5514
23238
19375
2641
34164
26981
42376
17224
13775
36161
28102
34603
23253
12574
25565
47513
16198
10406
31381
13346
6613
17675
37852
3509
17004
37995
20309
11486
3589
16021
17097
11446
32900
43566
26467
38878
39242
30684
36781
43638
11267
17444
33543
19994
2690
16809
26868
16480
13455
11043
16308
16796
39625
26234
1032
38223
2397
37178
30452
39353
45572
39846
42446
22641
43839
46576
20207
35051
26920
18125
23040
17939
39563
33201
1436
49408
43225
37134
38004
15762
35276
36541
45986
16952
9652
48341
27263
22969
3955
14844
48729
47342
13571
39583
26224
14217
48738
23062
47034
24356
3201
39802
14210
4055
1571
8688
1407
12840
46905
1733
24999
49467
15297
35947
24907
11874
49847
6161
49298
31711
48152
44532
2854
3116
43665
30726
18249
11210
13181
1496
9252
29336
27718
41327
35942
14500
49601
3612
49525
44766
16584
38297
27504
34363
14051
42317
8685
35594
18311
444
32847
19747
29347
46107
24029
7093
41502
29179
32613
35494
30177
47739
43626
39512
14248
45156
33379
46366
7043
39566
39757
41703
8376
18622
49049
6460
13906
37385
39831
20791
3923
34209
39108
18683
34665
31638
44593
36591
16732
12701
27957
32396
42104
10367
8626
20002
17853
42762
37046
14094
7032
24451
48286
21927
4997
21866
15888
48930
43216
6103
46003
22716
44849
33983
40715
40876
11098
2091
38565
28891
33681
23678
37550
614
21618
37053
34071
39954
19711
23162
2125
48658
27381
5923
11260
16309
15467
14957
42218
33573
2751
12937
26271
43402
38010
13756
36920
47175
32443
38664
4523
31987
24798
4867
1687
47417
28858
21037
41207
29129
24512
40515
10363
2475
19501
4385
1036
41124
49624
7874
26801
41494
27729
31091
29062
4437
12329
5025
31880
17311
30
32160
49385
40538
23362
13325
22479
36896
28883
596
29039
22871
12944
27794
27610
8568
18763
16070
33956
34242
9659
24617
6246
38308
27606
17934
24563
17058
34589
3107
10522
5411
40250
6694
11819
42698
20048
46818
47401
25861
15788
13426
27941
29165
43803
46626
15535
49572
126
15286
20055
7000
1073
8126
9347
14020
8586
31218
9237
16941
40341
22454
20635
44032
13142
27043
19987
47283
19542
32635
36958
14264
49523
5699
23628
30575
17205
28648
27891
31509
9121
24032
18911
39160
16428
40640
45722
16677
45939
46111
6638
465
38688
45527
6724
45351
35332
7236
44978
23269
32471
38211
32617
37061
44094
2903
8648
14006
5955
7609
45956
15265
15212
6197
12137
35462
2188
42431
11891
27059
9864
35512
33367
21338
49908
2124
21387
16692
16443
18098
43712
12866
17353
46401
31426
44122
8430
5950
1243
45232
10477
25490
4729
3563
6330
34074
35491
30145
43198
30289
12610
9769
26331
15780
43002
14724
8350
25173
38994
46775
10254
1632
4816
36331
39007
17942
30584
6717
48540
25477
24998
7250
38107
31576
41902
29330
8928
3941
38399
42899
16890
29930
31555
41139
48620
35735
12060
45894
41898
12761
19860
40359
49877
26508
27543
13059
43323
17983
5844
23466
8535
20523
32540
10737
2825
14644
47591
30437
22638
49676
28106
44569
45811
11416
31689
26273
1950
27159
7434
3363
7539
31109
807
3190
26646
33439
10258
29476
3370
234
44610
44718
15617
23682
30354
41797
49014
32476
11183
12612
40613
41822
31578
27189
27317
25778
5357
31178
19922
23303
35935
11079
45873
17267
42713
20643
4979
14940
15895
5203
27073
9197
5127
35584
8456
3682
14186
33411
24124
42912
48106
22841
34979
17370
36499
21339
28057
39993
34014
32894
28460
27455
42589
40351
38594
44729
18430
36096
4543
33292
25406
44707
25413
24771
16497
23913
40157
19725
13964
12851
24706
44723
34453
11880
16049
15109
37182
9061
14336
41638
12099
14640
37402
43746
43602
7818
15157
4932
30068
28397
11200
17200
17179
30785
35159
11358
43417
32751
49959
14249
14721
33417
432
49966
40650
46599
39403
26225
48369
16923
19151
37411
23202
32054
11151
49131
3044
38877
11068
2383
40670
35879
26302
22336
41928
19583
26511
24852
22296
36261
23680
11997
38386
1763
9488
32498
35926
30043
28014
106
18778
36695
26769
11638
20416
27433
43043
18376
3450
1050
18366
12380
10738
10557
14146
32149
6225
8565
5895
42798
22805
38421
2331
47834
29123
12407
23337
12562
27160
40558
27745
3210
3830
5803
44754
10701
28367
26892
20713
47421
49882
9457
28311
29176
18469
43817
10599
10387
1064
4325
5576
24613
23328
13675
10772
32294
33270
48741
48702
25604
15804
14162
13719
6837
16047
39767
9129
48119
27194
11282
16459
30112
4355
9824
41611
8222
46115
36961
45970
5582
15326
22318
22437
24233
20014
30746
49238
28930
46305
31092
45096
39599
48466
23453
30729
32885
39387
7443
15672
36655
30272
15708
47701
13611
907
47556
27209
20322
44735
12713
9044
11830
38706
27535
44381
26051
47008
24777
6627
49023
21493
26398
23014
4501
11752
6547
24718
11914
20518
34820
7627
6206
30088
44621
37028
27408
32413
6882
389
11649
5893
21268
19285
7403
37940
5640
29208
5029
22520
38036
17697
29525
33804
8861
29455
23103
37549
48383
8260
31858
41254
8396
4794
3482
22789
31145
38705
24572
22819
20265
17955
2368
10794
36998
16168
28666
43929
11230
11904
42781
2342
41985
48569
31095
11975
38451
12362
872
21597
44315
41655
45973
24752
34983
25221
2869
16537
4420
34570
41027
41909
16627
5832
41261
46060
44862
17041
32043
47742
46514
17288
17108
2530
25037
383
40422
31004
12807
31103
29353
8030
17185
45507
3439
32385
34253
49001
14153
38117
41315
37002
16877
13862
46279
11899
36597
39335
11704
42692
34974
981
29040
9928
5147
16279
38882
17452
23148
43371
5086
47600
1380
5969
43771
40730
14481
9530
19667
936
8002
43915
39825
27905
22458
2805
14485
9021
33905
15545
16637
27935
40871
38515
38580
46249
15526
36995
1015
22291
4677
46485
11620
28065
949
38630
21774
11694
44259
24722
17708
1019
13237
24333
17217
16949
17433
7696
24701
514
10630
35617
10803
9038
20910
9077
32514
40744
46804
664
45886
5088
19719
24621
35269
36824
19615
46473
36986
33656
20141
16284
31793
29595
20457
28292
38328
39854
9437
5094
5449
13203
26349
21937
32581
42398
26098
48188
189
21921
23731
46995
1908
7035
24041
31196
25267
33260
14923
41708
32132
33216
16910
40476
34490
14501
19889
22114
20024
14715
45653
37601
40249
34022
5342
24142
990
23586
17499
11959
4166
6514
32852
23510
17468
43674
27931
5560
34989
3343
24269
45125
34595
245
49056
26007
874
12792
8033
23832
42020
3328
45204
27023
47827
48161
27501
47595
12024
27450
21831
7087
49615
41368
14144
9998
47215
20537
38240
31907
40943
19130
10125
1970
22508
15193
49534
34324
3103
17881
9872
45810
7651
48451
41031
30568
44205
21654
14130
43954
29492
21942
34479
23989
45503
17398
24506
19655
18920
44512
49551
26997
34724
38225
15148
46613
23630
10954
33547
16576
25389
40184
9736
49436
44351
20893
3011
19608
27374
40193
44947
13176
30526
26906
32932
26250
17978
27301
40922
21740
1296
12986
9110
43377
32950
43120
40231
42391
10392
3239
27483
34006
7872
13707
21846
12721
26502
23584
19925
227
18850
10600
24276
23816
33396
1492
49644
7974
18118
40221
46987
41686
14441
8160
48733
7856
30095
33215
29807
44845
9288
35893
27291
9423
43572
21680
16620
17677
33040
9010
28077
2556
24910
19337
36831
36549
38712
23004
15807
14809
28713
3777
32836
3715
43052
27018
15245
27668
15104
18462
23109
41399
20303
23026
27574
43345
29828
19397
13306
41024
6932
30030
40285
42372
43253
44077
49533
37293
20582
38649
42397
44214
41547
16158
10995
24993
30462
48115
24275
26739
24102
32827
48503
2554
17005
31686
25013
24382
23608
43863
49474
46711
31283
30741
47826
34239
6869
11012
44601
36017
7080
9558
11131
11564
45689
16444
8108
33994
48744
29774
4956
14742
16535
41619
2838
8193
43932
6625
5073
3650
32621
24511
34111
2843
32680
47879
30600
46298
38736
17637
34140
25564
29253
10644
32925
39163
6523
49197
37094
43843
18988
1361
25381
16159
15794
27862
26171
6480
3697
22960
15167
9851
32783
45067
26615
17898
32658
1054
36461
35593
157
49178
29235
32881
49038
33509
21160
8863
557
2814
27525
42642
17084
23271
47599
23867
38995
17335
44607
41727
24638
18770
17674
7369
9018
18230
10174
34425
46977
20294
20429
43835
3138
8866
43684
1298
42457
43697
9647
23640
13009
34096
20181
43693
14406
47171
29064
44922
24436
47165
35099
45515
18903
48963
37006
6651
11581
37899
29875
9753
6369
43023
25764
48991
24683
44284
38678
141
45624
14018
17571
5087
5606
34472
31955
5361
1207
37702
24196
41699
29279
49092
18490
11320
42733
16072
13123
1574
10333
6606
24182
1372
22632
33799
24893
5096
24724
42066
48306
9752
15448
8022
47398
41957
42125
38858
8066
6219
32515
49998
6263
6010
44181
48038
13071
43653
47976
27654
38750
25202
31388
27963
47431
26850
37157
10752
46200
26735
31924
7719
19057
35656
47099
1700
37050
10146
25697
37646
34797
4976
22363
35616
24733
42439
19761
12894
45297
1291
36601
11474
24045
42281
27472
34218
41837
48857
20716
12990
30887
22505
33014
2144
14699
28363
4244
38908
25446
17825
4362
1580
35418
4241
38141
2080
30358
27084
7436
35985
27526
22530
17815
22467
44679
31544
23074
30760
30830
4949
20624
3295
15584
3610
14529
48371
22191
22793
44608
37164
4641
23279
48319
27695
35578
437
41742
28483
25537
10314
34998
21519
46300
29516
21039
36777
10427
48514
38828
15206
28590
46230
25398
33765
15275
10543
19364
46374
28524
34610
4191
4216
46231
28325
10161
3280
28479
27242
788
42824
49044
19815
23478
10487
18241
42701
2703
14539
26231
17733
15047
40320
294
26994
2486
27425
10703
6923
15677
1341
13579
31804
33461
33419
49856
7044
26944
39567
9463
25395
22234
39468
45081
13960
12970
41842
8870
20752
31166
40101
17014
29779
38382
13399
34871
40652
13197
6352
23431
6544
25353
3181
22515
18896
36509
27887
5271
44223
20402
12096
23456
13959
44613
33126
17811
5219
3294
31149
46942
21027
35600
17837
27900
36511
14709
24965
7649
14966
25306
39555
35270
39203
5578
42914
44199
38934
11284
43095
39653
17689
12590
8239
7484
18246
19109
39450
17595
45444
32824
24592
4575
43181
1051
4176
15325
41078
33368
15679
9427
19437
22524
21133
12277
11
15538
15222
47658
38074
35161
41138
44876
9926
15022
27658
40191
35913
29933
31492
26451
6382
46978
18601
26778
35019
44942
35412
20210
17835
38462
37466
46033
22906
38963
35703
47365
7203
26069
10870
23110
32803
11301
30885
25350
5778
13629
7560
32047
23167
49212
21446
2786
29548
47193
3405
17140
23190
19154
29610
34745
15096
3691
20224
44031
9992
11550
23495
2713
30439
21198
3462
21499
27447
16343
5637
11072
41260
38144
35308
34961
30745
37126
28539
41089
21615
25994
10576
13402
12084
39944
36826
24280
33881
43403
3388
31920
25188
6740
19348
44530
1256
45668
22920
33963
20351
19237
1722
5901
23031
19102
2189
18869
49782
29192
49477
26676
20284
3257
11720
12176
48892
21242
44889
9306
13425
19414
31306
18177
14609
14741
12446
5732
10979
36010
25371
33535
41067
45999
30398
42471
31618
33753
8802
15973
34572
41961
12293
30838
45407
26916
4567
20689
35038
25785
34583
44785
9634
2441
805
74
22431
18523
45224
26763
22313
7116
3758
23749
20833
46874
19572
12117
24500
45446
44483
20695
11833
36132
21492
8743
20955
23517
2873
32543
44383
27840
48237
11178
21366
8722
39449
17973
46584
26142
5604
16519
27907
47174
21769
46306
9685
12483
39991
45178
33864
24895
23351
24578
18400
39626
2815
28535
38998
41255
29491
2177
40926
28487
1570
4149
7104
44821
46345
47914
2036
17804
34748
42922
8712
26627
28332
12736
23969
24919
2395
47664
25277
6586
29743
39827
49471
8958
5423
39727
22383
30234
2970
40209
36927
13810
10479
1319
49627
6796
26630
4849
19087
9568
12160
25689
34789
39341
26942
44233
18976
15812
9662
34025
2008
25450
41145
38256
27009
24827
46302
5956
6653
43282
38138
6131
16787
37804
34995
13507
47748
19291
10730
7541
33595
31742
1014
13550
12933
14231
34069
42748
30768
9745
2553
21558
24313
5513
8017
14045
24580
31036
5583
28839
48393
37922
43420
23173
13495
40446
44271
30920
4310
15727
49439
38624
35218
30077
6433
12025
13818
6836
19187
23509
33514
25563
13418
41765
8640
17730
10789
36294
3952
14241
1390
20970
32946
47037
4803
43334
46087
10077
49940
38344
37979
22818
35701
30176
28591
49274
6739
40653
39623
37343
24899
44414
5714
49825
11688
41681
20907
39887
33571
21303
17690
44760
34671
7621
12604
36564
27989
17949
27767
33531
36718
4078
48995
21966
1598
47068
48320
378
39540
18557
49604
4698
160
14318
21462
15797
19500
29509
24666
1420
13705
44046
41016
25332
33998
11402
48840
8874
39937
628
18439
14929
34644
17036
20113
6745
43517
29993
20094
37119
46596
12320
23098
40749
48422
38554
23301
17438
11512
7420
49163
8562
22339
31471
23048
47186
48847
47313
42604
8756
40798
12195
37401
1178
10426
46202
37530
32363
19098
30973
24637
1339
20586
45958
30384
3546
28762
18090
44322
32421
36078
29168
3518
33502
4137
23024
2076
26144
1740
41673
32961
23156
37577
43738
26835
30995
25257
35795
27751
11592
32230
37415
9267
11542
47418
40893
42303
42569
13710
2540
5385
36640
41175
18767
28589
44393
26917
5305
48965
25971
36690
20723
21562
7922
30237
35861
38365
34407
38099
1414
24292
45464
20133
1355
6420
45273
49207
37981
7413
24193
23655
31108
16546
44850
25722
28813
6021
1707
17448
29893
20675
34994
43773
27072
36241
17765
3344
26811
6842
47537
11767
45304
6539
21518
26847
37855
16303
19548
10765
16524
11289
12394
46288
14716
33402
21318
4079
49924
12101
48015
6248
48025
21482
30876
13504
37851
16427
40324
47603
26073
17917
46715
31763
8163
41454
49933
3163
17512
48739
32103
38325
40377
41878
10014
22687
7763
40469
22212
48582
31824
33227
21390
12419
32591
1212
47288
35597
14272
23901
41993
920
36244
49553
35878
47887
18128
37793
2636
44654
9501
23889
3572
36116
47
44657
37881
44762
16412
3058
12751
22494
8606
39196
7089
37231
37802
18488
20588
33330
36436
42485
4291
14615
8985
38340
16223
12188
47152
5738
48408
2363
47087
8638
11476
17342
19224
35916
25235
30285
10212
40658
3915
20774
34727
31020
1913
24522
20074
39053
6886
42510
5000
22897
23998
37346
5842
42552
34030
48665
36700
47820
16007
1801
38411
37795
41318
45626
20027
22536
23338
21629
19800
20923
4148
17793
4896
33886
2004
30348
42093
31861
40291
6467
24588
21667
43514
2249
42264
24633
18519
24188
6635
23919
41541
20717
38425
9597
17663
1490
6611
32646
49473
25288
10656
47966
24455
39079
15392
29957
24744
28272
30493
37285
2330
22704
12829
29050
19366
25239
40987
273
48680
19464
38830
32911
6065
30322
25617
45100
28133
19021
44215
37929
29722
14494
21946
41730
16076
23357
48498
33855
9645
32099
38642
7895
22433
24449
47672
8383
13994
22040
11629
13403
31648
1037
9877
8902
45619
25402
14951
8021
46498
48108
31351
40268
40869
49763
38746
43603
25001
15419
30278
24700
38536
44342
21982
7938
49263
39039
12315
41043
35882
12001
26012
23570
10362
37101
27217
21747
36368
47445
43858
6584
49115
10552
6447
5065
17095
12324
28541
49195
25125
15662
19028
47124
25423
1935
30106
32689
23457
30994
5575
44649
32129
48133
43408
39255
20546
7926
44780
1893
36468
1317
37657
44175
11672
4159
24973
19783
23186
9302
47541
13079
2069
32815
35335
46562
22493
11953
49401
10922
11919
31573
40029
28385
2173
34787
26751
38775
25342
37538
253
29797
45094
42051
10001
406
49707
17226
43590
7749
14460
5930
33995
42154
40025
28660
19186
4292
40705
2325
16107
29078
39980
35232
35151
28160
44581
20928
45754
27808
27818
17165
1541
7037
28361
30062
3362
2269
40507
18504
21670
4899
28299
38235
19058
20860
3609
25156
15122
1117
48722
12327
5447
18643
30022
10148
6148
24207
24231
12157
5485
29985
17206
33686
31202
47776
36782
30250
19468
46032
34975
29175
47571
9995
17685
19361
30213
10022
27430
459
16215
11952
26889
11444
12351
19482
3535
36362
41458
12616
45368
20172
9
13317
11948
28171
37763
14698
47460
7566
4995
39657
16858
8962
11489
14487
6774
42480
884
584
14534
16209
29448
31833
29402
36504
15499
33027
32005
9807
22371
37335
18718
11019
20412
21889
8816
37290
4041
5938
19010
41135
5801
1851
25040
152
246
49382
23632
31120
32104
28374
7525
27207
26660
6992
30282
16916
44921
9214
20424
8147
12549
39580
17670
48695
49114
20600
12853
35760
7648
10078
36790
45393
39863
35245
11605
2310
33239
19850
38089
49453
16543
6424
45308
5437
5915
49035
29935
13551
47807
36025
42945
36217
1716
4288
5165
33199
25629
4684
23486
42075
43009
29672
2598
14044
43439
11251
31972
40581
21962
30194
28637
17135
10914
40136
3608
49465
1744
46172
4865
27771
32013
29016
3068
28635
19463
1376
9839
13116
6064
46118
36389
37068
47643
40109
35205
14518
46654
2052
15478
13633
16054
40312
29923
16569
41213
36778
18113
42495
35255
15320
8650
10682
20700
28250
7724
169
1413
23429
45872
30972
31221
20997
36190
22257
5033
14273
37662
11744
13458
15978
47167
8558
34117
34104
46102
38007
33374
17176
15434
21397
13763
32570
47272
45772
49636
27126
24064
40975
4356
31537
8057
34542
39482
4417
29334
39327
42561
3217
5364
4744
22460
24723
27669
28841
8752
46148
28708
18745
32240
47872
44751
43488
33690
18257
27405
49375
6412
35685
2488
49743
23435
39768
42469
21838
44815
20328
11270
15375
40173
455
32628
26313
47497
38397
48928
15748
7005
20084
12416
47831
28580
47903
14126
15001
10100
6581
25574
25182
6488
38186
31774
46605
36626
33249
27162
25370
43617
48127
21299
4294
32843
34732
7708
15040
29247
45438
37680
6791
21386
12731
22423
30450
4081
4955
35522
38352
38979
38217
44445
22797
24217
16861
40179
11121
35990
24201
14806
45656
45926
8965
42053
7890
16866
19093
45040
45111
5963
7318
24644
25049
7441
567
6562
13050
515
30222
40354
36157
22126
16439
12835
46181
14926
764
24796
19233
10645
39386
29746
10393
35868
4986
5912
7987
20423
43263
46758
5547
49574
32228
37553
49433
40452
12804
30761
25599
1082
31946
20738
49887
31870
20445
39273
29684
10503
4059
8316
17059
42387
48441
44805
22830
29076
17473
26549
41224
12580
46921
3077
13634
19260
42882
49546
44080
21658
29246
48949
37898
30866
16425
2868
19423
18910
37545
49061
27182
39115
16587
46716
4414
17636
5692
22044
3592
9362
35203
4393
39515
43483
31151
17710
49652
49810
424
10494
44495
43656
16317
9964
275
23177
30932
7955
1502
11963
2627
18048
44242
15226
20159
9916
11917
28406
25879
5018
34370
7909
7854
42851
32039
48594
34770
16208
19625
21815
45491
47089
49248
34108
49619
24519
26603
28728
11882
42166
17432
10609
8691
33448
41825
21308
23230
22328
12200
25921
17831
1046
20896
25380
11104
9446
25253
49216
38296
25172
4058
7723
37607
34863
47693
35267
14482
22846
44007
2899
44742
45451
3345
37623
18908
42687
22469
26388
22699
11187
21405
49979
15791
10946
36073
12192
71
10651
7187
48771
39338
32056
34300
32649
42902
12163
31214
11843
21530
34808
26803
8907
19223
19798
41707
31090
17189
8897
13957
8292
28222
18975
17839
19012
21445
49616
3876
1600
4040
26075
1909
2578
18482
3847
27976
33507
47762
46660
17524
42057
1764
3494
22717
951
30210
8315
6564
23764
13222
24133
10902
18577
42995
6545
4804
14364
6182
14758
26871
11885
34875
31256
39342
20302
15113
12672
44535
33183
39617
1575
10275
11798
22585
22298
47435
17641
35252
8337
2243
15085
18759
13052
1784
6568
40823
16578
46793
14703
18616
26426
32760
14359
38747
20801
42202
9552
37827
47581
1489
11032
25429
19664
18134
9566
26788
23242
16521
25645
38505
18863
38275
9006
17414
34119
44778
27201
48821
47562
16739
25770
37726
12207
21621
42626
10052
47830
36014
9519
13457
25893
31554
35853
18558
4656
23916
4604
30859
28510
35428
32761
2761
16385
43748
18354
38104
20745
42181
38373
38499
9133
36084
25870
45027
43667
30989
1987
18037
40683
6456
4540
14617
46281
20633
45130
21092
23371
45710
33982
1405
33918
30174
41933
47708
34204
2450
39223
7160
14351
29346
9165
36288
21865
38563
17616
38704
2320
39205
39876
40510
3934
43357
5048
31134
49510
25372
27008
10633
12692
15129
12242
7694
14298
12112
43286
25032
28011
19864
908
36957
40612
39416
33924
45278
49229
3418
34985
36345
9544
7079
4623
29696
10013
19165
9763
46201
27316
13462
22283
37695
258
12704
2691
48650
9930
34908
16953
2341
43882
33212
25062
42810
42879
31530
37846
15291
42649
42549
23733
5452
26954
42182
16849
45960
40941
37109
5796
35068
5121
44038
32997
6864
31682
35759
9823
47618
48077
39346
26449
6457
889
5093
38332
12598
14757
47056
11191
27287
6261
34068
22181
19408
85
33094
15424
16324
14621
43290
35439
19495
26024
11022
7501
46997
31398
32510
45753
38197
39239
16588
10678
46829
37121
9547
16064
12352
17352
19011
1253
4102
31695
39032
45505
3016
22887
49605
13026
26620
37831
33036
15017
44388
9897
34903
8046
28914
44154
8055
42693
37273
18496
1664
48807
623
33577
42939
24782
41102
31841
13680
22405
7129
25430
19125
3590
37759
30878
5209
31039
10109
34938
24739
11612
13362
5032
47219
37399
32556
29762
35631
42112
18595
9448
22918
5743
36880
32714
22137
43681
20626
23938
4554
39894
46395
32820
30376
11070
42633
6049
22118
511
10962
22665
7860
7695
1582
35975
29013
25438
6748
41106
45679
26469
44044
32051
28682
15263
44788
9691
869
37615
20536
47689
16424
43222
25145
27523
31303
16921
26888
13383
45301
11386
39679
33174
33723
15364
39326
44724
30422
45047
46523
49935
1843
11194
12822
2350
10383
18244
32564
44715
5863
44782
40246
16696
41672
43824
10861
14700
34091
34660
4821
4923
113
45947
28372
40782
34184
20781
19753
19715
43436
5727
11083
36003
3358
29048
46521
37552
6175
16140
9102
36164
39820
48860
35362
36178
47734
34264
18136
12125
592
34335
6851
48374
8188
46002
10026
45274
576
20561
28499
26226
2305
14426
25998
7496
19993
29089
42049
45285
21277
7645
23527
3092
18288
44006
24820
38135
40722
14034
6988
37463
27556
8669
45528
22724
26823
39356
25730
36071
11163
16446
8405
49303
18785
23013
4891
34497
40111
15184
49862
20365
24314
23848
11759
39258
44963
41732
42731
11490
41334
9624
25516
3493
18252
15147
20484
19182
22103
24822
28873
22279
40466
5389
35588
7197
47511
11317
4706
21325
44292
30835
23205
32487
16559
19785
48352
47702
3903
9305
29097
28966
28874
3607
30588
81
43509
31678
4570
24230
10790
34857
20298
7315
43786
38115
38618
19450
34136
31000
337
11217
45506
44471
37704
31249
20725
38379
24844
46647
639
1004
5667
18271
20960
14611
48551
3841
33155
19841
15505
14393
15371
33098
37276
23895
28605
44400
45609
2230
21722
30987
45009
18093
37596
18541
15214
49511
35927
22696
3658
7303
13480
24551
22385
3067
48541
7720
47274
32520
39133
27722
17902
29917
32546
38044
9078
47084
33070
34695
3248
30824
32729
12601
36020
35108
33615
7077
5022
45601
47025
45488
41692
45892
33459
19485
8645
4096
34040
30036
39349
21527
13067
33394
39431
22984
29958
8794
38589
11470
42640
45116
18302
43884
23700
37640
1812
30639
16997
35919
30038
18832
42120
33734
21086
5139
49447
5994
41354
21225
19336
3449
14863
49570
12803
41654
16794
23108
43499
17981
34329
37397
19467
46806
13257
28811
35787
33251
35681
10740
47462
29792
35820
47276
38599
37105
10417
39888
25393
4565
25827
9735
8609
46801
3008
13660
21687
13437
44417
21675
566
35173
48138
15143
40907
15088
27468
19422
573
31802
38852
2898
3644
22413
24031
6501
44739
25635
42451
34658
46644
10715
44197
34794
42989
1910
30497
33032
36888
48278
5925
16169
19126
7223
20831
20347
31216
31136
48455
6519
48508
6100
18332
16888
4211
36838
27657
21600
2820
11439
30735
29118
39755
47019
1464
14319
18564
44725
30302
10265
1179
31298
8326
48121
21608
21341
2154
12383
31524
49393
2440
29883
1026
37428
46817
41006
18360
11357
23276
27832
15471
13319
44251
42923
32651
7361
21801
48344
4067
47971
44975
4851
46169
18369
26617
41762
39879
49907
21915
28737
46675
20279
31872
27967
48566
36419
42582
10245
15164
27100
21645
43526
41336
7698
29106
17573
48870
25977
9424
40021
30211
6767
23830
16548
30473
33322
20276
39472
14338
26890
523
45066
29065
35118
20729
15921
39334
34352
43192
34710
36053
9956
18808
18451
7949
26791
5037
43770
24337
16737
3399
22429
39711
30402
26784
6002
43028
20902
18192
19624
31817
27124
1480
4694
8545
14415
9229
24629
44926
38078
2927
46090
6823
4767
2078
30444
8281
38178
24305
18471
8018
30323
41779
46931
22950
20549
30977
32816
13429
38387
42081
37185
37690
39966
14015
29877
21810
28223
22034
24768
11142
22334
18605
30333
14655
27557
1889
20811
16769
25556
22341
26825
48974
47108
44630
49953
48324
24949
9461
37876
43191
45770
46015
7480
19054
3828
36681
39860
4187
27330
12093
20619
8549
20982
31807
39646
18520
20428
6853
42681
2459
10329
13475
36226
20318
7582
24107
46052
32438
9271
33267
24702
36094
27753
40618
33296
1702
20948
38226
30976
8813
25004
43274
27902
49027
47403
3192
12041
3142
41393
47764
39084
16359
16044
16237
20799
8748
39637
28593
20352
13018
39134
119
38059
46929
38847
4963
26496
16713
40779
35663
17847
19476
12216
25401
34874
21413
40288
38527
18324
3929
42925
19477
9281
6136
1505
31873
17054
20519
33320
35285
37928
38864
1911
998
35998
31175
46044
3922
15361
2313
23234
15153
24428
13444
49400
17776
16898
27319
8749
6166
46293
49697
39575
10950
44769
15905
25415
32625
11883
13476
27602
12173
42073
47840
33037
33821
4478
17417
2139
45814
45185
19659
25929
44454
41552
22487
41819
12863
3238
46825
29074
42035
29149
4663
49184
14614
3416
19945
26369
17252
22447
37206
43616
791
2645
36173
29255
37641
14451
3700
11804
33471
25417
31621
40708
17556
10079
18270
39362
46582
15252
30688
45168
7299
35803
14365
32805
12395
6795
18320
47309
694
47488
31750
41947
41694
15704
8156
29041
32223
288
38587
46967
40162
43232
20780
27890
1221
33141
41665
10696
39437
21901
22844
35649
13490
5207
46156
16689
27984
12439
11028
9358
22048
8324
6255
36341
31780
22709
32916
11004
367
4800
41047
25731
21823
37664
33020
6937
36091
32309
1163
1796
3492
35130
44018
895
22391
30335
45309
25443
28098
41484
38266
30170
15179
10709
31884
20749
34213
48554
36408
38867
42417
40723
36725
49631
44834
23042
27366
2454
21883
45599
6393
8517
38093
37865
13963
18322
545
20006
3645
828
22030
10648
14390
4707
39907
25368
16436
46914
12697
6150
48147
8988
20494
21811
8027
9464
5354
34220
38458
16549
425
655
22110
31144
36104
6071
47686
4639
11461
41029
21044
35262
42028
49814
15920
32472
35470
49438
48024
40364
47492
9520
40214
3309
49690
28181
26989
14624
24835
37992
37569
42667
5495
40498
13195
27230
46792
31577
44121
21038
24643
31257
41980
24679
3708
21139
24766
38410
49232
38071
24286
42362
47763
3565
19266
39586
4742
49285
46490
33744
23344
37221
38171
21369
29977
35209
3810
33920
34960
8674
30871
48957
21787
38848
38263
12303
40222
15932
6725
44050
28084
19727
45863
4150
38540
31792
7820
29112
13947
1027
39839
23505
41343
35401
597
46411
5976
15874
38276
38307
48929
41861
43374
3755
14483
30693
3488
30320
1864
31490
964
39304
46483
10086
36737
3128
41414
26834
30056
28767
24465
40929
18372
27970
25890
18438
30479
7758
9974
20124
11510
25888
14096
7449
7305
14750
12557
24769
48831
48072
23094
3285
11920
38502
14840
21738
6048
2947
25947
27968
3725
15851
6039
43840
29859
38380
7166
2969
3110
25735
45775
12377
20076
33639
13441
3020
43577
13712
12647
43552
22752
34463
40415
16295
25178
35580
36110
24649
24710
22771
2727
22917
24312
47134
23807
11786
82
31159
5982
14871
37358
14694
16686
26777
4174
20341
32501
27457
23143
39291
29296
3976
33025
4376
26218
11685
35183
25834
43967
18783
24173
5300
3327
12454
29894
7214
5921
42482
32436
2161
43027
48919
39759
19272
28952
36315
33427
5795
40468
29670
18042
29354
39419
608
33987
45044
40743
37451
28041
27581
10528
30151
9462
37352
13187
26880
7366
9228
26444
4452
21128
45616
43098
22082
1929
36783
17437
28021
49059
21792
4982
24257
20814
43484
31033
21521
29316
12197
29139
43559
25712
34010
21395
9716
37823
35505
6491
6289
15834
33934
45801
25167
18018
23077
20486
17388
46612
5880
7873
46580
47969
10346
42530
26279
27878
35981
27438
9328
40761
27834
18024
34454
26745
40717
22661
41556
37350
32124
16200
47320
46103
47061
2316
47510
42294
5102
27278
7835
49556
1934
46571
13349
35250
33381
26019
2924
19169
21971
1425
37756
27739
40772
25120
4672
47143
3514
25571
38023
1280
22158
35077
6037
29713
30669
11256
20335
10361
44212
41240
34888
20751
24241
40170
42583
23036
25580
24209
15211
5233
36570
40812
21359
32372
43143
26557
6357
46919
8687
29546
13404
20116
32169
6834
6805
4993
37705
10468
18681
46137
44099
42392
17651
47642
1021
49994
47563
46039
33431
30610
29241
22521
41358
26152
33632
40496
15481
10647
16855
21566
15645
36560
42055
1800
4508
21932
11711
35377
42271
22108
36210
9476
38519
5785
10739
13741
11346
2886
12622
2835
8011
8542
38199
4980
37069
6466
38204
44497
34047
43315
29737
19292
29691
881
32007
27788
23446
35743
47925
30985
4380
47494
20397
25790
27421
27799
16873
25587
888
20924
39473
24439
15387
23412
28852
44728
20245
34401
4790
20929
5662
23497
12949
13780
39328
6520
18969
25904
32694
23612
6598
37240
2088
5861
9042
17908
15502
18889
17345
48342
33309
30236
26084
12684
39690
43729
17269
6365
205
6098
15057
6854
14509
42707
457
48490
26859
21789
48064
41495
47766
38902
28343
31996
42357
21367
40138
30743
25651
1683
25073
25122
31666
34927
2029
42656
38246
33791
14337
14959
1461
20957
16544
5379
1277
8379
35999
3628
42680
27091
4256
22526
43339
30045
42309
28588
41820
28882
173
37281
2574
48710
18690
33387
34959
42090
22013
1285
28254
37948
18629
26237
13358
39926
19480
7268
29558
43316
10177
30097
31060
3614
41173
43881
27872
13985
35012
43448
40710
38342
35784
19346
42891
45018
26402
48479
3292
16190
7217
16510
37856
12236
40190
373
48102
32011
35904
10213
47919
47668
31515
4538
26912
18992
35191
34609
2986
6133
23635
14400
6642
39871
13016
986
27913
5123
16423
31904
15992
37707
34611
20927
38532
20681
29879
24067
3046
4844
7911
20662
2742
49214
48866
4910
10430
42915
904
8785
30516
24127
40022
43441
22005
13381
10655
49789
26425
39367
45384
1634
23158
40045
8270
6170
19318
23869
5786
7410
30687
3222
25841
40553
45069
47040
8133
22604
17858
36579
3356
44210
15826
43068
6829
46610
48207
42917
27077
39089
38439
10538
30752
16020
3374
10564
37951
599
44976
47506
3317
2263
33888
7641
4611
48879
47638
37059
45799
37962
43215
35753
19558
3034
26851
46594
3074
32935
8796
26464
44801
6752
29309
28892
42261
45888
34698
43142
22741
38224
15097
30930
35702
12530
27070
47013
49193
19153
6698
25086
18847
15196
47223
21614
25058
42141
41903
48086
18668
48264
40492
34801
8121
31031
44227
23752
44345
31799
47379
4125
2265
35047
9591
46400
17355
42032
17517
45922
16088
46839
26436
23298
46421
23475
9048
36169
15647
29394
17
46592
12505
34113
23967
46161
24328
38907
849
49327
42711
26529
36954
11641
16127
12158
10286
32770
33597
14251
20406
20721
16710
10806
18895
16597
13327
1883
41310
32167
17114
6987
1333
44134
9538
34475
45747
11066
13091
7370
10800
26542
24696
12587
36613
39916
33680
29205
19356
41674
27269
5471
42430
4346
27564
49488
19203
38302
3468
42015
25418
26990
34452
19559
5934
32017
37226
42529
33210
22995
33682
39842
2771
4657
15378
26506
16080
49380
30101
31263
26843
42070
8320
22452
23745
28371
48763
45249
28167
45525
10764
19953
24878
12361
16062
2562
38423
40417
1937
42758
11689
24740
2864
10473
9607
5057
13838
47345
38645
22976
37145
39171
29725
36962
21868
30780
35666
15135
7016
38525
46681
42871
34916
918
31973
12339
6827
25850
23477
44377
17938
36120
20710
9975
7063
7830
15632
6668
32349
44449
38077
3992
4533
14423
20846
36530
804
46837
36392
35920
37620
26558
40471
6282
32393
5758
25936
13343
31200
46899
47544
30430
22311
14530
39909
47201
15595
25959
15134
6373
1840
8258
32462
48357
23487
454
44127
17075
48601
17378
5420
16395
10287
23803
19481
25665
21328
16297
49837
1447
48475
6990
17761
2094
14607
1166
13385
24595
19046
33228
43340
48143
38118
6443
16175
39208
16463
16765
11477
10536
18798
17130
34738
40847
43529
11881
22762
15215
13720
6910
2532
39810
21029
24490
13955
29545
24650
8042
18956
23322
36966
38939
6593
30470
10885
14150
21523
16771
46643
42078
27723
34885
49603
35016
15870
39323
9479
5090
6715
44770
29088
40791
4597
25041
17354
26418
31454
29345
26344
9562
11369
25102
3166
17253
28282
37419
28352
21255
4231
29873
42004
6013
16189
13630
49801
222
24315
20596
45869
22389
18907
7944
5202
21586
46718
42042
3445
14455
46297
19005
16109
26708
35931
37539
22427
6115
44087
5852
14113
1940
40376
45632
33045
28415
6866
23761
43185
48189
49793
11610
14543
12448
23634
15362
31248
42554
25612
9594
6894
12184
8776
37611
22342
41456
14825
23941
21010
36298
9957
6406
20743
47479
48154
47451
15877
25451
43743
1586
15833
36222
37958
28667
34562
20236
26764
3752
48766
3853
31610
21517
35744
10182
12542
11297
14898
36137
18799
30468
18470
32151
42009
12688
31974
39765
34957
4164
32135
46165
4398
26875
19016
44627
25108
12963
6649
39687
4486
45581
33912
6093
3714
14261
150
24380
40395
31917
27980
44305
49637
2100
45979
5313
31612
46906
14220
30364
19832
21759
9396
10394
20733
30224
17912
12203
25019
14652
31026
121
47129
39603
45802
20634
37789
96
339
48947
33247
24962
42080
9339
22484
47109
21807
48472
18142
16034
30783
12991
36013
49037
37959
35075
48381
36890
11060
29237
26213
3933
31338
41487
23002
30104
23
20280
20134
38150
8605
27664
14495
9275
39975
4857
48649
18344
41415
35482
13076
41620
47481
25828
22210
49394
32804
31460
30961
2306
28953
12723
10027
272
319
19255
16705
45923
33626
23422
19311
49217
34413
22146
17611
9794
37224
35067
11108
18543
31761
17521
4781
11864
26679
29373
44896
44429
16570
11522
22041
10209
3940
33517
40903
16300
27885
14835
41516
7348
39931
22708
42811
25811
49261
6473
46017
33589
10290
48375
9335
7365
40132
45221
18103
32650
17087
30074
15455
25197
36373
10898
37412
31810
46248
43691
33303
32128
45425
26294
26255
45404
3040
43769
33757
34337
48382
28295
5696
43611
47410
27314
38760
11531
34408
36358
9116
36122
29874
8431
39622
14502
28859
6662
480
8183
39895
30969
31347
26470
22177
18429
43504
44753
13485
8167
46206
34307
6378
18554
42173
13771
23777
4784
26895
5707
873
19369
33629
19371
41790
40725
47357
5156
11837
36818
46077
32467
43201
18666
38377
48002
44784
44159
9475
43258
372
38212
11147
24445
10162
9450
26183
2954
32006
35456
16027
27909
49891
47921
48392
20796
26683
49243
34089
34060
45412
48411
22456
36738
14308
16162
33813
47212
27117
5269
20819
29458
17039
37132
29201
43310
39430
28463
14801
23892
12827
39234
37812
14469
17884
17310
16411
11927
49614
2895
37318
14550
20475
34524
13538
40371
24530
26154
48202
17928
28671
3333
23713
5550
3932
32258
31902
42768
17964
20968
30433
8900
22231
17210
17956
20899
38782
11269
30986
34208
11908
4524
26883
22170
37398
4219
33616
47669
30980
48130
6738
6755
2657
40662
16684
46270
8639
45262
38311
7140
32931
44911
33265
35386
12811
49109
36307
20242
35599
19660
5049
48452
10441
1870
48964
28088
2611
34557
7915
48500
26100
31400
39784
32366
25006
20495
3698
27499
45474
31378
36943
2468
27106
18387
17411
3720
35003
10871
8520
14953
37686
33255
32528
14593
25649
26299
31352
16514
10993
8335
38774
20557
23827
4778
46303
37315
28424
47982
11376
17275
33590
42787
41331
30585
107
47369
21343
13416
34781
15172
43520
19690
31999
10147
14088
12831
34212
31859
49470
36108
23056
16029
37652
37608
26941
22749
31605
22780
26758
14053
30867
5931
15580
1240
29195
42347
26000
40895
42260
18561
6996
1645
40270
19833
32322
10866
25333
2648
48430
37051
2887
46063
13506
39777
23255
42849
45428
15497
30264
46617
15208
45071
9490
25609
37839
4348
24612
29838
46589
14398
40909
34075
36856
22368
37237
23552
46158
45289
7412
19538
13061
18581
39516
11222
39699
45298
44088
37659
19351
17372
15711
278
13502
4951
9529
46049
38843
22188
40783
40402
33795
26309
8918
48539
38728
15776
38788
36160
35259
40199
7905
9264
48179
4282
24510
32354
48817
34535
40154
28655
38920
5820
9318
21150
37256
18879
17864
48235
14232
2199
42955
43725
42786
12449
21637
3718
22647
31948
19633
1633
11082
35870
39892
25517
45427
37405
38685
13261
48236
15714
43714
13610
49951
35040
27687
21344
14976
5695
14391
21213
136
33541
48339
11336
26242
503
21802
16643
47265
943
18540
36535
4324
4132
31784
24874
6831
41590
29120
47055
15407
25427
15847
5365
22361
32015
27257
7210
33711
31821
36874
26902
23375
7136
3197
18180
21090
32305
37448
46054
33758
12291
32071
7608
40611
5081
1270
26338
27220
21625
47950
16120
20222
25362
16457
20362
19195
10809
34833
22690
34760
14849
41696
27079
25392
14942
22619
4586
49501
16368
22276
17536
14964
3483
40517
35088
30143
22163
19438
45460
33990
34591
20252
42444
38672
49504
29451
2933
19238
45387
25789
45255
10943
46747
46803
14428
9663
19712
26197
8463
22018
37860
9549
39293
24892
23591
26175
30341
41170
35885
20777
1919
48693
39169
42641
31419
15162
1628
17413
14230
24034
17879
10916
16583
14068
47295
33085
44748
47464
49004
21701
17997
38495
44910
35949
43557
27856
48996
32944
20332
26896
48767
10502
1831
40972
19116
17578
44981
24335
12669
10706
12883
19037
4828
20616
24220
44968
40315
49469
19857
1079
11144
30540
47139
33256
14697
30605
41205
9628
17298
37331
23748
41905
30739
13255
21779
34411
47596
44178
33071
40208
25802
8391
26461
36709
3780
21646
18321
10214
18997
25283
40414
287
46143
48155
35487
13650
16087
45671
13210
20163
42319
46534
35706
1148
30981
33083
17151
33581
14958
10735
5772
46877
4272
36830
46591
13294
208
18548
1536
4227
17336
13321
14994
2133
11712
18258
35711
23503
12682
45920
46119
26688
33030
42320
49883
22087
26102
44634
26228
4544
38926
41835
36445
7200
40131
36968
669
4334
33933
28945
13597
23545
19112
21897
27248
7744
20577
17605
30947
28747
37696
43951
229
41712
10073
32399
35052
32361
45768
14573
19758
25663
38709
35523
19656
9323
41109
44321
44824
31836
9615
36273
36431
49251
23811
34483
34720
2168
15094
35639
33654
23465
28209
6072
11367
44887
27559
10103
39794
13022
7907
14969
45815
43799
48114
14038
16327
19928
36611
34878
36097
14636
5661
31023
20381
27844
28458
6247
38278
11475
26943
16931
18736
20803
23999
3311
35521
5629
3010
26128
36563
42164
24864
7344
9075
4204
27875
46487
16542
21994
44030
5549
1469
14291
47149
15355
32226
20547
41517
12998
4766
35368
30590
39595
27886
34247
34992
14930
48187
25137
3299
48153
36659
30742
11679
49181
1923
22616
41462
45016
38162
39085
12535
29573
30243
38727
39576
49549
46265
38647
4108
46337
21290
35299
24114
22398
2866
8480
43073
15682
33335
23421
41836
47615
19689
26503
33634
11623
31142
37481
38607
19378
1033
46086
45431
5173
33208
44422
24653
27480
15701
37908
2158
13847
9473
31613
37097
30233
38573
1943
23557
40682
18678
7738
42531
37104
27748
20312
1918
24352
10775
28122
18974
13155
7862
38430
13615
12115
23645
10822
7454
7729
24212
37863
2967
26035
18412
3337
17001
25376
48806
18045
35810
44533
11130
6006
44228
34616
5503
24325
15890
35463
46585
32307
15789
1386
24943
46965
1165
10342
29095
27282
24636
23287
13508
29599
29661
6788
25458
16406
14904
28465
21570
7989
39620
21129
14625
5603
7715
12034
21574
6117
30828
41685
44396
25207
17314
13282
13064
2717
3674
35060
23131
3653
47189
12709
30193
6952
23871
42276
31771
3618
21232
24208
21976
48021
21888
49772
13168
45295
16529
39365
49750
48816
22648
29090
27475
35268
47569
34484
2153
37236
37374
528
38883
44279
3558
17737
34028
38481
45745
20674
35326
46885
3132
5373
26206
10438
38807
34905
32141
9071
46641
10807
27012
36072
16355
132
26536
30025
7347
41811
47932
49838
32055
14200
10661
36872
40254
29963
6743
49681
2948
2614
711
10879
41395
41784
36292
3093
21796
1751
26032
41577
31370
3472
15659
22449
28608
8253
17145
29970
15025
32174
20595
16283
2000
39741
28515
23681
281
44984
7565
25090
2509
21520
957
3888
1486
25210
38394
18294
49156
15056
43742
18913
31892
12092
23164
24584
33395
2839
244
27113
41542
7448
16515
2302
24515
48681
24024
9303
1131
37502
19254
26578
24933
38932
46836
36863
37985
3836
19215
1629
17916
42068
8944
47058
26160
35440
21717
4583
24995
32314
10966
30137
7380
6130
27743
32904
12641
20759
41892
18862
34295
38437
31230
5350
47245
36047
25355
41306
27505
32896
47883
23378
34374
26427
14916
31436
23534
16456
45362
3995
7323
8750
18120
31697
2247
35858
13013
37227
40570
31933
32845
9227
24184
10728
39890
36704
31800
37296
14911
43657
11795
11061
36218
9724
49879
15262
31350
29799
8994
34800
20587
38600
3417
13191
22681
28455
37674
32435
44880
37603
34461
34456
38069
11091
9166
9524
41639
29967
16017
46710
47781
13183
31811
25089
14329
28194
42410
31685
36123
30355
28760
37946
46821
7465
29972
38384
3951
36170
23841
1984
9389
17958
42045
9418
3789
28828
19232
28659
3350
17134
21673
8061
3078
5476
1694
47605
45010
24259
46604
27336
22977
37377
24557
19588
4620
23727
4825
39253
2700
1530
15914
17833
43624
47206
49944
19513
2980
12964
14004
5494
40988
44126
39481
46898
1249
26153
6028
46624
27356
31052
49701
27445
49152
34856
838
31337
22814
2757
36683
24861
21105
16053
7602
12689
26244
18524
2485
44977
44120
30906
27358
25262
33966
4728
47333
18687
13789
35417
36476
34018
4411
40960
6174
17382
33400
40594
34245
28446
4884
48126
29704
45550
5325
45226
6858
6818
5184
9050
48523
25133
49639
8851
5554
26420
19845
23032
39584
5868
18261
42456
25296
2103
10911
42428
49322
14702
3834
14349
21291
16581
47746
42793
753
28046
41379
20142
39742
30766
25250
40481
15752
48450
5897
49728
6096
41439
7577
33067
22794
9107
32234
19529
17768
41512
35779
5346
33867
39708
12057
11199
7728
21970
25204
33390
10011
10710
24927
46854
1521
10601
22639
1272
16790
39724
19411
39828
3537
19733
2117
40850
5064
28382
43878
34772
47031
21497
1188
47323
3253
19280
11656
41140
38148
34921
35024
6336
22425
2409
41314
40017
1391
9223
6534
21377
29655
26783
46637
21761
14042
7386
18744
10353
8892
20580
45817
32284
9455
39602
11132
11597
44534
36360
27623
48538
13793
2583
23440
7851
38102
27660
11037
31181
40033
8543
17221
21987
27930
1350
13676
36058
28405
16711
10639
2122
29695
18725
9088
38577
27140
11775
14746
19230
23204
33562
39074
17419
500
45026
45001
44902
21734
19736
8957
48241
606
24566
27027
18797
36979
43700
10798
15107
19944
21180
18479
7713
10015
9821
27632
19456
3867
15084
677
44434
5036
12363
14912
49502
10722
219
27302
36340
11836
16331
29391
21508
9612
14452
9585
23866
15945
7567
38026
48326
13125
24440
18710
11851
48861
2314
10121
45913
18414
23888
33792
30164
564
938
17462
19488
13738
18051
144
39812
32289
48773
17229
23529
23791
3196
25603
15835
36711
25457
27067
2246
26831
14369
30500
40459
38056
34282
3949
26159
2369
33465
38478
20241
16296
44356
35467
43090
38025
39564
9394
49340
12294
6157
21919
32974
11053
29109
14236
37835
35553
18301
4870
49608
43860
15492
45662
944
18587
36338
16841
27228
33742
18212
49607
48272
40477
21538
12982
34866
11933
2541
37008
37220
36706
48910
4757
36834
41801
9294
29598
26257
36363
30954
7884
42759
31482
16679
40176
16282
32379
24734
9981
38312
40953
23353
44540
7933
12631
20658
714
1034
10565
26281
45187
21137
16619
22067
8469
9284
49815
5019
37378
13278
42581
5892
41864
8455
33185
40380
44100
43319
49735
47393
10019
20589
2944
34636
20775
19321
48194
30160
1012
31925
28978
47937
19034
47211
37188
1758
35280
9011
2300
47656
45542
43136
37144
40818
29288
38395
9142
16533
41059
18195
24251
38086
46455
30114
34940
30748
1798
25757
47119
44746
32817
12667
7310
37375
41581
45776
17086
28103
17635
4721
25218
2312
23345
33836
17705
12402
8554
37914
9092
5279
16623
49528
17122
36344
25702
15548
25027
30466
48118
17243
36905
35757
44477
6349
38024
19349
30567
20579
24489
16602
44294
27571
38064
12639
34656
18208
26013
17172
45805
18679
29821
48655
43711
19426
46030
300
8990
12943
14497
46868
28798
11179
25839
48776
30614
10
16402
6723
3300
38236
15773
28120
22396
45193
21009
16911
17820
48515
5853
24394
4087
41931
10629
5498
20485
48397
5054
10928
32059
41168
24166
16213
39968
33674
40374
37461
10269
42627
28919
31077
35996
11678
46495
12215
39764
33384
8213
21212
6933
39344
13213
27699
40008
43902
24299
24119
30771
26162
37435
9739
31596
38137
16939
48922
48778
2800
45730
15644
24981
33609
15271
23125
41053
37071
5481
27797
2710
47198
44594
27161
18841
30983
47430
18068
40523
2416
22037
11969
35185
9912
10587
21571
47097
22282
31356
21940
16069
40088
4208
13577
36680
46947
37939
7252
18826
39891
47232
24307
3433
49515
21700
16371
28201
36862
26185
48377
13582
1025
11226
28888
6391
34085
35399
49068
1862
2019
36534
22601
46255
3318
4797
38052
48973
1932
47499
44736
31534
49766
10689
29921
36932
46440
34309
6887
28020
316
23723
4648
939
33317
15746
45012
44456
29913
32749
23488
8148
42602
4384
24336
27784
7661
4978
47915
19641
19512
30129
7691
27633
25738
48920
30750
44714
9370
42852
12606
28935
27385
1281
47577
19194
16207
15892
505
20647
18916
26404
23011
15115
2519
27599
18692
36558
3205
29181
5026
17914
10461
3791
10965
41253
29572
2767
31094
4048
36513
38809
23136
43485
2390
28784
37716
15618
41477
5416
28965
370
40437
47053
24780
31380
33861
2791
13900
46668
49398
49775
11359
48473
26083
31819
4655
27198
6720
24462
28148
11579
22464
20607
3948
27852
37709
32052
8963
35950
45693
36889
26348
31081
32048
3673
38181
16968
48282
12808
43217
27395
37291
7580
35622
47722
34664
47554
17977
49550
25622
31101
32262
49724
20844
30915
14981
43512
28316
12154
20463
7226
49699
22028
38930
24106
46917
11560
29211
46515
43194
25056
26993
6067
15814
5881
38924
13002
27551
22007
12094
49852
2853
16060
3883
5826
38503
1402
24738
18483
6612
4
35720
21572
48621
38513
24363
14411
13609
4094
5907
18650
38149
25754
1318
8164
32998
38047
22653
30713
38856
12591
967
23906
41534
5126
27725
48809
13249
27813
26761
17679
21655
6272
49155
36945
45346
31308
1826
42229
47489
34700
41564
31881
23280
23419
31258
46749
4753
43240
45202
47170
7953
21578
41081
38267
41141
40339
30731
39553
6007
46706
4374
26141
47029
632
13184
47523
15803
39682
18922
35603
46443
30853
12913
21333
46904
14347
13087
3425
13438
13730
26975
32525
14828
2047
48023
27566
35964
20550
41377
42484
45276
31977
17124
25970
45363
42825
38879
38306
48883
15394
38259
41815
44416
41668
1779
2157
30265
7731
22442
290
22531
7255
13447
38869
39319
9705
11594
11047
709
36213
48901
35129
39826
35272
3991
32334
1442
3942
45272
6763
42460
5438
24785
11113
18074
22206
20578
39607
38865
3172
31563
16386
2311
25135
36194
20364
26486
37468
31988
35427
24867
39833
32115
12308
16822
5684
9883
33319
34688
10714
1882
45379
24886
168
52
18005
15185
16547
38953
19106
37024
18356
46204
7378
41178
38951
44320
12763
39977
10348
23603
32851
34450
13056
14322
37099
31407
7840
24879
43543
42841
41313
28256
29510
5458
26374
19256
25367
6132
16133
10351
47010
44282
35244
42481
26260
7372
17148
27485
21302
41865
36886
17721
13041
20535
13953
35775
35234
34175
45968
15596
9312
12495
20382
21730
30471
12909
49863
28063
44944
26370
28936
4333
914
20266
37495
31171
16603
14388
16458
16944
40908
25600
14755
44458
9053
29287
14735
34228
39859
43842
18962
46228
4043
15274
33229
43793
49598
48939
21097
22879
34196
40733
11428
12813
33490
5889
7548
25123
20199
44288
29264
26101
34972
48953
461
10152
10150
20360
29190
22516
21828
15760
29483
11525
3522
2906
9268
22367
27642
36409
4308
10373
8135
34261
9485
41227
18
48171
37422
7839
48011
24028
45793
27889
37808
18054
3795
274
44790
33140
2043
34405
954
42710
28915
13978
29171
8399
6549
40243
4497
12841
27418
27497
28598
16775
19742
17535
45463
19303
40129
38496
29406
2024
46552
33673
46633
7337
45031
16918
40289
15090
6203
24889
43582
9058
45929
39426
8446
21409
40897
10189
22267
22076
19537
4720
30487
6665
15356
31580
45326
28531
10284
40805
31486
33415
45714
31504
44943
3661
20964
30564
704
45208
21124
886
40470
8136
5075
7888
10369
6164
3032
37997
41167
21874
32464
1555
15790
46754
44366
34491
17141
6880
26837
26564
19051
5530
44253
42463
26043
9045
19496
46179
39402
44669
48803
21169
19142
11732
44643
5605
5527
44002
8488
48904
38976
29835
11157
10486
43361
4305
37308
14821
12275
34002
31510
37118
31651
6537
550
41357
15498
2435
30363
23910
32316
6634
47784
39546
15078
22809
11714
30642
7892
17919
7325
48571
9386
1028
46059
25439
5864
17836
25766
1265
16982
13434
29124
21153
32513
25312
39322
1337
34333
41621
1785
38002
32884
31684
5270
16902
25268
8954
37528
1137
44670
41989
30695
38927
15626
13682
46645
1063
15594
39479
19810
42773
42835
14078
2365
32259
44364
48670
34422
45466
46319
30163
45554
4285
43948
31622
41669
29228
41445
41282
27488
49985
1367
4726
24760
36643
1957
33774
877
512
9420
46264
44138
859
42645
5340
47723
34689
46116
3258
20008
38066
35782
25375
6783
5041
21979
41187
21370
12244
35974
28506
10349
46988
42023
38461
4121
4854
14238
44297
25875
24987
4435
11807
33342
7362
24590
10067
43214
7463
47680
32496
48522
7556
22345
6903
40489
8643
360
6259
45819
2075
33542
10671
30248
15386
24975
45354
39758
29220
7416
32469
38129
30801
9654
47978
11427
20853
14764
48931
26134
8553
28453
40924
43066
38450
30566
9285
35717
29872
37513
25155
13206
29375
6644
28163
40835
6924
17954
27137
21631
17116
25014
3440
32994
7247
24224
17785
41191
1494
33614
14569
34519
30109
4913
40049
38913
44324
34925
4061
27215
11912
15170
9292
41642
29073
14889
7690
9032
43500
47515
14771
7364
43277
18638
3005
24146
26804
31965
46823
29908
31825
10883
19416
22857
5657
310
5736
15576
25054
676
48420
2242
36743
44153
19505
3499
18726
20062
19156
49798
17757
16913
37562
41863
19453
41950
36516
24589
17694
26390
39462
23312
46024
11918
11399
33700
3199
21406
15483
23418
40247
26815
28175
24433
35131
26548
14622
38329
42540
43998
25023
40735
14102
17242
10155
14535
14567
42318
11152
28229
9984
18461
26460
18648
25815
19119
13103
49267
38317
30336
18831
13784
10316
652
28206
47712
18918
18585
1348
11600
38696
9241
23725
727
24393
17921
44180
29718
7668
29267
12459
24238
23386
20293
33927
38029
3802
45996
10060
35367
3696
38183
37945
29898
7185
30310
39593
39207
38448
40993
2982
42040
34107
41060
16389
17657
10590
36843
37913
15368
15373
25248
16653
28933
15051
34811
12464
18696
729
39360
42901
28005
43722
11067
1793
23390
21364
26115
17254
45228
21904
25858
6821
20599
12903
840
4927
46611
34265
16147
49540
24896
29969
36023
33937
9024
48774
2442
42918
2749
38101
41215
39348
14399
49191
48296
44840
12113
10853
18815
20169
36224
25805
47233
5580
10276
39528
42815
5307
37678
31110
43666
5621
46911
16995
38287
3000
33755
22643
12661
41988
26653
15966
1542
49360
16965
1849
49361
25642
45476
43542
705
4494
42859
42257
37497
8302
38684
20467
19580
401
213
49455
43003
38145
31743
48497
12038
26135
1214
32893
2203
36388
40490
21063
48668
38132
29457
47786
43440
5309
36832
46416
48150
9477
39484
27928
46058
26413
41189
10876
32023
3705
18682
31047
10672
24558
3375
19117
17527
23417
30082
6144
24158
26537
6241
26613
1142
44930
14152
28673
17773
28324
19306
2014
7411
5616
42518
45150
38873
25408
37478
18702
48060
40845
22489
30778
4371
35110
38279
49708
6541
22166
47267
16104
24456
28100
44656
21025
41466
10763
27120
3757
22029
36758
23316
44958
19076
45586
32764
9059
34016
4183
10434
48980
24689
41459
40862
35504
23281
15313
2818
44893
11644
915
11861
20870
129
49062
2257
48221
30619
2884
35008
4495
41610
44363
20567
42010
48117
7447
15755
11789
1967
9640
24521
22714
41371
26136
38857
23544
8295
45413
16358
19654
28039
35536
44516
17191
36119
23106
19409
11431
24281
35135
18022
40011
46786
36881
3594
8774
23686
27942
46602
7194
11124
39281
42767
20637
5060
29389
47285
10292
32014
37924
3520
26442
49329
2145
21440
21908
11756
29744
7092
3455
47480
37275
42688
28280
20129
28139
13695
28281
5195
40853
38174
25087
49648
46122
26748
48999
6273
47279
1529
21540
37195
30644
44043
27424
39212
9293
34804
1305
33724
27229
25508
14919
34485
773
3467
46045
10857
3001
41926
3030
12790
13716
46166
45006
3978
29544
22654
29015
49755
15121
42259
33550
15075
49070
7639
42523
17962
16748
24042
20239
6149
30518
10560
45972
43112
36825
37436
1980
30946
11324
45087
19880
19139
8192
27197
49957
6052
44970
42400
16947
49429
8212
43135
19981
19013
20306
7667
29856
45641
15114
13689
43146
38242
35177
44884
47476
15642
21763
48295
32144
43606
33084
4591
40004
32623
13678
42361
11529
49403
48457
33311
42936
12378
3004
46860
2093
27205
43597
30158
39749
153
16600
29915
17328
43815
19971
32248
46022
30538
14785
21560
31775
41239
5504
17848
6251
49819
32179
42874
22783
16622
18071
43621
26447
47466
8658
21208
1175
16226
21362
49266
11962
24567
14135
12356
33644
20614
43944
4064
45787
31083
2544
44123
2527
25365
35369
26929
8922
31565
12666
43885
45975
8978
29530
1227
5261
491
466
44169
36946
32718
49781
21954
15587
33805
39210
23394
8563
29215
801
3376
47801
10938
2319
39452
17317
13435
17599
24100
41132
33409
43347
36374
45556
44403
6444
47343
6011
41041
23636
34250
3855
18330
15093
34980
25002
20422
25330
19891
3801
25679
32324
25100
37010
49493
22173
4883
28208
7499
6626
9661
734
43957
41849
39030
47939
8599
10064
15816
5730
8814
47576
25558
15646
17368
40728
30052
10594
35186
43281
16101
31943
48956
19252
4552
1365
43446
30219
10820
11889
17872
48822
32724
34240
12460
18555
27732
17356
35969
9212
14588
17748
14301
37223
43870
6437
16956
7396
13796
36249
9620
20704
35724
20103
32229
46945
15343
28560
18408
48353
1594
7483
19855
9403
33418
6701
39630
9199
31850
47934
9383
38151
6609
32801
43314
7073
11182
30652
7848
15318
46501
575
27004
5400
49592
42524
48048
37279
19591
19823
26857
45385
8970
13832
9759
41188
8773
27666
23479
48123
46208
31489
31403
40408
8187
27465
49128
22365
6022
22954
15867
7164
42233
6394
7215
41805
34750
44397
31443
38185
43189
19999
19433
21427
32348
1955
43790
17594
45248
7866
2679
9850
14571
41743
14055
26733
36985
16310
40703
14279
42868
26356
22810
8064
45323
32652
21690
9218
28630
31608
39737
6168
15686
207
9368
4826
15491
24802
43296
11141
28242
7669
37140
10683
29954
29174
41510
12522
24937
30527
25636
36006
29352
6978
1440
33612
5144
26729
38492
25952
43938
6974
7110
2613
47111
1788
13172
32999
4758
21187
36275
7584
32545
47372
16391
29204
41501
7950
42113
1557
49606
34183
44303
20714
45771
32198
34385
40746
32578
17899
36413
17258
38592
27882
2505
49733
10158
33809
38488
45568
22911
46254
12492
14155
37892
34585
26669
13948
44865
41214
27083
35281
47062
37689
2850
36179
37507
35790
31611
31340
49803
39420
21836
18641
43739
1101
4746
3043
28521
40961
5894
808
41039
8040
21935
14192
46608
17281
8715
31472
3029
24475
12934
26029
25985
21907
47101
20175
10635
6583
38581
7718
12316
21141
730
39251
21912
33258
2921
5794
48238
47100
17743
14508
21085
22544
25584
36041
30185
13366
48435
27614
26610
17795
7382
12159
22470
20769
19420
30342
31416
41969
8465
9036
24104
21643
4541
49617
3554
20460
20576
16720
42358
46776
18083
27971
29209
38105
36299
8631
45538
47650
26172
34556
17207
24914
39225
5136
23857
42062
18253
35607
36805
33862
30419
30942
40595
6381
28516
17331
25912
37106
22784
10602
9601
23604
17994
29581
5516
10596
8671
17404
7859
23305
44359
659
305
46266
21934
23084
22711
30436
43125
5944
29582
5788
467
28109
24156
18949
2988
20148
31118
27290
31391
33484
31041
48724
31247
22375
43233
24402
14513
6314
28418
18157
45831
38714
39209
14268
20340
9711
20575
36111
22909
21972
45231
14159
25570
347
11139
42097
4572
24423
14255
15614
18449
30602
30296
38480
47304
34502
6114
2874
23311
39236
22350
43980
1774
49057
15217
17341
14824
27380
29315
16306
41793
48204
25103
15876
1719
20244
44708
32288
35103
29939
34251
17842
49942
27916
41241
2849
49555
38881
36761
38213
27630
1450
7896
35023
