8805
37303
4135
16716
7727
32468
49870
29457
30949
42702
24878
13759
6151
31972
1857
25546
28361
39809
49956
138
45602
29188
17454
47286
14992
38741
6699
20803
2004
1462
1667
42568
35482
603
24982
44989
14195
27663
47569
1903
34578
14528
28697
32493
36232
15275
22655
15130
44357
14338
49869
30120
18991
1408
27274
36467
42093
6553
12183
41245
47424
19424
7922
48702
21803
47283
46608
32820
49962
33273
43929
12441
19881
18622
38507
32726
33114
25778
38600
2262
31472
15908
48741
26495
27152
43564
11338
24059
35966
46074
44203
48379
24556
5666
28767
43500
33320
7073
10728
34140
25772
24282
32092
48022
1938
30757
2849
20219
46096
40292
38874
37891
25794
42412
11164
11048
32914
14872
806
13075
35364
35935
15215
26506
33670
22532
37866
23152
30089
17647
43202
35913
39907
47801
374
25145
48529
33587
8470
33992
36789
13466
27924
3678
31529
23903
37355
36333
13096
33077
27092
31780
23382
27159
22680
103
35289
35396
40861
40137
21701
30025
39312
1833
15047
41639
11613
36094
38303
11847
6003
36112
16730
2127
44113
4617
5454
1093
29687
954
49423
49518
18428
16355
17605
7175
40947
12098
22572
19024
4555
10975
10461
16725
34562
11019
43034
17885
42480
46634
19299
29799
46047
21102
32538
31049
7483
1548
20447
25333
22501
27585
12323
16935
7127
16610
47851
33430
13702
39691
28288
1364
14770
1170
26038
9598
2315
47109
10500
29207
46177
33181
44444
27961
35697
14457
41338
45550
33855
29546
14627
34334
42500
2011
25880
44230
37738
21053
43242
41349
27937
3852
48329
19569
8236
13902
3109
20079
4635
5009
20339
19521
48748
10368
49945
37023
16538
8545
555
36747
2484
38704
14260
37373
30202
11240
46138
40826
33349
2452
24770
13133
22736
6489
13484
37577
44181
28373
38758
12721
32266
6843
43644
25563
19403
33037
32754
1127
21321
40116
26366
18438
1185
10286
13163
21478
36919
8856
22222
28130
13961
17467
44201
6318
24853
35889
22534
45030
35017
31752
34899
15377
4280
47544
2647
5549
8717
11121
10915
35272
13957
17564
21773
39335
33153
49827
24124
22206
22300
7465
19085
15413
39582
46865
32033
8870
38008
36121
6833
21019
2564
26646
4796
24918
9655
8193
22341
7516
40316
38496
24775
5023
37406
36062
14661
37091
5357
17480
23913
19369
36991
35015
7491
30000
18165
7060
2998
19381
811
40217
43936
953
6008
27101
7543
2622
12315
15704
38456
27591
10618
7573
29550
10969
44622
15821
10416
48759
6739
28514
24790
35581
19269
36058
16607
46636
31261
20608
6562
13606
42732
20802
2596
1786
688
49630
47610
39096
20987
29481
25642
20531
26119
4126
4206
20797
39416
29875
7298
16388
14102
40488
35580
45101
30731
43373
23319
16979
12007
35494
13620
20140
13055
16146
23623
5332
18401
5859
49367
29353
5930
42730
37641
42170
22209
14904
25590
20105
2690
21446
12242
20757
37945
19844
16111
21910
6615
35666
40068
37944
39057
6032
16062
14428
1335
15975
26330
4740
17567
36123
4647
47786
4923
1409
41640
649
19059
49199
23539
32326
30725
10104
6614
32861
21501
5053
33375
43597
11353
11768
9801
9275
20957
20029
7004
46486
33708
39445
19234
8277
13548
9285
35749
47358
2081
20713
40863
44053
36238
48901
45193
13463
11675
19590
28353
35225
10347
3182
46846
43763
16206
16553
4221
44700
29274
28191
35996
16398
35479
28796
35262
29708
712
25933
22195
49724
16906
31836
1599
42365
27307
37395
1239
4084
45331
23261
38015
9062
38898
8200
9076
16981
18147
26070
36967
26285
11283
49840
5848
15304
31850
490
11637
34648
20790
32826
42522
28725
44991
41884
47934
14793
15622
20511
32445
45019
31380
14749
46717
27016
22082
36726
40061
47724
42821
18037
42363
14383
3158
4689
33534
42289
24162
10450
33530
13359
20434
19576
45387
19632
36196
24354
10825
45959
45958
48261
30459
38966
5568
8076
39721
33682
37436
24720
11552
10209
16423
27967
14261
37323
47159
3416
32442
44671
25795
46999
41744
22805
25164
33754
10800
49532
47834
2667
34352
5924
16723
41186
6622
17532
48293
5486
9117
40429
43235
44998
45901
5374
29167
15793
25057
28371
26033
10797
21329
28713
8279
40789
31979
13894
7811
28263
39366
34999
26753
7739
43287
19364
18197
16267
24828
49124
36659
262
49928
34626
28755
37950
1378
2019
41125
39690
15875
17065
13540
11328
18663
9726
35542
13136
17906
20390
38386
16441
44795
29255
11008
35741
23393
32165
27522
7982
13693
37391
25117
13423
18615
7087
1582
7737
37310
48972
866
35735
19425
44165
47468
42558
8951
4927
32792
24492
37524
20398
28650
32966
44385
23384
34628
21213
55
8119
28987
47052
29461
22951
19975
35343
26175
22240
47915
44788
37448
32263
7411
42445
24743
25060
13363
36496
253
18194
41650
39201
47335
48402
47735
33486
13033
30250
39376
33876
26801
48800
46670
20010
46064
11161
29451
40634
43833
34796
12934
23555
34484
230
44469
25504
37968
27909
26558
22020
40738
38301
48092
45842
49071
4439
32289
48874
16228
41966
42516
19063
41266
1361
26673
47270
41239
10229
41532
49775
17711
49477
4811
39679
663
22901
17339
46400
26944
44894
35667
19901
9966
30282
16996
31755
11116
30612
33444
2974
17748
33441
6463
48807
38707
27695
4571
23276
4390
43046
28998
1293
10756
33237
46546
10592
45249
6098
26340
41679
45148
18074
39648
19949
13689
34609
13612
15547
21885
17633
4492
4907
45822
34288
43174
24130
30666
33522
36546
48282
3259
11046
19456
42799
48174
46755
36453
17679
23321
39955
48486
15211
25726
36768
26195
11295
31694
17008
40003
21603
46927
14569
16958
39973
46313
16005
43308
2001
40793
26384
20744
28296
16280
17635
12445
4753
41018
47993
10854
37954
29070
38104
47726
9711
39731
17169
30106
34510
10651
9084
9050
46907
28880
23664
20300
26263
15760
7591
47065
13512
47086
44656
20020
4471
6972
14917
26018
21061
32267
6551
12239
2947
3626
39158
1525
14192
44780
2274
32404
46132
34638
47445
40185
28985
22442
43445
17994
49280
40189
45392
11317
6241
14553
49113
15284
32441
29479
24765
11049
15185
15449
18588
30315
35849
38006
25532
13887
29602
46853
16900
21634
32527
38903
7270
14014
5167
3028
1010
342
31483
20943
25109
38027
18822
12837
26209
10490
42339
9979
1996
994
25380
9514
43569
35558
3743
37011
24870
16657
8518
5211
30335
42739
19883
946
2324
35191
3987
34400
8449
2805
17930
7696
28344
5966
12459
1810
32745
41780
8540
48799
18302
45008
12578
43451
29328
25539
21614
41357
17561
17029
42048
41655
15931
16084
3944
38530
38698
11486
22912
28080
39672
45747
36717
41836
34221
3984
23149
35843
27043
35264
13065
46638
35153
27795
43410
4593
46762
17504
48711
40020
47259
4737
16487
49427
6328
9896
3847
13326
28056
2942
3461
41754
5978
33609
30747
32841
24264
6506
20492
2629
8298
34830
2174
29055
43532
8401
25899
46376
29234
1613
48275
34374
17694
5922
16384
21326
5622
19781
2240
25181
3811
48012
17105
20526
48183
8520
17059
24915
7676
44419
19906
6164
27841
16081
32947
36515
13461
21633
22194
33378
25630
38282
31532
6860
8501
42767
29400
34324
36611
47145
38100
49386
34083
35102
1983
19092
48704
10291
13105
24271
25509
34149
21248
6381
26837
22634
8281
37677
4250
2855
19693
42671
34975
20555
27367
19550
20892
23109
17869
21318
34085
32837
564
34480
7986
9748
20782
47631
21336
21467
37559
4511
29610
18324
31437
29762
23865
48603
24938
5122
37943
3676
8819
3193
34321
32255
37722
16509
16080
46066
37603
22193
23696
42172
24257
26383
20144
30446
39207
22311
34873
33262
10996
1905
9722
16392
45039
14492
36882
8742
7389
12097
26942
47707
40612
3283
6502
35763
44650
17414
46835
7008
13391
17150
4376
41427
37435
34496
42010
5144
4771
14246
42155
11361
33520
28317
1431
38689
49663
31894
46548
18595
14413
13132
39195
32349
15415
27881
29634
44276
24062
35682
12374
31598
47567
4764
16813
26693
13196
542
34864
24950
33704
31921
5007
26459
40359
33427
37898
38312
27891
48907
23057
30045
419
12436
19618
45612
45307
42079
360
35440
7867
19834
33586
20680
35587
42273
37484
36135
18514
34447
26963
35523
33938
26758
39503
41285
38080
20169
29656
19785
8581
33182
29109
38421
9196
36044
10680
16563
41724
629
27798
48243
43355
37087
2375
24141
27582
26354
18451
43187
43887
1201
5929
5900
315
25127
17621
30432
17823
24420
41670
31550
22055
25458
29894
7635
31701
23232
9482
27210
9716
1190
11277
17054
24101
8330
38638
18818
27060
16903
33671
18826
48465
27574
45306
17935
28410
22013
31837
14120
46888
32202
26339
46935
27860
5988
4223
8484
13509
9804
15022
47852
1712
6767
16595
10204
31443
6484
26157
42576
47415
12283
196
5843
28028
40100
3333
36018
14305
35028
27648
22721
3082
49990
6761
48137
36230
44503
27500
44017
48570
7775
17388
44862
18268
11733
31438
46148
3124
14039
44355
42222
5714
25540
8112
43824
29313
19283
44692
33280
32634
25761
7612
39722
31404
6935
9773
25320
40215
46031
13185
10952
34127
16882
27302
35174
18913
32274
41527
35703
14065
40865
22091
31848
6740
561
47794
43075
22733
46451
17533
3698
35424
40989
28852
19651
6603
14978
33293
17993
17716
46285
16144
26977
9721
8532
16797
12799
26720
36755
41289
39222
3829
34916
39910
33381
9755
27118
17705
18336
31466
45575
20040
17501
32199
14050
32686
24096
39256
30837
15837
22177
11544
39697
11875
48444
38046
45493
29564
35046
9793
48886
33026
21365
34634
45226
8851
42274
13971
20667
40799
32357
49008
21629
7759
8383
9182
45766
16807
14747
5769
41632
35312
48797
3278
36901
48642
44876
7611
14827
36913
13068
32965
37196
43247
20176
27673
21472
277
1314
20008
40329
14435
5542
14713
18361
44609
41002
22352
17634
39396
47105
33975
24856
1515
7972
21616
22742
9138
7431
16437
9389
44643
37618
2688
22741
5070
6017
47508
6763
19659
20776
16315
17651
34709
3261
23708
2042
5132
9111
26170
24383
47189
48943
45305
15863
49987
44541
21549
17932
521
33766
21091
7353
23092
42021
47458
8250
39725
17765
26552
5968
44499
37790
40674
47538
34585
31167
49629
27441
35111
25806
19732
14378
41466
19835
35987
8724
3534
39327
33326
7200
11478
15766
14091
28482
17989
35779
1309
16411
48462
17755
34743
17153
31013
8262
26429
46456
6799
24476
4526
42888
35664
23798
35700
36404
47393
33250
44865
38064
1993
40569
20193
29195
44722
8664
10208
4872
37963
9301
44342
14173
31724
21985
23926
19159
10470
10197
25017
28817
26584
7724
39387
9512
17678
19352
43704
45020
41869
39563
536
35211
635
42135
8688
24871
36825
6628
30115
1990
28308
39227
44515
27674
18092
48792
26766
26616
39700
30276
3491
6500
30851
2451
42341
46146
45702
38
2756
7282
38495
9147
34763
33297
23349
49828
17753
37239
42917
23358
31058
45709
16067
40749
15716
6916
36854
23443
10397
7628
2659
46140
20558
27682
47662
22692
16612
43093
41010
3648
40432
28499
27193
24661
23510
19263
22363
28902
45825
15601
41610
39953
34012
9461
3672
22380
44108
7438
33622
11285
35588
42122
41019
31944
22346
46558
7961
38193
1419
31474
13711
25115
41392
11449
49337
46962
14929
6533
16276
21994
21564
43031
48262
44354
30232
30878
24218
32284
42692
43462
47398
12698
28310
28875
26139
35522
7891
37449
31999
17462
8206
9822
782
24649
27172
7141
1718
42755
4888
11990
30067
24708
43727
32901
18907
10191
10111
34380
6929
16684
1231
30436
25988
41536
46182
14966
35240
45580
25610
348
35659
16349
27719
10413
43402
11734
22444
43411
15672
4984
35150
36559
10547
11508
24620
38361
1413
33627
14212
28011
15444
2651
33794
47489
12467
45895
33032
45260
40099
42831
35176
5060
16247
26094
30470
7804
37159
42197
3168
25361
5877
36697
6199
42037
31386
49056
33978
15675
797
1366
49791
30567
18223
47378
27234
10924
38991
8729
36809
46368
20861
35041
41713
29405
32872
27368
36295
10985
45801
25918
45779
25499
13154
32466
18247
23592
9927
17003
37150
18316
11479
47248
40766
5482
47909
23627
22027
9352
16938
16712
16533
22895
25183
18293
37058
30655
882
9766
8536
16562
14805
12878
49824
49211
35229
40529
13003
35586
28129
46930
15717
37854
9122
36301
30179
25645
46630
12834
5411
40986
5056
10032
43731
3769
48852
26567
25075
27345
48330
9008
38732
39118
8465
44085
35291
35805
4860
15808
25013
9137
18721
13265
43369
47114
26029
23387
11685
14752
19519
49494
9424
22788
32251
35085
19121
5805
48724
19591
13686
46227
30372
1435
49810
40768
38836
6752
49641
48655
29071
16704
40524
3817
3412
20683
10479
8674
41234
6769
7373
28527
41512
38436
16115
13623
33045
33274
26006
7966
46390
13905
25154
43309
33911
8778
46940
37902
16685
47518
238
47035
49937
13208
36877
49639
43453
31590
35716
40211
15117
17541
2471
41840
10995
44012
43948
36331
32955
15277
26898
17936
43360
27603
49577
17824
32373
6404
43862
8493
12232
36668
1040
29748
2939
32011
14046
25817
47849
35301
22036
15956
6162
49504
44441
2795
27699
28952
12372
11352
39014
32899
12451
33406
25218
34198
23628
12915
15251
23575
43164
38407
4227
22350
3394
48713
2896
40016
11585
9678
18712
30746
2821
38228
32836
4251
37056
25971
6028
26210
33536
37515
42343
19745
25846
17558
23081
30843
3216
36188
31270
1142
27972
19962
38579
20795
9790
39067
38622
36421
18204
4316
39790
23657
27205
25625
34067
49792
37725
38124
48227
2420
37605
34704
942
49507
21760
22065
24139
36102
2258
41776
24258
38189
48018
49848
41573
5489
35362
29242
21920
32773
35657
223
10532
21301
23648
14020
9577
38024
9713
38639
7070
26475
20788
33334
27581
23595
22375
17024
39900
24149
2464
46592
4159
41335
16164
17400
26020
36070
18602
37602
40542
5470
4909
46439
11166
17517
48507
5458
8275
18509
36099
47588
42015
17223
15391
13800
6476
18161
47297
31484
3087
33564
19747
49241
35629
49517
36091
20673
22260
19401
33827
8732
2310
28981
23851
2443
1881
20675
27361
10735
36503
2662
46325
38558
46010
43490
41250
34463
27825
12082
12938
15259
7521
38498
8522
38451
33176
8024
47287
17471
30037
12864
3623
23678
29892
21949
40271
47397
23244
14402
41641
612
914
32030
2114
10773
16601
36173
2612
601
15079
5547
34360
11358
2300
34613
13123
13725
29031
18924
15926
32144
33154
24338
21292
25688
42823
4815
12795
38949
11894
12289
44852
40832
19461
38093
27934
49620
31065
23820
1518
31938
1353
6866
43198
41001
37877
43551
40617
28342
46377
38154
22518
49545
4853
42397
27537
12798
45981
33700
32396
39842
36937
43282
36068
32839
31300
39319
44596
37729
29496
39565
48199
10838
17581
44278
34370
19760
36926
25980
39805
35370
16983
16736
20332
961
39623
3004
29987
29985
23300
15213
33291
29108
13706
49204
31195
21993
45630
41014
9491
25158
28662
3555
42070
7289
23351
48304
16764
35461
3540
20082
24820
980
21264
22161
20239
38612
49127
13668
48209
5356
21537
7856
44006
42299
4343
8412
45269
19286
26847
39808
22333
15241
1783
42208
45911
45196
11992
33041
37620
41993
23972
19825
19251
24773
27553
34498
30241
4863
13040
26719
15178
39836
2767
40470
15778
41271
14716
15957
46737
25865
24861
13772
40755
9960
47191
19611
48433
23599
95
46705
46168
45051
20136
29115
32631
11198
44253
9593
2043
24298
28638
36300
22406
33633
49897
20813
39568
7308
38247
42324
19155
35917
43428
18095
28149
740
20363
5664
41858
32236
7534
32843
14455
49308
42161
17345
28624
24427
15109
3552
6716
39119
48393
33697
33510
10686
48862
19140
3167
4476
14302
207
44068
4049
27717
46911
49311
4336
3605
587
2285
35254
22225
21804
1228
40076
576
36636
13851
30733
13114
17449
19356
38122
36088
34178
16474
15303
11971
13811
25654
3917
15636
36394
47783
29663
2316
21718
21409
26657
7847
1048
36867
12127
33135
41952
6139
12114
14311
14738
11569
19935
6408
3853
20569
9587
4116
29043
9834
15134
2825
18758
22565
3821
38636
5850
29001
13122
48208
43566
12131
49329
3764
13262
3541
7597
5729
14407
18750
46795
16523
34551
27711
16294
47355
47720
16499
12766
21349
22932
23411
29770
43224
40336
25064
44492
25331
5857
49857
16023
32069
22525
11706
39644
42541
7460
15710
4736
28612
18148
34882
19910
21957
24284
26821
29906
23879
23061
20702
25955
30888
33504
1121
24267
8345
19819
11011
19805
37146
8307
35948
46622
9797
10939
29994
42263
41111
9977
8859
10558
5222
40110
16638
15429
23327
48477
20657
11242
18171
31002
20299
5063
28072
10093
36042
23151
29470
7040
10210
44860
20699
4534
44899
12241
31429
35035
2291
3071
12560
42563
23330
23991
33275
23285
33004
41093
43636
24545
22418
42873
48188
12100
24605
2138
17752
40232
46635
13773
4088
16185
49144
21434
36918
26408
16013
47897
3240
15188
19040
45726
37254
447
12801
6366
8877
14598
24175
33171
49688
9231
10641
14947
4941
20410
37578
33468
49503
35353
39339
35515
28319
28793
38065
33538
31128
11985
33583
23306
12810
28383
47832
48338
13449
15003
9325
8754
13647
1389
10721
31831
23781
12055
3230
23614
5404
39956
15553
44431
45618
13854
5706
28917
42193
42990
12865
39427
22441
10813
37691
45311
43949
46321
1176
14258
20715
31481
36182
2372
3432
24036
32765
36645
22905
8881
31994
47503
33500
20895
43534
37170
43892
20418
39656
20824
37544
5871
31517
22150
27233
4685
17175
4124
43149
42323
21164
1248
11811
21460
14797
20517
17203
16541
20068
31954
27260
785
19301
10640
41530
19056
3185
7589
28274
28221
40171
14247
18239
23361
42870
47120
37063
32384
37750
18435
39882
16770
44262
11296
21146
9359
23050
48112
49061
48009
34231
48118
45638
12600
25941
29441
9833
31531
45733
15918
2474
41924
16227
5176
4621
2524
34036
33235
30911
37354
31736
45848
21447
34105
11169
36902
46414
32582
26061
49277
25297
36219
36845
29526
10839
38887
38578
24453
3380
24137
23128
28690
15564
45068
42262
43405
35825
19896
5783
28957
23401
12794
10575
8824
28980
2953
23859
37181
22098
11365
37274
32139
31345
549
37745
15333
39940
3892
29105
48343
10716
33393
13655
26235
30534
8083
20631
47212
9065
11095
21623
8627
11827
40450
34751
20195
15352
36332
46307
28010
30675
30014
33452
36184
20387
11126
34073
40344
33245
20238
38799
49489
18516
44137
10131
44710
421
22312
7802
48739
24904
46741
42907
33606
11725
40509
28807
29452
34944
28990
23839
13527
47614
5581
7033
6376
35274
25399
8998
29057
26028
11926
31131
29422
34207
38900
2386
38479
12708
38694
29488
32000
25541
19053
22858
11372
39183
17909
11823
1806
36466
3968
44022
4255
36050
15060
29206
20906
28940
21974
6661
25449
3525
30689
18232
26829
30494
21710
33257
6293
10760
26296
35457
27997
40210
31310
33130
9761
20939
9565
22934
8992
40043
12681
14743
14163
29752
42571
10207
6776
45820
6747
27866
3446
29727
9942
47325
36715
21079
18358
26085
928
25397
31923
29187
19770
46686
19863
42176
38088
25360
20522
18980
11412
6574
32070
11777
29214
10048
30063
6912
35265
8086
35136
20878
20732
32392
44358
36635
41647
22349
48856
20958
36855
38816
30316
21186
31747
45286
25830
35144
14295
10884
15795
35163
13117
38960
16077
3383
21033
40609
4032
21514
27508
1947
22562
23561
23695
39337
39012
43298
26793
13704
18914
14719
20548
26046
45783
25203
43897
11509
47556
25473
42685
22948
39598
47071
14561
15329
4317
40065
20988
25211
13353
46579
19246
6274
28440
259
23006
6111
26728
10042
7300
34970
11757
22304
9453
24614
28639
21335
35532
41796
45930
34270
49625
47605
12710
10379
10796
35248
10519
9613
7853
28968
38335
34217
8512
28264
8768
21878
39760
46023
44628
20792
38972
8984
1358
23502
11413
14831
15402
45418
32568
38826
32028
2245
42689
5882
8753
34923
30728
37015
9356
13699
23626
46453
9035
18353
22842
48838
25141
31141
1954
34670
30263
12911
15787
48616
45166
331
45691
19924
2762
17496
34011
12412
4710
6939
7218
26232
21748
6868
49978
37796
34257
46530
42727
31647
43716
18391
9353
28257
24344
42470
22865
25146
26960
28586
24120
35979
13496
12821
4278
47624
15597
15726
48105
15796
43873
25793
29934
40412
28887
37208
6250
3551
11292
34555
497
2904
28192
18250
27226
8702
15446
45560
43295
24533
27179
22402
38336
3099
49768
29784
8468
45137
34285
23858
38321
3936
48063
7682
16085
41659
41912
8162
28623
9747
1250
23948
8514
9860
18888
1622
30956
41804
1754
31659
4399
38641
28246
6019
30788
35658
39498
32853
6348
8435
35303
44172
46320
46768
42150
39454
35710
26877
15846
34298
24894
31299
20789
28695
7653
4407
13807
38786
40038
45721
24203
6839
6302
23259
6927
49003
7280
47587
47323
38723
5734
235
33578
28300
15366
5993
20143
31953
40066
4051
37583
28116
36731
19544
25692
41157
2680
43920
39009
1899
18138
40660
31348
49957
14345
17604
21078
31307
28942
34997
3587
48658
33664
11390
46277
28702
29854
19379
38349
38660
11966
21035
33421
43167
49436
43682
45388
47788
44908
48113
39116
26111
31287
41307
14462
20077
47380
4139
9688
32345
7588
23567
16985
20271
35468
19856
9079
7001
32888
9041
29826
2489
29212
30779
37338
21347
35519
24332
49440
46595
959
48158
13205
17607
40796
4245
30275
18566
784
42375
17426
32892
45315
48216
37073
26308
7342
6414
44907
21118
39678
40616
47835
45595
45110
37540
29318
5997
40042
32660
34718
22527
38602
44521
2862
12318
11115
3640
40444
7623
2799
7686
36378
34719
19995
13141
10610
34951
9842
14937
14242
5876
33010
23126
45223
47952
28528
17486
40273
8827
18737
37862
16260
4558
39060
17357
3726
1426
28302
40037
18503
31104
27650
28607
4449
12141
14076
44496
2231
41729
28141
27167
23251
23263
49395
47816
11724
14810
15037
3889
23955
4391
29258
21094
14263
14356
16889
10157
45280
46176
34141
24997
7025
47658
44873
40103
120
30943
20459
47202
45963
19081
13667
8703
45190
41721
24939
47530
2294
25070
29953
35081
1592
8636
47572
32323
47599
6493
47765
48855
40948
28583
13166
33817
49139
6445
16307
15891
32222
37679
7598
11651
32536
23493
46322
42151
38977
41583
40936
28390
47095
36283
27645
1561
41004
26167
9272
27903
8336
3974
19167
25469
40386
28183
41846
46763
13209
39204
17787
31377
39021
48291
17326
33339
6985
21353
10028
36779
35251
17019
44054
44391
1604
36800
43321
6360
24297
29765
17361
6207
18618
9109
5548
26629
46217
24932
1827
31387
38188
8516
36705
25648
32241
15270
33383
1844
24640
4053
26905
39368
5507
16374
44089
2599
29772
5491
19241
40028
2593
22781
2781
4479
4798
2971
38318
20100
23228
20177
5948
35222
30840
40680
23433
21423
11215
41133
23277
34487
16378
21451
39518
15248
16272
41575
45974
14266
20367
20056
35147
21152
19778
38522
314
43035
48864
48055
43086
15086
9670
15838
10566
5537
17015
26129
13276
9026
10812
36253
40719
4850
20722
25301
46225
13829
10376
2535
29210
14156
26261
7381
45919
20368
14405
41763
18984
49130
42709
29218
22052
5467
4493
48052
15132
7852
34313
30380
36446
30040
640
39384
10984
30026
28357
35411
7189
12596
1017
15950
20171
14036
34013
39744
19278
20186
17309
49182
17410
18840
3114
1906
49585
41082
28921
2778
13519
5040
20687
29632
43370
19937
7492
16163
44105
7279
12652
1974
12758
41710
8891
40840
39072
44960
43801
1690
28850
1885
36666
14903
31143
49304
48786
579
14678
9069
4109
1047
8986
20992
37792
5551
47962
35334
17102
12769
26109
518
35637
18331
23063
16969
35572
25261
26478
34740
34641
34948
30504
18280
5800
11792
31410
48778
25819
8723
40485
13649
34465
1680
33893
3386
20785
9486
14343
20883
26011
2677
48288
38888
31114
32937
47015
45163
2255
8592
36396
26919
35777
25533
35671
17799
38787
2908
49727
12733
46270
24922
49390
33941
1499
37327
49632
12498
35116
34135
34968
10642
15066
5762
13823
47775
10793
3448
43114
48791
18529
973
9893
6483
2604
47031
28186
31121
11483
14293
37113
30712
43291
7064
43425
26528
14676
4158
8329
22144
33167
31119
32350
33568
43284
24089
28356
38163
16257
29037
48957
26481
49119
25314
37114
14996
24721
40673
6963
11853
45015
39311
41288
22577
4960
1688
27491
38419
32383
3986
30166
7216
41005
42467
15349
29796
23012
33548
5984
21967
44352
2429
18133
38627
34339
40306
21952
8506
37475
10951
28170
45053
20421
29017
15946
32064
25148
1815
32850
16694
47322
18793
17023
1625
37060
5535
21273
40977
33717
43431
11869
14346
19242
5308
47144
29851
24377
26140
46520
29676
44440
30936
43554
43510
6735
36876
32031
36865
5463
43935
2229
3880
47488
48580
2385
17612
20377
11555
35233
31284
40493
44655
22111
1116
29800
22404
15566
14836
22664
3792
1501
28867
33558
12987
25801
48033
11751
15202
5329
25887
2674
11418
20989
307
46412
35284
40637
49080
10653
2502
27692
14556
16859
44132
34021
46656
12376
48254
39664
24746
26904
26112
33513
27921
17817
29011
22085
37012
1567
5131
30965
27482
10616
28217
10510
35606
33345
33279
33015
40827
11266
17511
27065
31543
18715
22761
29929
26054
36142
24678
18766
15737
23516
46867
49765
34806
14781
17349
48445
46343
4749
17255
25547
10515
17299
38528
49733
32155
1029
10443
31688
7242
14392
9965
7400
25189
3721
11310
4467
6213
30699
35992
42911
30690
1637
3794
17789
3361
34687
30955
42050
13622
23314
39026
28693
7243
22207
20871
25048
42845
25498
19008
5414
15023
28926
36767
22904
28009
28270
28562
38475
47294
12231
9886
3463
21648
23047
24672
4409
41366
38863
20835
37741
11607
9523
40970
7509
34831
48764
31277
15279
23492
40404
34564
41044
10586
13324
19598
11252
9063
42384
26211
27901
32057
22993
2233
34879
4928
1596
24125
16304
10200
13990
25965
29075
33433
38616
17874
27927
39101
22148
31586
22326
5316
38810
40035
3591
9125
36448
30796
11545
5952
534
4269
1578
12016
18256
12729
30183
26362
35511
47381
17782
45756
44651
17302
36490
25185
6906
25905
30366
49604
4664
20493
8808
44950
39561
1739
47748
24809
41768
3693
19032
22610
43111
1106
45513
40688
28777
47812
38326
657
34906
20693
46665
45504
3354
38258
44799
29270
44988
45238
42644
6379
27756
26619
8079
47880
1147
754
36506
39036
26768
22822
11506
26509
2661
9382
18711
33844
40147
26931
42293
10891
49726
48912
19247
38192
39033
48518
46566
2288
25611
35329
38889
27002
49774
21233
47790
29703
25763
37840
36449
43461
8231
32986
42096
5182
39660
38555
40367
25750
17071
25678
32058
2196
41042
19049
10458
41522
17618
25442
17967
8181
16741
578
7837
44027
7003
30668
9918
30528
15784
15574
2721
14734
5238
7096
6325
2453
37947
43094
7473
2871
16531
48242
9603
22728
7474
3277
25528
40248
40902
14646
10435
46351
37625
47402
11245
23086
39632
26086
33585
37034
43794
11231
21363
34741
46308
41219
3263
48997
37715
19523
6515
29529
5709
43
43433
3117
18426
35962
19988
38756
40774
16674
30057
25114
7683
42269
14645
20063
42019
43612
8233
33404
32865
1579
23988
29249
6186
28240
44051
10179
18008
47727
24459
16539
13830
21528
40663
9232
36582
14612
40264
487
15077
31620
45973
42018
8339
26765
43845
22477
28012
40888
28835
7335
16405
3474
34561
19355
33761
20886
13046
13645
15033
15862
24651
48427
16804
98
48801
33214
9209
28031
31702
5926
33846
18088
6550
14368
7107
45867
26545
9319
7518
43703
28810
33948
43670
14183
10568
14116
17861
23966
21399
22763
16503
37151
9786
2033
14505
46013
48733
39056
35126
1044
22411
1099
11438
13165
17010
42123
47714
4788
48709
45090
24185
49566
24268
12422
48259
298
25709
22220
37563
21612
44844
26894
22482
38570
45292
16864
26380
40278
18078
47347
40192
4917
28657
14616
40153
30933
22684
18534
1917
6958
38975
34807
3524
11209
40777
14766
35092
28789
19258
27741
26114
40709
299
4457
26008
10008
38471
13608
31073
43904
48373
32358
6479
26878
42366
10814
43221
32296
14086
42999
20237
36537
2371
19582
19202
9098
16455
42479
47998
19914
31194
8740
28600
21853
34169
21048
13821
18211
2603
20355
32927
37667
19308
32585
19596
17313
10464
49947
17244
21890
9767
16967
25379
44128
28962
43079
32432
11042
25138
46381
6078
38196
13483
20773
3348
34268
20019
2631
27231
7130
40474
41035
21229
46743
682
22569
15822
40954
23220
46011
28478
15783
34099
5483
2141
47729
1246
42774
49087
1708
11040
18417
43923
40426
13726
28105
18959
41256
10810
2879
2548
45494
25583
35483
44838
43252
7304
24903
18865
46468
3268
15014
21864
27478
38526
37735
31911
39317
13314
37977
33512
44187
5828
22057
41571
26517
42880
11753
15430
33891
31806
4733
41910
27461
44466
25901
14297
16754
102
18475
2134
17043
5590
11780
40565
16556
29415
28488
45471
6576
19483
3533
31275
11504
16673
49911
13683
8263
46805
44102
26165
47784
651
37169
32982
19470
179
25012
22274
6344
16830
10613
39178
13101
4759
11457
44592
37847
41996
24716
34784
37143
1524
14438
48287
49466
49776
44021
48446
34584
27243
40427
11519
3498
25939
42804
27158
12509
10431
14554
6001
40073
29617
35390
35678
21917
43643
43555
16393
12570
33226
39048
16763
25467
16214
43982
19166
40597
16893
9642
41448
17430
23702
37905
18056
32786
42002
49910
12404
35199
46271
1439
45837
14325
18066
11057
21107
14394
10669
42832
42286
2151
39878
14361
25420
17154
16876
13911
41629
17125
24609
2738
2163
10082
32575
28609
19749
24022
26587
23332
40463
12975
18781
18367
17318
31674
40486
10004
38017
23369
9273
25542
4009
4734
17053
4938
46143
13643
29742
20153
2638
46648
22092
280
45086
44463
40314
48081
47190
45917
27763
24027
47178
31847
12686
28347
25662
18955
6299
5301
10556
22096
23943
37252
46519
25035
8067
24668
3403
28425
39848
13177
7384
15020
45061
46652
25143
11331
44966
8721
14424
40590
6281
22732
21177
33144
28800
10926
24799
41340
31734
48454
12073
2449
33006
13004
44555
16382
8607
7831
47935
47754
856
321
24374
18708
14064
3566
49393
43026
44461
9703
8351
4415
10249
38628
27396
17591
8567
4780
12670
10529
46704
27312
14194
25728
35459
32127
11345
39533
48618
32670
15910
47771
4768
44731
9937
16025
12405
39985
40225
49645
35934
49110
4277
37622
24390
5168
23296
34621
18269
11749
43032
37155
30782
28412
36491
47655
36701
14465
8267
47541
46567
7702
28540
28090
24099
14674
29082
44254
36847
25674
21794
43886
37173
12019
3429
3195
24070
48333
30367
10585
43466
30583
37547
24458
23073
10238
29973
13171
35804
31276
35124
18492
39177
13635
8321
39913
14442
18525
6934
46063
5771
43001
14874
27814
33557
14037
43971
19705
32256
4042
24619
13369
41675
3501
20249
19621
40720
13812
28092
818
45979
21337
27507
15990
42434
6898
11050
33121
3341
25046
10677
1130
33712
32503
31803
24171
35994
27952
46254
42298
38923
43652
28569
25506
15565
33940
532
36686
47327
2830
45342
13089
42408
48701
2343
8838
28749
11696
29627
9592
9408
16490
33028
25034
6087
33582
8089
4650
25132
31715
45246
13798
2466
34721
26827
14454
31525
12954
11064
15513
12916
34742
43749
22189
42102
19574
31289
40151
37645
49665
48740
13962
18454
8078
37349
670
2403
40839
20669
5831
34623
42630
11700
47730
35438
5272
26854
9193
35652
2841
9187
20949
43741
23507
29621
12484
46798
30383
5631
25842
23977
642
18685
13865
49206
23334
24540
40980
49428
6217
29184
26562
20099
11356
19607
42712
45614
21624
21785
13882
2682
3339
1218
11924
39393
30304
21251
2407
17428
38905
34434
17794
4313
41974
16377
777
8521
27086
22768
17692
32667
2558
25280
7262
20004
27473
16265
15034
33943
38237
28572
37160
17300
681
381
9931
31126
9774
22942
5084
39187
16219
36498
42211
36060
10115
8699
26280
9099
40055
21638
12734
8486
8968
39844
7633
46441
2190
39055
18234
17892
23097
486
9526
568
4178
29897
28365
26057
20277
44866
8760
25670
27923
23593
29355
22925
19161
46816
12166
17625
522
20414
15069
3480
32733
3911
493
5187
38921
30356
164
41781
46735
8681
25693
40418
25456
14581
49441
40479
18140
12014
14299
45116
5936
21651
22735
5645
7995
36452
15123
13413
21532
36710
48934
29358
5427
28269
37462
23355
10817
11868
40500
6660
23217
12106
32327
40019
5194
29889
28271
14330
4155
4436
49707
41543
16495
46916
47343
48669
38114
21388
28202
33857
46128
39232
42683
4633
12465
48521
22782
34520
45436
22713
7823
29321
21580
569
14763
19931
26926
43788
44467
9171
12550
18227
33356
40372
3031
10636
38014
20319
3732
43293
7291
17415
41816
38625
7316
11776
41962
45653
48738
37347
16240
30705
28243
3576
9233
32299
23583
32967
19120
24603
5833
37088
28646
8509
33351
15280
28048
31901
4106
38713
23704
34870
34122
47432
4063
13370
12421
1216
22745
15572
15651
34531
34500
48605
46194
36590
27196
10827
15383
51
45300
33451
34910
3719
42967
10183
35961
5914
1619
9324
35691
17460
15046
23644
21795
9030
6145
16766
27041
23304
38916
46379
35946
4072
44124
30033
2478
41725
49592
20407
19675
44238
48961
20106
25227
31619
19309
44059
7857
38341
42654
742
6930
27786
4823
46862
8065
41339
617
16097
30751
4644
13938
22337
14079
49705
18724
30480
44673
36588
37561
33386
13790
30332
45908
5473
2021
4835
19717
47560
29449
13424
19350
27154
12120
42109
46847
43628
25867
24576
30345
45593
16165
32353
923
19176
17587
31072
32341
23071
7172
38875
43910
7858
14028
29262
25431
14090
27597
45253
11532
47406
27859
24481
34446
9287
4454
33537
10469
2946
38152
49744
32948
35621
30495
42929
44783
19723
31163
8831
1377
29568
28423
43820
44177
37926
22613
28555
23808
14277
49187
45889
43813
30220
37825
31051
46431
40856
27224
18647
18149
29087
44943
7285
21314
29342
44380
18824
34005
14870
33360
20985
16269
10163
10289
16667
16262
26985
1979
44163
28134
26089
14768
8912
4712
5559
10829
30718
39466
48990
14410
19145
39571
25640
17586
519
18600
9817
7875
28244
18460
43946
19720
27439
36317
45265
43394
9744
6380
10849
33971
31945
28380
7269
48031
23506
42373
20854
20135
2359
20069
48438
2063
22553
18640
36623
41129
13933
17266
17946
11058
18804
33525
22165
36397
5885
2334
8434
8622
46782
21173
22213
30869
10972
19199
1790
17386
1155
35612
41803
40155
37283
1514
27548
49252
30401
46477
40508
33371
25500
6960
8159
37632
37322
1080
44511
47405
32721
46523
23189
38368
2129
26852
49223
35539
20919
45159
46897
8331
30925
30854
16420
28333
41372
49360
6592
27275
48686
36134
33838
19341
6102
3410
27768
10085
22998
46032
5424
29910
48408
7261
46834
39713
21706
43270
6607
13337
39474
20818
10398
10518
21653
5347
13672
19216
36502
38231
44588
32157
37030
30228
32780
29134
25305
23860
46700
46577
34414
31127
11425
9340
22
48362
20216
11614
42704
41906
9831
13593
8806
15983
29979
9046
5556
31745
33190
47531
25531
25843
48927
41883
27793
49177
42355
33029
45428
46369
46969
31292
8217
46662
46076
12962
47579
2304
17979
39976
9206
28845
14256
10166
25579
49257
41134
44129
4050
22774
48054
43702
10231
18723
38846
37280
32094
21678
46030
39407
41623
4224
43271
40494
25781
43953
4792
47272
14
1969
43659
4918
5722
8591
35938
16484
4029
13657
28228
22132
18254
43406
23292
13121
10386
49964
5252
23221
7555
27704
29538
21858
32910
6656
672
43325
3667
46514
26721
39303
13834
13225
45947
43888
49771
29846
33668
1553
47311
44855
19300
43165
49739
46950
29645
3430
2875
18880
10445
49451
40891
20692
1560
9695
16526
6991
15302
16810
46681
37470
32416
32706
12573
5071
8579
18717
1975
42127
15464
10320
11463
15960
38793
40430
30154
47345
224
12818
37204
23959
49103
41733
11181
17702
6208
5285
19683
15205
24692
19508
35719
8894
47873
9131
19511
34981
7897
19619
34287
6582
13677
28838
26188
41943
47450
1989
25910
31244
42052
504
19259
30759
30721
45577
11806
13718
45385
35922
13078
46803
35020
42063
14841
44715
28355
13012
23898
32200
14933
3187
44681
7533
23800
4373
2792
13931
28307
21697
26674
44660
28951
30173
43064
39029
40389
48125
42203
29429
24320
2570
13342
17009
8538
33953
7094
27202
13106
21469
6756
49009
42069
14632
13007
25179
12775
19858
45081
43230
24537
46358
1855
16362
39099
18182
19985
11884
43645
7495
969
22801
10119
37080
25535
32186
29827
7363
14815
39282
23016
4045
5381
15820
11254
12928
28025
9211
24813
26272
38512
23078
5391
2438
35847
29845
37588
23174
18864
24385
21563
24518
720
7489
25352
19771
17915
3831
43866
33528
31442
18117
3422
32221
20823
28070
29864
38130
36807
33598
14429
11176
33521
2701
26276
44296
44291
20627
13199
7326
40169
10960
27563
27634
37081
16574
39783
8462
6081
16908
47396
18312
37393
12052
29699
27893
1108
9472
20007
33440
46613
9308
26968
2400
30613
33254
32477
33926
2929
25357
6947
19274
49849
45835
7041
42913
34893
28000
47936
1746
17202
39373
4054
19095
16998
21319
33159
1880
9181
35642
3600
14306
20707
6367
10741
19782
27058
34051
9392
5198
34308
32489
34142
4130
27904
46509
41209
49499
30181
26622
40079
49694
18481
32674
36353
5089
34723
8854
1180
41451
5763
13448
47806
38993
23838
31453
33777
48782
11455
48005
27829
2979
48176
23335
47943
20446
16461
23619
24248
20321
26655
26122
31188
28723
24140
21375
40851
27045
9929
46754
31312
16410
41746
16571
27995
48043
30902
39665
3180
46287
34762
32329
22587
49415
8611
29285
9500
42486
31084
9908
15249
21830
4592
36265
36871
38523
23935
11138
27524
40998
26863
19946
17680
14468
45346
658
42958
31444
23427
46072
17216
31845
25747
30105
2990
27996
16586
31937
34747
9800
21103
9719
13498
24986
7977
7265
21060
9417
30737
41174
46499
29432
34469
44173
32374
10215
3985
12414
26121
21916
42189
49105
31986
18961
2421
28568
5273
14063
1748
37717
20972
26524
19113
16128
19676
28301
22936
28949
21258
49321
46085
24364
2226
18923
13320
38517
7125
39496
16928
1110
44106
21898
7235
26120
30197
19326
35793
18326
47515
9465
45087
3776
49708
49319
29125
20515
453
30589
41233
49658
8938
20551
9828
13361
31798
11261
18447
22576
44959
42436
43796
13596
40272
4012
39574
46744
18079
47994
30209
30784
23932
46995
27716
4473
14751
46122
3639
21298
6813
43818
25136
35725
32759
21684
9342
13308
4487
17583
32560
31885
30708
20880
30505
35624
5249
32272
39121
18359
35785
42284
7435
37443
8633
27297
6105
44098
25053
6308
44457
44913
47502
9608
250
36687
40465
7371
6646
5370
42296
21649
8149
38207
36650
42171
24534
45174
25856
4890
27122
42422
29563
19673
28563
28876
26076
40800
35693
39861
8741
29964
39610
31333
25369
48021
47840
18183
41087
9248
17350
43179
2852
6201
10910
43186
2335
295
21424
22147
2699
10605
27647
28778
40571
1134
28268
36009
37083
26328
8004
48900
46533
1802
43885
15738
33093
31855
42555
25593
20571
8409
18904
47361
9124
37257
37100
9172
36308
9261
9553
38564
15528
13000
2009
13930
32091
36653
30013
23844
30781
41531
28055
34803
32
27527
15635
24838
17472
45393
1756
34459
21231
7126
33636
16093
48947
16840
45464
48845
30656
44275
35873
24078
48967
7937
5972
22928
26539
28960
49854
43775
33194
28780
32748
24682
35178
1847
3139
31980
21143
15139
6757
1282
47413
5050
49500
31138
8041
15145
9484
30125
4953
10991
41179
18292
31027
23918
12247
15272
2851
19157
42512
29067
35636
45013
29700
39013
18474
16103
724
19927
30811
9750
13005
12908
11895
20071
4723
16824
49126
25664
45047
38402
19817
11854
29791
26091
6129
23420
39558
49847
15118
187
35430
45467
10776
29793
40790
8242
18497
25343
9741
22079
22475
16422
209
9399
12331
16860
13967
41079
411
3796
45510
2382
30100
44591
14577
34306
42082
7193
5110
39557
9806
13303
11677
2046
28558
10280
11253
28834
21011
3392
29272
40548
32897
23436
18805
37921
8364
35613
40370
34203
3454
15941
7450
29635
32219
15058
33683
20747
7312
20049
9888
44719
41938
27510
17374
7523
1195
279
46413
32891
12063
3727
47146
10424
2774
2266
1930
17132
16232
2015
19088
31603
39206
42258
32723
22136
38482
49552
44235
44418
23023
5851
24254
43896
23594
12705
30257
24818
29370
22722
40259
38476
5125
16172
15295
6232
15463
5776
20462
34252
24234
5314
7998
45915
39151
23616
16342
36458
18584
41228
20295
46732
10970
26644
13877
30403
8950
12906
5201
28435
4765
24976
10088
37379
15984
19756
16792
39438
44518
37582
31389
25319
7689
7118
43248
46618
46385
31589
43199
25866
13915
38435
21855
9849
41108
17592
21309
48236
12836
44915
2958
44446
26373
17418
21098
44081
41361
8689
13373
24470
30827
41383
21270
36975
2828
3604
46302
8790
29769
32698
33382
13981
18225
16872
40325
10226
18617
7789
20826
14648
22390
20491
12874
7965
27236
13827
27555
8718
46108
34817
5822
25468
1915
25291
43753
25814
22656
40527
33833
25990
39465
9588
43044
6110
34294
15124
13077
31878
30996
24817
20816
49468
36529
581
34631
34343
17073
1585
49965
47901
25769
9480
11174
40001
17011
6509
47463
7478
31297
26477
3517
31968
5349
36964
48987
44857
47110
25287
40032
43219
22511
23309
16438
15831
26861
9003
14507
49434
40959
3041
16141
46564
37216
9672
37171
22217
12280
7120
13648
27567
46975
33602
21788
35195
23687
22888
43254
28618
14934
22967
24952
4673
49412
30671
8408
47169
41040
24167
6055
30347
33780
27394
24736
17227
4805
30002
30598
9775
17279
930
49959
23744
27770
15493
23015
30522
47465
28881
34050
758
9487
15756
6486
14765
17868
23934
46247
37021
12086
29151
23449
24103
2552
11961
25475
34852
23155
44804
36189
37432
26790
19807
33364
17056
44705
5382
48284
6785
49240
17660
20292
13924
27985
36517
38366
13109
16108
46222
6018
27337
25705
33161
18858
19160
39642
47263
6050
27063
14710
13100
31562
7952
33729
23533
37255
35630
5465
2048
5355
21182
16015
29006
5947
12630
2165
28920
8700
5608
30863
4226
3274
9452
32386
8221
32388
28578
31408
19294
743
39801
16390
48342
49189
7796
39131
5983
41033
34996
36633
43821
23936
2194
15287
35328
36729
44007
1429
24960
2747
8683
43491
25111
46557
4756
39464
29519
20187
21487
13554
27981
31717
4198
24951
44299
297
42579
41182
6902
19796
14420
45144
37887
49719
860
47472
4957
42987
38514
5903
15958
4101
27470
44739
29282
36255
20384
33060
45397
9419
32370
31797
40809
24092
9829
35891
48649
13524
17551
35520
925
43847
48035
38610
29678
9438
46341
20720
26229
28934
17870
39695
30050
38785
48503
47968
46045
37710
5496
1432
14137
35991
14605
16157
39951
22770
28396
36480
6298
5435
45549
15298
42345
21726
15732
13153
34667
10733
35980
46389
33429
10579
4031
19682
41759
16421
38432
21876
22811
27769
24360
13489
97
44115
38090
32710
8578
11705
43512
130
11946
45586
17360
23978
14309
26667
12400
49249
27402
38449
13297
27219
37386
44561
2826
11211
38283
94
41097
13618
6575
3761
46488
9656
35865
25758
39999
48926
12058
38623
11051
10708
33594
45318
49703
42277
5798
29325
11976
18871
48929
22921
47436
15882
37518
2848
14993
48835
14270
17617
15691
28196
18346
15408
47307
32122
26928
13233
30049
33655
34711
45042
3050
15239
14590
35373
10168
27747
8077
35651
4812
49449
27906
33592
24964
39383
30023
6200
13279
3860
25605
13673
35728
13828
28326
34442
49169
40333
33560
39538
30896
24526
41948
6893
24667
41680
19264
33298
24086
20499
11521
27636
35564
16149
12472
4922
14875
5601
16680
27533
14623
32268
42041
16774
2200
25818
22591
26314
30426
27318
13390
3575
18704
15227
9895
9371
22069
35410
19442
40024
38142
29583
27895
19751
24516
48883
16993
14897
29723
44402
21605
2501
37900
13792
6245
41011
8936
16195
23041
9428
32811
29294
26155
16430
824
27308
20694
9376
20872
47341
13556
25317
13786
49002
40303
44096
36167
5909
41777
30685
47484
7377
9086
24906
7324
25310
33919
38534
16063
30592
31649
35619
5363
43776
44921
49153
3683
37033
30117
8947
32762
25147
13224
47908
39521
4019
22295
12890
31372
18371
11708
35921
32598
33124
34581
27346
3151
10173
12605
665
20158
27448
4683
12089
42448
1569
24686
18967
33449
9727
18688
9029
11189
19553
33333
15321
20213
29396
40808
13857
33321
12738
3414
13491
39706
24656
44044
23359
25107
2892
25911
5791
10304
32338
10094
23102
20256
11848
2634
47949
30214
23356
22600
22758
40607
33779
35376
46354
35632
8765
15823
27166
4143
15722
16851
19628
35064
30392
21918
49940
29021
1069
32232
31975
8695
1743
27857
25383
12259
18729
36742
24755
12489
38764
45377
1685
15951
48223
31728
22287
23755
29173
20281
5160
3800
33997
48475
10305
8914
3469
23711
45995
15840
39958
49546
2788
2278
947
31282
30058
30606
28135
15917
26593
11524
6798
49918
18670
47312
15082
1642
6913
13468
28147
18707
49981
18375
20093
7188
41355
30561
45512
18425
20509
44701
38469
35331
22258
2333
19465
12888
16722
30445
32945
34799
14594
220
42989
29924
7267
4228
27949
23150
16536
2760
9175
42586
33078
49224
24554
22504
26163
11730
3436
30676
21381
10711
39404
15038
31470
10679
40754
27959
46193
26095
7174
20468
46107
40164
30085
10654
47607
28523
32146
44414
9185
4136
45594
36580
34993
31409
37423
39302
35294
8680
15648
2918
35260
19763
27134
37493
30359
16852
37336
22852
47236
43984
33829
23949
37148
2222
11803
27998
43060
32544
41404
24339
16585
15935
4329
48244
17013
19180
33663
2215
19240
31336
31571
10723
6062
38472
34761
35874
13048
48771
37467
46937
34267
49250
18741
42705
36391
39539
14800
47068
11112
49343
28391
43477
49432
20574
41499
13088
39701
30474
12129
57
13252
3320
1149
5011
25351
23693
28644
12300
10567
322
27911
2073
16114
4065
25748
42953
24222
24529
36215
39378
8758
24956
44425
41859
6159
20863
32111
41424
251
30650
15397
26456
36810
5241
28378
44364
38654
24641
47207
22558
33728
44436
15189
26108
32535
26490
24197
3265
4044
26716
39718
28071
38491
10302
9507
21666
12494
9242
32231
27087
46903
390
23954
47987
23759
43841
25151
8635
42282
48670
45267
3237
20232
17334
21819
2658
5188
8365
8997
15724
20807
13815
10318
29092
42691
26773
24409
8629
20392
38901
12017
30155
1617
48263
11680
43789
7984
42656
45654
27147
19128
33617
13929
3731
4642
39501
34368
33660
35394
48933
17597
30804
36632
28901
30511
45885
37984
40589
5343
37027
22483
6968
19663
45922
2916
15569
7600
13473
11738
45754
26554
41485
8440
37009
15146
36840
42083
13543
31970
44155
43617
44310
41177
7643
25110
29158
23524
1375
45175
31549
41778
31978
3840
16333
39979
18607
49772
33195
39906
46827
4470
20836
5669
17107
48854
19791
8497
35692
41831
46510
20670
5190
45156
32768
8537
11315
46417
40373
35065
44
4017
4530
43059
23661
31278
3147
34391
42459
34984
5077
49948
29782
42715
1157
18060
23323
29401
5266
22751
4218
11460
11606
37587
285
37816
25864
12690
37305
14675
10128
31886
8043
22799
34314
32161
39103
6749
40814
35409
11587
32775
20240
6377
19658
5789
40685
43188
37450
21119
35221
28924
37739
38073
18901
28819
18912
33180
28783
34909
30254
45182
9795
19918
38166
17666
5079
18751
2221
37235
25968
44939
32087
38202
21197
17195
7964
37870
47056
28557
14533
15988
25595
35423
38281
4779
26358
8282
16632
2763
16617
15409
47671
5281
48066
46498
6838
8614
15842
31860
21237
30297
26661
5324
33414
38159
30700
2356
28474
13023
25825
46585
37409
17070
40413
45277
8388
8734
24750
3622
1173
42132
3515
28886
255
22672
33750
29191
21403
48457
13700
28884
48474
14041
13115
48846
21756
29023
18282
17980
10588
45352
5724
40729
39832
35857
4608
34675
40521
31428
37408
45771
35672
15970
6265
48970
48850
29486
33137
35714
10941
7393
42291
21280
34195
24730
38128
14693
34138
6280
29539
14982
7336
44351
31206
16500
37761
33701
47377
1301
21870
39613
25187
15994
49328
45532
32871
37086
29409
4450
31180
16811
26836
35420
37815
36428
4451
8012
48887
7764
17525
24786
2106
6031
35670
22556
4895
45811
30793
31411
42240
42031
10298
26223
2780
47433
26110
25680
25256
45252
1020
15907
35224
45179
4801
32695
26484
13731
7030
30270
12871
26492
41607
44046
28486
1684
18398
49090
2856
31875
27422
8570
39028
11541
12389
33055
24659
18603
5191
35899
2769
27080
9578
30604
10419
45372
2602
19707
46641
19181
2055
40274
34305
21459
48239
2087
46672
5688
42758
42536
45932
25119
41300
32312
17295
29436
1472
49289
47336
19331
3219
45626
13072
22432
45054
16043
49442
5965
2666
6180
10127
20137
20706
32308
38825
37592
39263
47686
1406
25232
37857
43055
24860
15370
34432
9327
36049
6852
27340
36250
44933
14663
46682
553
39070
37452
36853
20726
26874
44858
36571
41243
14317
42850
28647
11576
7168
46764
46707
19520
45791
23054
30966
32609
34529
46065
38538
17518
41935
15721
45840
47154
33372
48891
44207
42513
45763
14387
17219
10582
41740
44350
3722
30330
23370
8452
40512
16287
19954
2716
27810
49465
32293
3477
11375
36716
24788
32662
20483
20110
47004
47752
23442
34765
24159
45477
28131
49307
23809
6188
23093
15916
4327
24020
49628
20357
2816
37330
23207
33972
819
25236
6291
146
149
47844
48149
30287
7148
14190
24454
4352
33556
9040
26259
12078
28692
39762
6209
33783
17851
31405
11938
24543
43000
7925
8746
5091
41917
25961
45603
11954
14707
18816
7013
3227
39485
42867
414
39002
14107
820
49148
47761
12561
40257
24655
19466
9783
22235
24368
40506
24816
7090
40034
40365
12725
42049
45853
27689
29251
12656
10840
1451
32832
17260
45942
44184
5405
4271
48360
39361
9188
47419
15697
35766
23662
34114
48942
1222
46097
33640
12967
29480
2109
6470
11421
26939
8424
31838
33117
15055
15713
3686
24350
11074
35943
10700
28273
48354
16126
17622
22697
41613
39228
35227
13299
19345
45905
15517
6709
35748
2697
21606
20044
36455
11703
8251
27082
44131
35712
18639
39245
49053
43623
16239
1878
20840
31267
3324
13412
26168
6481
28832
41400
26543
32377
35310
36150
13267
48962
7022
41838
12617
11494
49237
16892
39633
17215
44868
45907
25324
48663
12541
33106
21808
17953
41739
42301
13440
31314
43245
9697
29637
2719
24926
33437
25874
26345
3616
3961
45240
23182
15359
12869
43686
36605
30812
30755
2472
35896
12524
7721
21062
19627
44754
16305
10297
18163
38569
43582
36027
38327
46972
7018
23565
27842
44405
27787
29569
31396
45675
6440
47888
33883
42246
41899
40689
30608
3729
6718
5533
26287
48190
17431
12543
45623
47288
23437
39004
24624
35357
46145
7398
38656
813
15556
32022
25254
17236
40204
17479
5587
10624
46405
6425
3366
13895
22599
11797
11405
19055
36978
7558
15350
971
27412
18881
10283
9556
42551
42072
39845
21477
35918
12468
8063
21911
32344
13239
20470
40906
2567
39604
12504
11554
21644
33157
44980
12597
27775
7259
42759
38164
48267
17658
41982
171
41789
32990
19874
25084
35337
25295
26494
4163
20778
22016
8835
47642
17540
39780
45921
45491
30221
12551
25144
49894
6125
44378
7981
36586
12255
16847
20287
26891
47595
19568
13066
23403
48056
43249
44633
35351
6824
28253
14206
17170
35010
48485
46626
15515
8649
36972
4462
43397
3415
29222
16429
3837
3766
39589
43297
44999
23213
6091
11078
11831
12554
47693
39965
2842
33111
40123
40186
41122
33860
755
26774
32382
43489
3927
35466
48260
34211
15757
7072
47821
27938
11574
2110
33775
40464
25326
19976
23194
2016
30116
22382
25309
28691
47367
31028
23283
10727
28653
3997
34402
21546
16988
37271
3145
2037
25168
43511
31135
12879
25561
35590
39963
30635
45038
14833
33706
3907
40296
43641
26946
29706
38147
67
12980
3042
37123
40656
25986
4829
34494
26363
42940
9277
48632
26176
47490
13642
6711
25495
20758
45296
39226
49638
13236
22944
23067
46559
28015
38789
20037
28533
19218
33088
10541
44520
33696
37127
8792
826
37371
45
43609
14097
46014
28768
6294
494
28592
10440
36001
43085
33843
30283
12182
40619
37527
25601
12588
19009
20763
7530
7753
36816
7771
31710
3365
48339
41715
45149
36675
42369
6926
30409
17509
3813
37910
41845
28677
8201
20354
30029
3133
8304
18885
48905
7429
38894
8015
5331
28073
28212
33308
5617
27714
23326
36673
38409
11034
37736
32282
32720
39822
45988
27173
19244
46593
30620
15856
13690
38617
35230
12611
8654
4073
18156
902
44213
29392
11498
13659
18958
35754
19837
9525
49381
12083
34777
5913
10920
11173
48729
11025
13974
27639
16568
43012
10050
36524
15207
27169
44817
749
15133
11184
41425
45321
43572
7343
49418
40957
1988
27951
49163
293
33936
2212
11411
39417
1241
35215
28806
27752
45696
9605
23868
26274
14779
36909
32463
36596
18305
44846
32905
18892
1545
19227
41474
34457
4056
18753
44065
6047
48847
23331
7511
33034
29504
17998
2253
3646
36180
17896
48868
22851
16066
18389
32123
17323
4430
15031
26756
24945
45856
10626
40236
48636
30032
28472
14524
29922
33643
41465
5366
33272
43809
24897
12364
13164
40635
48097
2460
41052
9373
29937
23018
23101
6147
49784
49340
20950
20301
1161
42783
28480
29822
17396
22335
49823
41873
17609
42992
10134
15151
39150
24340
40528
25238
320
15485
35722
11481
14551
7855
48964
6173
12654
42855
47080
47357
27132
22408
9444
41662
30556
39126
14189
47017
40629
2250
6559
2364
12297
23166
47211
24675
37454
39138
14216
20867
25633
19073
47418
38931
19144
20226
18300
38161
23750
14963
14431
7824
49030
9326
43549
49283
23043
39125
42154
46692
23347
43593
34336
43765
5920
28448
42396
34443
23374
35413
15777
19996
34046
47666
25313
41752
49292
21147
10935
48821
48549
6567
40023
9946
43398
19824
48359
46527
17272
33016
41172
40920
23971
20250
29005
29314
3699
29814
36721
26884
16
47656
8111
19522
40384
32840
11879
4775
48776
15673
23780
29361
24016
18971
9847
18185
41988
8450
32040
21713
35886
47633
23090
2473
48245
7705
12047
48766
29810
33323
6113
45800
4006
37580
9827
4739
19916
733
41299
38974
30075
15894
40239
41443
14151
8552
36322
38048
26599
8662
38136
9762
10256
23184
3668
24379
1921
32523
29620
49528
2292
29360
8999
25066
17422
3963
2492
34387
49933
42531
14564
40207
18486
34525
7781
37758
19983
12103
2340
38872
7021
31358
9738
16659
7554
36375
5509
21557
8693
15106
14901
22038
38777
28856
22834
37116
739
37245
44433
17895
37420
36063
12121
42817
35822
24235
39008
19290
36620
11154
40965
747
32145
36128
10982
23767
37817
33035
23944
36206
44570
32736
30940
22583
26757
6409
43208
42013
14995
21289
13522
2467
39522
38504
3908
38866
45111
14510
40069
42180
24694
3378
3349
28349
38633
18198
41848
24573
49647
6777
21535
11766
22806
25454
30593
10410
11484
27484
30929
12398
1732
32785
10432
12979
12027
5302
39165
48599
40621
1723
5860
12501
43180
16874
3988
26116
17667
27637
15524
45335
8134
46536
13889
47971
46505
2012
48074
26991
32036
28814
21705
11660
12553
27554
6082
24980
23846
23720
5659
33898
30135
48410
36545
495
12844
18287
43646
23550
1832
12295
16118
27871
46079
24189
39745
28870
30331
7232
36174
2332
13724
47246
5068
42304
16558
44282
3799
47074
6165
20391
36980
9666
28197
23677
33916
5448
20075
4735
28995
31330
10747
15694
37506
68
34950
1951
13011
45501
21488
39147
6009
38190
47026
26886
33399
24784
37340
22416
43546
28703
18463
33722
23364
12478
9179
48020
19533
49301
6210
31940
22952
25984
12108
2164
5565
49059
3924
25734
10140
38018
8983
12021
33642
4515
25791
36639
12663
34134
25703
23274
38506
49968
11408
26665
38885
17985
15301
38722
24568
40085
43335
530
19185
18852
32842
17537
9557
43133
30514
45437
17756
7526
5748
3369
4360
32624
8864
31900
30281
46437
25521
14814
3479
27204
42679
41964
47304
29771
2941
10180
32977
12507
13637
10570
14003
8287
1238
24632
45064
26553
40139
24109
23646
44332
9914
21113
21151
34849
22251
3850
21219
29705
10637
6089
977
1749
48221
6794
12345
25551
40765
34526
26978
39862
42796
17193
33853
41653
2878
30087
14188
2863
36193
44820
19226
41168
4162
21944
22629
38378
26315
4039
39748
17642
8628
13420
857
10521
29260
3487
48126
37147
26962
7153
36130
2142
34683
41603
30207
4260
41751
35956
563
44766
14798
191
34850
42228
41932
38801
15405
39142
28534
7068
31926
24438
46848
10746
13939
49102
5501
47239
44733
48372
6066
5159
13652
8467
4935
49031
16907
23668
16196
9238
49433
46739
15664
27824
4892
48956
34642
34956
11391
3946
35416
44986
48061
429
36483
38390
42816
27279
12583
38805
44607
23118
21959
32825
33021
38744
39509
42394
10791
37897
18644
19454
31947
33391
21243
33039
40165
28036
7287
3146
4262
4171
20439
40293
27590
41947
24397
21515
37773
48746
9622
36536
37128
28877
33033
48832
14739
36320
42707
27165
41270
20435
11332
2743
7397
6587
28689
7973
31156
22866
18050
7838
20594
25030
7971
10769
34053
46552
29388
33101
5810
32653
22446
36935
8137
21084
46582
47978
36106
15968
32461
41320
31844
22088
2909
10912
44164
42268
28083
21732
19972
36318
46600
16113
44703
47818
4636
12347
2286
11547
23424
28566
17264
13766
10553
13729
26575
34528
46524
46112
15666
30455
9381
40299
40643
40012
18465
36959
21244
48142
20936
35574
47795
40760
18472
15782
12791
10931
18478
2096
9320
8529
42253
28594
41772
41676
47955
9489
28047
46455
10279
35708
23483
46839
4490
17177
24345
21999
3170
33981
19998
10195
42648
31491
3397
30509
27329
49045
5745
1194
538
41757
1057
49960
14098
46689
13351
29524
47890
3252
14522
19546
13149
36617
11718
12648
37537
41115
47701
45898
14082
8879
37200
6557
20590
10507
35723
30451
32707
48430
35545
31354
4441
855
29768
20959
37533
23522
22660
26964
45788
8141
48179
41145
21327
10906
4601
25233
1371
33031
29098
15
39750
8833
49938
18427
41325
3914
31198
47278
4030
37242
9788
59
32577
44897
44573
2428
15952
42441
25464
35246
34344
1838
38176
20162
47301
1473
15801
34785
40710
18240
23847
359
48476
40343
28107
13998
29660
32922
3232
8479
35464
17725
2239
6354
42418
6257
3152
32429
44809
32106
9802
49571
32016
16416
11944
48952
7103
34898
30447
4699
12008
22104
30533
35048
10295
31958
44185
16850
19498
31713
11287
19788
34248
46280
11556
15936
6861
25497
5055
7943
45634
6474
16634
14466
11371
23689
7015
47346
6527
21163
34086
42751
47598
29263
47833
28467
5715
34455
39418
7340
43717
39248
47698
16801
24990
30482
30992
24833
45221
6385
24645
21873
687
4529
11384
32269
28219
1952
5602
25447
33242
39200
21639
46386
1761
40708
56
29562
34731
11480
29652
48703
26637
44290
33206
40355
13401
27986
20850
32252
28153
25658
2022
37360
34672
36573
6693
45544
42537
35768
10151
16691
41658
32418
9020
22514
44349
6758
10366
39042
32298
1267
20393
49763
35792
6396
17638
32303
40641
26937
16476
48714
19310
21218
16594
12165
34341
38708
14017
35363
7123
47536
10242
16527
7934
13263
2901
46987
34132
38194
29720
36472
7551
35391
36612
16194
11643
48089
27641
39324
10869
2620
21509
42098
21022
11160
47887
24145
16182
38177
2753
27443
10243
21392
38416
44397
15967
47161
18459
43973
38398
33986
33115
37211
49506
31607
14666
45993
4311
48060
16346
29806
9093
24647
11016
1346
6163
3736
45655
36766
3613
40121
32642
43006
43416
45216
17197
18569
18076
24983
31374
48119
5752
20361
49376
28529
12901
15412
34549
10070
4522
18952
41231
6637
22916
17644
8967
14493
23458
23039
10442
42809
6865
12891
19888
45409
4295
2702
21782
42519
24731
13986
23921
40030
5027
30081
30654
21758
19174
21778
34205
1252
49166
5643
8445
10845
1322
1729
16241
13389
48294
20290
12134
6995
24618
34478
48167
585
41736
47899
4379
42166
10471
20520
13357
20756
42544
17182
42871
25695
20815
3202
29832
13108
7191
30225
10186
25536
48173
43874
20566
22233
48235
32495
30595
26143
284
30542
23053
31542
40644
3586
29014
25727
39865
49023
31177
31983
18849
3937
32952
30318
15197
43649
19827
47507
29554
13833
17522
10665
35495
19838
25704
445
12337
37019
46432
31458
896
19196
17399
44546
46337
47913
45435
3052
37339
36208
2515
12860
31005
48323
47563
21207
19593
31915
33553
16788
17276
41229
41667
25963
26485
32755
36494
14786
15426
26645
39172
29291
4916
25377
3692
90
49093
23072
46125
6919
45023
30921
12517
3561
43127
20691
2803
47125
16751
49068
12513
26726
34513
4254
37604
11770
16757
2955
9528
903
3872
38791
41315
14138
11473
41624
9180
11298
47995
37974
76
182
47596
21826
44069
43927
14104
5226
31591
30407
4855
11193
17681
48232
1205
41441
19091
38214
36720
38298
13126
11876
41471
6438
37636
19078
19878
13135
37035
42829
46875
49881
18378
13600
14187
15422
45972
13015
42121
20812
26151
39597
31587
6857
42004
40305
30517
46690
31170
3913
1321
21791
41280
693
16155
48679
8228
47260
25860
6300
15171
48916
19649
24244
6727
49686
18064
42252
10046
15425
35324
48561
10225
44392
3656
44549
44382
44287
800
21696
41493
19545
40358
3387
28916
48094
27855
1671
43657
18406
23770
48361
4444
9494
40113
20933
45402
35478
35517
38324
41794
41574
21131
24052
31981
40958
42261
27272
14101
6790
48902
11255
962
1398
5429
46021
34612
37332
43054
12167
43280
34558
36447
44962
45122
27304
4965
30284
7117
174
31569
23912
48721
9429
38262
23843
49347
39216
15509
49022
40492
12373
34779
34958
6532
20227
28857
13547
38001
29745
9958
16789
3510
10718
43560
32178
44778
12926
2785
26177
43008
46993
33221
27222
14504
12744
5264
1023
45874
32439
39534
14133
32563
17627
49365
8096
33148
4580
6422
22734
11055
13032
28016
41470
26828
16895
34054
46921
24713
46877
2238
2616
41589
24392
26580
21095
26856
18112
29626
25673
46898
46710
28198
22886
23982
37917
24460
32789
28497
46197
24112
8098
21891
3513
13945
23472
11715
36470
38270
18782
32705
36678
11396
27724
24155
24334
1992
10927
11998
23528
42556
29240
35395
41643
8031
21032
1074
28081
14579
28769
20225
27536
18065
5210
36479
13010
29668
7319
2508
311
42429
37546
14688
15700
2084
39621
32656
21742
49284
12493
47619
1869
19617
18394
6192
43797
24291
47028
27774
21583
4066
33295
47391
5502
30399
14589
44305
37077
37936
38401
13749
42226
19170
45564
37574
46715
18788
18380
6482
36143
16635
10562
11635
34493
38937
10908
28113
19789
26031
43650
15198
10976
27003
11237
36836
46229
40583
15993
14265
9756
18853
4905
45262
15684
41277
48689
696
8647
26598
25926
3690
8175
39490
3447
46476
30498
25876
41417
15624
10422
30844
15340
38293
14760
39694
16467
34318
27391
30180
37980
36922
18443
8660
33619
8458
2119
42265
34881
10095
38280
616
33977
16572
40614
35965
11406
2248
22723
31516
35764
12218
42625
42145
45943
45657
40270
42377
32317
45323
8216
41592
3063
47509
21929
16171
26499
29962
17366
11940
7673
2888
5698
43622
18757
32645
3298
7880
20449
39439
24317
22658
40807
13880
44120
12450
41497
22262
18274
21183
23747
2426
5114
13970
11362
25809
30011
13747
810
45117
41090
43211
22835
45295
32280
46124
39456
544
16530
5066
47439
26504
41068
24493
46631
47455
19964
12800
5887
19917
1936
27830
2542
30004
377
26455
13298
35730
31199
16791
1552
39215
48773
14637
9118
39213
21712
15685
17250
21709
2336
25242
19002
1139
30667
1691
27863
1035
7167
11348
16271
1224
26525
39800
29153
10069
5046
14073
12514
27322
36873
37730
23459
43714
4097
48442
41712
40469
8360
42562
18141
22730
21471
27820
17284
27032
23295
14936
47792
29790
14350
40070
673
33363
39280
20879
41202
49511
45152
19936
43033
43754
44455
41015
36228
35944
17560
26664
5872
24707
12491
29410
45764
40449
40233
21331
31394
28785
325
47504
19647
49490
33470
25512
4652
46883
36303
38125
49480
21138
21110
42949
48720
36987
9571
16845
14401
16151
40377
37369
24152
35107
45716
19750
30351
33136
42628
44194
9791
31203
32647
1257
44479
25624
28551
7051
13431
27843
24369
44345
45690
45838
27851
48761
32715
42067
33651
14019
12180
6528
27831
23676
14408
11788
25241
38254
23294
49236
41868
9255
35204
45711
15310
16817
36065
16211
4686
5196
13264
36892
46869
32254
2510
21067
14422
46105
28157
5531
20926
11943
31301
49027
23191
38778
37535
47574
18563
10961
29682
7367
1846
49973
16630
34978
20000
6770
18621
13275
30329
14727
1867
45361
46330
22272
30501
29615
29601
36663
41897
28338
18100
24876
39278
5710
37660
26164
25992
49058
42392
23902
23141
23010
25967
31236
31913
13494
14117
9240
13567
7594
909
44149
12070
40320
46568
16501
20375
41191
13767
35932
9236
16564
15628
46882
37311
45888
34272
27286
43479
37888
36403
41393
44584
34328
30094
33127
14927
20500
13598
36302
21544
8410
35591
9016
25902
40801
39867
1920
2251
43407
24049
2794
32867
30230
49888
29867
47585
19395
35643
26173
40313
21659
16599
31914
5236
1315
9803
20705
4238
23588
3583
3969
45027
21101
14149
9103
28082
15316
18571
45863
318
40871
13942
17369
26507
19708
30832
26574
31956
38942
30547
42214
1107
30562
29390
29812
34593
27919
14286
39058
23992
28664
11145
11424
49195
29959
36191
23197
34061
1508
14100
7266
24483
2639
48091
4268
21320
6356
5967
34041
23946
42317
5940
48131
8454
15944
23037
15363
17531
16068
33392
25606
38067
2396
945
17042
18352
44935
7622
31877
26998
18339
6342
42619
22542
49331
24076
35180
39390
17325
13144
40422
25082
11133
37142
24165
4576
36849
29183
45398
30786
24128
13240
21628
25212
24178
45767
29180
23734
16431
48769
8378
43387
10454
21781
148
8139
42793
13178
42391
47925
33187
3271
25025
9201
8489
22261
30960
30453
45759
1031
25486
9589
24842
5649
8736
5591
33376
17050
19431
43986
37683
43137
6590
37903
29038
5614
33365
803
12659
34409
23576
28799
7502
12368
1125
38424
1611
36429
6845
19973
1403
43810
36092
11303
35414
39173
39109
17149
11534
3062
1506
36941
12387
12322
11333
7920
23554
40659
20230
45954
39114
10971
14182
7
3308
15305
11246
27643
37426
15342
39689
41453
48416
30623
32235
2070
9668
32669
16709
30438
36798
23325
38494
22164
30353
27293
15477
45659
30536
31421
43259
430
41429
21786
12558
6558
21948
30548
2949
12230
45288
35901
15927
29351
28340
8385
48458
49711
45478
33434
44771
20503
31670
19532
42719
16697
43790
34680
32829
24703
16037
34214
49801
22499
20220
18127
37414
47225
37772
48725
17127
39345
39240
41126
32505
10852
24417
36045
41602
40435
35452
39191
43401
28956
31252
47112
41979
4906
43701
33932
14165
41449
9586
23264
22468
46296
33847
33540
35740
41419
40505
12546
38447
13406
13528
35431
42570
37210
41597
39394
48296
41793
21695
1892
20690
11741
8266
15163
27420
36306
31916
49982
33366
7746
8161
47883
6429
1055
30541
11686
5479
35761
5779
9167
844
26750
18221
12487
22628
28744
32044
44978
32360
30641
37521
17147
6700
22056
22310
4160
41491
37122
25411
18374
44976
21731
4463
19812
8974
45154
1307
9623
11820
12273
25067
8182
16222
26463
11195
19135
22675
34654
8414
26087
7549
41933
23753
14960
40975
6674
13934
25000
5128
48783
37366
24054
44830
43502
7620
9085
10862
14214
13755
40221
14430
34735
11872
30227
16869
31723
14730
40564
1235
39420
8113
11385
3302
15328
42966
20679
7007
27371
30971
9091
2601
17867
37864
23408
13753
35398
22473
32511
8964
18530
19050
1459
23815
43992
1866
15218
15231
3273
36658
35813
41792
11822
31766
39153
43770
4480
12559
8091
12122
37205
358
21013
8667
33105
9709
3347
12839
49293
14691
46726
14683
35002
15873
16383
37489
18784
33870
27773
15311
49634
9787
44157
38440
38337
8247
11502
25321
25159
32971
10190
7553
37282
49426
8382
35518
12620
10882
31740
41458
30754
4321
21215
3897
32539
8195
29229
43195
43761
35079
47038
25690
7306
2028
10781
12793
48991
44578
17529
24953
18276
2790
2394
31533
42361
5289
28305
8694
28518
13903
1193
70
17598
1476
15550
9944
13397
30931
37567
17466
10457
43574
41169
18101
24415
44171
1085
46870
4732
35627
45228
19372
65
19604
40454
46664
31034
8114
23532
14580
10761
48727
25231
45230
37868
44024
10396
40917
10074
40623
40338
48555
8910
6485
41407
29301
16094
18403
40530
11000
29414
29177
12745
25871
4599
12602
28154
12186
28724
3368
4914
48803
10106
9354
28379
12435
25616
34544
6507
46242
28597
37918
25184
46409
45574
27545
2861
2148
21412
45511
24745
32524
39743
5671
21295
46155
9278
3464
5484
3771
11968
32194
22169
27733
2696
29137
7946
31895
16658
13268
44045
10978
28165
14620
24018
25425
6448
30805
26254
46366
15039
46649
48418
47799
3756
37523
13968
28368
14067
35906
12814
2414
4309
20167
4426
201
48272
1693
9516
29505
10321
3235
39896
15695
42177
12914
35867
2030
29648
15964
27815
14989
9521
45025
48992
34362
39149
23302
28525
41301
23491
39851
48307
39358
37439
26375
14121
30833
18396
11099
24172
48000
7023
442
41110
34353
35628
26247
43421
25782
37152
38418
49051
8561
10698
42118
23613
2960
18572
12706
42306
4880
30136
3157
10083
3313
10194
9184
29714
48225
47860
11272
37177
44985
20583
37711
15461
8155
23739
16545
7257
3178
11520
7843
3553
15638
3076
19662
9244
35833
387
46024
30008
2077
28259
836
8053
11781
40260
2594
2951
22022
31331
40000
17728
31600
36401
43819
48364
36829
16268
14630
20366
36159
27129
31435
1484
19452
37836
31552
28729
44562
25773
9686
11634
40576
4340
44442
14280
32712
266
6436
22474
1925
47510
20755
16375
8504
13180
42184
22825
13778
39894
10484
27163
28938
11092
25768
23692
24478
19939
17359
12778
44272
7626
49444
10841
37786
43178
40857
11456
34615
34468
49082
37153
16000
49635
47002
13505
43632
17772
32233
20625
11259
39473
20317
256
815
34775
24984
26792
18575
23247
38946
42535
37433
7677
5515
37644
37692
5804
6804
11814
14657
23650
3595
45354
40752
44093
27238
35883
16589
28686
25588
894
34922
22646
43621
37593
41735
44566
23425
38076
49063
22931
46100
18545
7599
27659
18935
31536
28364
30107
9430
43938
24546
12409
26190
44158
45050
20920
2053
11069
41394
6975
40332
47630
39494
31788
49578
30847
27612
11322
21664
15947
2090
19279
5563
1620
2260
338
38739
14439
20865
20620
21117
43156
8576
18891
17393
36544
5078
26322
20779
30807
21096
38829
43213
20395
45731
18466
42256
1136
35403
36325
13881
9049
6320
35114
38108
29709
43345
49619
43408
6830
41099
27531
42584
28388
25259
2410
35447
42787
46759
7520
12420
25433
15442
19212
31339
28443
23553
25896
28900
29858
28585
41866
38631
19447
38734
19134
31818
40613
39596
6121
39657
34759
26080
11663
40922
11970
4491
28045
34224
1145
43207
28503
37202
11936
34100
6005
30019
3250
40261
24117
45656
7288
9322
15255
641
31735
40410
32244
18510
13289
37333
39242
36965
17020
29719
3051
44267
21465
4878
31567
29166
31726
38873
43707
30483
31989
23685
1196
22543
47733
9991
4731
5045
20465
26678
26936
20592
41503
33831
17713
8088
44629
44796
5459
49794
9043
11739
36752
44029
35471
23145
15640
18544
6026
10623
28895
24088
28971
14145
45872
3089
18979
45583
40138
21842
12065
18613
46699
18990
13315
41791
23400
32193
38553
42860
29085
42227
13893
13430
19626
25085
2437
228
36527
44401
24548
25400
22663
39547
4367
2259
15024
34431
36390
24491
27078
20930
39275
41385
42051
3809
18190
16816
40118
24646
43326
25529
2284
36583
18196
2521
34552
15441
16719
3874
24924
14218
45570
47923
18245
43952
19543
6301
35686
45455
12340
10766
33970
47986
17079
1066
27894
36649
2092
21960
10673
20898
40206
49787
43005
31062
44209
45009
36714
5387
22899
28323
11094
35527
43693
7098
21640
4517
13885
3310
7942
8733
49040
13393
36482
21533
9205
30569
24776
46049
722
29900
47447
24405
31224
49024
30681
31332
29063
26421
5294
46016
36603
46778
23216
8548
21426
43846
27052
186
22896
8039
3980
22986
16369
13409
45473
25047
44762
34523
26480
2772
8872
3055
13794
14783
25323
49060
40088
29460
24071
41480
2672
8037
44665
4485
9906
3560
1737
6454
674
41500
20783
15962
35960
34428
15380
12952
39724
29604
28774
42840
867
3579
19679
13408
18938
16048
17878
20891
16639
40926
36879
22777
4782
17218
35275
13146
27148
10429
38096
46159
9569
37007
14587
46192
706
48844
43730
4455
46543
37988
7770
33555
32565
15500
31449
4289
11403
41621
37130
17239
37342
20516
22573
14850
46960
42059
7354
18538
14920
43658
26305
35752
37183
30537
18201
44808
12584
40288
11566
35346
12749
15454
46616
48327
4266
17178
15119
13765
38742
23939
12956
9874
10038
25597
29920
4138
48823
10102
13820
39089
46201
30084
41408
22338
40364
47487
13601
46745
9819
13663
8618
30024
2930
38288
20661
29882
15116
45330
5754
25485
17923
5918
1526
23290
40901
10571
21464
20189
46160
39982
16980
48400
30218
19534
23601
34643
14181
27256
6088
49513
14848
26860
18350
7186
14148
37125
13526
18119
45077
22997
582
210
31260
20912
7988
24425
15475
36227
4874
6334
42090
2213
27015
20174
39015
41264
3407
23215
11995
40945
29239
46868
552
29911
2376
34167
33223
3606
26439
7106
27662
33707
46260
22863
48213
28180
6670
9483
42347
25105
14677
24836
29606
24925
35809
31160
27090
10856
8068
3426
14340
7990
4028
31321
24069
11023
43018
43964
3687
27281
30663
24367
37982
37214
18217
11404
47315
32626
14584
30390
22497
13825
8168
11713
11485
40054
46410
28613
33767
45548
12430
47984
14520
26555
5118
40816
40074
28779
29299
35881
27544
6832
28943
41324
35611
28398
2405
3885
26377
45824
29653
27720
22299
3784
29172
32734
17234
39971
31922
49884
44294
5999
47340
21012
5291
26052
15702
3212
16313
22327
19741
43493
24293
43175
12434
33082
13653
8084
7254
17860
27679
46915
19934
16261
8255
18340
41808
15462
987
7697
2999
47826
34098
8845
6271
29857
21116
38033
16926
4129
14789
42785
26796
19746
39107
12276
19071
44941
49112
43851
14704
30704
31295
24266
660
37781
22307
42462
3112
24232
15728
20572
31201
1547
32480
23714
34037
4998
45450
9355
3506
28846
44850
49479
17240
44162
44371
16642
33830
23806
26078
32130
11772
32659
21707
35219
27203
13019
18164
26233
28904
36670
5720
48712
14029
23610
5493
2156
47586
32012
32406
25510
38964
43341
32428
23706
28937
15604
1449
33884
11499
39341
30507
12223
45646
14977
40843
38559
26423
33889
2635
43302
20991
8672
49880
9258
37199
25552
4902
9696
28944
17033
31737
24471
35445
36538
16288
49614
11857
23088
48306
36069
8284
33455
21072
4581
45503
46387
9502
15986
15389
14109
23137
15054
21611
8184
21222
49673
34079
17731
45518
28733
22874
17734
49072
38998
30123
33370
40772
28492
21046
2298
23663
19698
14839
3175
3118
33834
12858
17340
41684
6809
23675
46965
37878
6288
36707
40031
45547
12469
22958
26605
8154
13925
15525
11957
6267
30152
46463
47591
200
40387
1902
24541
2673
11316
5588
30939
41098
35197
19137
2362
16520
40762
42520
39210
10998
49862
9128
46632
22574
37542
12204
31910
29421
21693
5512
7071
47180
25126
3404
22924
6154
14164
29567
27532
28335
38730
40650
47188
9459
15149
23373
3730
23875
21594
46624
13972
2135
22099
39016
41760
19560
479
31693
3547
48918
3636
24243
48793
38567
27665
18531
28417
34532
18077
2966
25530
13806
44092
13587
38183
46472
2379
40733
14314
47526
26715
36960
48422
4015
22269
46269
4590
450
24115
36565
41405
2547
8225
49779
11647
40606
17926
40536
10040
53
12905
46544
27474
27933
20045
21516
28579
10260
46278
17167
8152
9338
46281
2931
29243
4190
33892
36723
17146
18972
36528
42092
31281
15849
49222
40
20184
45772
41795
7284
3950
37345
11834
34607
1385
23363
35261
4119
428
46367
34129
9671
46314
1780
33814
10330
27958
39212
30615
611
26921
33104
5240
5964
735
48775
21444
33741
25216
19250
46998
16202
86
29625
900
40075
14842
41031
9986
44827
5506
18754
13692
4170
19997
6536
20832
32002
47446
2197
948
36531
28411
678
41895
10107
46262
35866
8019
18664
42046
9409
11024
20009
26208
10340
8634
18697
21122
47421
25740
31725
17987
34566
18608
40462
20228
47682
260
23139
17819
37760
26200
44215
37875
31140
31776
33699
3291
35140
16167
38092
28699
15516
3921
7994
30645
27364
28422
36139
23490
17563
3596
37746
35189
28035
21844
24863
47170
823
37703
32521
3169
9082
22362
20472
41972
41644
5130
27116
34225
25213
38467
48111
21880
4936
5339
3208
36152
47034
3006
19282
21080
4239
17389
5171
7881
618
12224
17441
39763
48420
34156
34303
3884
36860
21825
10748
36981
13387
1500
47476
26707
27221
26586
43053
13688
10865
44032
11693
38060
12868
36908
43361
32976
1172
36618
13809
14924
28899
45403
45543
31222
43061
36730
32781
30066
5287
11453
23571
21984
43547
12321
48157
49383
6754
2687
2983
41119
24084
7625
46642
40002
21694
47739
43021
39287
7320
41397
22519
12992
42572
38890
44274
11044
7570
47160
30794
29813
10749
31325
43616
4566
30848
6911
34331
23066
27253
45341
21379
22910
38705
23699
47632
21736
43990
2267
10278
38484
47961
6905
10742
19816
22965
15401
15219
22622
43154
21679
10000
4725
5462
46779
37263
34755
22876
31050
30580
23009
5819
29891
27462
48980
25139
13035
47960
19276
2483
21408
14559
25878
1146
25816
32260
28603
19616
29058
13940
25150
37384
17593
5829
9684
404
15901
31964
20510
20735
5445
20053
9470
11305
124
33601
13304
33231
45417
3930
49233
30873
6235
17142
21772
19566
18263
23776
14914
42329
12627
29928
4297
35789
37724
42843
9191
36086
9346
6193
22059
44552
19504
38225
39944
9873
36906
995
26681
10335
15376
44107
13092
45914
29903
8598
31025
37861
27805
24426
19562
1516
24778
5524
17901
44408
31559
463
19775
11731
24058
10577
4834
17516
43625
8392
22322
23617
46142
49461
47349
7283
13283
29379
18143
13532
13722
29437
13175
48132
4869
5971
26638
26626
28285
36434
30079
11383
32551
47807
7062
13221
19820
6340
24479
39612
22759
37466
46880
14002
20887
6307
13888
43228
26196
25131
34827
38295
42025
40784
27956
8420
23111
18110
23607
47022
2978
24941
24528
32195
12062
20941
5360
29747
16105
49542
34819
27306
36793
45105
46004
46336
8569
14224
12635
45588
10456
48249
8725
44264
49752
5341
1621
3255
4046
17021
47969
37901
12302
35568
37507
21909
33776
24591
39959
39305
18943
7996
14203
7121
17111
24564
39735
35404
46603
8366
46454
5886
12896
48820
39529
22979
26643
5668
13913
2581
1226
29344
20021
36593
15571
32923
1177
25421
46070
38794
28851
35325
2211
607
8564
19932
31285
38614
36016
2299
29578
49556
12845
4724
875
28179
9410
45349
3724
35101
17723
21132
4408
14486
197
35579
47115
48955
46319
48848
18199
31541
11414
48301
45035
43246
20765
10603
47872
13654
19570
44575
29978
37991
8959
12067
11471
10250
40011
26642
21269
11013
9178
17346
35421
1503
26453
35057
17854
45985
44617
23133
45613
40642
16418
2943
11482
27791
1572
40962
48356
35486
41060
42091
35321
28233
42167
9527
42466
43244
48302
46986
5425
3584
8038
9539
46718
43237
16750
14372
39124
39286
4628
45462
37464
43993
45350
25195
33290
12534
17613
36153
12475
27000
48032
24948
14326
6566
21154
11017
26468
40925
46844
35575
24331
2089
13585
10643
21049
19865
29884
6529
927
12256
35781
38563
13309
42117
18222
10554
7276
41190
24695
36691
28289
20251
13530
4298
18537
47232
32908
39650
14885
3256
38557
21305
25684
10153
22140
21576
29579
11030
34201
6471
29831
8256
38315
40706
25093
47089
8632
7165
36432
43225
7195
3634
32153
39640
35450
26071
41267
19225
5946
14679
24132
1588
43538
44522
18283
18957
41248
20314
11949
28276
32072
46580
24662
18422
35923
26395
47546
27378
22975
4637
34971
29236
19943
48790
25982
23019
1890
18686
47506
7390
46350
15504
15963
33802
22517
9203
3009
22903
43521
39932
34722
26203
3868
41706
19672
45236
22522
33685
2813
154
27038
18565
462
6504
40518
18498
7163
2755
17918
3411
31274
32722
3408
13545
48381
49743
22860
18395
24434
33662
46038
21007
37253
43895
2244
41847
8419
12391
38002
3564
5873
2275
3331
12531
23511
47973
10328
12726
44487
24469
42107
15028
1670
27605
49007
35957
25299
8498
22400
8735
6195
45676
18830
26335
26327
6569
13578
46936
23007
38832
38025
45734
19989
38007
31539
41365
31865
7506
21376
40651
39266
20852
26866
9616
11286
11977
23724
26462
5746
14158
40971
31942
43811
17807
11466
39654
39188
47492
45950
37633
30070
20038
22448
7956
22551
43864
15843
7145
355
48285
7877
21300
32512
46693
6636
32964
39397
34963
19493
27128
42891
20611
27850
12737
10936
11409
47192
32352
28426
7538
11327
717
2626
5431
38239
28193
44174
12440
34582
3603
23381
31162
6058
24005
11887
25074
15854
5263
34159
16905
49722
38709
36895
26873
40279
39290
41867
28537
43214
48447
46538
43825
36610
6684
41317
48069
35736
32643
35852
10520
20513
25021
7317
15225
42275
28078
39859
38652
18800
8204
13853
44586
37186
35529
4719
5185
44533
27740
3601
31765
34206
7619
1013
41043
15925
30763
18999
24834
46109
16994
35731
13616
35006
44631
34826
8107
6766
36619
35160
45808
3012
38444
11543
19020
26682
44690
5499
7510
12593
9555
40575
546
12147
12855
14125
14030
40350
190
23788
32979
1566
15278
47113
9247
10889
7475
15573
26844
9478
45102
22689
3382
4610
46750
18675
37075
3176
42058
30890
1859
5345
42503
3013
5756
32661
48575
45609
7462
40253
40013
26663
42615
7505
48899
38489
35872
58
16820
48297
16482
20001
10607
24372
47428
40734
35208
22323
22032
45161
40795
36269
27025
46572
35709
18290
35187
5753
49841
6441
7703
3452
42620
4704
2516
38988
40247
45469
19947
34840
36621
14341
38546
5259
34441
4653
17405
37935
20146
29522
32417
47104
28176
47498
47156
1945
24014
42064
44832
9953
32903
9904
29726
45782
468
821
27186
24783
38438
33695
31148
18611
1089
847
116
48441
38029
43540
31869
48936
6878
5505
17959
39425
47334
8460
19757
8895
22094
38004
35181
8367
6900
25979
40106
14740
3419
29823
14344
36019
36075
33102
31106
14283
19674
41311
45131
18968
39658
31635
34659
44161
25751
18386
9311
17791
28972
24599
45413
1912
29286
19499
28034
26652
27401
28190
41682
45948
35162
37495
12589
12532
42599
30491
43618
21181
15346
25434
4992
18635
6779
43314
25460
1446
13742
39949
36444
40515
37078
16475
5246
15598
25889
6449
33476
48014
42331
18893
16615
28631
49218
30300
15658
43159
21189
39382
22737
1336
45034
33100
7828
43496
21047
19702
3556
47153
17469
35488
25708
26596
11728
5258
21924
17320
117
20839
19531
14905
48589
7146
25214
36732
32898
24093
21676
17588
31478
14166
32968
23160
3377
26458
26782
35446
20952
31231
1797
7815
21720
29683
44279
34653
6955
16937
9037
14201
28
29114
35490
43998
4646
8314
1731
49129
48459
379
4518
30034
32026
25394
23187
27463
1109
46776
10988
2041
49271
5153
47638
43427
15609
525
44919
43844
15650
39457
26636
25461
34389
42710
41697
44121
40931
33974
18477
14512
10858
47555
1821
28151
17809
23893
6196
22707
22670
11528
26824
5224
42403
14811
47103
2463
40737
17982
9194
20793
41152
2282
31452
12719
6962
15818
1323
33678
34907
17684
783
37690
31329
2458
33539
26174
37826
28203
26606
25798
22970
31699
24482
20760
30616
16862
33593
9653
10606
7700
37874
8925
4578
13104
26026
27333
38773
33081
49313
3290
21100
11838
12997
22002
41878
17905
30139
9836
37193
26041
40489
9971
22358
13313
16004
37765
203
49593
18931
8923
40753
39239
22294
16934
3198
1725
46712
47670
15763
26623
12138
39291
2389
34618
40740
16116
15719
33238
22507
28466
21201
3539
324
49460
22205
43816
42659
14837
32703
396
49115
2914
37136
36195
40340
917
18809
42678
8706
26412
43107
28069
31778
9216
13244
7790
20615
32287
28669
4605
20659
23170
13644
5115
39196
27428
8000
26870
36207
8759
32981
25244
27547
28225
29991
31441
15819
28067
37794
4351
1681
20993
22808
14888
17880
39362
40855
10963
22555
15414
12653
8238
32237
37848
49885
9321
38761
35029
2522
24961
24570
22151
31432
48088
24279
23473
14894
30813
26974
30370
15605
33807
6600
9533
48048
38408
41551
8311
22128
46005
42986
29269
30680
6669
12330
215
29947
26400
40047
41839
49020
44023
11201
30421
44256
43049
24754
48696
11311
11192
38906
44931
19919
1230
31425
31074
19248
23625
35086
31667
20731
6112
5253
31582
11432
29976
45663
41112
21553
44393
8945
17196
42886
22106
47715
5595
49044
35383
29045
22657
31768
18673
25503
49476
49627
41698
3165
1457
9274
40588
17155
10425
2683
32208
28663
26983
47537
25991
33024
45173
9917
1589
27520
41730
45212
26316
15105
15472
13886
42165
31976
12456
39424
2444
11983
5255
11590
46808
28297
20461
2676
39527
13514
12786
32201
1650
33580
33850
20130
15080
37956
21506
48539
39313
41567
13760
14915
30670
10506
10405
9513
35634
49152
29780
47016
38677
41120
36934
27836
28184
29367
323
26607
9582
36990
34512
16512
36746
48810
19903
28097
48944
46497
21743
6508
10949
10123
19859
43594
47533
11799
5700
29475
32596
39579
6578
33887
35313
42483
25225
36274
37394
23766
20296
19666
29374
48350
30472
19722
17214
31183
16099
21601
14333
34232
35201
28037
46961
7544
38400
2984
39588
25275
30904
6920
4799
8097
30571
21895
18680
25265
4110
49132
13296
32148
4332
5206
29680
39629
21737
47375
7893
25191
3619
44064
30395
31130
7754
18839
23496
16098
7334
31459
48328
28573
40972
2928
1640
2337
6229
18116
6789
13602
6442
49306
1094
33649
35359
45312
5589
19004
10913
30229
8818
12162
47953
12477
25931
29802
5942
43988
8444
46430
22606
17119
2136
17139
38182
47577
11609
34131
40894
10622
30417
41850
44390
27265
9730
15372
5
19077
2204
3856
11304
26364
29136
9413
33793
14284
30629
12966
40158
8308
49684
7099
45562
19440
1704
35862
23329
20709
47796
34103
34390
2152
21432
1225
329
25271
30121
11465
24857
14128
431
13051
45719
31969
3549
23964
44379
26925
38712
31342
39455
11422
48695
11523
30410
7606
46326
1295
16945
1807
23812
5719
47448
38131
43368
31093
28287
49806
5321
45098
31044
32032
33584
30078
49054
30658
19774
19343
8593
35031
25229
4083
6216
45857
38157
49369
2031
27521
19728
39525
8783
21334
2223
15495
23606
24435
7951
16489
22127
27608
46562
48896
38933
10675
25746
924
41423
23541
48202
44407
33856
13042
36552
33456
32053
8394
27017
1662
24361
27705
7034
8711
32448
28248
48392
7199
36436
35429
28216
45383
36437
30660
42746
887
37223
20984
10054
26049
22074
49640
32666
42285
21647
36278
39041
44954
35327
45076
33244
29824
43994
9732
16318
6867
22512
7631
38322
8471
38577
49407
18012
10156
3638
26838
20404
19192
18327
42969
49012
34506
1326
18030
6850
19312
37681
46824
17715
2876
37860
41920
12849
36955
43365
644
30406
30046
39450
31448
41688
37043
33921
2968
42872
39919
38211
14592
18209
15608
5487
36792
29732
10277
6618
9629
531
10497
44428
42935
1381
45082
36637
6030
37906
25944
48050
19207
19497
33220
24384
5015
49408
3859
45194
17373
4945
18001
23945
29278
33771
16687
10994
37024
36053
2479
12923
34911
33432
28249
40652
24749
35375
15131
44550
37646
6495
47291
16778
47584
31326
27503
25958
24448
35695
23515
30581
17463
27451
38878
34569
24252
11892
38808
11171
9536
5439
43243
12683
39283
27993
42591
45289
21494
12773
31259
39759
25038
11419
33718
44019
24684
24274
42066
10325
45998
48255
7311
45538
24929
25276
4369
36522
41459
34813
11583
46889
41958
43222
41645
43814
24890
17863
9276
46233
9298
35755
22347
40984
17348
9890
8044
22644
45953
11227
4038
16812
11863
8982
13501
11323
768
41160
34515
29382
40833
42943
47990
21989
13291
34444
47916
48490
32209
27266
42802
32995
3140
42742
14935
23512
34579
16471
1328
42552
22999
43216
43153
3671
32159
45192
3458
31712
35576
26079
24611
34716
46483
35688
35878
47685
2993
46893
18944
39403
29395
12392
398
46597
18700
40282
30777
17995
19428
23564
19507
35407
29324
18450
33923
34278
4307
9706
45904
19980
43337
8370
621
14517
33914
19547
12212
5817
37881
34947
29638
10663
27580
11447
13450
42595
14119
36360
30448
30659
4447
23001
48435
10268
5899
21531
12716
20672
37308
47919
44517
42530
34429
25322
13572
28298
37530
22567
37804
7765
22053
38821
42370
16532
19338
30128
19335
33051
12258
9734
32597
21716
3023
43274
41648
15529
26826
40788
28736
46370
45176
44649
14565
25897
47302
10009
14944
22674
1286
28399
30558
29117
43419
42769
30749
11702
1777
43855
35823
48504
738
3529
25831
19096
37279
26293
38984
8996
41283
15909
10650
1258
11661
27587
21630
9676
46490
2023
20498
39434
37793
19851
14142
8757
38367
42947
47425
15068
12219
42626
21420
40167
43384
6310
24525
18854
2992
31963
4562
31150
48421
15974
11690
21346
17232
41171
37598
32380
4690
33747
31957
22192
11740
6946
26169
2809
14555
40560
29614
10897
48785
3538
16314
2733
32863
41128
3977
47604
8332
14756
15229
19724
38132
37404
21324
8294
32769
7593
41687
33403
41472
4574
22575
42495
14545
17390
33283
32018
48857
18720
100
8496
22068
29099
27164
21776
37925
10035
47067
33787
24210
10388
29408
37038
23891
44547
6498
28927
28548
17706
33665
2642
507
23112
24616
6475
12776
22839
12151
48276
6690
1049
34809
44612
1234
35560
14774
44318
48298
17671
25201
6335
6359
48959
7743
20686
15761
44618
14312
30132
30697
45487
21951
3544
36354
49889
14362
6689
36172
8257
25281
39081
2588
18237
5031
14440
6512
19329
11746
47855
2171
34123
3581
13031
38748
4466
28575
35056
29941
15011
38317
1901
20456
2209
36382
5220
15044
29571
22838
18705
46183
47945
31640
34172
18357
34121
5394
36722
20925
25786
4197
771
11697
38529
5104
42371
25713
44880
36461
14453
6729
14922
9405
2917
21857
14968
35547
47558
28457
21014
3744
48551
34271
7477
47667
10112
2470
38445
16496
38999
10466
36797
39500
1245
33964
42887
23790
4762
47467
11909
25481
49453
18275
40893
30640
13732
5908
41428
30817
24446
18458
8666
19653
667
27376
6591
4509
48568
32877
29662
13113
17910
33316
18069
42959
28718
13029
36141
30968
49354
8886
11994
15657
22315
17873
8676
4263
33073
8952
10118
27414
1822
8844
8534
37039
36369
49689
21045
30178
22113
31290
5571
44929
15881
30435
4763
20283
43985
25149
4025
19885
25414
47044
26958
60
33917
19062
1024
18342
44968
35552
13459
24669
42169
28392
36114
23975
14987
5808
46120
6260
20570
13307
13355
10306
29527
47128
19597
46289
28628
23762
27755
42175
27988
3779
7249
24604
30736
30427
49778
6033
3135
32959
20842
46208
44811
21418
11568
30900
2684
22381
49141
7959
8786
15052
23730
12042
4730
30560
35506
34964
22693
33022
47174
36313
19138
29818
8291
40742
33646
16483
20651
20962
48252
35344
17646
36936
32878
15484
3742
37785
3532
26697
25480
45748
39515
18812
49172
27939
21262
31220
33096
31161
38052
6873
32150
15374
41692
33849
24499
16885
8955
26342
16690
4477
25862
28532
16469
18329
32189
17950
40745
40960
20682
23405
4973
11565
44406
20856
39828
21604
21108
20200
24913
5941
41198
34106
20876
30572
31876
25501
33903
8049
33499
1300
40265
14099
33961
39792
21026
4165
37008
13332
19556
11119
11719
18436
1927
9875
16626
38082
16254
49214
38352
18739
6095
4545
19992
45138
30198
8869
28750
49984
38226
47737
4281
1614
49447
34514
19697
5047
16740
49871
42652
22370
17603
46422
34246
20754
8036
4622
2768
14941
31830
31132
13859
25270
30895
44815
46660
45203
24242
16448
34976
37259
47318
11941
35193
32870
13162
19368
622
47063
15247
34210
47967
24764
28330
9772
15696
23758
13231
29575
20050
9665
38446
25632
40368
49229
27311
43578
33202
6109
28520
22748
1730
26040
34286
8603
15009
4659
19808
47625
5821
45355
42270
22760
24690
34891
32105
5977
42903
45488
39148
22062
43039
44759
18384
35142
11907
35377
10343
15228
188
8551
41156
28182
40213
330
22586
42824
39032
21311
37529
5766
39136
28824
41322
31011
46359
48620
27335
39684
38403
37858
48194
43328
48122
7928
4074
31641
46190
41898
27947
12349
14521
36408
13983
11573
37536
33762
40726
11122
4894
38095
19772
39095
37628
27684
29783
1583
16649
39460
15004
41930
868
44909
31186
45746
49108
27690
36907
48760
12266
5035
43680
5295
3679
38953
8312
45924
10621
13761
13254
8584
25519
26021
45425
44211
44608
4727
25643
23406
9537
9610
7935
15216
20638
29866
34031
47408
22826
14416
33412
44289
11709
11580
17640
19268
15452
14909
39736
45662
37795
40441
9575
17704
30544
18790
10059
38213
17749
40987
19298
38344
43080
21881
9843
5384
18549
18630
18062
44293
21665
22000
45073
29259
443
2411
19669
2776
25199
38488
8981
37752
19262
7655
43023
31683
26428
37997
32100
6797
4357
27362
36839
20095
15612
41823
1886
17897
8763
19129
30119
9361
48637
29079
10690
28024
19684
17645
13410
10868
15603
7776
25821
1102
32075
9858
25432
47889
16106
24075
9649
10527
27178
29629
24430
8310
31440
19284
17736
41261
29411
28118
22394
9333
24310
1682
32934
18756
7290
21194
15570
35925
41585
41534
19475
8303
22415
12252
25237
37754
11535
7792
42213
12629
31125
7706
4481
48041
40136
31288
20602
29640
47528
24386
11939
39754
41426
32494
49741
32630
44443
619
21114
27150
5874
23080
37498
46601
7498
18213
34000
43475
26547
8828
19904
20859
34536
9081
46378
13737
24110
31043
6190
3134
3797
24829
11379
49296
32806
39491
35269
11134
24756
36674
7918
28752
36667
3495
5062
30308
9136
14132
36468
5917
11986
20254
46470
28847
30456
43853
45523
32758
48851
41835
10239
31433
16701
15223
29386
22678
48994
25808
20178
18612
33925
42653
22241
42453
14879
36287
13977
16999
22953
36974
10055
15242
12213
31893
8429
18567
8630
42022
33894
11307
19419
33524
27569
1590
46845
42835
41149
28831
18667
45685
18762
33732
38867
4172
3790
36665
6915
31629
4912
22149
49049
33122
10867
23396
9619
29589
34350
8372
4141
17256
47763
35397
8800
8047
11388
41566
111
8739
3241
3873
11101
13813
16137
17500
47209
39295
21926
15611
40059
29986
37108
42009
20089
40161
36735
10778
39765
34805
36942
6256
44964
20560
23787
4453
8318
11370
4665
41063
1772
35684
43122
42965
21196
26934
8937
11339
46792
8190
30724
15810
12201
25945
24639
13331
7958
8811
22377
33879
336
12996
49109
19703
38439
48625
32962
47058
29213
2615
45698
26414
26081
24887
33217
30324
45411
14269
17343
34883
17632
3156
20712
41814
41737
4085
33312
32340
49624
15396
13503
37545
36371
11989
198
28247
17911
18236
36814
44831
49273
40451
12044
16628
1551
26641
32504
11309
19131
17477
10848
32610
23341
15989
16834
14838
22463
14141
37319
3106
17519
22668
32566
45100
13779
28140
11862
21239
31528
1441
29658
49265
16948
13204
22359
44416
42055
20223
11942
35148
14170
44806
3899
5260
12917
10956
49555
26651
44314
13500
34
28843
23771
43038
47158
19132
33066
34168
10057
38737
14813
37479
5737
10474
27277
28701
48770
21914
1078
34222
20197
41434
27607
20496
42330
16462
38320
25444
11825
24322
35503
8921
43638
31456
30990
25675
26441
41822
38292
30206
34684
44749
41918
43575
4791
9315
1468
7159
33491
15306
49993
18501
13194
44646
647
25978
3438
46696
4464
29469
9492
20478
7111
10345
11172
4919
34369
45899
38233
9968
34193
37552
48564
6451
22667
40802
1105
33164
1860
41113
32547
12211
10255
32633
7947
16966
37508
22031
23045
38272
33192
6275
29
31359
10786
17090
3663
7224
18049
20609
18926
38374
23669
18111
40478
47025
24772
25974
12859
22682
46594
28836
39071
42794
20333
4994
26452
17925
40399
17271
13510
30454
44839
15209
29359
43889
27991
39053
18390
3962
38664
13884
28087
47021
15853
29148
22968
21561
26722
19158
34094
75
35555
12172
18081
40342
4658
43786
10530
44477
6814
46892
17943
26048
21276
7816
5959
7642
10010
23735
4674
47841
16184
38782
2345
41027
14629
22890
9156
4098
8214
33203
7650
15563
9154
12936
31238
41994
25954
23395
6290
22523
79
13477
12655
17327
34249
11652
5954
31254
7985
35212
39371
26488
38426
37685
3863
44640
39180
19316
1778
20877
1721
31413
10355
36804
11540
40507
9364
39237
29141
35645
22913
44335
2890
3325
39720
23805
25175
36897
40216
20904
23854
44977
3150
17698
35200
34896
38126
42504
5353
9954
22480
36493
15071
28830
27915
6137
16372
16640
30957
24579
41672
42190
16273
26742
27251
22160
36884
47512
1478
39453
16734
25492
7225
43528
12812
26842
49202
32919
30803
8927
12581
3954
47914
24057
23818
46364
31473
19101
36534
1156
29152
1452
12142
125
4089
4037
48534
16275
11054
3316
27586
2796
33442
20349
21267
12502
35858
25545
25788
6954
33854
48116
33950
27765
38780
45536
42784
24051
49075
577
8377
24880
44226
25567
6337
41915
1288
13202
34550
48502
43276
28726
40655
415
30231
46830
10455
36950
36952
19200
44845
48148
39462
25820
19779
8226
15439
42928
4402
31006
19314
7444
24972
43231
14860
16299
38788
30677
14566
21851
24577
40992
42249
40173
5262
8400
34668
37791
37647
13451
3476
6692
37117
2130
28710
21861
49482
19332
13212
1876
13627
40771
22356
44802
22546
6907
37610
43647
40208
26731
45994
1595
40608
24843
46760
30586
40610
7618
13492
36212
16702
42643
41069
37843
37112
14470
6856
12582
36733
44598
18794
36629
17131
11299
36597
20532
161
38914
25869
7747
2056
49512
12221
11430
18419
35826
8432
33641
24219
35023
29761
29904
22955
30910
39507
16826
11667
20533
32261
1363
29753
37304
38316
28507
22061
35608
36881
33652
43505
26980
46784
13488
344
37909
46464
41622
49785
16192
12271
44083
43016
3460
42413
3804
49866
24144
20990
33044
10339
31423
46996
10065
3684
33481
4897
24011
38106
39168
36026
29586
14221
4339
45115
40120
31672
18028
18578
2572
43281
7568
12079
36154
46971
10089
14287
47611
40317
26027
28565
22590
29327
25228
39898
25407
13161
47654
3781
18662
47244
16990
2586
42927
24846
30418
43089
15138
16604
8613
22070
2833
44922
32171
7849
41378
36011
35563
33276
18308
42502
418
43945
609
14161
26424
46295
23308
28030
48271
8369
13941
5124
6494
29292
28720
48034
33902
1154
49399
14278
7082
2419
439
40591
31982
31705
17306
31003
20072
48378
38111
1042
26482
23900
32215
36880
14846
33234
48830
22957
11497
1138
49829
25042
23772
17668
30510
49212
39967
45829
15518
28500
44339
6194
11218
7204
28776
38955
8415
36606
21591
12658
541
19478
4156
14010
3879
49067
20482
16878
1311
37907
34508
22084
42834
48756
23691
35974
33008
11618
21005
45482
36640
4488
19549
7061
32250
46113
23195
12882
27534
38865
45712
11313
15619
29819
13544
43110
12755
23703
35947
12922
32784
34503
12403
37293
48310
5242
1077
41926
41118
769
4848
18295
34674
44465
48674
12599
19061
25650
34192
38686
2920
26749
42919
11538
30488
49782
18243
42247
1978
16517
4372
30665
46187
28582
44014
17166
6410
12511
11965
21542
36138
1498
12284
5030
15182
34992
18649
24160
7485
5193
20524
1657
12418
37855
23262
45091
960
46629
18535
17544
30753
38372
2555
26205
30855
35498
475
12887
41516
47874
37531
29801
9534
40246
31187
14816
7693
34966
39819
37964
44311
35916
27112
27546
11062
29561
16150
46446
25307
47019
13703
10953
8610
29362
33826
49021
19114
29189
36542
33942
13156
46788
45384
11248
33625
4809
1483
25525
17297
1649
12198
19449
37174
36657
5005
45268
41928
37894
27809
7453
29364
22746
30299
22845
27037
4582
40291
21589
10312
34660
46207
8349
10051
49259
45063
47119
37095
47534
27978
10323
32558
6146
6571
34758
25043
13966
29710
5038
27506
24947
27777
18760
31070
30343
24946
8028
22588
35876
42635
15433
24245
38420
7532
24698
25190
6691
26117
34714
12521
46075
3490
4236
27973
2829
40946
45279
10834
5367
9395
33818
9148
33966
45952
25193
37207
30815
30286
24223
39347
3486
45529
43363
44485
39132
32810
6746
4629
31617
19090
35617
35508
7128
48102
11423
1794
31384
39911
13661
32224
1999
40545
36101
32085
19296
49025
32864
24019
11185
42485
21847
26283
44662
2623
656
37132
31912
33567
19115
13875
25964
3143
22275
26640
40704
9496
8873
23904
43515
43542
27757
29916
43590
28614
44127
910
276
14773
13565
7408
44315
24486
49721
23273
19362
4832
24535
44365
42761
4424
30702
36841
17291
22994
13669
40743
16344
9742
30484
41656
271
20915
25079
27464
42841
28802
26736
27565
43206
12680
10232
26072
2318
26810
37573
8425
27034
31507
18402
27828
2434
29674
3751
26357
5145
49400
28007
40517
10091
35426
18981
18735
17270
15232
289
8197
27573
18795
5639
22625
20573
9126
6323
41619
4120
30672
49493
48314
12816
31395
9163
1512
11549
1289
37871
35448
21130
25916
43967
45085
17099
39872
30412
25245
20474
19435
24061
15260
2663
24671
38333
5904
9796
34262
16251
37004
18070
31952
24366
7910
37631
47303
464
13417
40983
38515
816
8381
30818
3102
41914
47929
16746
47964
22908
49038
22548
31572
22571
27001
16360
13472
12783
15507
1039
38692
45113
41170
13734
48155
16505
36319
29981
16419
44807
9882
14692
18039
49089
6061
19484
36764
16290
16784
15264
12614
6076
1070
14790
9985
3484
14464
36758
36178
15885
35207
5975
18440
45807
30577
28676
35904
9106
22417
49073
8357
37595
8977
47373
19198
14769
37437
24908
11548
26899
11294
49921
3599
5292
36997
35172
6641
41977
2329
14209
3431
2307
36148
25660
21448
15689
47027
32857
15813
34985
30393
21510
47075
11472
49692
7458
28670
21190
41626
7024
46158
36307
25502
17520
22623
25915
170
26752
32447
31273
23181
16264
37110
32035
42532
7786
49734
44508
34686
5358
6556
39637
20766
40154
5546
22324
2550
46167
5322
26951
12971
40559
20502
30188
31505
38230
42164
33261
22273
5970
40361
25364
38830
23454
39111
47130
30039
4866
37329
42230
12520
17293
80
28714
33423
14669
38812
22790
31255
42997
3669
14946
11841
45745
5386
19389
26927
36776
15300
402
12642
35998
43531
1422
29735
20409
4968
19261
3567
14458
725
5216
40997
4546
15140
39576
7234
30086
24044
34946
47073
6084
17889
5620
44277
4131
26262
42825
36183
29369
31909
38897
3435
9754
1771
6807
37215
10420
43145
35336
24839
28848
2912
32290
1699
8403
35727
18645
44793
1181
47279
45520
36383
15519
30138
11389
35971
2358
6624
30914
43437
35541
24346
33478
45894
23179
14092
4569
10907
22023
29186
49175
17061
42639
32061
8189
41262
38026
46747
5441
175
13908
22753
10977
24531
32550
29338
27979
8889
20556
32752
25614
47253
6361
2996
23237
45861
49323
17458
20646
376
22872
38290
49716
10481
15142
46415
8328
27328
9945
27785
23880
49295
38070
17158
3760
45474
49636
24485
46008
3844
42731
48481
27735
7294
38054
31102
1428
39442
6663
40300
22112
9830
35969
3854
10945
45893
32474
30464
40695
31767
2107
22645
22607
38672
22143
2576
6685
26526
26700
32648
30429
13745
13182
7112
2964
43800
45864
16453
15468
5311
25243
22223
6543
15127
43963
38992
48536
40044
38717
3025
43720
7899
21735
33373
47597
49691
3664
6407
24387
21226
31024
18313
47718
40844
46211
20343
11972
180
13684
38527
9951
38198
37071
42780
32403
45274
44910
46220
1686
3783
2198
32739
11796
43914
14358
45781
1898
18063
46550
31899
2779
6671
5986
40950
29541
31219
15798
44258
34003
41987
8637
44474
10540
37989
1504
38729
29899
44554
19347
44627
9535
32636
21385
28707
22804
48574
12185
2610
7020
28454
41310
27267
36108
40897
10780
10436
36510
27661
3573
12220
8625
23489
41553
39497
49610
18604
45865
11434
25913
17409
40698
49193
14864
14380
25736
15913
46196
4556
22949
27469
32271
45340
20070
15339
23471
5973
39636
2218
8325
49749
47822
32400
40380
6888
35234
48492
14449
46329
12437
35602
45071
32657
15443
565
19191
34162
19536
12480
11984
31061
36725
14363
29650
11755
44030
27110
28306
4585
28143
36022
8293
32601
7772
19950
19879
46238
49464
27299
18947
26137
40846
32402
49944
38673
22769
46205
2977
42310
9584
19797
20109
11090
2301
24959
5174
47091
12015
28464
26353
40294
29300
45345
29729
32253
3312
20057
31645
7829
43166
33915
5517
28735
24321
14557
27529
43725
46407
24714
22718
5330
33909
14538
28255
40933
47759
40148
41114
27098
35054
25412
35598
13539
49475
29869
21663
15621
23392
42592
30673
42014
18728
48200
46294
39301
18167
20380
34199
42205
23147
32796
38241
35676
36004
21159
35304
43525
35791
45546
31242
10561
34772
33886
27089
21271
49994
34404
37731
9871
29849
27354
48512
9009
22621
28359
17307
42711
48971
37346
11950
11858
38256
32671
14026
8821
11075
48473
9698
1263
37359
31401
34844
12360
28213
15961
48246
9862
49786
24726
16370
34071
9679
6353
32117
17602
31741
32356
9952
29081
39560
37492
21899
42737
48662
41783
40456
232
39710
20117
21536
3056
11553
14733
9224
29600
891
40129
28994
23996
4681
42693
36627
610
34152
23342
38877
29438
45360
45683
31096
33784
48169
23365
13576
3871
11180
25894
24936
26097
7258
23324
25205
42647
221
40803
34939
27731
16565
2147
35912
27502
47886
34359
27804
42765
17538
1799
17088
11896
3301
14052
23721
1357
5609
34084
19317
46111
166
16341
44309
7329
21077
21745
34452
12210
3900
20432
16125
19587
12169
18058
40064
49013
12764
1991
23952
39413
21204
27284
40394
25171
17251
5254
37867
33204
14913
28136
35910
14198
47937
12228
39000
878
37821
37050
4184
35019
31116
28204
14276
42389
21512
11493
11071
12826
22611
22063
47829
45858
32081
46212
6085
13542
23523
12942
20431
15562
757
10193
43683
20028
27040
20132
11584
2936
46938
13869
15176
30941
10819
3971
41628
26576
25686
2865
45939
5693
6762
22107
49755
19665
40731
32595
43338
20605
42646
36235
14776
3097
31756
31919
36624
18716
47317
34102
44932
49941
26858
1244
41017
14115
31764
33985
12123
20336
14956
28868
12032
25976
10120
26743
49729
31076
36848
14252
8269
24855
16019
36248
44178
30142
48077
38242
16897
22229
15887
34728
28550
48661
25608
2633
43557
10096
15830
26435
13595
40307
19136
19417
45129
12950
19768
11955
5117
25311
27046
36420
29750
8397
28471
48866
29532
19826
30378
19503
14988
48584
26808
11794
33734
44752
30027
41549
42156
49799
28053
48452
41050
29178
43098
36284
10338
44509
33753
28033
34838
17648
34576
12292
10611
25419
1669
32567
16580
44086
155
38646
33782
7419
19043
45941
10267
18610
2481
3973
20386
20944
24607
14083
41211
48058
44008
49017
45647
20505
46268
25044
34557
43234
5154
45470
23030
32102
47767
36819
10652
5108
41238
9718
8438
6875
32008
6333
47268
32620
3402
13534
15141
47863
7519
35122
5039
7394
16135
49010
11561
6230
28121
6654
20385
19271
18448
5840
49459
10444
35318
23494
8205
24122
43630
32925
26685
26809
29423
9531
23794
31205
9204
43978
17363
45578
25422
38884
18513
11674
36930
1474
15922
11400
12257
46091
46304
31343
11659
7029
16366
13186
23933
21216
25591
26433
22513
33417
8953
18674
25479
47495
27838
17475
45619
45329
39257
35976
8761
19555
17187
36890
46661
28260
46231
23909
20350
29012
19731
44730
5832
16986
43072
27496
44711
44981
35702
17310
15019
46306
7585
15720
38148
12526
11158
9943
20759
29998
2889
34611
27232
15860
36246
1825
27288
43756
42446
29298
4985
8337
10476
29718
16424
27242
23453
45964
31403
44340
49213
7158
28795
27593
32498
37
38487
3137
15128
17534
43592
49368
9618
47452
40825
22454
12946
29841
17048
11491
9445
31644
20698
15815
20318
41586
5889
4924
7879
20245
49802
14425
40646
19496
46725
40324
47781
28738
44497
8087
2146
4528
29757
39385
26141
46101
12163
1793
46095
48027
32051
4433
24854
39255
35308
17069
43968
21266
40761
49683
6817
26252
13757
33484
18556
47117
19098
12903
24902
18842
30280
17724
6060
41565
35855
12383
37959
33322
22743
39025
28811
4789
7217
47521
17690
23536
16310
28185
10452
19801
30920
13621
5376
22230
36791
46604
28748
23581
18894
343
31022
49564
6460
33820
13321
32502
28366
19920
313
35589
43415
44263
40628
34256
40049
16242
27583
38930
13810
3225
29811
6577
22964
10441
38334
39909
27323
21643
31959
16703
49186
9926
45426
43390
21180
45485
12193
45369
20118
4828
43692
14513
319
29691
25177
35524
39219
46627
6152
46471
1379
8924
30077
3839
12765
4174
38591
37331
10296
40829
45211
28460
851
15265
4824
18693
21137
17095
4554
32812
39502
11923
31123
30887
5120
27218
5923
44993
29128
5670
23116
37949
49646
33252
33545
21750
22486
48537
14506
39960
11641
3153
1213
41961
28737
49873
29647
30972
48963
27075
33956
16698
8653
7993
23856
27913
2898
47641
15297
16345
28490
1785
15040
8771
13982
32387
38423
89
14047
43279
13248
46419
1417
1370
7253
9014
48608
42136
24406
24283
39719
15596
20273
40142
10477
9143
7185
34632
31038
46103
36267
26542
29919
27211
31476
17115
15355
42420
36684
41998
48675
14516
37025
17898
49474
13323
43352
27604
16686
26932
15456
31490
15010
30442
41872
13831
25612
34057
28791
112
38562
44454
2533
890
38607
43266
42722
34697
3665
22440
42488
47668
27047
23051
46230
15045
37082
6011
9080
20764
28104
17781
21565
40484
14609
19005
290
15747
48426
18124
11716
17697
30610
4040
13478
24164
36340
48411
31682
18833
38545
29093
26880
22159
18186
13738
13531
18975
26306
12621
38057
17304
32650
49797
42409
28234
3644
11446
24804
25780
38049
46150
8596
45099
16560
42640
31066
31671
43606
16636
49544
20564
32611
31390
19640
9387
6874
21200
13679
22720
31054
21939
25008
49687
3234
44745
45353
25599
15932
45880
5861
43336
11930
45256
9560
44529
13441
42588
41000
19233
29982
45308
48312
12702
9302
40098
31350
14984
39430
21752
1852
22388
17682
13656
38912
29343
41834
8374
45128
49899
294
11809
26602
23527
32378
13465
9757
28463
10526
28552
11373
47045
24868
41347
18517
15876
30830
5586
562
14027
18876
32246
18337
23712
45639
7560
11262
31393
27258
3304
41077
12026
10938
40357
34988
11442
3434
21436
410
36870
8243
25260
17435
15096
21411
13008
30978
16327
406
11029
45218
8866
4059
9303
41652
20798
31685
46858
37621
30285
45447
47167
16435
47608
6792
14054
31031
46837
32483
48160
6942
26522
38961
5750
33874
24255
24440
42419
36149
4344
6369
16460
7546
29160
21145
45075
28158
4325
2182
39860
24561
3733
35774
43342
14902
15476
47217
27133
661
45539
44580
30735
46702
38629
8665
46361
45765
36285
24457
18838
25204
22906
31503
33454
26945
38662
46305
47854
33266
37231
44266
18219
7970
22881
45750
41362
35094
5165
34417
1919
45309
4687
28277
4161
37488
13868
9440
40482
40778
38300
2052
28722
25493
15481
26933
41550
33350
16543
35481
28671
38549
13937
17258
29896
24985
36312
11727
45965
16891
48432
13184
24840
47629
28023
4086
39011
40620
11275
42836
17134
1541
39578
42957
40124
36268
49594
20364
985
43048
14157
9132
12572
39609
48966
32395
14025
18015
21341
18518
39176
12981
39359
22673
27512
34604
13485
44784
47983
20104
38311
49979
42492
832
49064
6764
4392
34422
28408
39770
23802
43601
32694
43388
5740
11445
21021
40995
21839
13856
20737
19223
13124
11009
22395
8900
33618
2380
32651
29755
12940
27151
34859
12059
6157
4275
29335
18318
2078
30716
1481
33517
34815
12424
49217
42314
26224
43584
30609
20425
39007
6564
32984
351
23895
49
41695
37049
30247
21439
43677
43793
47940
6534
11906
5416
37585
48222
10689
10736
10423
44438
39512
24562
44996
47749
18365
16880
8559
708
41061
2579
17381
25435
33744
15852
36080
49272
27651
48070
32120
49952
11005
12011
36683
1910
3264
21170
12935
23376
26181
13377
4440
41520
32691
1298
30750
21965
17490
49718
18929
11591
8650
25907
21223
30306
12968
8264
14274
40205
163
21503
45642
34200
41161
2685
15588
40723
10002
9540
10875
10081
42316
17850
29009
49527
43471
12181
19718
17200
45207
30587
49176
42159
10795
4541
46521
23035
2707
2480
27697
43441
5905
13958
18787
38513
44699
40407
18168
12768
30114
19485
5803
22528
37378
47088
3428
46934
17890
27655
7385
40776
2313
12664
48079
29588
44689
43956
16559
7088
20768
8421
38248
32302
34625
18341
22445
5228
7058
4210
40979
18601
46300
29696
45185
14761
36692
31535
42133
19577
46994
37111
1651
24699
5468
13680
33443
105
8697
37723
29821
16700
7382
33160
7085
35232
34081
16220
28871
45337
41703
35507
28375
20298
6285
16856
9973
20204
35177
46832
46061
10885
7864
48525
21632
8787
41178
36412
5179
19318
8932
38172
7725
9781
25182
43607
12564
3000
40455
32276
45537
42302
19057
39846
31770
24195
19836
41047
19630
11268
9658
3754
49793
13028
10911
28617
26051
33563
48535
49225
2903
3995
17822
5209
9102
10954
48723
33052
47256
45871
45033
5853
28318
25101
39572
48736
24403
21902
194
41677
39535
591
35184
24741
21607
49954
3307
3578
24837
31707
48999
17919
30374
46614
8300
7584
5751
7122
5109
21361
45284
42144
33813
35870
22820
6314
4026
46043
41608
35600
15387
24992
40812
49986
25879
6029
14055
33821
1926
49706
26823
18648
49861
29107
10656
46983
38697
46687
24186
26489
3049
13220
42713
19275
5701
23743
17521
10377
615
22638
47694
23602
4128
36857
1152
6403
17606
44528
8396
3836
2232
43210
37203
49424
13442
49001
4758
10599
20701
42687
12270
32615
29221
36041
11878
13758
47187
47731
17929
11645
29795
6638
14755
14855
34521
31286
23115
21586
39838
23782
38954
4378
29514
20945
42587
38236
32322
15625
38235
10876
4133
49661
21055
508
8055
36323
45912
42651
22631
14746
17077
27262
20882
30334
31068
41504
27194
43182
36712
23222
15226
20179
20235
3094
36064
24674
27511
42319
8196
35499
15314
8278
17891
44286
1544
46540
7708
1530
27753
3609
28687
397
33511
22930
22399
21558
15577
42688
36463
17045
28549
48557
43826
33466
24557
46751
11914
3242
8286
14022
25558
7979
38535
33628
31383
7582
38582
43037
10353
45793
46424
8129
24940
20374
18364
20442
3519
22702
38624
40596
35720
28209
12113
14697
43930
8749
24921
1006
31174
31677
25891
15791
50
608
30605
34760
39880
37362
5896
27566
40927
40277
10005
34401
21982
8589
20767
13350
30223
366
16717
33139
2154
700
17582
2970
31521
9883
16603
6945
6022
49346
12251
17163
22521
24211
7322
26058
15995
21675
15029
5931
41635
1470
27630
38711
33819
28709
19873
12784
37076
7699
32603
2113
1401
45055
5893
9885
15824
8743
1274
40487
37079
25841
37914
35663
14865
5890
28456
38819
2534
10389
46526
1865
46831
46647
12650
47809
19818
8002
45969
18719
35441
22988
2706
48922
33885
42820
24035
8074
24327
32637
13238
121
23885
11784
5813
46001
42233
4797
25033
32961
47870
17888
32486
13312
27990
44851
23096
37833
8791
30989
15996
18437
11070
14072
34472
29623
22796
5239
33480
46711
29121
38962
216
25804
49621
38115
13987
26603
37472
21815
7878
42874
13245
21596
34903
35945
35097
28058
3318
34894
29956
35835
8393
16178
15385
45635
10729
5010
12557
27984
23456
48869
30404
8108
35570
16203
23737
16297
42528
30146
41348
10488
4203
34542
18416
37020
34439
26865
35538
48206
34823
8246
25737
22328
39254
16207
24759
11752
20599
1580
15870
44957
28874
25810
14469
40256
6244
29133
30946
627
18764
38554
26124
31367
35277
3903
10496
39145
19847
44426
28066
33507
21906
38201
31090
24487
44084
23953
2193
32777
33812
1465
1187
43103
48076
9177
11041
44151
39461
43743
14867
25663
10580
20264
4959
10551
47214
40096
37469
7909
42491
11632
5830
7872
14234
20191
14124
30108
20243
32435
33394
35462
6416
26613
45552
40531
18335
26472
16038
23487
8297
370
6629
29473
35428
14459
11934
40490
7210
40285
25277
17191
49700
19958
33872
22686
8125
1488
29068
30886
4991
49389
26134
14878
5008
44595
11210
26000
7761
34518
5823
46673
27022
44747
8962
42272
47895
3793
25005
40815
45795
30141
5778
25925
40363
43160
19474
19580
36163
37485
8222
14515
23514
24797
9190
35796
38340
12994
21498
19179
45290
40746
7933
17055
6135
43711
22873
10788
43119
10348
6427
48817
391
44094
37249
36954
19273
2834
44216
11684
38085
41094
2817
27726
34769
45489
36243
29777
4702
35011
35615
32938
46814
34655
15343
17049
13038
38947
2645
36963
8016
14386
42185
48315
16486
14016
44556
3728
44199
13002
24727
39480
2059
11130
9956
34227
41498
42672
11010
49702
43163
46951
41227
37055
8061
47328
634
47858
14483
34497
24995
25337
1448
14199
23434
18905
5192
13963
27384
2160
14698
23130
42856
17235
30219
7501
3162
25952
4079
6225
38043
8573
31328
21609
7624
8748
41569
38079
44893
34299
49136
31388
15157
44904
12964
11380
31809
41837
8306
17512
3861
43265
46267
16910
5229
9011
30625
31584
8327
14548
19704
44696
18995
32873
45920
5126
4137
27516
26650
49016
34952
28959
40403
5585
28559
10363
13383
15999
17447
32415
41321
37456
11559
34014
33380
38011
14484
4186
12028
10883
23240
2906
40405
10023
145
34230
21699
10077
16175
30249
41538
5788
41479
15081
26237
7550
42559
42437
36875
24769
10135
838
7644
12488
27157
1489
26634
1787
20858
49151
22885
49950
14360
10117
25286
36756
35861
32196
33084
19977
10218
16040
49111
42257
2749
4875
36718
20518
2858
29861
34820
8105
35502
4609
3445
85
40385
753
1896
44990
3710
1987
38062
18748
32481
49798
31769
27185
12105
35166
20541
19629
2064
3588
18915
25250
32885
45742
47385
16191
35911
2061
27379
35047
8046
42608
44797
34467
9562
42398
7936
4551
10895
38590
31514
3470
49353
22602
8167
15733
41889
23135
32834
46466
7017
23850
3315
23475
5522
24627
8322
28479
45833
6611
6849
16361
41916
20422
14112
18476
39885
37656
29847
27732
26559
22616
23466
38243
33990
4500
19660
3659
9993
2739
47868
37966
49338
17006
31967
33899
18684
4075
46291
34234
34307
16166
36988
38956
45108
48256
21541
31178
46018
21293
35540
37846
35525
10753
14490
30165
44500
41696
44863
7233
9437
40052
42401
12772
49876
31903
32737
24080
47589
11153
28598
30271
36563
8511
384
49923
45667
20323
37048
28656
32484
6977
27381
30683
18377
45374
32954
15878
48895
22691
16176
23543
37564
19689
4774
19793
10252
35711
29155
9007
1963
40932
44887
23658
32526
34845
43485
2167
40952
44491
32095
17585
44970
49419
37315
43385
28734
21450
10619
23630
22980
7092
36893
26146
16596
47181
13333
36316
8009
9669
37243
30185
14077
42100
42649
18536
45343
40230
21493
49039
47414
20636
8472
27722
42864
48598
43495
17452
33213
37557
8560
11864
4632
32076
45611
46236
23056
36961
39451
2640
35113
21597
17252
44648
11416
36226
39530
8525
31929
6864
19229
29509
38184
14660
42204
15709
7691
10098
6238
23380
19067
2793
43678
40785
30926
13814
26952
2710
33666
43943
23013
19421
9212
39912
27963
39704
26278
38584
13808
12632
15162
34483
44653
49037
47867
18205
26019
1253
14759
13520
44630
42600
41138
38187
24074
5561
27466
7907
49219
9060
25239
13079
49817
41074
4535
46492
13167
22436
8961
6263
24473
26411
44118
2714
48214
44709
15930
24634
12873
38406
3352
41189
28208
6783
20161
14461
14391
10465
32249
30090
10870
44330
14601
24530
25826
35256
12931
2116
6336
42326
45699
2819
23378
17764
20700
27652
40566
25600
16728
27905
16041
35782
5417
8880
3174
24802
25345
30305
42717
46054
8648
12741
15083
20233
19714
48812
45052
34164
45599
38227
6428
11676
34878
780
48571
12432
40438
32367
25940
9254
13535
11735
39343
7580
20642
34148
4187
24231
49642
22784
28200
7147
20931
24594
27808
23267
22236
15210
35361
35021
19206
31802
34395
46769
35022
32239
41660
22462
8943
16828
31796
8048
21087
27241
33759
14796
7330
17976
43878
5410
40097
29100
26688
9887
12809
6184
15799
46481
378
30320
15361
15851
15238
30452
23513
18925
32833
14131
23049
3177
18792
11860
12148
34116
8276
9759
34678
35014
14930
47803
3504
24277
26871
8779
36548
32849
165
44404
15976
22603
23835
20285
35668
37721
14986
6382
21325
24805
3746
13110
3022
8508
32295
19303
32545
28254
4631
35704
27217
17484
30945
11951
29927
34026
8857
15043
6223
18599
26055
46591
42553
37841
38405
26841
11347
38369
17420
623
28137
49247
36786
5687
8646
20769
33852
6880
47710
24571
46375
48601
39214
6352
36118
47296
2973
8595
1707
36291
17358
23881
44742
39356
30884
47271
42690
4338
19633
39647
47804
19668
38967
7787
6510
1119
37973
12346
30638
18765
29059
40668
32436
35674
13191
25522
10979
17199
42267
29908
22505
13446
24652
49766
21425
9542
2980
45689
44777
11567
43318
21668
5801
13385
3875
15286
39739
15586
21001
37614
37823
9532
13557
33017
32007
2646
39349
11563
42905
16051
7104
6518
12912
29664
9581
12811
16679
35127
16978
5498
47331
38174
6782
14899
1495
29915
17066
13455
36356
23620
6733
47859
17424
21739
20831
40084
7826
35803
10851
20054
29309
24272
40371
23293
10842
49695
19210
29425
37229
34337
7903
6013
19153
1166
35531
481
19359
11560
36966
1676
21462
28996
41034
45497
2205
36169
40757
41492
49983
30532
43423
14377
25186
32993
24347
1144
25028
13232
25566
12307
14600
22695
4549
5474
44159
47041
33755
47857
6020
42016
21613
5809
2546
47369
26023
34188
46310
5141
12353
43619
37802
46590
33396
36299
14923
9519
37613
13910
28385
8092
15741
46265
4315
12438
14853
20618
47426
25511
9664
47275
29955
27728
2987
10234
43439
15474
29084
34928
48802
35497
39798
7992
44890
8427
99
5072
1509
16909
32206
31323
43663
48004
3360
9923
2173
32875
17315
41371
33361
22698
24047
5085
24288
2264
1932
8457
6736
36438
2628
19486
13907
36093
19211
29350
21650
33842
40021
1877
40864
7428
45516
11110
33346
43715
766
11742
41817
6206
3711
18369
6114
37516
28168
31357
36469
39097
41758
38817
1695
8631
34052
24009
16761
43380
47437
2416
41462
543
34309
47314
37510
13242
32107
44214
40585
29659
47562
41750
40125
34258
36363
33163
29566
46516
3713
36696
12095
14150
29375
5651
9449
34658
4000
43631
45492
37029
19097
36831
35546
3580
18170
14643
6177
7256
32281
49339
21275
4908
23797
1365
34533
1813
38219
20507
8051
27847
41380
12819
30112
21872
45272
13271
20382
39876
29065
39555
37975
44684
2832
1466
15557
3080
13237
23792
18189
28102
47853
33913
13609
28111
31469
38803
46188
16201
23552
20762
14123
15078
501
2178
46671
35800
4900
35088
39253
28160
26206
10731
6371
33727
42723
5041
13822
33025
47012
49469
22559
34277
43893
19710
40093
11861
22277
25752
11123
15592
41885
827
35128
6469
32887
34925
23803
4428
7657
7710
40638
45021
18861
17108
11392
37771
48930
4235
4846
15522
38976
19540
43332
44637
25120
44755
48180
31854
5157
4283
4256
45668
29686
35753
48370
38362
24208
38644
40758
42076
5625
38413
7819
1981
45264
7302
28764
15543
25970
44638
34914
13927
19842
7481
2206
32197
29033
5094
28409
12444
31264
16952
3064
18033
37407
19733
37852
17330
3543
11575
1722
6064
32895
4707
34979
15742
39415
13249
17630
23923
32627
36703
33485
14056
2529
45571
4527
46258
14642
38753
6375
2619
27677
36388
17796
27797
7758
14427
15354
9933
21955
206
3912
6252
35152
42196
132
4386
47825
36739
9850
22846
29171
10597
49274
10374
4949
35326
30657
27144
42454
34949
27849
34587
39943
11683
33143
4142
13170
15257
16608
28049
48526
4654
5261
10600
6388
6531
5418
39169
9048
36830
36389
31235
45558
25471
36244
25418
40219
10822
19147
32438
10531
32909
11529
20954
26745
32210
19853
22940
19929
15527
47683
24538
42242
18851
23190
36224
775
17253
25223
118
15448
33165
7748
23892
49958
33492
45495
19744
14382
13295
7449
27649
43518
42982
30292
6185
11912
36775
34782
26853
23665
35016
32848
22425
4729
32677
42124
6998
29144
48908
9192
48382
28421
19021
11076
46513
15378
1922
10509
13789
49529
13259
15288
45931
47389
7260
25720
7638
48321
42863
13826
30800
34708
32257
9763
48676
13696
40712
8890
835
15792
48319
26147
25226
48892
29712
28919
2835
11760
16186
43268
46058
5461
14575
29717
8957
20820
10726
5325
37139
9441
13867
33599
18696
11921
32024
10993
42998
5333
11325
40696
34795
33720
35967
22960
23448
39962
33288
19434
23157
10206
38221
23827
19759
32473
3629
46334
13452
34538
22717
36577
38957
33200
3059
18660
13973
25384
7418
43106
40166
32009
47386
15731
41039
7911
308
2242
24382
6134
5334
39823
32405
32443
30266
16514
25235
38765
47850
2836
38175
35985
22121
48471
29764
21313
45534
26430
44039
40140
45484
42430
44526
34828
27594
19311
2905
48993
593
26903
34781
10604
30546
21888
42425
23476
11558
33199
11897
8442
36002
17825
9810
2503
7042
33680
15866
35513
37428
4342
8188
33071
38715
16821
37663
2843
31651
46202
18053
38561
14078
43596
14313
31029
41965
7654
27278
30934
1294
37555
36557
6345
37457
16837
32453
26887
48017
20261
49320
25491
15987
39651
43468
34669
35859
48037
15423
9374
16710
17624
35811
33531
31164
45170
10752
40769
15436
13788
23482
47811
29870
41986
1486
16445
16236
21480
48527
46485
7926
34062
34424
15273
7238
3964
22330
18334
42890
12041
17746
26
45561
8652
1440
6750
41337
14542
21790
37627
46675
14757
14843
42146
36190
35790
1826
11813
34296
21029
20948
32166
35276
18669
3849
39043
33635
26104
43777
19713
1349
15948
18770
49508
14436
13733
49754
27926
7138
41247
12155
31646
39766
3249
27758
14925
40618
16336
3359
45092
43951
1285
15693
33900
46560
11002
26839
2827
33822
32177
19075
11953
23435
20787
1050
32090
44647
7795
22452
45316
9989
3282
7423
42818
40195
47135
20257
46039
7821
47224
26956
16042
14049
27718
24029
5875
901
31147
2175
4616
15399
11572
679
39323
47520
15561
21017
44574
5306
22617
32203
16332
33306
14737
6174
37481
19069
14288
22598
20552
17453
35418
17370
40392
12854
45774
17636
6465
6456
10539
37509
29938
7181
9414
22509
42386
45126
40568
15581
9357
17152
9846
14110
42449
9469
31654
38548
41486
20614
40198
32426
22681
20535
19552
27012
31381
41861
41389
29865
40423
27093
25534
49533
6243
6023
38632
6944
26107
47218
6791
33713
13470
18284
38919
25953
24123
40048
26281
408
13546
10224
25707
28299
32822
34416
26144
31100
40993
15090
16591
17439
21008
14619
34636
16793
34158
37534
45737
11407
15395
29279
25777
24532
13691
8815
41944
39968
9144
15438
20274
13569
48639
24462
29323
42494
44505
43455
25349
20934
26895
33027
21000
24612
40287
32591
39864
36241
7812
32025
9152
39742
31583
23716
38346
539
23896
46110
21307
18560
16122
19743
34215
36761
12924
43251
13969
37265
7939
11916
24742
38820
39661
1823
22982
16328
46939
5786
29150
21702
44524
40550
28126
33420
10501
28470
39857
30714
29675
1420
6644
32713
8668
10922
24701
40114
5257
45031
47261
42673
30551
14784
31630
39873
30071
34113
14273
44237
27240
48440
38028
26045
1770
4482
44322
28803
37562
33769
10467
11662
304
37486
7417
37955
39692
595
35829
41633
24250
46944
509
35381
41812
26672
37129
37161
31117
31689
13272
9548
23922
18582
1087
49085
32242
41743
18404
32791
22973
37976
16024
8020
4363
46628
17610
18661
21417
46512
28561
30311
21323
41957
17324
17476
42179
30169
9295
10259
16528
48220
35869
38597
1705
16755
44303
9867
13084
18002
44170
23763
20091
1275
19952
12720
38077
38685
1581
28842
28439
8782
41723
4999
489
14043
10783
46651
24523
2270
17701
28095
32330
27056
21416
6126
25428
24781
42857
45178
11681
27407
48528
36471
19104
48237
631
4117
35984
17198
26550
14205
29140
12265
26992
42885
17174
48924
469
21749
9068
6621
37513
27776
16806
47177
18035
3204
20940
20101
32472
43507
20750
3611
12379
33968
45936
49587
46771
39567
12020
17759
12309
38267
5151
47298
34019
16846
37270
46165
12889
19410
28616
37162
35339
9400
6358
9868
427
48334
2236
18817
8764
37241
24888
42178
20324
48950
47912
15848
24404
9683
885
48796
40149
32292
29289
42638
13651
35975
35997
7652
41290
24654
10666
1135
30773
14307
39193
24249
6580
20540
19661
22539
3018
43344
49145
13230
8547
28782
43699
22319
4276
49920
47131
22249
31678
30729
22459
16337
16352
29169
16540
24262
3229
49697
39517
1986
45729
5265
4787
15681
11723
29556
27192
22242
28091
20190
34093
39179
39850
6322
3321
7833
16833
20875
25094
37713
23065
39970
21931
49263
27994
39957
434
7240
38571
39939
29521
47922
5919
37410
18014
11129
42826
48071
28544
7054
44302
49616
7074
2287
49850
48744
44011
7513
5217
26222
6063
33336
40627
22636
48087
6993
8550
41379
26771
46323
29465
27644
31751
24882
28279
28711
41154
30150
31795
16507
34629
22369
1946
1672
4353
27702
24697
24129
16100
17550
9837
45828
13523
3808
42858
44663
19000
42893
13107
16566
17941
30423
40312
33952
43780
6925
4323
32132
16302
38263
31246
32359
33075
22224
15781
16768
18909
8701
1210
32912
7524
16002
31298
8590
44152
905
40175
34060
16823
49919
16415
47551
44123
41940
42120
27235
33053
40417
27223
24094
37694
45214
38411
29316
18303
20102
6862
49699
47985
17552
43899
6816
41194
48003
43364
1382
34539
9468
7954
38815
17855
29975
22175
32508
14171
7355
22943
48590
14514
19882
18596
2338
28394
33005
736
27456
3073
30358
19799
22945
39908
8483
2846
7433
17303
21410
30924
47659
32675
32509
39381
2913
20269
46849
20120
35239
32649
35159
39
13685
15938
2228
15630
33413
27069
40414
49796
16648
35408
49589
46237
48600
44794
32300
29455
12088
23666
44542
48013
23519
8437
3851
19734
10823
30140
19780
12191
5592
39520
27057
42813
22626
30298
6713
22066
37822
17096
12150
6236
3119
5991
1845
38541
2618
8199
46589
6949
17083
43827
16001
44193
24807
9094
18733
34476
46864
28489
30930
39082
10835
6909
20708
32077
45522
35433
27026
23209
24642
8158
23132
27104
40244
7991
21483
14355
48546
25783
12696
11871
20218
1374
1324
19643
34068
10241
35003
1568
39601
34630
43172
30868
32994
46783
40243
326
37285
3441
49188
4200
40238
28574
526
18006
4754
12336
46941
35521
17767
21896
19594
21016
31419
44307
5770
25668
37807
39273
40554
31565
32005
26474
13701
15281
25116
40168
3066
48466
11239
10188
40108
3845
3787
23659
35157
30009
12433
14432
5567
27419
29555
21827
47308
48229
44898
33614
26684
36445
1018
37459
39624
49976
40077
47677
30769
21134
45505
16250
32310
12393
39669
29276
23070
16879
16749
10176
3357
19133
40522
18775
40934
8384
14653
39703
10693
35496
26416
13198
31863
17913
5837
48406
1308
49930
30783
37399
33629
36443
7757
17966
17852
17927
42469
35616
34072
47845
7507
8798
41800
12384
46820
3136
32160
48217
46943
31431
15937
27061
22705
47732
49777
12490
5170
20845
7457
19204
28885
2393
25129
27355
6108
16409
11754
46131
12893
46968
20258
16729
44853
44602
34692
25943
8941
31097
14075
37320
29168
6490
47785
41323
19811
13521
36581
13336
5552
41827
162
6825
37157
46989
19265
33294
24954
21953
32522
17619
3652
6321
18055
3655
47085
24606
1242
9348
7870
21783
4886
846
40315
38170
32098
41136
48072
24665
1186
31327
38781
33957
19393
23017
6608
39045
84
38118
9025
18151
12668
560
28571
30342
43676
21481
45438
15841
4761
17211
23548
3191
35165
21074
1565
34603
3220
23679
31495
37638
35439
18982
42772
5678
27010
8960
24748
49363
39789
13836
26367
24225
21257
39813
28237
2632
33994
5540
24287
5453
35689
22853
33954
44043
1
38702
25575
4220
22109
7131
286
44564
14519
22280
41949
10090
19319
3842
25837
27298
48983
23694
14596
3322
27515
24136
29069
31642
21502
26001
48981
15190
45661
42701
37712
19111
14546
27701
11495
41105
27334
34677
20965
37719
17322
41207
10141
20388
48100
29993
16936
15289
23621
4688
48351
12333
11085
26003
23821
38364
29492
34074
31037
22495
26422
8860
6980
1998
42790
3816
4747
33679
29052
15508
4253
29943
24063
30861
22926
21903
27432
43140
39249
13090
10244
825
42077
48591
43620
24970
413
14320
20413
10805
33669
35078
38550
41819
31842
6931
41298
24793
12576
10132
45819
23710
26446
40193
36117
3497
13034
6090
8883
9052
22168
8254
22428
3088
15589
47846
6435
25224
25759
31035
24153
42255
42378
1219
14938
7244
2044
15065
26706
35145
27977
8215
35040
37985
10627
41901
35384
34507
1392
5235
34573
12789
33062
11167
9861
38565
2370
13190
39542
43771
35990
5569
35685
7665
42983
1791
10281
4222
9902
3805
5320
5012
1169
20400
27453
7173
46180
9435
16173
13151
7898
44176
31489
17237
44249
11839
11603
14690
32163
47123
29886
6948
38255
31375
7190
25520
32228
1752
31420
37590
142
16451
37927
36956
10175
49147
13443
36328
26582
25721
10758
47881
32880
43880
48683
41892
17992
48583
19921
14586
28610
45135
10228
20645
31812
9504
39925
16605
8288
1577
35893
14639
17162
28017
41663
27088
22421
30321
20808
15250
42320
19035
35989
43779
40029
15152
44327
32243
14139
23968
7114
3680
26570
37192
13892
19460
2523
10230
22837
4212
44513
15367
7882
48201
1368
19022
10832
2005
16666
48710
24996
48320
10288
1971
14777
34547
14304
4536
18802
22869
42427
267
22049
39668
21442
37594
42892
42435
16046
42303
20678
18950
7206
3188
33945
11901
12877
7889
30354
4614
29692
34862
43146
24509
5267
30425
37884
9641
2670
2083
2017
4579
29339
4822
34029
8423
20307
22379
8309
12977
37460
37503
18730
16633
32401
45817
16975
43981
6329
48405
30691
38284
39322
25538
4519
32518
44060
23751
19869
2765
20521
15496
21202
32476
1316
22186
16835
39814
11513
33733
11787
20305
43759
24581
36968
39289
48742
12921
4209
25249
17344
13160
40369
37361
4814
9257
9334
2361
47741
22971
42895
16335
36642
10235
40647
5733
40420
41224
44424
7664
31316
18349
5243
45319
31624
25999
9841
6054
9458
33408
36024
13513
26635
26288
36083
22176
37478
8744
31691
23452
39638
5523
42906
13740
45751
6179
32724
33778
23956
27350
17722
48191
18296
30055
2455
44034
7162
2303
16354
7404
12927
10801
38091
9316
18985
11582
41140
589
5945
42798
16492
29494
43376
32450
37370
21030
33118
8780
39771
38941
33219
34962
39370
16078
48624
42458
16274
18772
22329
19190
38223
12640
5987
11518
43706
27754
29433
49821
8338
30503
7409
7272
44273
13561
13816
27175
12341
21052
42578
15889
10061
38807
21554
8916
2681
19737
199
30975
7395
4679
36818
31664
24555
49650
46607
30003
48186
36915
1842
26514
1513
36608
43007
25050
7264
23578
34078
19392
36979
18521
34724
9798
15469
30262
18456
8571
19344
38053
26876
34345
13580
707
44265
15663
40525
13662
25900
20419
33277
42044
27671
40914
46655
16924
32797
32815
10300
4070
18034
3184
26360
40141
16881
41416
28829
8931
8909
26230
2417
16951
40280
41278
20685
16434
19610
49011
22419
31690
24191
5200
1757
46639
19767
29523
43667
12515
48366
36240
19764
31714
32604
41805
23817
11393
39441
29051
32747
29856
25359
26324
24247
23246
45454
15459
49121
195
39338
11363
43685
10171
39741
21065
18392
37010
22649
13354
14965
3035
26407
19709
29898
12390
10400
26103
9611
13037
41969
29684
17643
3938
18172
17555
19600
44232
36827
42402
38178
26612
37350
21923
35747
19965
47669
39110
1433
14717
10211
43459
3505
43372
2504
49961
28144
15059
8120
34622
19870
8781
43587
13594
3453
32949
23140
36803
15076
20512
48607
8203
9911
6012
46942
23976
35387
35137
46719
16334
42442
28362
1113
19754
29077
38940
13348
23768
20440
17718
47199
21360
865
14532
6181
9266
37374
28044
42791
41997
12140
42985
28788
36072
42335
32320
29611
39141
42332
1534
32719
18379
22017
23974
47142
47725
7350
42157
37356
49590
33946
14080
28414
49138
48876
25602
19446
17035
34312
45860
38861
37883
23574
37213
18047
2617
34009
15943
39920
12040
5432
12102
29914
34310
9123
7222
20664
3981
33477
31402
9398
43218
47672
41367
17329
36660
14626
9391
42134
43030
21144
31627
39398
13380
31753
34087
4548
43916
9857
5691
7383
25742
12592
3625
2422
27339
4234
19033
21641
13573
45498
10391
16347
20621
28027
45381
763
49551
8150
19006
6497
23746
19966
10356
41545
38492
35795
33910
11329
36249
14527
17937
43799
44738
31511
42908
16003
38031
36305
7932
29758
790
44886
48795
45162
4717
12145
335
3385
20977
45810
45605
44153
16831
32223
36973
17294
25524
9599
17425
21456
44195
37297
28406
38511
33268
24349
8503
27273
24691
37673
4013
37101
40180
32828
41084
31554
47046
36365
37070
22922
8054
7960
48656
27014
8234
43836
11628
11533
14961
44818
3740
18714
17738
32534
42241
10759
11395
47229
13671
23183
44944
30550
28580
17575
6687
47194
46272
26901
45821
40331
47066
18146
14005
46015
34973
44594
32932
2279
15654
47712
18297
36411
29804
44144
29427
33475
1197
41406
10352
27615
36561
35842
8008
21253
32529
22933
23320
965
31434
38751
45433
36783
29803
34841
47198
26082
26415
45935
5067
2764
46154
24289
24174
25455
27624
23211
4521
30795
19146
40586
24355
41563
4001
26405
33369
6943
5412
17777
1959
3421
33621
1706
15754
17494
20983
41020
5953
20098
49677
40697
47613
31819
37438
17362
24318
46218
16933
25653
44790
21217
30337
39816
21755
32884
31680
31703
13049
49822
9939
21975
21522
33201
12381
134
35419
37324
38455
42575
21351
30621
24505
39482
20345
2526
15201
24300
23899
31154
10326
32744
37292
22135
42
17403
1887
21058
5283
10274
29029
30942
9279
21297
1482
43552
829
19188
15743
44055
33042
48171
26709
37882
30317
47580
26239
6573
34264
6648
10692
30875
21998
41568
6540
28401
5129
37684
44483
4167
27467
1538
25948
32928
25698
22254
23963
45722
26053
33726
33172
6283
35824
26304
843
26246
29728
27145
31515
28715
43299
27097
44891
43773
37934
10460
45136
10836
38981
48839
19509
20942
47582
46901
20192
44450
14886
7221
14671
28974
27460
24587
7014
4745
32063
10192
23890
44076
28227
26534
44049
43959
16946
32708
6477
13575
36213
3288
11156
1151
24596
30806
2652
45681
40130
29743
41951
45773
23633
1517
19079
37424
40773
32324
24000
46317
8583
1977
28452
34109
26910
13801
10478
23784
37778
22008
42524
25390
16058
5728
1112
9701
8334
26132
36409
42922
47513
1388
30044
46404
14443
47603
11855
16248
42163
19360
38613
39083
5839
5777
13469
8705
16234
24290
49352
26381
5815
27114
38268
28461
23580
7801
36757
45389
8343
6472
12538
12018
42593
40847
9689
2592
15400
22046
49158
26923
11111
21082
45215
7095
850
2883
4507
9056
32366
5455
46922
8317
45181
24923
38847
382
12474
18658
32216
83
1266
11378
2002
4696
49135
13454
15453
18102
41204
31056
15912
7528
23915
37596
41467
29190
18383
37787
5351
42852
33296
49300
6374
39432
33991
2170
27688
32608
48332
47653
14328
33737
20180
46345
45966
20259
38693
3958
30693
41410
18902
5613
26591
17883
11915
16380
29072
7656
16278
8224
24527
35244
27348
4819
39698
27611
49523
43273
48665
44723
43901
32904
2339
7999
45879
12149
23825
37328
27146
1523
12045
41519
48398
2224
2801
7701
48130
28911
49525
41973
988
35347
22563
47573
33805
6702
26648
2748
26126
4314
43334
45208
26264
630
16573
3989
2290
3069
32900
28223
8847
4232
26300
39936
41326
46811
8940
35654
10625
34361
31608
23862
30599
41921
20272
35817
17204
5106
27588
27382
32915
14446
20772
32623
47141
44926
31997
19794
1344
25613
14070
14803
19636
13218
26312
47481
10878
36156
35253
8789
32697
30268
40728
9894
14762
19184
29025
25112
42308
37194
44470
16662
6555
9454
28498
30819
27338
34027
1949
38450
17474
39340
13952
28862
1871
6681
15599
22778
15981
31467
147
34326
49618
36812
26359
34481
10830
21168
36035
20097
42517
49356
20613
26189
34242
20821
38987
32277
37281
38460
21227
32617
39608
31513
20884
37389
7716
31210
28210
21287
49664
18291
14275
44569
33869
38537
14296
12455
34541
3003
32050
17487
72
25166
4842
22481
12170
15347
48954
44613
19209
18927
16401
38831
48154
39492
26301
44117
2669
21708
12370
30041
3774
13456
12012
29129
48026
4016
44353
1236
39470
24199
43954
22316
16927
44180
35737
9924
3293
158
16853
3122
26269
12919
9826
39875
47330
35729
8875
22671
478
42212
2671
14817
43802
27237
4406
18623
30463
31191
32390
45401
32168
26298
12830
45910
31993
29520
46531
46388
39794
20827
29118
43138
24761
39904
33126
22580
3695
5526
21220
40736
29402
5680
23391
35393
16473
31067
43508
47356
36625
14059
2162
16606
49248
46697
48106
8441
32619
7083
2003
37238
2357
27389
7274
27685
40883
31946
21689
30614
20262
18325
43694
49485
18740
2032
25956
48067
7084
5636
34897
35105
19439
40347
27635
12955
46162
43558
14525
483
1608
1601
21550
13433
23549
4035
16030
22959
34024
28275
48560
31700
45486
15067
16161
32517
44395
41558
7331
49173
44369
34282
30267
7182
36846
49155
44197
32006
6411
17442
31973
36007
30170
36038
17406
16488
24091
14385
8373
47007
12358
49267
2568
23199
6224
2323
11625
49887
41595
1052
20711
39410
11666
21002
975
17016
22001
38041
34504
21805
33076
13717
7917
42060
33359
36105
18044
24735
13566
20628
8617
26711
7941
39643
21930
7610
16780
39793
37106
864
40974
48604
20543
29407
45834
7978
13727
27225
34681
17649
33624
6936
18155
27400
32311
26368
18351
14684
39994
10246
5694
10375
21964
20873
12536
9543
42757
4368
24520
3624
2704
1400
2309
31519
3621
34905
12833
27589
27170
12774
19809
36342
2549
26256
3571
40622
23931
15183
845
23307
45596
47220
28161
48587
38345
9808
31107
35929
12846
11960
15929
19029
23728
29101
22597
25548
26270
36770
22981
27989
13844
40511
1444
39526
8730
4201
40780
16776
25743
32037
30627
44892
1698
35986
47505
30717
34398
48299
32469
35378
11436
41206
31998
23810
32590
46228
5855
21296
39162
5612
23407
21539
38989
41876
128
33888
46576
40466
37225
46992
17384
4607
14191
15591
19490
3737
31537
22775
24395
11177
34729
14861
32516
40552
20160
32974
49714
30476
12579
46676
28089
4990
8829
127
10973
29442
11288
14526
30713
48449
8280
22630
32716
33764
29403
38902
10670
47036
30669
45652
21933
46342
28436
17282
33030
41798
34865
31228
28152
18965
22946
31172
21869
15629
5765
10909
26632
35061
21757
19189
19592
20477
48545
30647
13954
43580
16731
45365
13095
27613
14834
44652
28762
18207
46822
5197
42433
1356
1811
32612
10572
19084
3060
39975
20399
47273
6402
20297
31416
12046
15307
43583
2777
30738
44204
37657
33908
24849
17548
27725
36719
45004
2499
919
14723
49382
34780
47459
25315
16231
47780
38647
27309
6295
2398
33639
40433
42216
23360
33577
8582
40873
2952
35316
35732
45762
10684
16802
5199
1247
37042
49335
37220
40961
29283
34941
3164
31399
20330
40366
27067
31665
41212
39001
14472
42173
28052
15678
18145
10029
11235
25845
31730
27264
8433
42032
32541
10350
31789
19528
9186
38232
31811
25072
9667
25366
45332
40397
41222
2798
10236
12153
17285
11232
6548
46767
13118
24176
12618
8029
34394
19358
34144
12861
8305
14819
24597
46298
43176
1297
41790
12767
49015
41102
42300
29552
20369
31213
31779
23260
32821
44906
49812
22100
34076
18153
22773
34241
39799
47981
29873
21076
8032
42686
21495
21656
48133
48044
35786
46945
13120
27201
28125
8762
5630
42778
43529
47639
1206
25687
20901
9406
24704
40172
37318
9329
23095
18659
4347
13901
21127
9054
47404
24046
13919
20471
30892
35639
34959
36562
10165
26063
7601
29874
26698
20606
9892
33808
31464
18494
39304
39436
26284
13134
48384
45624
12061
16522
7038
28088
18487
24602
36089
45841
39757
13943
45999
18930
12406
1760
42104
9341
30360
42315
12945
1659
645
28458
1292
10137
23834
9878
44843
25694
14574
1424
45585
41217
41785
30653
32621
787
33590
24260
25378
42271
20122
1056
636
6439
36602
8871
38394
35259
32576
21669
36694
22219
19099
16006
27486
19603
6848
47647
43294
48197
41562
34180
24559
3507
43742
27356
26670
33698
48566
15299
8487
9595
18727
45481
8893
19270
18162
39734
814
6004
25559
8505
22898
28517
29949
16838
25472
1558
10322
43550
5573
6222
46135
3858
4714
21463
20420
26265
39157
48007
15800
17830
18409
30497
44468
10699
8353
2915
13541
10220
9884
2210
13027
7540
15488
8131
32985
28743
6781
14887
26621
40122
20810
38071
34097
16387
22937
49450
3045
15341
28428
11537
36514
15036
19384
5338
28059
4229
47965
13614
13322
26351
38509
35573
5134
4561
40558
30269
44464
2959
47344
9503
36866
7817
35614
47634
44116
4596
5319
26531
30167
11190
15861
17379
21348
2058
10584
9660
21991
11224
17129
45890
49198
1781
12747
3569
22211
3627
46040
11530
26386
44062
10816
26999
16641
26077
30967
3443
18135
47267
7132
49581
38499
43404
26862
26150
33013
27100
29076
14656
15191
42239
46547
22130
32640
16899
45862
8987
17445
45250
31496
15683
40268
44819
19554
29288
3236
15540
28224
30296
37600
8604
30639
5996
18080
10039
1775
12528
33133
40601
26609
3125
6953
776
31995
21393
2897
14108
26025
7774
6317
43422
7561
46612
20458
43629
43541
5562
9614
46551
12947
452
18109
20112
21543
34502
18348
22409
4169
9863
18084
46850
4092
13625
40286
25483
45421
23340
21548
36615
18897
33436
39429
19293
3598
23672
25003
4284
3251
46482
7376
28218
46823
9838
15514
28229
21156
46794
43155
20164
49026
11999
45380
24362
23778
3085
26419
16525
45540
12637
29397
13563
45254
22557
9189
7273
31781
4403
14332
2728
14271
26696
9636
47996
38140
17262
32757
26940
44825
11340
26500
49076
10598
40428
7571
26214
26445
32956
28437
5215
25666
40014
6399
48349
12306
36097
35358
9431
30371
23388
19802
27073
47400
47388
17832
8969
30397
21816
18779
34839
36010
27249
18771
36005
43774
6046
16316
1655
2937
2038
49586
33535
39459
33168
8398
32167
37615
46186
37876
43955
17072
32894
10114
33944
25908
10357
11120
4820
28262
21511
48352
10888
41029
8524
43537
45336
34588
22284
28909
28382
41197
23984
48376
43969
5383
20822
6672
44726
25356
49034
45749
4594
11964
20995
49751
1828
13364
28698
39075
20629
22568
39218
34650
32874
16292
45483
40782
41849
7883
22679
34356
3818
5296
18431
32488
27723
9758
38428
30858
39992
25771
28827
12245
17126
46480
45084
11487
13932
5543
10660
25711
25031
13428
34559
5721
412
46804
7630
26221
2789
41013
43131
21496
446
48638
43757
34185
7945
34610
30302
40187
19353
28654
14129
46274
18939
25993
13803
35380
48652
13058
42149
44729
3243
35158
30579
27983
33773
45739
7730
26191
17841
17968
8116
39779
28973
15620
26780
41547
2746
16814
13374
13292
38870
2254
12678
9687
29503
34137
11220
34016
25284
43333
3798
49521
6605
18004
16551
29577
28643
39998
20938
10999
3500
40904
1100
12730
2101
20562
7563
13157
38574
21691
26538
28882
44449
45074
28958
22285
9550
5278
31748
24043
16154
38480
6242
45812
27359
5962
37418
16397
4550
17451
46452
9183
46428
48610
18632
14154
17092
10315
29205
7387
28754
26092
23670
41557
48774
31739
25039
14999
7461
19671
21382
47616
33112
39978
18345
47976
18844
38203
5849
43062
35026
38454
28560
26695
22786
22828
38222
9169
41273
17208
15567
19681
35451
12427
37993
29852
10944
24920
13916
29311
29320
5101
8407
35828
43735
27294
33505
42828
33809
37248
17798
27033
48456
46069
19060
38767
28543
5043
39440
36040
46742
28992
5460
30822
12825
32918
49255
47496
37154
23819
10981
21534
49740
23618
47394
1088
31884
1124
39716
49387
22816
7717
2140
15437
45631
39756
1141
15977
39625
47242
19721
1968
32013
31721
16132
9114
3620
32807
11281
12575
11196
1674
21373
30707
32238
19418
5419
45805
24496
37953
33611
37842
43350
49597
1497
40229
40089
18355
40327
16026
20464
8677
26212
45248
13284
5225
19277
44861
34969
4489
45324
24508
8490
20697
41811
46978
37415
13748
4118
35959
18082
11293
40345
1626
27325
44967
19890
14983
14731
30988
42001
28159
18890
31009
18825
32988
18619
27074
22795
37676
19457
28844
42101
40146
40547
17459
4381
36231
49685
28100
49402
16045
33020
45094
31319
690
29120
4839
37597
48505
33549
10221
12090
28853
12548
34705
28280
9498
46928
46003
43366
5436
38059
25036
21178
27131
16329
17040
13328
49392
41596
43918
26589
18407
28694
14943
26002
19871
2563
22246
48147
35080
30005
10697
24437
15457
13837
15154
25914
16867
48207
8930
12240
8852
8797
39140
42974
42456
36914
39469
49819
34495
2754
31197
36109
48567
26795
17784
49377
18698
9372
15775
41941
49455
23470
22216
23397
9160
16440
16319
23760
33309
45439
47457
29039
40913
39271
3083
44004
26127
8144
41976
11175
12892
3451
3171
16091
25849
15256
22281
29624
23315
44973
22882
29049
28309
24991
4843
30133
20885
27800
47626
31468
16590
14892
26465
38134
42125
27197
14259
38503
47866
1738
39645
18210
32470
46756
14866
21822
1562
19082
20170
22355
26487
22145
16364
31864
38359
23272
25732
37474
9631
3179
34825
36921
25779
38109
30761
40854
23877
11205
21877
38862
18309
30414
43745
14722
18917
4400
27925
20042
35250
25949
37387
24358
5280
34793
19386
4394
33905
25576
5204
14792
13020
26440
16971
43900
34479
10704
18928
6059
20597
24495
8848
40599
27935
47516
11717
47043
45565
44384
30898
7149
48316
7607
31168
19748
47365
18473
48251
3072
5682
42038
14066
5683
47285
43173
19601
25775
10620
6561
7011
37698
16323
33890
18382
17064
17241
35087
9207
6332
32599
513
48085
22271
25092
36442
13471
22227
43476
26194
38594
40117
43835
6908
44531
38037
43858
21184
37017
10341
11987
5006
32314
22226
292
11818
40594
5600
4504
7263
28967
36140
21997
6458
24728
27501
48286
27130
32530
49161
18315
16646
40694
35386
28680
19579
27621
721
40535
13728
25059
37016
23225
23961
26957
10983
44895
45713
21729
15042
38910
9596
49514
43782
8850
11707
30462
6538
11800
49299
12202
19492
20379
38965
31233
9779
22215
2972
13698
26297
13876
24205
37368
2220
11093
39945
30797
45566
46198
39364
21185
8006
49655
15235
18634
36476
39164
47568
45333
23729
14167
7388
9269
5464
25387
21174
8138
40326
27317
2126
33543
6982
49883
29619
37682
30977
44458
42047
37629
14696
46828
32658
48403
38388
43300
41088
7142
43517
10662
23008
19208
47321
46812
46082
817
10732
4010
43545
45997
36136
5146
12250
31060
26321
30238
16693
18672
43664
19605
6086
48308
17808
42243
1668
14890
39156
43102
42542
34516
35649
41646
17664
24214
28590
45014
31835
10504
41666
4388
15406
42941
17741
30557
32212
7171
45755
44228
28925
22747
48751
15536
45761
43191
31179
5784
34889
30168
29736
12523
27873
39401
33471
49852
10930
2597
10967
34218
39676
32147
30485
36275
8363
7009
42716
9848
6187
49226
353
16340
9845
13997
5245
41144
1114
31826
15568
7468
37805
41159
29585
45697
41137
24900
39977
2346
17801
43319
15653
3967
34491
10549
21793
30319
13286
24979
5869
25615
28837
36578
10537
29724
3037
17380
6392
29253
29135
33462
32073
6734
15510
6579
49750
17312
36220
43193
14829
41722
22253
29995
38360
31544
33329
37606
36395
8911
31632
13227
18676
1924
26686
44953
798
46924
2086
43486
1776
31223
12029
37568
40624
45708
36864
32283
44587
2192
39933
6871
30998
11737
3975
1953
4396
16920
9567
1215
13993
16844
6623
16854
5317
42995
2493
42806
3709
46644
33458
7678
40880
43226
27900
32103
7800
32827
19822
22615
22703
49097
36622
6524
131
37286
35355
48914
29007
14057
48470
34040
8812
5214
14597
423
6297
42042
45735
6464
21728
37904
9259
19638
26030
31196
1043
7427
10892
4023
15836
10581
28432
15555
48162
18695
10774
1208
64
12355
49548
28712
8235
38145
32583
7762
36539
23690
32368
28314
12930
12748
28324
22115
21093
16621
39723
30490
13951
4947
49185
950
7871
47924
25436
26128
19221
38763
16065
37922
18590
16351
16286
13922
33516
26389
17450
39079
33901
41824
42251
34818
39281
484
13356
27932
29612
7055
1653
28589
1755
1715
8052
21733
6658
11900
42328
24079
42534
1630
40584
36587
4738
25739
49209
18000
29996
5328
45554
22827
193
49384
44071
39556
5138
23741
38265
30633
31580
32067
21458
39983
43436
45567
30272
37586
26740
24848
36286
33
10890
17988
26687
42573
44611
44930
9369
21875
44540
23046
27331
33572
11014
29019
11334
9865
18187
16008
27030
49780
17665
36281
26738
25441
44951
44896
5544
28019
10893
31746
25573
34598
42916
40667
10593
31427
41821
48819
9919
22608
2207
40476
21402
35356
49492
47148
43737
45670
7415
32115
22978
45875
8059
47663
24371
1895
8726
15582
17543
30095
1132
37031
18381
42645
40223
16715
28327
21158
19525
46923
15844
13250
44871
49318
15911
9344
7231
38876
29528
12643
6269
49180
42956
11033
40811
3966
45866
7876
44259
16472
6965
8948
22552
8707
33198
30291
46646
28813
3019
14488
27207
40657
33742
27113
43509
10025
15656
24399
9377
46252
18036
41287
27212
18347
10702
7047
45362
28993
25078
49607
17159
6158
17489
24202
5231
1766
46157
37740
33801
31105
18780
28615
6633
9637
14753
8621
35644
36780
41691
47542
42387
27447
24968
34537
37630
49995
44456
18038
6847
31743
49378
40411
25463
2123
1638
34490
19609
27889
3864
22155
26819
26068
10649
4520
40337
17103
46667
39599
3173
27375
38973
43762
7616
9950
35183
45986
38551
22935
38892
33047
25639
4215
24319
24539
34489
1522
11699
6231
24200
29558
24447
43568
7307
36887
41318
32213
44427
18248
28109
2176
37358
1477
42812
49997
2783
9749
26703
879
22593
19164
34466
19462
8104
43942
137
32579
15345
36737
42349
41508
24850
35
263
40434
44490
25340
46906
27388
36806
30540
45069
6202
10997
143
39795
21071
39363
27837
43351
22929
3694
32043
32978
15551
27398
28745
47129
49170
39247
37419
33103
21176
9583
27738
37001
46346
36654
11578
13119
8887
45356
32301
20804
4703
9296
9978
5158
21041
34329
15579
29241
25638
32328
18457
29376
6819
49720
44545
9089
19017
10205
11945
45517
28194
19776
14473
6730
1204
41797
10799
39090
33878
2961
34918
3820
32124
12796
24147
18573
1875
19648
23674
15150
3266
1734
2731
40060
20527
42238
48794
48986
39139
22138
1647
30987
25689
46770
3275
47758
6169
28222
7402
15829
1965
40045
23525
19974
46184
14175
42539
10336
20041
34377
38749
48758
21671
2655
43934
44872
2518
23256
9910
39618
36591
10421
6233
28430
30588
40477
44217
26311
27657
30143
1537
17274
11812
10990
5989
21762
49062
34407
24468
33691
19394
47927
44074
19839
15897
7529
30469
38982
8252
37119
6080
10307
15351
44139
47203
21884
42115
1972
249
5910
32065
32771
2208
26654
1075
40853
25372
44848
11650
16808
35661
11249
30396
10126
38552
9580
29933
37849
15939
23121
39818
4358
49057
22154
11306
30591
25221
6069
49536
46191
11722
6171
25103
456
23995
29746
31606
33260
33255
26908
35125
17495
24544
15655
48928
7755
46071
47276
31461
47609
36387
6563
40775
27352
17565
42498
5834
28719
10381
14658
19984
27811
3272
29511
23927
46399
12638
49520
17268
13874
30727
29989
646
25764
31039
822
38330
48822
675
17576
43400
30015
11125
31190
49332
10217
9859
3478
49316
16511
5415
34904
20514
29296
37163
29913
15012
15959
38208
19606
31538
21727
26043
48623
1829
32920
39161
39084
31471
10133
6351
458
8572
37799
40181
30475
37912
36475
3319
11397
6585
49029
24111
15806
27968
36953
11469
31622
45379
19887
34332
10403
8220
9680
11102
31059
19551
21057
23083
24648
20123
49773
49637
22849
6094
46905
19792
49168
40892
26417
40810
45741
44721
19915
18150
33760
17639
10826
30093
15110
28389
42909
37996
6601
10681
9439
11763
10334
28042
438
23399
26442
16061
39479
15258
19387
11729
31134
13129
47351
38533
39746
13636
8186
1171
28554
28954
20282
3100
18397
34921
43966
7053
41809
19652
49977
36655
10846
48688
4713
32532
8823
42506
4741
25252
2082
48878
30810
1658
13260
8926
30018
20011
35104
47861
21104
41967
29027
42526
18259
7784
36021
1597
45281
28450
1038
47143
32764
34354
30703
3993
38457
21259
6986
14650
233
30508
40144
25157
33059
22840
365
2051
506
41418
19868
16320
31749
27539
41381
26060
34295
20817
19429
24967
9723
6530
36923
5213
22200
31306
35701
13293
33174
4286
31814
15282
45839
47753
4785
955
38391
460
28855
26912
39829
19933
7827
16957
31021
28292
2976
30502
44864
49309
19909
7850
16233
33439
6970
683
7360
22688
5166
19288
5017
46178
13921
43709
40376
34568
39584
23254
38696
9004
42605
47543
35850
36046
44169
333
48594
24239
12715
13861
41312
30260
38103
24869
21020
29677
21081
1118
43637
17760
35437
24867
4113
18796
49543
7914
23924
24261
9262
47090
42309
10872
24151
1229
48585
45232
40899
30651
5980
3712
5397
37494
26470
48277
43058
23447
19866
45589
14857
30762
47561
23698
8485
45937
15290
20953
49134
45572
28462
10453
20665
40841
49803
32434
14687
46714
23828
33600
41319
42877
34317
6526
45984
6808
16160
10196
49032
36418
22047
19162
24365
32482
16413
33692
30352
13665
40388
25857
29855
3224
774
33542
38858
39146
4964
48667
10483
16326
25681
31406
36376
31122
449
26760
40858
36454
18266
24480
296
7486
37756
47124
9070
3865
25702
30364
37863
11109
43573
31828
33527
6961
48390
6640
37232
6815
26530
15735
45103
18835
38110
12136
16396
5841
39991
22624
3877
31744
6673
26309
32921
23754
24424
10263
25920
1966
11387
36132
15053
6035
39433
38343
10980
8920
33927
44304
22594
47944
25437
12177
9034
12466
23537
26535
38772
14845
41726
25623
27789
18884
34357
22642
17826
4301
27423
37672
2985
22297
38519
39550
28997
46728
17695
26961
42574
4950
16747
21068
6478
44589
17180
3508
23722
8556
48501
41582
44432
48653
2560
2736
46570
30979
44434
14136
35981
22434
40759
48818
37532
1644
38253
48219
17123
11165
18021
17600
31487
39833
30951
49913
42186
5711
9760
35812
49713
9067
17144
35096
12206
12989
39328
38727
2281
5142
15100
6659
9230
871
45776
16645
22010
7672
4296
35618
36709
38621
41731
37149
37783
27686
21814
47172
31588
13060
43025
24738
34834
45665
30891
21054
31663
11850
35146
43903
22393
7352
6890
45078
20530
12555
4977
12675
27625
9112
45298
17933
32440
2155
35510
25081
29490
837
43109
20443
34449
44300
40684
20017
7969
41269
9481
32045
11773
26906
47519
23947
13568
41390
44360
39964
47820
34189
14932
21285
37236
49288
45458
37566
49421
492
19930
16117
29931
3244
13139
15087
12817
41495
30710
2034
5883
12568
34863
31182
16414
3593
41141
20389
10874
5326
23551
10964
7209
34470
15323
12085
16735
45551
24771
27
24757
29997
7346
26399
49682
37639
19041
9561
40907
36999
37118
39269
28756
19738
40541
34791
13372
13824
43522
28431
29713
11056
4752
39133
19066
1427
23352
44100
35890
18499
45049
41263
32869
4214
41048
49606
11354
39931
9725
12984
32537
9570
6938
45040
24311
3660
19677
37382
47403
34118
4588
17821
10887
10933
24914
39891
31337
45649
32525
47843
31540
3081
25807
15521
19320
2191
14585
4903
43673
3113
34290
17091
49988
24653
49608
36564
21374
36338
17259
16960
15365
40308
34492
15062
43860
23175
3577
30644
40791
3898
48163
13365
37981
27877
45123
49165
42061
14421
44971
19103
37164
21106
8232
32893
46255
47138
10821
1460
26486
13394
23615
46571
40817
29420
25251
21263
22596
36151
20974
47360
28173
37247
44900
30246
12843
26914
19787
13776
28989
35941
33772
20034
5221
1159
24827
35565
22392
38186
18570
42053
10203
8799
38927
39318
46729
30883
9101
27455
18614
2759
34880
31971
25699
39631
25651
45515
41151
31283
31992
27660
43348
30864
47540
40071
21513
44252
44748
44623
6077
25027
6728
2545
16977
29630
23518
31378
39540
4954
16170
7026
8003
39348
26192
24008
34748
41092
4841
19469
25738
29990
19150
14303
3260
3024
15740
15177
25217
26198
3189
42089
31033
16379
2745
32220
30088
24037
3895
13980
35243
45145
23660
41887
37172
37221
38249
4100
8146
13074
46355
13200
12852
30529
31120
26668
23252
44167
984
38084
36704
14775
7066
19205
39017
39276
34408
21798
38886
31176
26815
21023
4475
5368
34860
36883
23210
1164
14093
5172
2195
7726
48024
24090
3516
8106
19083
7931
25288
7822
2456
42290
36708
32467
48311
28700
1415
43679
10459
39758
28178
42199
88
46204
36192
43448
15308
17812
6254
26249
19957
33240
1453
49162
7912
30444
49738
20183
44362
28455
20022
1345
4387
33218
6645
25543
662
48369
20107
26277
12626
37344
37482
34426
26218
3562
9005
41230
35338
26401
13751
2097
36034
12932
37999
40600
25477
45322
28334
11170
40374
3209
19479
45151
49098
18273
31939
8402
37377
24752
43868
41718
13368
13819
11350
17037
7562
49598
42590
36700
49657
45598
23310
45440
30648
45443
26199
45396
45189
5731
4468
4751
42288
31636
41420
22286
12885
1387
794
27664
16357
43832
5148
37187
16795
9140
13499
39817
4382
17717
44040
38357
46815
32286
11263
45633
22435
2120
40679
35228
41070
25370
24893
18882
41100
47139
3496
13280
48187
3267
44918
9955
26451
5744
3033
29685
7778
25669
46042
21120
34601
17924
33634
16174
31708
16134
31556
27071
27431
17412
312
34766
41671
19895
36098
18235
43533
26544
43420
11420
23223
37275
20383
32285
46720
31249
27670
40682
33922
5248
39365
32355
2227
12267
16277
29231
13592
48151
14523
5557
14352
34752
6666
34974
3918
42694
38121
39351
37363
21602
23873
36900
36996
38395
6446
48517
9291
27476
24942
6123
14854
8115
36784
46645
46508
34289
21453
10184
31509
12457
27792
20639
41919
7637
49745
40513
42515
45143
28955
47099
22618
23840
27799
18166
38556
15904
41642
44472
47339
23129
20998
37899
27406
35071
22397
35372
33040
49907
36799
44186
41221
47877
41782
3536
4817
14582
13427
29454
20047
2185
23530
38051
37890
23120
33686
3115
43979
9949
42641
27888
4516
21468
4189
26783
1696
39777
25098
44270
1584
18226
39061
46976
30520
41756
48544
10049
41155
14222
2698
28758
15382
9300
26496
46098
7503
363
4584
41559
38328
25942
13533
45142
3717
15751
11648
8507
4279
32663
22021
1639
23566
17845
18026
28018
8344
41241
41716
24146
17614
27117
40578
34413
19645
14948
16706
31335
18216
15809
22962
36028
4859
36497
30010
24943
6695
8820
17101
26461
1008
4267
1143
31785
25172
36495
20194
20090
39666
38010
20403
16676
23275
8830
1728
13762
32876
35288
25883
20727
48860
20921
10705
17740
17044
17783
41346
39987
38351
33561
7201
38309
20660
39093
16363
49231
41995
2734
14414
20864
30386
40134
17971
29020
36553
43917
20786
43751
26540
24644
47697
15099
7245
36592
17296
30682
14705
20917
11212
19991
6453
7205
37046
45423
28370
21195
3437
23415
34994
42865
37845
6707
20417
9563
22244
40431
41203
30539
47545
32907
14547
13992
48195
46425
26138
26949
12724
46637
14921
47310
32041
17758
17601
25619
2328
10720
39570
26594
33315
11687
31095
18279
13201
10319
40750
5555
5298
41345
11805
39514
28124
36424
43787
41904
31226
13709
3335
28730
2317
4195
28387
45395
47549
18017
24475
2840
25838
14891
16485
19444
42518
25972
16552
23445
34786
12567
47093
1302
20214
21431
5490
25850
29418
40289
16338
28117
18511
202
4425
47529
247
18652
44582
40072
43194
24851
6228
9289
9380
34586
47798
44130
22880
36293
2587
8919
43129
3788
2575
25861
1191
37068
28740
29859
16089
28903
20869
44548
48039
37188
1933
39827
27509
21398
26666
23229
10041
34900
31291
32412
42602
12326
12428
29936
31638
45693
36430
35784
26984
5774
5163
5638
41738
45604
43185
41242
15490
21806
40177
28577
4240
35034
16943
22564
19015
43854
26476
46977
49491
5080
5854
12187
27287
13590
39855
21829
6327
21142
25292
40310
34292
12603
44451
20466
40859
47087
14417
36943
28915
41329
25375
14294
17104
46740
23185
20378
2431
38276
9219
36575
11503
8406
7152
6140
4448
43748
40033
36785
4861
21850
33866
5846
12750
6677
11988
24588
20894
2268
14289
41879
24127
22465
921
1437
11273
30865
1789
6901
48939
45285
42215
47102
43151
30082
48805
31775
5932
44501
24865
11168
43077
39934
9870
44134
23680
43586
24780
8620
35577
19448
39961
37718
13581
47524
8118
26816
12143
31400
5644
10344
29798
18500
11086
2216
26818
20348
12233
2600
5251
6800
2378
9162
14631
1053
43681
13001
31315
1153
16074
9990
45803
23154
27917
23598
25325
36364
12350
38911
19473
5702
23651
20036
44856
27672
42627
46037
15315
15919
30790
45961
6487
42383
16656
20121
46980
5457
25258
12518
46908
46290
22025
45992
40996
31904
25724
19769
20771
7983
19893
10475
7019
2159
27675
6652
39192
40191
29666
22560
25234
16962
38856
4261
36216
30530
24306
38842
32142
13159
32136
48368
40943
7338
12104
46175
42141
3582
38195
24359
13918
23233
25572
29754
5867
20918
1352
22627
41333
46094
40241
17986
31251
44877
21073
31351
11562
24180
3351
29774
21015
26660
35533
1837
35388
1327
47982
1278
36905
48175
23003
14058
16681
1692
47977
48940
45632
49924
40602
28728
23914
23021
37930
37969
13302
24131
7919
42078
3901
33798
48164
10578
5742
151
18713
15296
5607
38925
4091
21358
22198
13714
12646
40496
14389
5097
34843
10770
7179
26295
16449
27183
14447
42859
13552
35821
12174
44924
44101
37047
49843
4589
39065
21282
10974
39797
21925
25222
3753
44376
7604
38218
19390
10824
26893
20542
34545
3270
23354
45005
4134
25457
26833
12746
35067
17568
8976
32240
14245
39927
3685
42008
16311
32814
24795
43965
14118
7663
29034
35475
27783
21849
21981
34695
25163
36280
4940
14395
24456
7522
13338
27079
19193
22471
28291
48664
21075
17920
30555
8223
46680
19584
5577
27390
19956
6922
15779
16138
15487
29383
28666
19436
32847
6803
48915
13070
44459
29643
8244
31010
43454
18857
14193
35036
29644
35216
10717
33501
5741
21575
13112
36043
46713
17481
27059
26471
8523
3947
21636
39350
265
24393
24812
21203
32646
43011
36781
20346
4095
24709
34957
40197
20061
29384
17546
45744
7002
18919
34406
10075
5686
48108
42353
27626
47416
23318
30350
38665
48407
33343
5597
3770
8641
1765
14536
39251
15379
27319
46134
11785
17857
24060
38587
44506
15102
46051
36927
39727
33789
20289
48240
18072
26778
44292
12132
34727
19907
37269
14316
38030
18393
49516
22779
17751
43977
17183
4093
41960
6041
9385
16963
12983
34454
39203
28683
41218
32198
1677
12056
3297
43010
8341
45967
29200
31653
47564
37057
23641
49813
941
34824
44949
23774
4988
6355
7391
2289
5180
31415
10308
27575
11859
8855
42280
18091
29775
38934
7213
30889
19979
689
42972
41008
20035
21401
4022
3111
11769
29540
49478
33249
17098
24002
41442
15774
20632
140
26548
2607
2885
25909
43688
29447
19007
34453
25011
47162
10847
49818
47431
42471
7309
14818
3262
24974
21685
5951
254
30477
43605
20481
15933
42114
49470
17457
49164
12000
43171
34599
48593
42557
32491
37126
41556
31575
27821
24791
13188
8081
23997
39649
1609
31424
36886
25885
27385
22120
36341
15906
27191
22073
47875
14202
5960
14331
42473
46090
44082
37072
32973
31729
35214
42231
40393
5335
17654
11343
49999
40468
39320
34757
42182
43220
28906
5444
12699
44812
18094
33390
47094
14106
31918
22290
44527
9345
13069
36994
45815
9770
33551
22232
4247
23278
37348
21192
13099
11143
3079
26015
46679
36951
744
18646
7647
36566
38012
46581
10569
17786
17078
20415
40176
32046
24072
25741
4587
29053
41913
2327
5677
25198
39108
2261
48341
2514
15759
7028
31965
16259
435
41024
3597
28281
6220
10695
17790
11750
24065
2013
29446
43925
29334
44421
4205
27048
9891
48831
11452
108
48001
1338
33791
22438
29156
301
14985
48516
35972
6397
48753
23801
38216
20736
37266
22927
34280
28655
33541
2882
4252
37089
6655
41469
30885
4274
18016
6897
5028
13482
22407
7113
17859
47696
1065
49882
17523
33001
17089
16498
24806
16180
18061
5891
9811
12146
10033
42036
23870
39966
6928
23036
40152
16815
28162
35332
1393
2877
30126
11208
26614
43068
42738
37453
49723
34736
31897
38023
10446
18264
6525
46029
23572
17947
14975
29078
17769
27514
17238
23910
44805
1271
39186
34847
18562
26718
5937
35726
16631
48448
5998
34049
35594
8090
29622
32305
49221
5488
16842
41815
42838
2219
47926
17249
36652
44803
9028
36736
11059
29182
23219
8355
46444
33152
19585
32492
3745
24687
30400
42143
33069
650
30692
25873
21809
8173
17181
27743
45732
8686
35690
48789
3523
7536
8673
9564
18934
35349
40744
33839
37018
28367
40705
48
33282
9509
36505
35470
48129
21088
8165
31563
34163
32788
22039
23983
10657
13537
21996
43996
12957
32709
45408
24015
18415
38824
7069
14081
7734
18442
28891
26831
43501
49238
37115
25578
42920
18262
14602
37526
28790
35322
44693
30952
47678
22042
42400
9941
18368
35978
49736
39185
10546
49769
8386
33347
15267
14239
28515
30274
2297
29170
10143
3945
7751
15482
16773
47216
23205
10492
46139
36669
15593
25363
22172
8368
42201
7785
21682
45407
23144
29613
46970
16243
715
47602
40882
19790
33419
31193
30349
21043
39821
49205
6405
31614
14334
21922
3511
18193
13493
10533
42632
49561
28893
47471
517
34091
22101
44605
44743
8271
11118
43377
28945
24507
13421
33095
18821
41936
46765
18418
29493
49858
33702
33790
24134
5175
45420
23717
28022
25415
23279
20841
48028
10986
21582
42033
37233
8132
7732
44356
5995
43843
15606
5618
24412
8085
9095
10043
17030
45444
26802
35816
42075
30028
35610
8728
306
45738
44247
45790
33709
3887
45045
19680
47098
4421
14475
5529
16843
44992
10390
7482
19327
49473
25392
38718
38775
49133
41080
33328
3972
3739
24227
23958
17377
37446
14114
27091
13988
29056
4901
7791
13935
4265
17038
28003
35004
43078
43349
28678
26746
17775
4105
41303
24800
18512
18333
6226
44156
14370
42744
39040
22077
1062
2867
1675
38524
7139
40806
1182
34020
39545
48075
22877
18951
38365
20246
44753
4389
15982
20539
36499
38779
3459
33931
4514
29816
24504
10674
47383
45225
18539
24503
19955
40267
20937
1283
42931
14725
48995
3120
41871
15432
36976
32262
29083
34089
13334
40822
7861
26005
3481
46919
43201
6554
23822
6142
6119
26244
48358
19872
1158
17465
45241
1129
31527
14418
9554
35123
19127
44341
44975
31601
666
30196
15765
34608
6496
26625
47691
28416
28061
36801
12644
39680
33904
2351
23389
23005
14928
11394
36277
16235
32960
6118
34646
30110
18786
31548
952
22502
27024
12298
25279
1819
27658
9545
12443
19340
4887
18130
35108
12051
37757
31018
4577
20868
41454
29722
21278
31623
33287
23281
33569
24896
33248
49851
45680
30798
10768
20325
899
11223
46553
16782
34030
28272
47133
45887
9600
5113
5337
43269
15353
22455
48841
35964
8069
13093
19201
5161
39639
24937
29185
14654
42764
31322
22771
7709
21316
2643
43162
48935
1540
3785
31557
46357
27127
39600
17714
44997
10525
47523
35382
36113
44148
29224
2007
30419
23467
26516
22309
39260
6812
36203
45769
43912
30515
33656
35297
34080
5939
26588
42616
22245
28241
20838
44626
11243
5884
16819
35263
3928
8655
16407
31110
37468
48911
3666
8348
20185
26088
43217
45826
40283
19458
32364
34822
41890
35968
43040
19963
41201
42438
43690
39272
9210
2551
9907
25537
46657
46174
11910
8917
28006
28787
41664
39197
41611
11507
20837
33487
28604
40341
23756
41302
27683
32818
7704
22754
42142
32756
39524
15181
4776
23362
37549
10873
34691
30628
17991
3057
47395
45363
22972
44038
13083
35656
6296
37272
8179
24864
29495
28336
10372
8531
36427
27435
10313
10337
46534
11902
40724
30870
2128
20217
17416
26786
45310
28041
15539
47948
48524
10751
36036
33411
48552
36349
6688
34991
16616
30440
26258
11381
32761
49846
5237
29074
28786
29932
31697
13053
10370
31308
36945
4103
12850
38047
48497
4445
48189
35699
46605
4934
10659
34190
17365
23462
32309
2071
29605
18139
20677
8784
13754
29419
45688
22879
28405
5767
38891
19105
5862
42585
5911
43134
17699
47155
38896
24601
19404
1736
21024
20996
12234
48377
36634
21394
19514
9159
2900
31052
8704
48181
42088
34698
38305
19039
32003
4354
7278
45386
13835
13995
45080
1735
9290
17012
24422
25123
40640
49349
20248
9876
26990
32913
32119
16330
22449
21315
35535
1745
44343
40295
16868
17703
40767
25719
36601
19231
17112
25839
10524
20857
17063
43870
18115
35827
38478
22716
9633
39737
49844
5928
16255
49811
41275
48295
2225
1520
12760
40007
14858
12867
29545
2585
20211
3466
33116
10712
47970
12685
1133
26689
33205
28239
23068
4939
17750
23014
39411
35001
39377
6976
36223
3959
1942
22683
6143
22288
40440
35330
25935
35888
25267
20111
37933
1818
17566
594
17470
27094
29840
19716
3994
44403
39508
15703
746
17026
38899
8062
4302
28395
11557
32732
46773
17849
24845
1873
4640
48224
25219
613
29041
32801
18837
26396
11433
34935
47842
1115
38580
4931
4898
21856
31036
37695
4248
30913
18224
26568
11596
49905
45980
963
28493
27021
13169
3960
43197
5652
43653
3039
2202
39830
46774
31361
47931
24919
45109
33868
26024
36631
31996
18964
2477
6116
4181
44026
30092
49398
13269
26376
23394
7472
35860
40739
48597
40502
10480
43767
38302
2347
49196
47030
25294
49609
19019
37102
3223
31293
49235
33533
33402
32038
39858
23196
49967
33246
15144
35292
6057
16758
20334
12608
21490
4331
3211
8109
36047
12226
15884
44245
41762
12053
46575
43304
3957
39768
44994
5181
5149
12481
12109
19445
12788
38083
13914
48196
43104
9879
212
44079
29303
40499
21304
36081
33256
38510
43051
23937
3979
12525
9119
47010
44821
16592
28673
29739
47773
22191
48168
41719
39379
43473
43143
24444
39152
23042
44140
6973
30618
47392
17287
2496
303
2729
39344
17732
9825
8395
12411
36013
30341
49048
3379
32133
14185
30543
37812
19911
17542
27187
29485
41711
48888
32347
11233
40290
45434
47175
8390
31173
24413
7046
20866
46213
36245
40131
24859
37501
5898
29345
4868
13840
37447
17513
40381
3866
6505
38061
23622
40919
25341
48837
10237
7368
21123
4258
41421
7779
8915
2881
34212
49554
47140
1200
7442
7674
8612
17570
3637
9256
29945
17652
4972
18689
12785
5247
2608
28792
48985
42661
28685
1491
6083
47184
4603
45097
18827
36315
11351
40915
19526
2360
14281
17247
42925
15560
19342
28283
31879
13878
8219
23202
15523
10227
19635
26016
9559
5069
25282
37617
47040
38016
30377
32890
18444
20487
16468
43386
354
17662
12594
49853
19848
32455
16285
6596
38370
31561
516
15236
3
49781
40577
42669
13721
10169
11188
12482
21414
12899
30273
6610
26317
22584
19602
12547
39870
45530
23684
18019
40319
26947
1931
34640
24712
31551
7842
13128
12301
47222
39585
45849
30226
5641
18233
26361
8906
24891
13658
22403
8899
37623
47292
21817
44697
25438
8171
45607
3427
42754
49291
12470
17739
172
17900
33497
4233
27710
38251
8273
2859
12087
4700
40553
2845
19765
13014
5076
24034
4177
29609
44462
35231
48645
913
31241
44251
39573
24615
27618
41540
38162
7456
13774
6994
46511
29518
30678
529
21070
12677
30233
741
45778
44306
25389
2963
16071
45928
38776
5186
39054
36261
27480
40819
32531
30083
15898
1817
1458
26741
17771
31566
18099
14641
26814
41139
36772
20329
36176
29542
49437
7327
35807
4613
5759
40631
34570
41413
16818
48120
46640
1956
29809
10811
14048
34715
17464
42406
37066
10365
5348
36938
37422
22585
1652
8777
5985
40242
3281
6744
3835
4709
44737
42899
47939
27415
7251
33871
35771
26042
13388
30834
49826
332
26403
5792
4553
37635
12382
4669
47254
43939
8597
23804
6503
1126
13098
33967
33210
1299
3194
25634
19670
5807
49396
21840
24847
2402
2497
39996
28251
44363
24681
46918
23069
12359
16829
10451
38838
12205
37487
1648
248
40581
30265
6319
11302
29256
44669
3881
21886
43457
20843
26735
4099
35760
26409
10385
6714
31871
17844
45058
34379
31750
49401
9426
16199
44168
24389
47830
21380
49524
24432
10178
30881
3086
7202
17528
21
37388
21069
17046
18388
27413
8772
7277
28122
22772
32325
6331
49190
6221
11106
9935
4112
36788
33644
34712
3833
18552
21556
38745
5856
34767
10181
18319
41257
43063
23336
5916
9708
39051
35609
2277
831
25836
21352
48192
6079
24026
42786
16187
30431
43296
44138
1661
49808
6400
45584
43674
16663
31898
14884
4264
685
8145
29778
34250
10462
38543
20999
12797
33895
28386
5725
23486
4715
46264
7923
34255
10589
17068
46688
42095
13855
36433
30997
11274
793
3585
39063
23033
49814
20668
27387
35005
48030
48946
9677
36031
37519
25328
31439
49502
39062
44952
35075
1879
6710
7659
22334
8356
9572
29378
6941
26777
5002
8495
43672
25424
48885
45606
40797
502
8995
31843
48080
7752
16671
21545
5902
10667
12178
49303
48569
19926
49878
13781
9331
15369
9336
21435
33518
49917
6025
9280
35110
19884
12036
14478
25904
31834
20830
10139
13150
23148
46691
26186
37957
43285
8095
31594
47665
16714
40156
30489
4807
12510
33657
37268
19644
49519
49623
21683
48579
11073
49290
26216
31687
26289
38881
8903
42861
20908
13030
32852
11577
35633
41489
36029
6092
46775
30322
30836
24314
27880
25197
21527
34034
4422
39705
45591
11821
35283
26062
15634
38117
20078
7836
22162
11410
8980
34998
19564
1395
13379
46873
35188
10676
16752
29972
8142
40878
15269
32062
20371
40214
22385
92
36547
39675
41634
36852
46829
9693
12939
45224
38273
9407
43926
16022
27617
37892
43152
8727
44516
35217
12842
38857
45832
8888
22383
46339
20565
21807
8178
39595
40196
28849
11265
8153
34088
42440
11627
46821
1254
21368
9378
19942
42027
8080
20073
15541
35415
13080
45852
14664
10608
32860
45376
36413
35245
45032
7124
20855
12071
23994
39602
42610
17961
13158
33724
41514
48925
34720
16699
24732
20641
684
5475
18970
47223
25977
8935
29233
39268
14184
42948
35118
33488
8530
6339
19412
13
43139
5310
34070
36179
9731
22819
40937
39630
5538
43705
9646
25937
6104
49294
11626
42866
11065
47182
6604
34176
9176
28446
20453
43561
45167
14353
27239
32225
498
4962
47221
18978
34229
37131
21112
15585
29404
861
25007
30362
13422
18609
11692
28946
26883
35799
33330
39181
23106
10948
23110
25657
48115
45155
21284
35342
18791
18532
7736
3531
37948
2184
14603
31719
37416
12
27579
20851
34170
48150
37824
13817
40834
34929
44321
22939
11982
19573
6820
43183
16914
44734
862
3305
5974
11492
19152
16683
21308
25882
25676
17376
22037
32229
49550
3027
24873
756
2295
39747
43022
16651
36324
44000
16012
49864
49099
18747
36773
40549
28085
7863
25160
42501
46246
43961
21775
26604
26997
47166
3896
12461
42607
39211
13235
9139
17156
45785
27730
12194
37965
43132
41669
44047
38811
6341
44691
5372
10167
23526
16491
42882
26225
9853
13256
7564
35900
5469
33835
16204
42385
16322
34645
45164
24794
39431
21986
46856
20730
8585
2423
8185
26595
14568
4852
27640
45302
32421
10877
48464
21610
39511
25405
17455
43519
3894
41521
12287
20497
46563
15811
13624
10270
30984
43168
3371
47251
39143
17653
15125
9250
20881
38371
48853
11736
46609
20652
37141
17747
1083
2975
40018
45916
11802
27096
18932
19612
15334
6765
18260
20086
7031
11150
31534
26979
46127
46338
27576
26469
39592
19183
22966
40004
12951
45368
17397
43286
12069
12144
20372
10485
44145
28358
29582
482
33515
45243
1973
23736
3296
36298
33377
25872
0
27691
36373
36484
2025
40240
20051
9421
49429
3141
19729
46885
33428
18493
33247
26579
34664
40199
20794
29829
2050
27620
9031
18576
9343
23901
29689
41081
24421
23742
23535
27794
17485
22443
46876
31422
5845
49454
31506
12344
18899
20809
6101
31208
35815
3221
5466
27862
47033
33715
12995
29357
42988
29003
24734
16518
46852
26656
20015
18087
31215
30829
49522
10310
34173
40805
27964
36294
41216
11668
2735
10080
10303
8544
47869
7052
29435
10222
20581
10514
12613
44530
27103
19357
13024
5943
45976
4966
7183
28205
6389
24971
45692
23733
4958
28721
34436
35927
45320
32021
38575
46621
41343
9239
43627
6810
20653
8956
18574
9576
9105
11665
31356
19302
41370
38850
1122
9961
31137
26915
9066
10632
6631
33409
2624
17502
34535
2621
47593
12473
42801
45508
6696
21626
3406
5599
6413
20874
9573
38039
8519
32056
47427
36400
46324
9925
46777
4885
44835
31673
17491
16394
20994
20610
21031
15600
38648
31633
23544
44987
28636
46171
43633
12399
44543
11417
34194
11440
44005
37398
44002
14560
6218
12278
39296
2448
45338
7887
21787
41517
9505
18722
29073
30012
9022
27138
23100
41833
17392
28619
37707
18506
25448
38034
317
14788
42074
35746
12009
6572
29080
2020
5100
36251
25133
25207
39392
25083
38168
18855
47497
11981
31896
47072
21063
49975
48763
20016
39235
12064
48107
31555
15736
2811
7467
40748
30905
2589
14033
14419
27627
43960
26404
24378
20784
45644
8747
42140
5760
17686
10881
9332
20067
29971
8313
25494
22883
28403
27910
48513
28591
17957
11128
3750
26868
20411
28593
7783
28103
11308
10012
1820
41742
15126
63
20441
25906
39316
46426
42833
44399
35307
43850
10921
11640
15120
16678
43712
9508
33823
26257
5773
49874
38105
48419
7426
21160
39863
36090
20373
24621
13804
13234
8642
22643
42477
38611
13517
38269
44260
4370
36406
29669
28005
45095
1610
39577
5286
45600
20013
25895
38542
19108
4643
34851
5775
25526
1666
36600
15512
22809
6522
1412
183
22812
44590
21681
27126
27762
30860
1220
22051
15421
49467
4326
36386
36352
1546
48141
17656
25574
17201
5426
18887
34475
2344
17246
26702
23857
13923
25459
42405
29673
40662
20893
30985
9988
1803
8971
27897
29468
2381
19171
26938
4405
38348
49922
10248
18677
4377
21835
46554
5906
22836
34433
32020
3633
49764
6068
18468
40828
43857
40224
36555
19406
32514
41496
7424
25406
19253
5660
27430
19143
25006
44593
23671
34213
39493
31692
876
43791
44297
39293
12503
35819
42549
17503
4662
9812
12074
40764
15331
49795
1202
42030
17497
10880
13584
11898
13583
16660
31302
22544
30611
22458
24883
16479
45940
30487
30908
11783
32497
2720
25395
5359
3336
25998
34284
40281
47196
18013
47885
1939
18405
43316
6822
19948
23745
15111
18317
20221
21723
42938
32618
16575
17333
39825
27646
37227
25594
12035
28841
15486
588
16972
33880
12770
1411
2609
37931
24436
27188
20751
6914
45059
30323
12408
841
45514
11967
32654
33134
44042
39712
33703
20966
17975
47329
43656
18032
15554
26371
41909
46953
46057
17062
38536
6989
28337
9436
43329
36492
39023
1527
24025
770
37828
29398
28487
45183
23317
26902
38814
14973
43689
21662
39952
41414
11639
18328
23169
31142
48814
14823
33461
46363
32613
32227
22453
27395
24635
35638
3014
3916
29570
20805
44243
25058
42236
27940
46327
32230
8801
16477
42523
1320
37134
22005
25153
20617
7351
5646
24488
42417
39448
19322
759
12290
40057
21437
34771
34912
16781
27864
6620
15985
16403
11764
36889
18940
37219
8025
28163
14074
37668
4196
47581
46503
15384
13140
23917
5663
12285
21294
41046
5981
43812
42357
3485
4404
5558
9983
20584
25156
23604
33018
20630
23418
35919
48278
45431
23428
44476
47121
8122
11611
33284
33851
10544
46841
10006
24192
23123
36932
40781
48073
36828
28329
9733
20956
15417
32809
16884
16800
26493
42923
49934
20655
14583
3326
47972
5422
33405
8099
32362
38586
16718
46462
36969
27854
1535
37201
13805
20501
2775
48257
8678
12431
37000
5665
13839
35489
2531
19614
12348
22278
24324
45293
23414
15074
7356
46884
48519
34253
2725
33877
30877
1058
12128
37473
7552
39641
16803
49431
26193
853
34047
1834
41510
1434
46147
12722
35879
44833
32881
10755
16119
39380
43911
23235
43438
11761
7805
13681
33489
39199
42333
23589
49767
2962
23886
49855
27155
24024
5407
43506
39942
23338
3231
18810
41481
13991
22420
34580
31906
44110
540
23603
12508
19941
8546
29245
9852
46436
23248
40498
44914
36071
31628
4678
30584
35662
15542
10233
441
37261
40255
3768
13871
43260
21796
34302
17220
44210
5218
854
10062
11536
15137
2169
46650
4806
32191
4944
2
41478
3276
20030
870
20781
31825
36059
21530
341
26448
17213
2105
4645
30954
15832
13021
7208
47999
31757
264
600
43980
15828
36896
47522
42011
30449
49160
4182
4795
14032
30200
1273
352
48699
43322
38081
33384
25346
5380
21551
29198
48198
11149
47461
42368
9673
21859
28659
17308
11366
2406
11856
30948
39543
26432
26615
7027
30422
18410
26772
6683
26911
33738
34924
45714
10021
36811
15558
27213
11360
45422
24157
7962
6650
15041
27029
1086
47354
48677
13487
18343
12066
48660
36891
42139
3330
13549
49670
41398
6560
21372
48397
38143
25162
7788
12196
26010
32506
48576
21892
1894
43823
9253
46861
12328
26981
31001
17488
33786
46549
10687
8461
21006
40322
24789
10542
49747
28741
27493
31857
29202
11221
1150
40234
14348
18731
3002
25194
21977
19897
30194
11671
9921
5593
46813
10919
30148
35924
13274
16381
39755
14847
11826
40251
39984
15200
45541
8426
39947
12742
7750
30770
48631
16400
49004
24628
27551
21356
5227
13802
23556
34902
26299
39662
41734
4427
30499
789
36266
35721
24723
16504
30907
19784
48923
12875
44565
14998
5112
20585
42404
4446
20260
44599
22963
21405
10802
36805
23098
2787
283
43924
16478
17865
13436
43660
37284
47618
30516
26220
8072
47084
41173
22118
25912
30679
26159
38490
37334
43599
31758
24292
14651
42086
49069
26502
25932
18137
22208
28128
18593
27005
26035
25745
1373
36076
25604
38113
1067
364
11342
1635
40346
41755
1325
5315
37869
26764
19515
12623
43642
30600
19333
9784
16915
43262
46909
35401
18627
19539
5858
30814
19813
35492
34666
28145
30775
38568
1330
16096
13785
10247
40735
4024
34462
16197
14952
5256
30876
19036
19377
3473
3635
30420
41053
7675
41609
20695
11701
23636
17117
5793
36738
2644
49886
43029
49439
30234
14323
30391
24638
45141
12712
45460
34151
28312
35892
49107
24220
26118
46973
36513
38129
13687
47704
1233
30768
45983
42234
15002
48084
33281
47266
33757
11937
38146
16738
2965
5519
43807
20437
34673
7929
5865
30893
46932
3765
11978
26627
11793
22117
12126
39421
1198
8359
14445
5092
9047
32783
28265
1059
28524
4192
13626
24064
13708
5478
26238
40714
32407
48606
4598
6051
22153
23577
36713
5726
12310
751
15404
29163
39950
9422
218
485
29967
19471
8474
2844
35841
33743
41544
42994
25002
12054
33998
15900
1430
44625
15531
20376
18694
16534
22433
31626
16932
32883
30740
23430
22019
5312
9412
9621
46099
15641
24414
21934
21646
49366
30411
2991
10785
23779
24625
18122
7581
21841
31365
31526
40425
8261
3048
29868
11355
7681
42399
31234
31080
12286
42979
48772
10929
9522
3233
41026
1140
38252
12314
3332
1383
44196
7207
43452
44956
33003
16721
22744
44288
21085
46674
49298
49557
2415
25607
47409
47101
17514
1168
48325
49154
3091
3213
3819
28567
7161
20666
8034
1091
786
2401
31166
44635
7615
2457
8825
20365
46842
41386
35083
12116
48078
42936
33009
35164
43256
45991
16839
16028
39310
11774
19197
31892
28502
19968
4273
20253
22566
10087
23705
8577
19235
10122
30835
46438
30289
43600
7583
37402
19281
25022
36292
4503
1836
10099
49091
13036
11514
41291
4525
34995
40415
16253
14000
8853
39871
21139
44875
27700
6372
46819
17805
47475
25549
34283
31943
41075
32361
31079
33631
9650
17596
27433
9402
11250
4920
11517
20508
40978
22554
40653
17972
14931
14572
3814
23842
34445
27902
10414
12227
42224
17580
26179
44670
43890
5099
26260
35605
2715
36995
26100
44372
32042
12634
49915
19148
12175
21415
41258
7902
12609
1839
39422
30785
7059
47583
11980
38864
11762
1858
5021
15607
2235
719
3642
42350
13097
16470
470
36330
37827
9217
1994
42745
36425
27629
1340
40546
39030
49159
21338
25
42428
8492
6124
18579
10498
32372
14876
10595
29553
18067
43050
32997
14071
21246
44285
28315
44136
9764
9644
44413
32176
22662
5103
43684
27011
9384
12281
22666
47793
14633
11721
9245
49458
13631
46396
26920
8795
31933
11001
15627
30603
46121
42697
43697
40645
22405
17951
15767
24909
8117
27449
40510
28172
35936
24685
3471
44826
48439
48049
32741
36541
10725
1904
12828
6056
3075
46799
15253
15928
44142
21452
12156
32339
32425
48152
37289
24121
43414
26618
23301
30867
35273
12037
45283
28675
12338
7967
22589
16688
4862
5169
28142
4123
39288
25800
25835
43602
12823
12076
28983
14562
43494
35802
47390
48388
5596
12152
42487
37798
8342
28521
9363
30780
46797
4127
47975
3021
22103
35045
36560
9493
49140
10354
23022
31371
24631
22317
38234
37952
42681
13849
25934
34733
45909
43463
17577
37431
13281
9135
5428
33552
9401
28605
38904
29026
2891
62
46234
3247
8826
15764
12918
19110
44616
32528
49422
6237
29044
46333
41806
37913
2326
11031
11326
20157
32958
22202
1128
48938
47738
29885
22817
23429
28977
24963
37277
12743
4018
39077
27141
38209
6889
3574
7557
31920
44874
27654
24889
32767
11500
49946
27475
29960
39815
30314
45913
14990
17893
49509
25516
3631
34706
38229
14706
4625
2465
20196
4847
20159
24700
41328
29032
34934
16075
40625
12048
19678
45237
15266
18453
3373
49955
6594
22516
21972
47284
43130
30959
37942
38087
21621
13872
48016
17137
18304
34737
2027
21092
6434
39307
43047
9474
23930
43250
40756
1814
8464
15706
10777
34124
4014
28040
27438
477
36197
47186
422
49693
28346
16073
31612
12225
34022
30091
14023
20023
5003
11624
14381
37664
6643
45740
14134
42698
13367
10092
5866
33270
45297
26617
25353
37766
21938
214
7975
19512
9638
34855
49128
19030
10899
34511
21667
7176
25840
11103
167
18108
43958
1510
24006
29389
49717
35845
31782
44559
26708
4185
46701
24722
15035
33723
1313
2893
35066
6616
22581
7455
8143
45186
9694
11107
5082
4971
21660
21250
46203
46394
14540
28536
1616
31263
35514
22152
20964
42024
18953
3886
38094
5061
46887
21034
8476
20970
41526
11225
49046
35412
28914
11377
20897
24819
42292
12077
16954
8
14906
49963
38156
4718
8679
2045
41452
47706
36958
29853
9198
4783
6971
4864
23350
21086
28284
45347
33588
5958
26356
13111
29165
41548
27822
27344
28633
35279
47657
41483
21722
29497
44361
24442
2925
23749
2404
20674
13145
25209
39444
46957
48722
12312
2934
18176
15489
48615
16321
32190
7012
43726
6452
10615
38804
19857
13713
41769
24510
23460
6801
7451
29227
31041
39804
31927
34378
40275
47684
11604
46073
17970
29887
23503
1804
9174
35937
45648
47313
16442
19094
11845
41215
35582
5001
33438
30111
28516
10989
21364
23987
6370
39811
11698
19214
44075
35557
43654
28910
46215
6844
24003
41554
33503
30312
23841
43849
43128
1084
35038
42254
22489
30261
3825
43863
2026
7115
42294
48968
38790
22637
2981
45989
15718
44146
26690
21191
29271
44056
11063
7081
35131
2911
40179
5933
30439
14882
122
10864
26989
46900
13147
45204
5401
12679
43444
27336
761
30097
48324
43718
37716
47473
46806
19477
29618
30189
35400
41700
41037
22493
49181
30327
39785
30518
37801
21652
19719
21595
46276
44025
47264
9150
29308
35089
33547
23114
29466
44143
9012
39843
19374
33573
37278
15416
25929
31026
37818
46083
45933
16779
11136
4107
16142
10145
14085
26518
12516
1396
45089
13152
15705
42005
15883
18188
27139
44713
29028
8868
15070
14881
66
35601
29176
12872
18709
40082
26443
1287
39541
5764
42195
42071
38755
47695
35698
23531
46491
26633
45987
15868
43906
46724
27044
4786
48340
38525
7517
23333
41681
47782
8094
34160
26571
45334
37092
22313
47245
12802
31020
29767
40102
44601
14250
14254
42128
24565
34725
47456
38882
10917
36056
48353
39333
605
42955
10545
17128
21577
36689
30344
37499
476
40699
28991
17659
43733
527
14877
45883
12385
39840
7101
1443
41055
42200
29337
4967
39685
46766
41064
10787
45172
48910
42844
399
5336
1710
37686
31262
35198
33496
36171
48451
39388
5451
37502
1211
33469
36971
27833
17629
40092
35856
929
36823
9903
24633
16582
22095
39037
38736
30549
24905
26302
9970
14253
32586
14035
46532
28658
7500
13481
19305
9855
4300
20935
4915
2569
752
47645
48386
26592
26658
14869
25508
4627
16465
31269
46348
45752
24549
43003
4320
32496
6676
49142
26610
36898
12401
12261
20309
16266
37290
48865
26491
13723
31787
10860
22992
26803
12426
48184
17074
43203
1438
26178
46297
12838
42414
16554
16961
32336
5205
7086
38948
109
48825
14883
5611
2186
24835
39170
13226
1384
28879
40163
6395
41341
18097
14375
32652
29965
16579
37941
16959
3015
6675
1854
15294
31352
3545
21059
28483
28637
23655
48890
695
26536
41164
14024
12462
46836
2006
17168
44400
44381
3007
2708
1554
14282
39523
9425
842
8191
11655
36551
16756
38690
31732
33690
46535
6045
27084
35167
14310
47032
11117
2252
28242
23227
20145
47947
41616
38347
36679
36199
10172
42034
16805
28108
42281
4419
45628
17856
12237
38483
35103
47705
34069
21824
27744
10843
31144
48520
25490
45404
22043
43499
35837
37504
23587
9776
46871
15159
35062
8817
23889
11622
48609
48493
3890
43045
16987
718
18175
41132
19089
39693
1394
28606
33348
26791
30730
29838
23198
24993
37572
39587
28717
23239
20834
39389
6214
23558
14208
18411
30787
3688
29560
17676
43283
33258
30894
3131
858
13904
28759
20967
5818
26734
44035
8207
20525
40877
2095
25388
49562
39782
44824
25413
45902
24098
42756
45427
6387
39729
15712
47675
23297
39877
12540
17693
44837
35074
21214
9617
44478
5825
20215
25135
40437
25091
41690
32929
10955
8500
23715
38452
17094
43514
15805
23731
18860
44654
35247
38238
16177
10750
21970
44961
14012
15203
29918
28453
24187
20961
37287
40881
37005
11598
42198
12665
48498
36868
42529
16036
26631
6253
16798
46956
9700
24428
15869
20800
42468
46748
33897
35335
10771
9901
27954
1041
22268
36334
41208
36754
7134
16598
40848
44791
21208
19380
36310
41745
14549
23605
4711
35603
41121
47892
27327
17965
29641
17506
35305
48387
47116
30458
32766
31772
42395
11588
4981
46469
11052
2018
9746
44775
20752
47320
11673
32692
11931
35267
6326
47126
29235
30278
26106
42338
7793
6546
35955
38063
19694
2241
28413
37556
21133
13979
1841
27434
32714
6984
36362
17245
22093
17478
35467
37067
27121
7056
18441
1098
45556
29090
33355
45067
16783
25404
33170
41180
20125
45563
25560
23979
12500
19752
23074
14974
27450
35173
27557
39112
41473
48345
40334
43465
40053
32787
49939
1615
24798
36648
18228
42260
35190
883
32389
47590
30145
257
29730
13453
24522
42103
4595
25927
26859
40874
5525
37189
49558
10815
32701
19494
33661
11593
23104
35970
47316
43585
38473
16289
37054
43084
47147
8555
4773
44901
8975
18285
12171
39332
8218
17173
11468
32183
29968
19502
46586
27077
19016
33098
14714
31669
4322
36567
21765
4193
23311
25852
45147
12694
27623
9625
34451
7576
5790
4933
41902
13375
29391
25725
28649
43828
17974
25886
8839
3747
11745
22108
21165
42942
42718
35696
23107
20479
17025
28640
9720
44920
36181
29131
18594
17402
35025
8670
36417
8198
23793
37637
15285
22028
44983
28679
4666
30047
1045
22844
15893
30184
2649
31304
23908
39709
49712
45416
15165
22639
23811
13928
14610
33110
42130
1068
46746
2766
8526
12229
44091
21268
35073
41709
37212
27727
48562
21759
25760
5377
47306
40461
14503
37002
42040
41604
880
37591
30841
327
33464
31279
17109
32014
8174
47756
24551
10364
13752
45430
20280
732
45962
29317
15098
9626
36986
29773
9604
27887
12662
36370
43784
36067
3654
35759
38774
14061
46371
13975
21171
7156
5584
30732
16762
49184
48788
9972
33331
38573
2388
6686
12728
14680
6896
20846
2137
37762
7048
41282
44661
15168
11234
38354
1660
29655
43190
43028
41051
30554
49055
44283
22712
35012
16865
16827
11842
7846
41327
13360
6840
36204
33654
13179
24119
33716
47991
10512
41537
11148
5369
9039
9495
22714
33710
25813
2283
25717
25568
839
1727
15240
10828
9113
25667
22917
23409
33196
15879
41560
8290
1268
23255
20266
47721
34384
15520
48747
27943
32561
34867
17766
4154
41143
45587
12238
34730
25514
36724
12254
26864
30492
6240
42360
26014
9771
15428
1090
9729
31417
6895
45093
15707
33859
47974
46478
34945
13529
8810
7248
1948
22167
6589
3843
2430
17160
14668
26467
34602
19646
27642
37570
11642
436
38733
24411
10415
26995
13219
3398
7359
22314
19854
24689
43255
5352
42367
46309
11335
14896
18238
17421
35130
24578
15690
33749
49430
36500
21366
9963
5787
48127
34574
24410
10251
23775
30686
11080
25350
524
41117
44323
10583
47723
16733
15965
43236
21312
35871
38596
991
41446
33862
17931
33415
37458
29786
1863
27403
26630
20725
25272
22011
21037
25496
39620
25165
19558
28252
42094
6826
44057
41175
14745
37697
24826
989
37107
34942
4970
5477
30764
8100
38463
41104
29716
32916
30205
9922
8447
892
47269
24170
18986
9100
20074
26059
10511
45651
31859
23557
20396
40551
38458
8259
23125
46235
39155
29895
17510
32354
23243
3990
44948
8211
6969
27135
28189
19898
47622
21538
45960
12925
356
17136
8140
27890
14179
47379
25061
15173
45892
32813
10411
35121
33689
21958
26804
24542
61
47000
47862
48829
1030
22609
49014
3939
27417
48264
39262
44320
27081
11589
49789
7780
15739
45705
24885
5797
49495
22620
22641
39231
25429
17364
44328
9889
45441
32729
30880
28747
26334
24739
28451
17707
48861
40924
405
49462
6899
31579
17726
17866
19691
26271
10068
49600
26755
30758
49005
39564
49215
16513
32086
12135
26523
3159
14795
9415
16129
34107
46056
33300
4624
26907
15669
13743
17034
6138
36237
15723
14196
3956
8710
6760
11758
10138
9208
46545
45415
37167
22841
46625
24106
23368
32533
20596
16188
40703
21508
5013
35242
14262
31165
24116
38969
44212
45247
28232
12732
2432
49174
31488
11244
31248
13086
21570
42472
31935
38939
46347
21209
39127
2808
10901
36802
17834
26521
34128
7868
35000
33623
5992
13464
27950
22807
44375
32851
15465
17922
2214
6835
16031
13214
43488
48932
34600
49652
11279
48728
16901
36350
176
8602
42565
8347
46316
20761
12296
41223
40692
34355
9033
22604
12633
11765
30564
5697
31984
13127
21149
14160
49715
2712
22376
34319
14069
3630
499
12235
43042
1960
6957
26941
18320
22044
43848
11045
47527
4151
33955
42334
37312
931
29862
38434
49191
31592
41570
31042
22652
10850
12884
20721
19634
37250
43768
21332
18455
18799
13984
49435
23162
14290
46200
41929
31053
29573
14695
38167
40686
48230
43015
42898
16708
46275
14673
20488
40648
41533
36616
5708
39446
30210
697
24680
8362
14830
34652
33565
27424
48241
7957
25796
23000
10257
1747
34789
37032
18281
16408
21711
29805
35808
13335
14227
6262
13344
10399
2500
22373
35622
45869
14448
29139
29797
34191
35280
28642
3568
45060
9310
6811
7227
19468
6455
12485
4921
24822
14228
45233
35469
39889
47247
17080
40681
42106
48281
42842
41945
41546
12415
19156
39357
334
18434
29721
24295
10266
45480
45970
47037
12862
42039
7135
37430
29149
36329
30944
11888
598
29013
27068
37321
48697
16481
39717
26675
45419
17093
30059
34165
13345
14962
31111
48612
26450
970
32886
31250
6286
37074
37779
44604
27874
46736
44445
5406
19830
31103
27070
42084
29498
4600
38588
39279
1726
39088
36290
5371
27488
15332
15864
728
20486
29952
15668
30709
37176
34002
39308
46114
10044
37749
8898
6042
778
39897
32855
4777
13739
4303
12953
5570
14606
8208
45669
19506
18083
44947
32397
32179
19321
48693
14367
1009
26332
11458
42194
10401
41437
46569
17838
4559
4003
47249
35473
30333
11664
45018
8071
14168
8908
48882
19891
18815
42968
37145
38796
19889
6881
36507
30460
48804
27707
42465
2902
49906
8594
9433
10573
28999
25086
45134
21254
1808
22983
33410
20126
36677
33158
6053
31075
11162
21310
17257
6278
1331
2752
4366
34808
3226
24613
1717
35526
40603
21232
32029
14979
29266
32753
28029
12013
31568
34399
29734
22579
226
30416
40540
39391
38980
34171
45794
12268
6014
49230
11743
49615
32683
31887
35374
3070
26201
30357
21618
28922
16339
26310
38363
30809
38681
9366
10056
28766
28133
36690
27916
8588
32856
45500
40188
12649
4948
32592
2085
24702
22938
32989
36782
8788
8453
34527
14832
26737
29179
349
42126
21780
38169
4606
31829
32423
22426
37859
44639
21552
41482
20979
12272
28823
25367
46048
7844
13246
48879
25306
49336
38795
30101
19687
26227
19245
34184
14324
11828
20025
20119
17762
8237
28979
22305
13371
42153
26717
27195
32846
19012
4290
31661
20148
45929
45400
7658
47918
49210
26337
19433
40850
39277
32446
29549
34804
41022
7421
33358
2938
7559
7150
43292
22087
33620
6828
38710
30626
5619
28933
40115
26152
19524
27560
32140
35399
31934
26704
7515
41618
18113
26503
23777
21725
40495
21121
49083
43822
34794
748
9023
22510
27578
36309
15344
26659
43795
41584
4667
45718
1962
31890
33459
28963
5878
14143
38603
13398
633
33965
34732
25278
31774
47305
38385
110
16365
547
23463
574
1856
43362
20485
13848
1576
22182
19102
5244
18120
48893
11155
28332
26004
16249
40095
19978
5268
15089
11462
15021
32431
34857
43311
27884
29672
41086
28156
5288
12081
29394
26789
36885
7845
35491
11958
6306
36585
35060
20549
24040
39372
20255
2525
6983
42714
20780
17138
42815
7137
33506
17483
41181
20710
19398
21562
19829
42538
1848
35068
49452
33094
19023
13860
38307
33797
36379
36120
5521
36651
47364
24566
15768
2387
23795
23928
25332
13946
18203
3314
25947
45373
25102
15220
41862
7735
18289
41286
45601
33730
35801
38055
8623
46859
45251
5250
39163
15915
19867
41007
19798
45344
27920
13148
48218
19706
38068
7109
31486
9351
40090
49730
19413
14267
12569
20344
26215
36416
38191
34415
45219
8241
1007
12752
46878
46169
47898
15583
400
3675
18867
23011
27305
45429
6682
4249
9220
18605
37124
20268
22530
18229
25997
7180
26519
983
16516
48976
4299
19641
19928
2112
15699
19117
42217
47464
27454
30161
34661
49275
34438
1689
44389
2590
7913
26930
14376
35052
29219
6884
41748
46753
5990
7406
34139
37992
35623
17729
46758
43353
24600
29506
29371
48777
36589
8515
28434
14244
30552
18974
16426
8901
6802
20311
40838
27885
24696
6680
35258
49836
966
13917
29958
37640
12910
35323
18813
48269
47847
33947
10261
11140
37998
25049
40837
27149
16039
28976
31679
5388
42803
45294
33604
27291
35055
25055
24204
44982
28444
3786
19256
13670
8123
8477
24240
45168
47493
33189
32972
34884
41749
2692
39847
28352
31731
33225
28038
5212
28630
24585
39972
46041
22479
20351
48559
5572
34110
18482
22183
23371
17737
7407
40675
9251
2035
3228
49839
37774
37908
24183
24753
42411
47079
34403
15357
34226
20553
36856
34770
19740
1714
24580
4068
5284
12718
11426
192
38516
47176
9940
25828
42043
18918
7908
3338
15155
6904
19982
20394
7296
48135
36276
47412
27999
26187
21950
44680
39615
48671
42763
47864
42424
29352
41056
18699
12904
15268
23143
5396
10942
13318
23989
21904
29116
8934
48238
5409
39252
6128
15480
36931
20342
43263
16655
30171
33774
18856
47876
668
25068
33951
28420
25155
33546
48543
38437
29835
39883
39094
2543
19371
9350
2910
8058
17192
417
38963
48117
43503
13562
6155
28626
4871
13613
12452
7091
29430
31868
28384
48951
420
23468
20294
29174
32957
18332
44031
25875
37865
39087
3409
8751
46598
19559
18583
24718
5566
20340
17356
31660
37090
11991
11435
33422
26701
1519
624
41214
16964
49018
35487
34989
22119
2694
24810
6870
10408
46137
10159
38058
29413
8227
2391
47289
6415
49860
18767
8035
654
21654
40538
48913
36609
25691
17352
2566
43238
18801
49410
48182
14233
11501
42489
48974
47617
13270
19366
12762
19642
24312
34960
25851
32571
5116
2054
34216
14608
8128
37209
38859
20
22976
46395
48417
20139
982
28167
17047
8696
21677
12189
12031
5528
44233
27992
39184
4695
21260
33811
18983
28705
13574
9994
43027
10559
44557
19739
46796
35626
44725
9818
7575
37053
41305
47106
26889
12004
8769
43856
37496
27051
8050
17443
24228
37471
18626
385
25347
39895
18960
10535
28032
41542
5034
7119
15337
48429
38893
46787
38935
35744
1792
49266
14456
37764
45213
13996
29112
6189
48317
17657
34327
41842
18633
4416
4257
7108
17549
16989
21741
49302
2367
23999
49602
2445
8023
45521
44220
26318
2770
47600
19806
11658
40443
38306
10905
6431
29054
625
30642
767
24536
26466
28174
37820
24513
20002
25257
12417
21306
7297
5362
12754
24766
9411
41927
1559
40898
48414
20576
15753
1711
49748
9987
8093
20662
5811
36074
30766
3154
24658
1410
20601
42960
10439
26897
496
12317
45770
20124
7229
1872
40017
49856
1824
2039
309
34375
3423
43192
48226
31414
33765
32943
23826
30007
32471
26413
22040
5755
38137
38461
35814
43815
32835
31510
27028
31382
43497
30774
38050
5541
20847
48666
11314
8110
4330
28051
25730
21003
37653
41344
44066
43792
2857
47122
41377
17437
24862
12671
31237
49970
10792
45072
7587
37932
35681
46658
39241
13414
25453
26329
12824
15769
5178
8245
24017
40379
7036
35548
41167
9692
48011
36129
13591
32464
19011
4531
33463
42533
9222
34427
42138
37427
21389
4007
26204
37184
48921
11782
32917
37341
9404
3734
38952
35745
23967
5162
178
14908
37491
32557
34517
20480
3681
22864
4926
30174
9881
20575
49790
47933
31523
29181
15857
42439
10294
40396
20081
49351
41353
6468
37084
32614
17579
21479
35926
23713
21928
24550
10634
36125
37919
49074
34627
16205
47011
13750
40909
8340
32307
28372
22105
38735
44154
39775
39463
41888
24055
15902
33841
24294
5632
22995
13564
31905
35578
20356
11844
24313
46659
38173
6038
19122
1916
29502
43108
19383
11088
28074
49842
33224
14009
11657
23509
39551
41187
17761
7595
41714
40453
1511
7464
31340
5676
42012
7662
33132
4052
12703
30102
45107
8809
33736
4027
9015
28485
11202
30513
38089
11682
46904
1343
45846
30355
46475
37669
10285
17335
47076
11646
23158
13311
1587
29639
10754
43539
1663
26879
42827
49487
6780
38101
18449
48409
9714
39893
6386
49297
45348
47001
17515
15108
25629
11865
5747
17338
38743
46447
1643
2427
9789
49000
8878
20658
28602
18258
14342
14087
42259
26291
10968
8615
15785
44772
2355
20853
38843
34291
36861
8169
14384
19363
12139
44621
14726
16079
27840
2656
12727
21042
46467
28496
14060
21521
11824
25032
17206
14685
5111
48083
25302
31320
47548
968
36992
12512
6419
14997
13873
18338
26751
1830
36233
35549
27610
24558
19423
42636
37543
15665
20775
33544
37061
48453
32411
40416
6347
37228
35238
22832
32332
42364
47387
3902
34572
537
23673
43962
9297
44658
46353
38497
41946
19339
8001
893
20640
16974
11096
45886
34854
10380
48643
21449
7900
34042
47941
43957
30523
17934
29701
49992
1762
7901
9195
13405
25355
11867
48509
25470
21573
48399
2520
12107
24156
24465
9778
18152
23732
3647
49269
29980
33236
11571
28057
28484
32639
38204
6775
20241
19843
20064
22651
27550
12880
33311
44940
21592
25592
29341
39853
12168
3457
36778
29843
29516
41251
46555
2118
24308
20579
44336
19831
45590
18003
240
6204
270
11236
33453
31392
40649
27106
49949
1203
41083
22447
5155
35567
18252
13192
17683
13926
8180
42951
29047
2476
48331
45150
38278
28238
12898
41461
49118
47959
23286
40910
40990
18433
34814
32291
1997
35098
2487
17757
18022
6786
5723
18191
41065
15237
42884
5927
25318
33987
37465
46245
37412
27405
46418
33056
7834
46393
21714
29146
36282
37649
8719
40966
44814
28816
45730
49370
38725
31932
3823
29284
38658
8884
762
34260
45222
5650
3123
1312
49070
18874
39154
18322
46802
25266
27976
11835
5020
11947
20476
45266
49050
14591
25121
43434
11653
28350
2498
3557
38827
29123
13258
33949
24402
39626
47797
13783
32365
30974
40823
11229
9074
38837
24467
26202
23872
39123
211
11691
10688
7797
42674
15827
21655
39034
35553
12848
25550
346
48784
12499
26585
25755
5152
7237
19814
12805
25784
14672
14670
37937
2399
28400
44945
32983
185
2595
37411
18702
40701
3832
21126
28169
33267
14980
46077
30636
10563
8737
46785
22954
13025
8619
32099
8007
8843
31783
28727
30923
20654
13082
24323
6964
22677
42168
11467
32154
7333
22469
36381
30631
24193
4304
43467
2132
23796
49171
39230
43066
9155
23164
48040
14659
32515
29794
27525
9632
44200
43209
22451
22892
7198
47550
16611
31558
12325
3657
5277
37780
30723
17336
19537
15411
47470
40949
5433
15532
13694
9712
35449
23122
19450
18429
11654
43671
9141
45140
28947
48467
36055
22015
26166
5042
35463
35820
29373
7281
47384
2678
17708
21692
21642
14491
44430
41813
36929
3822
2217
3803
19025
17912
31883
10311
21828
20108
22361
19595
36116
33693
27259
48897
12676
4838
30109
43189
13515
21090
35839
38726
27292
49334
26972
18555
3891
7470
28948
27257
27616
16732
11511
22484
451
39616
48577
10160
7339
49573
11974
14315
7963
28682
33216
40923
4619
29499
38714
45757
17990
8885
27119
31849
49942
35484
11608
3356
28898
23980
16940
12598
43196
16913
27436
41590
20963
7955
34540
981
39941
49041
29537
36985
42869
34474
41308
18528
2741
14471
22331
35907
11199
9394
27748
15942
21598
12682
18430
16602
31759
42348
37551
40222
11437
16325
500
606
4946
25892
41931
39732
24464
26843
48554
47802
19266
19149
34768
49599
19272
16303
36526
940
1683
13495
3617
36377
8147
45527
19940
42706
11516
15752
5189
43478
49374
41605
48172
11401
36516
48780
38502
20740
18090
29330
13538
24660
4668
21524
10393
46303
7874
10923
17833
33241
3846
44551
680
799
11026
46401
4540
7547
46561
47736
18736
11439
19014
40672
34279
4586
49156
14953
1798
30916
31695
18479
45367
45641
40671
20545
3614
40574
33388
9347
38532
12876
3077
34330
8170
14482
43339
29399
45878
3292
27370
49904
33576
17700
4064
29381
43024
44677
46007
41254
39122
5494
25308
25358
7766
32449
27343
17085
32118
44974
22875
47005
886
25099
29287
30076
19106
37351
24724
43729
1272
48499
45114
12959
13045
33087
46179
49926
9234
32288
24256
1442
19124
47274
29544
10030
21770
38609
4364
14474
31000
38828
46643
2435
11131
25631
37951
28331
21936
551
7080
44284
39182
24879
9475
17082
39171
38544
28538
38806
19086
1418
10950
14434
19441
2454
48096
38180
14463
15051
26313
43536
8528
17877
45456
19476
29923
48717
1751
4349
40598
14578
41332
23876
38045
34064
25981
36899
40677
6363
46384
26243
29050
19892
25142
4858
45796
25089
17057
17408
3030
2923
24498
2306
1303
1784
46683
2010
49579
45234
10438
39591
14144
26372
3772
47920
37512
34986
46126
9362
5707
43526
32602
25753
27745
42779
34832
37505
24884
35583
41295
4359
40798
1212
43136
575
30394
15615
8135
34456
20279
12057
48630
29599
48628
19042
37770
36727
43728
1763
9934
35669
2168
234
9981
4660
36393
21169
15427
27214
632
17184
28139
42567
39209
37558
40845
21585
241
40988
23266
27062
35607
19800
40836
19981
11207
19402
27572
2246
29297
10170
8731
41999
43987
27606
41369
36851
17165
27107
15886
33979
13273
23867
48428
40813
27941
36925
2814
14621
34856
34396
40636
48867
9809
25478
26064
46059
28905
30715
5621
30882
34871
12236
16447
7164
18620
36399
44359
45877
9594
39484
36107
49391
16629
11344
32430
13251
14335
14700
43581
7668
41665
41193
8874
9044
18568
13458
28634
40160
1632
731
7997
39532
4655
47770
12628
49756
2494
35983
21574
17571
6772
10187
46449
38296
32110
37158
32951
10299
48548
44183
5699
9006
40727
37497
30256
25336
36574
26761
7688
4395
22007
29119
33659
25960
38019
28235
6712
26370
12339
13985
31639
12357
2468
2872
31711
13550
30617
1908
34543
12804
19087
18159
12881
41673
6879
45694
49837
46173
36
43272
29096
35237
30570
6212
44223
39106
49515
26498
6343
19107
40250
31609
16291
40209
8481
15955
9282
10937
6519
21009
11039
42220
24353
24285
45424
5033
39854
18043
4333
14699
25596
33141
43067
42045
45957
14682
16916
24725
33864
29925
20358
12023
2578
46002
35069
4062
16743
38637
32192
16939
4597
15924
28195
32635
5223
14095
18029
7715
19620
11638
37831
30158
32998
24683
44938
25870
46790
28313
9149
38909
17189
22414
1843
1603
11885
37701
45582
35018
29731
42451
11917
35345
48563
33193
43804
27020
10775
18265
36311
31202
20426
32175
14794
18131
22867
47070
32969
87
41334
28878
22371
14964
22298
38968
19986
40779
7063
30309
41934
19328
31046
4533
35278
16947
3344
31098
3795
23559
29208
44903
2957
20748
28763
34101
47650
41188
12522
28321
48588
44889
41578
4438
35186
17661
38185
23032
373
31334
28084
17608
27742
10493
39223
44769
27452
24315
47227
41615
22018
24221
6183
11551
39471
13392
37179
13138
38738
10383
7613
34933
18519
34364
13883
39487
39100
12313
40062
32589
17290
20637
11142
36523
38250
24875
38155
33395
47081
37896
26561
29702
47491
44135
2744
33748
269
41331
13638
6264
22605
10245
29828
32437
25452
11216
46429
32096
33079
31181
9019
25700
5732
35392
1641
38375
11836
14880
2507
32258
27946
15677
2750
48300
32830
40693
39367
33648
24998
32743
35070
27806
37421
28812
8176
36355
36993
22437
11336
8568
46855
29157
18862
22030
33825
9640
33824
1073
10437
20688
39677
38531
27600
35369
49580
49783
27276
31777
45524
22090
38127
18973
30937
1549
35365
33795
6394
6239
46654
8249
18469
24450
45459
40409
19400
22004
2614
22423
46556
36607
45414
29607
20062
43527
47997
29763
30856
13511
40911
33301
17524
46216
20955
17383
26508
38466
347
48691
15293
31821
48212
48468
1034
23372
45475
48404
40480
38259
13241
19003
48515
23725
41130
37396
20381
6831
5730
15679
43323
15075
2530
36774
44188
49310
34696
28215
47778
16130
15001
43161
43808
14042
27556
20591
28360
30413
10701
31015
39810
49270
10394
45695
12396
40516
20222
36008
34788
21593
43391
30415
13305
7364
40235
41600
44634
13832
24391
45158
25076
38687
36465
32950
14686
13629
18257
18542
42450
16877
12137
30199
40439
18154
33090
11870
4132
18591
24569
1104
32185
30767
32135
19563
31793
29512
25823
231
30722
38144
795
37262
1405
17120
16918
31856
38593
40036
33711
24981
1214
6136
13838
44510
46584
13438
33677
15478
6443
23863
45378
49420
4147
32066
37972
3610
3492
14426
35477
17113
30915
1011
773
25192
11531
11241
41409
3388
25430
46730
26369
6642
45717
29839
34783
7405
33681
16799
29106
44422
37372
36982
2350
6447
40849
31709
27703
12217
33467
37958
23656
25679
32391
35868
36579
16252
15326
31822
14607
48781
30277
43229
38066
47958
20538
31349
31454
41985
26986
28751
47592
49538
11996
22034
39120
47200
42612
41484
21810
13676
45868
42514
25100
1076
47743
20684
13735
22318
48104
28419
27289
47711
24107
22694
17637
45787
4498
10116
34348
38171
40930
3449
9477
32093
10177
23882
15626
16017
26812
49875
22969
21525
29097
49575
7275
133
33756
44099
26073
28201
27200
24161
39400
46851
48787
40040
48621
11710
39467
15193
21843
15998
12429
27410
48538
42279
20714
36405
28651
5447
35713
10503
16669
12101
7535
34644
9518
29225
5495
21883
10487
35170
11194
29559
8027
18921
1001
11720
33156
23172
4543
26036
41124
47466
16857
4472
35385
12260
38653
11880
4974
6099
4641
4153
11890
12419
38009
42624
6649
47980
11851
3329
8157
48556
44480
49760
23167
40717
7974
47963
35032
12164
18277
30857
32704
20065
23830
40587
16124
20166
32363
19655
4318
39714
9299
23238
986
11893
36520
26390
2094
14624
12986
23596
47309
13890
32023
45576
36977
6149
28123
48849
11929
18007
24326
570
36061
17351
18242
16463
36518
9237
41401
37295
41832
18636
12366
24930
23062
43881
13632
28508
12002
27115
34703
43070
13891
9197
8209
48808
4435
22357
15048
37666
12244
16858
17267
30512
244
31112
25930
10739
49362
1665
48140
2446
38112
23813
31941
18373
17754
24307
12556
13764
4943
34418
17536
24081
42741
8949
14084
19285
21395
41981
205
32772
39995
4061
22535
9814
45370
45364
43449
30303
11144
27479
5603
13960
38823
23609
32184
42415
22170
4612
22460
37601
38353
35058
4570
44409
13434
49731
1479
11269
24517
40876
30661
11922
22601
31966
34595
47319
27209
33299
48391
9476
35687
15580
36229
16153
17004
40570
28504
14178
35939
34485
3096
48806
21976
34614
47708
14778
34315
21897
4851
42388
42426
21698
10844
44979
43576
16855
38666
36419
14529
35033
39918
45569
9292
14013
49669
49698
43882
20980
44072
42900
16306
47946
15503
43950
11778
3054
21763
18271
16312
31407
33613
21027
20914
44664
15920
48735
26564
5456
7494
26449
41820
1634
17997
37440
46206
44525
23718
41183
4849
38650
5513
33305
1464
20981
3650
34917
7396
28177
19100
4434
6234
16215
4191
10499
21962
1985
25327
31988
3725
36989
27878
2583
3905
27571
1862
36751
12479
28970
26851
37511
36760
49106
10284
48036
26806
8601
49379
39005
32625
361
14176
12902
11617
22923
33995
47896
13678
46423
35832
873
39761
29132
39628
48909
8905
2150
16677
33687
17793
27176
5510
23226
27570
49361
14732
30176
29380
6516
29642
20433
7006
40725
43744
6015
45528
29581
29593
23719
23837
37808
49143
26565
27477
6535
27614
8475
14404
11267
8446
45870
46241
6115
4417
49680
46344
23242
1849
14744
17498
49261
41732
34665
42225
33508
27374
34563
8775
43907
22431
37720
45896
47226
34146
45802
35783
3828
7403
3399
36638
11079
13763
13741
9317
29909
38682
17691
27653
16183
43307
5536
13255
3978
17955
49567
17687
7525
24230
181
15839
40226
34682
22854
3475
44756
43036
12756
14496
9227
10694
18311
24830
42003
11386
37256
12751
7341
45366
5944
32554
16230
7246
39198
19518
28794
30264
27929
40353
29417
34251
31888
1628
12595
18895
22478
14379
40890
9976
28245
23253
36521
38606
38618
24299
47243
18158
4726
25240
49816
41717
31115
17433
21240
40402
3951
49540
35844
19437
5098
25938
1380
31271
19354
25735
7694
9002
3008
34038
25122
15973
8712
49651
30981
18846
12782
30099
19351
368
30187
36834
46382
42733
7873
16237
27105
16822
41591
33810
49327
38854
2637
19637
10782
18866
7809
27064
36676
1471
33595
37178
20103
6784
3512
40572
48065
31841
4825
42455
7177
4423
46573
10789
27712
44841
34145
9383
29948
34901
20968
16548
38415
39580
6462
34419
19165
12610
15674
42978
3375
44849
27936
8606
40976
17243
17186
44347
33688
27819
1607
4152
31738
35556
16457
32540
21039
27007
39144
37413
2024
3367
12944
18954
39528
13898
3101
503
8722
44420
42830
9
14958
30073
42475
29209
5052
16871
34065
40026
46050
36911
46954
38918
35646
42782
42788
23950
15790
29877
33523
36920
1160
45044
20746
28929
18936
25585
28531
24163
4682
17355
19833
4671
18749
1281
15771
3353
4456
11789
2887
15318
3643
7742
14950
31482
45229
21004
20534
38133
42655
38381
44370
28445
42675
19513
46946
44512
14558
12050
31524
46259
45200
33046
45809
28261
12249
11911
22739
40862
31139
37198
20005
10943
26965
25304
45339
37380
2103
9061
21704
42939
27429
1071
41637
25403
31634
5065
9607
36015
20347
37938
10536
29467
27457
10719
31760
36450
15103
833
40896
49972
31313
4910
2870
1223
43747
3058
2665
48681
38035
46214
24673
22137
6956
34410
29248
35053
32742
4179
4149
20703
21228
44003
33562
32573
11450
20352
16849
40022
25188
48215
38430
37775
16162
17696
16295
31081
40787
19334
16620
6444
18299
25715
19667
36796
18942
4305
8687
33314
37648
3161
20055
39993
44202
17547
20401
35039
26032
9782
9707
29501
47882
38275
47612
10631
6156
7230
14785
8022
25402
24524
18178
26712
15049
41555
49100
2272
28138
27779
32459
17
27416
26266
8478
26307
10086
5450
17848
26438
26872
10861
40262
23113
29252
10714
17292
37036
22237
30964
22815
41196
16367
13959
17221
29261
7579
30935
5870
4904
48815
16350
24931
31055
1532
44481
37806
49094
31706
15196
35456
23929
38674
40058
29175
49927
3483
47061
22856
41956
14045
6131
48694
13516
41801
4638
30294
17317
3983
12001
12753
27523
42336
27541
48833
78
32083
1490
19860
23905
33494
26044
25130
10072
18564
44325
33207
42548
28826
37273
10346
32462
15174
18173
6742
5583
40348
23942
24190
47451
7818
40885
7830
12118
19876
45202
37375
23761
39104
599
34015
25570
3996
27676
26161
12497
48611
7848
13395
4442
26378
30652
20903
15595
12115
37357
14712
5202
27750
14018
47482
14537
18797
25445
18859
46226
33996
17595
14103
119
26050
24416
13091
47293
3932
3735
23740
29863
11474
43057
33746
15978
41438
15874
40895
1399
40398
4856
27944
16011
39866
19913
12929
32926
23752
33896
30020
46495
46362
37244
10076
12010
29950
36481
5195
45753
48283
43232
40039
44757
26039
39064
44741
20567
16550
10136
42206
3503
23642
22058
30519
36646
28374
41455
16502
22332
31722
48629
15473
47651
13744
6851
31852
24629
27332
42569
12361
6748
23652
13715
10722
19971
8675
14972
25298
28821
26123
3246
6619
44767
38310
5290
18372
19304
34220
7645
10779
42020
22709
24892
27023
6514
43324
37441
42934
36048
46129
13617
35427
49953
49411
34616
5086
34112
40866
12787
15061
34836
19692
13400
35655
2100
30441
43806
13306
32408
28576
24010
21206
15483
9840
23312
18547
13211
35151
2256
36530
48550
29883
20929
29787
41905
44398
37003
16391
25647
14248
47486
31560
10158
24572
20046
4893
30538
32027
48463
28211
25712
45452
43535
29833
29893
7859
35831
16625
49902
4443
27681
31157
16624
3941
47676
44198
26231
35933
43778
37655
7447
9794
13950
3645
4090
4418
9547
33725
19213
43764
10202
39888
11402
10276
15867
40083
44758
11920
29878
45303
23386
20554
25396
4568
17928
1256
46913
7590
2341
22989
20634
37230
4294
5443
204
40127
10182
39137
5105
27137
38038
7345
2613
24067
17887
38443
22727
47627
21932
29122
29194
22266
43456
39874
33858
12539
9313
4837
31145
28941
13016
13064
11028
12458
19938
39548
33731
34204
21560
26679
9434
46863
22060
10806
48247
46210
42725
19565
13486
26479
3391
4565
3752
1528
49675
2571
14423
28231
4501
27324
38759
32409
19755
27858
48532
32668
8600
44119
32279
21784
30157
40963
41984
42183
36815
20331
34501
37759
19232
16101
36626
23585
43052
14217
4219
29725
4282
14822
1570
25300
19409
25797
705
12807
4429
20337
38297
20076
21140
30874
18
29695
16152
14552
19414
36599
12586
29024
14113
48836
1679
27713
1934
13852
24866
10150
15254
11367
8164
48884
10406
21673
40889
35348
46019
34125
39674
6349
39738
12601
35848
22470
4465
22520
36464
10798
926
22855
13041
29450
38215
7401
34756
24212
35443
35931
12161
9202
14044
30113
21330
6024
28913
6778
10463
37224
12365
37777
22640
6093
49033
37218
22321
16109
47511
49890
11278
6065
28114
37294
291
35007
16508
31265
12731
15017
11712
27427
16412
5413
48755
21978
21281
3300
9455
11444
27861
46232
5799
22531
39969
23432
32381
11476
14038
12080
44717
36473
46931
28818
2537
41192
30879
11135
24296
8773
19411
40887
29302
8073
34228
37165
17806
25268
41875
2740
23894
14210
13349
33566
11496
13782
49286
24207
49350
36025
46617
27598
28369
7005
41253
45854
10019
4680
46507
19656
6872
41896
40447
26546
2866
9462
10934
21386
22372
9110
2436
47716
39917
27970
10557
45789
2111
36817
28772
41937
36256
30258
39022
6662
41096
33960
26551
34461
48019
19726
6932
38595
29089
35648
43116
41506
18992
15018
40378
46886
12209
24270
44338
12866
5402
16136
33178
32696
7808
28494
2482
37182
38246
34254
21746
36115
36000
45106
19178
22496
45177
6537
28429
44614
14374
23653
1391
18732
2574
7100
15013
3372
9662
8966
43571
34001
14967
31457
11979
16493
30064
46427
27974
22076
40105
36462
19052
8320
5095
11183
2737
43150
2695
36006
6144
38671
23590
15895
3559
25080
24181
1262
26881
31718
17623
41686
43409
4670
21901
42416
13791
27622
48672
46130
39321
21766
31816
47062
2899
9368
41507
4575
39086
46185
48870
45205
43356
40202
9657
13560
11843
26849
48617
47064
31109
33092
16771
40860
11505
39375
42505
7102
32868
30744
4060
29482
16212
42914
29888
12464
5446
9864
6191
18360
33278
41638
7976
7680
14365
45125
41456
49574
5375
20743
37678
10706
40051
26236
35864
2249
4827
48715
24012
27039
37853
9151
42229
5892
12092
9146
19701
18270
24380
45621
15161
45836
41767
25330
9107
46026
35458
45132
15094
29124
35455
17981
39292
13675
35894
42147
33264
41963
28936
32862
42313
9866
6869
11586
34007
20141
38630
11186
8902
19267
43869
10472
49649
40544
28775
23545
7617
23105
11077
1600
1623
26845
42634
31761
34649
37576
7499
24303
39834
14062
14625
6037
29817
42508
40421
23426
12692
14207
9704
19840
21599
17673
21350
7459
31546
36763
34596
29340
33304
49549
26341
45139
26953
47241
18104
6305
16547
47018
6107
19047
107
14349
39627
29688
5044
25683
30149
36218
17185
39946
9390
45479
43830
24031
35077
10957
30473
40711
19249
18255
40323
46529
26515
35625
24077
24733
17526
25655
8527
29788
23907
48684
22570
21036
40087
40458
6423
12203
5982
20739
31720
12973
43721
7577
41870
6667
1831
1612
41539
34647
46800
23831
11804
27120
14570
25951
23832
17076
11187
32444
44122
49380
5373
13358
23444
19093
25789
45220
24823
39024
26226
14393
2880
26994
4115
26767
41854
5136
39315
1982
49104
22231
49534
38566
1574
18606
7434
548
7803
9844
26090
49895
45359
20828
10026
11527
4840
23789
9120
4285
35266
9130
43313
28002
33177
23534
150
13266
22181
6694
43020
31936
19080
47352
24281
29478
18491
49925
31124
1485
20024
1928
7116
5270
17347
3467
23298
49617
44221
37661
45760
30573
44301
31338
22110
45088
42721
47477
32245
34381
37528
40604
13071
9021
23127
1264
43655
2675
23180
6040
8651
8973
39831
808
5842
26241
42904
2325
6205
3677
40452
44308
8133
7155
31480
16010
29576
24958
23488
14319
32702
21988
17331
16745
6276
18908
16944
46248
23270
5054
8066
49865
37733
49131
15888
10384
16904
24143
29580
35647
7369
22366
27216
24357
48374
49737
44109
44224
38576
26982
13217
39091
37961
46929
45938
13057
27980
34460
9314
9643
27771
41200
46716
16057
42901
21779
28608
49194
11087
45579
41771
16991
1005
45797
12657
25106
6277
23305
29268
44912
16092
48614
40580
18559
30578
30465
20116
6521
8716
45608
3181
34202
48124
11889
37185
21371
39905
47053
19451
23985
29428
48344
46149
4523
4857
34967
22614
29957
1355
14543
3807
34043
28620
40633
23970
3215
13044
31604
37611
13103
7667
42510
4308
10071
10113
39711
3815
30961
41460
12571
16044
7016
21466
49342
31928
39778
28535
18439
17230
45463
3363
49935
28322
37650
18363
4166
19783
18413
41529
41107
22368
49900
32548
49498
46053
27316
16772
15533
36037
38997
12941
29842
13285
23962
24173
20801
6732
34567
44104
745
29815
9905
8566
26699
38592
3205
16120
49815
22676
49373
16809
15184
24276
16544
33570
11846
25040
34347
2203
45029
8040
42847
18997
44707
20151
34059
18976
16223
7670
45028
8865
46012
19119
44568
27879
44189
46789
36198
4324
25037
38783
2321
47713
9980
17611
11840
1033
8156
20134
9027
12537
43710
7157
9001
31656
11600
5705
4573
30177
30193
23632
20027
26676
35561
4348
6581
43879
48008
33447
17081
40955
41396
21747
49317
29232
45010
2072
22887
26074
35882
42770
27206
510
24273
7825
13026
37397
47649
557
34990
19187
32315
3933
24341
16210
40820
44571
34606
44902
20312
19735
42546
21954
33289
14241
44706
3138
14895
36221
44668
5004
2408
48047
30056
22757
34096
45830
278
22214
7545
15660
14851
369
49278
8586
48488
23726
4393
43852
12110
20647
30903
39468
1284
48068
2820
34126
36257
2180
48996
20595
6708
43169
34304
24316
26797
5279
36066
19459
46487
16127
12870
19054
46261
12413
15167
3554
11132
15431
34798
36777
3488
42583
11035
4845
29022
37476
4401
39284
37709
8991
2104
20528
24105
29393
25045
21811
604
7144
45275
32941
49563
27109
19664
45231
48114
49256
37872
1269
17440
14640
40999
29940
47664
41447
3036
10332
9947
29110
14824
26820
33705
23440
25635
10932
9017
24474
20537
16898
31833
45357
17802
41062
33912
22180
39477
28595
2945
17032
23441
47363
29448
42633
44484
9715
25063
8904
2824
17052
43305
36459
49333
16181
6793
31613
19422
15233
38331
45597
44958
32727
33109
4458
31317
23861
36087
30969
16711
46606
38135
45847
18554
46006
42603
4693
26639
20749
1556
13909
23322
37490
47891
3906
2099
17899
30643
23020
6316
45658
42962
44095
33197
24969
5119
12565
779
40080
40953
34025
46266
7446
33400
34044
8692
31078
20643
6292
33091
45276
35249
30369
45640
39653
12717
7295
20060
14617
46489
35772
37689
27442
11631
2718
8993
18872
37782
4114
9932
30328
30195
26083
38572
43805
27826
1507
20115
2271
15027
42007
7968
7806
10903
30074
21744
42918
3857
1816
9880
4563
3716
29354
49324
5653
24844
36137
23869
43395
38721
23864
2060
11515
22787
13479
48434
26397
7948
21279
36946
2469
33719
46539
9073
38380
6917
22711
26156
17977
21866
11852
45758
16443
43746
42766
49232
31475
3707
18181
37803
26172
6311
37180
39220
15613
20113
37097
41135
3778
49989
42700
34926
6284
37405
38266
21115
48508
35750
1563
40459
13228
8804
28013
49330
18230
16300
7379
48705
7632
27882
28020
12111
7574
9416
30696
17482
46504
44698
14588
29690
39113
39386
33067
19727
6426
28106
554
39224
33303
20819
17372
14991
36146
49943
32226
12039
27564
32549
7328
10495
14647
22348
16614
34056
3126
20603
14225
38485
47951
2108
39402
1351
43781
44972
17962
38813
46257
15575
5058
19571
2686
3413
45775
17712
25554
28304
31595
15979
41403
37727
386
31991
13247
35851
29322
27899
41415
21255
26379
13630
30186
38675
15097
42729
20578
40818
3393
7211
16707
36392
45391
29387
9115
41625
31362
4004
33162
3340
20359
39988
29935
38724
24552
37425
40390
13425
27982
29217
42566
40690
19810
49863
47646
28096
22365
7293
21286
1564
47823
4615
30632
23029
22985
34411
23773
6350
14821
12179
11038
5299
2149
14371
18052
9690
4021
16995
44240
49867
12693
19151
22708
23075
20469
44179
10505
16919
12006
7685
26572
21688
25041
47165
15026
10402
45490
10918
35366
40330
29489
45700
48640
33337
5838
4602
32684
47911
9153
388
17864
42108
15470
13956
11300
38605
440
45955
32593
22276
41463
12005
13976
47024
30720
11021
36423
43142
17745
7228
1259
32089
6513
45728
21397
42837
34534
5782
21969
30381
45301
10382
40471
20696
24304
21797
19388
16309
13953
4496
2308
47265
24013
39447
9768
19852
40483
47429
40025
14801
36273
19194
16911
48165
19045
19586
12068
24679
8194
15833
28611
19762
8210
20604
36613
29036
45130
49457
8713
4287
4802
18873
13518
15538
4259
22956
3782
34265
37748
32478
4217
30408
47930
40436
23176
23377
22014
45720
21238
21979
45923
48960
11810
22131
9442
35743
24001
45037
38868
20205
38224
22139
21848
44781
35315
42210
42421
41860
47444
13067
35880
49445
5979
35653
28459
42853
10818
41955
26171
37680
30061
39105
45934
38883
48889
1184
33049
8841
5574
16258
22861
46052
3723
11790
45687
31341
44585
23455
36771
7980
2538
4532
28473
30213
37104
26319
22009
7810
10516
34663
26183
26125
44724
27468
1260
1467
9765
24158
11213
31754
35679
38635
6073
34382
31064
30175
31652
44666
32433
22592
31007
20438
9072
36688
40203
43648
28250
31882
6704
11137
42862
29197
44786
29264
23925
37217
42181
44001
45394
29453
20370
28739
19588
4008
29926
6721
17984
3827
2653
35770
1111
16953
47228
46948
4483
48903
48894
25571
45169
1853
48602
14308
6918
20026
30373
16796
13611
44103
17948
15578
48779
13059
1347
30244
11214
42876
39635
39472
46810
20909
20341
1741
37550
47620
3245
5888
18625
473
38453
27542
43212
14599
6855
37704
12030
35963
11601
22878
19169
32490
17768
25665
3442
46288
28760
20457
5390
32454
17298
9805
43170
4077
44346
12763
35076
26348
34186
29836
25893
36077
5434
39234
40658
48809
7756
23134
26245
44779
261
47255
43205
42393
37013
45446
42461
16832
23573
1606
9200
15966
19758
7437
22704
12615
31230
34197
39399
29760
9104
45472
15826
49805
7832
43347
10724
25417
17677
22293
22291
48383
29954
2630
15016
7392
25289
35154
19186
6697
29416
31827
252
5749
33209
15786
29103
12585
43758
2693
18249
1750
48919
47606
13964
20165
24957
23357
23218
9379
41829
9751
23783
19699
16213
23969
33318
4743
13571
46706
39038
6588
10900
21505
27347
10992
28207
44768
20181
12386
47157
33672
23855
33836
21277
38670
282
8837
15410
15112
9127
35773
22540
34155
49216
18808
28622
26913
32831
32214
28556
15312
26320
12208
24622
21340
19295
18650
42545
21252
37096
17286
15006
20910
31570
43983
5633
19396
37994
7399
932
43838
18550
48982
44015
44227
27425
34753
35806
28397
2995
6309
20444
8663
35706
22026
21500
49246
38397
2539
44410
20131
47907
37267
22292
6787
48046
40157
44429
15458
18597
25811
4755
47474
35350
30098
36630
40687
14862
2932
4505
9467
5879
23582
22785
42342
14715
17569
3395
46786
33796
6249
20724
1964
31360
20896
9388
1767
27399
9869
25731
11928
14729
448
41851
28804
40751
38205
36824
35530
11319
4002
19370
25482
32394
9675
32553
8858
32725
29095
41518
34017
16368
13366
5642
7479
13402
7679
28596
22228
38661
33605
21162
25088
45622
626
16439
15491
49753
29434
38706
9915
41766
44368
28226
22706
43974
2822
39884
8404
8202
28381
33803
33327
20734
12713
11203
46817
9157
698
34931
22729
48153
48002
7636
20154
13172
41494
10744
5673
47500
38792
14499
9959
16976
37708
46119
42676
14919
44435
43932
41564
19990
2373
7906
41147
38429
4199
13900
25178
31508
2237
48937
15356
36435
43902
31412
21161
37417
31581
9728
18653
21129
25255
43724
5735
36100
38601
21823
15095
39937
28415
37109
39663
2062
12674
36787
32680
15245
45282
23500
34499
30776
42160
40691
26846
3970
19432
9606
22821
14873
1697
1897
27767
41728
41435
42594
3342
20133
34829
1944
33147
33368
28539
46967
27006
7596
26729
28402
37634
23498
9286
1334
26145
44581
42760
34393
32348
1795
18692
8103
32162
30917
15420
14957
30496
22765
14390
43071
23339
12248
13502
28079
36501
8151
7930
4069
43734
2664
29860
25487
11464
25474
37978
13189
48455
40964
17904
9096
28982
14721
37144
4911
37480
49996
41787
25465
38003
43639
22296
5594
41893
47621
30825
37246
34181
39405
42276
24872
18452
49547
1359
25263
40537
30147
36165
35286
17385
21832
713
17041
35271
2353
18105
43472
7514
31257
3284
43470
30340
41856
31040
49603
17719
12022
15714
38086
35501
31596
24215
42750
34187
16727
26009
41587
13628
6951
4930
18484
14970
34450
43831
13017
30457
49497
41165
18089
4469
19736
46458
30104
25652
49877
14351
15780
556
31085
39926
21193
39068
45542
31227
35895
41440
29603
5323
38798
47277
37924
19323
48347
38667
9517
49631
24881
28706
7666
22184
12591
934
45066
20198
11364
25787
22367
29698
12003
7169
25936
31762
20450
7375
20163
18811
34548
48394
18691
23439
8075
33637
28098
5689
33302
7414
13730
47205
4969
44579
40900
16034
7039
6075
42748
37565
28290
43803
17983
9365
16555
9510
16070
32019
42667
17814
30791
44141
38917
43530
28063
8766
49403
2439
46046
22941
14088
25641
38271
3893
2561
39299
42321
22762
30741
48496
26556
13416
17776
48367
35884
6266
43604
33984
20147
23973
15730
36103
28468
6647
46958
15770
47193
8060
41636
16650
4810
12993
34565
7241
17114
19361
39019
34090
41412
36003
42883
35751
9249
36422
49325
21966
7151
40716
45062
27781
8448
12483
7807
48336
44942
39208
5392
11903
15435
42081
29608
5532
30461
44606
12329
4230
47535
27687
7640
22083
30493
37062
2606
18834
19289
42854
19753
24280
34435
1463
42708
2461
32520
7440
22270
29631
40842
41880
42819
7439
46899
13447
17231
26732
4225
12607
21136
14211
33185
3703
15115
21730
27931
21369
25023
42743
47047
33332
32699
43340
3127
44482
19175
7422
18040
19382
23178
24763
28294
37880
41103
5344
43933
35192
27248
44058
979
9699
7572
1174
2732
21491
4705
43738
24336
12552
26834
25527
15845
35738
38945
39243
39205
852
42618
47552
27245
18505
11228
15336
8177
12757
20960
3306
29363
43019
27270
43696
9393
41316
38926
12771
21475
42924
14300
18743
30313
40747
39073
24335
5761
958
22264
3038
30918
4512
21887
30565
26955
34869
28866
24553
42606
2102
1914
13650
31801
37743
32121
27190
28757
1167
13415
217
24617
15576
4881
34161
32080
41630
30096
18496
43928
28930
3702
38986
40595
39607
27283
26987
29331
14509
19575
20975
16497
30947
5492
34861
29890
3701
16317
16480
23077
19038
35270
38518
781
48413
44241
37444
33344
24899
33610
9108
23765
39559
45777
20544
36057
16653
16432
20322
18629
24246
21567
1290
23367
17960
17795
37608
39686
31309
31047
26798
32128
2919
18408
32247
29161
16454
20927
43117
37575
27499
46102
19631
22265
43317
37190
28418
21946
4207
28645
14444
44494
9674
42789
36020
47950
14130
44816
41702
48103
24506
21430
29781
48289
35739
43559
4140
17130
40276
4328
16353
48042
29305
13965
46703
33519
8840
242
4306
39330
16056
30153
36647
46373
22374
1618
760
7794
35544
17395
3047
26763
8323
23600
11993
40605
29273
24514
33186
29531
2709
21973
16296
31373
40555
18059
13300
18863
19336
8896
29349
39233
25264
10685
9213
4365
47258
29244
46984
31485
34274
21354
7660
1941
586
35149
17780
12094
8289
42736
30980
27853
36837
46596
43115
7894
37517
20916
18179
44324
34055
3762
43698
32638
28155
26294
25924
159
49417
7711
48558
39974
2352
6279
46854
24343
9304
32858
25065
40321
29917
37175
13604
42561
10037
6892
5718
13419
47410
16139
40395
13142
46
10371
37541
48904
47201
6432
897
1809
35780
9651
41572
30290
7504
25113
42287
4996
5497
6097
29820
10433
21429
9168
10024
48765
48872
10904
3602
20304
26840
3738
23584
15803
38074
13607
39749
22089
10034
8807
39331
18832
6959
17689
24785
9740
3806
18996
41903
18073
44367
28797
26566
23586
47903
14502
17797
23313
8541
20424
29707
41294
45000
44708
34522
40582
25718
1850
22793
46022
671
47709
46587
15890
17875
14240
20360
9737
32778
14604
39342
29348
3424
19480
12886
7313
26578
42797
4104
16613
17792
11913
30486
18879
37299
11935
13087
32774
30060
25754
46301
21657
46666
21818
23328
26240
37093
42662
31577
13404
14622
922
10517
31089
16238
5685
3149
23188
11714
40228
22561
15548
35309
8056
17894
40626
30017
23091
32275
30365
15662
48309
14272
5690
48500
38279
40481
26781
26007
6270
26581
46733
8608
20445
47462
48143
26577
14994
2922
29346
40794
177
28258
30772
33550
1753
47453
39374
28447
13769
23201
26710
33751
31101
9792
29574
6741
25697
24623
16931
18051
31446
10293
29513
44883
35742
43785
47107
44744
2907
23911
38994
12303
31684
49397
40912
44150
12606
27494
46807
33630
39059
24066
35138
13599
10129
28641
47687
19001
393
21764
2650
43675
30726
42684
48811
41980
6153
41843
49595
1884
3183
30131
24142
15501
33125
38160
6398
14840
13407
7687
44736
40249
26677
47280
26855
36384
12460
1591
4350
44770
42881
36795
48931
41773
41091
39513
35417
28187
40328
139
5717
1769
15872
32369
38936
18845
5135
12246
21438
34597
6172
49735
6599
9682
26988
1279
10331
26835
2724
17337
38668
45499
30778
5274
14369
22081
11280
8832
43719
1573
32676
8972
38138
38762
41761
32479
11459
5150
28039
10745
6679
20923
38691
41402
14736
41021
488
17456
12566
13229
27320
6632
36160
19
35205
42677
48750
24038
22050
41765
1768
15084
23965
42476
47640
11337
39753
28513
17277
18244
14197
21738
25026
4649
11619
45104
5635
30466
572
1593
38757
48480
34833
9367
27835
38139
24154
47250
20689
39899
8849
47699
7184
3155
41358
14613
18526
21874
42351
2322
24198
39510
43440
10110
26385
28404
47800
27912
32555
12616
42493
18657
8682
42423
33448
40831
45197
46925
39408
47362
12707
35660
27161
40383
34693
12425
14400
12038
45257
36916
21343
1742
2234
12647
5615
36903
42390
39221
47719
9309
19238
41477
4237
9226
39569
41445
27031
16385
12970
2582
45327
34800
45884
38165
3389
10360
34259
49372
36247
46461
16168
26398
9432
7452
33313
14219
41176
46356
16050
42232
38286
4510
36794
7358
16047
18561
32795
4697
31175
21359
31280
38377
36078
40824
39166
22457
34953
35631
43708
999
30160
37168
1602
11321
17499
7767
5440
14409
8443
24595
15244
27142
20114
29487
357
49481
2412
10713
6657
54
29665
2433
44206
13376
2183
18668
49830
39990
16597
6016
24275
8045
35887
4813
37737
21056
18048
43876
42915
5802
26473
4180
10324
45242
19068
2490
49666
22731
7592
44879
42614
737
24472
17720
10940
16923
16600
44905
4431
18870
18948
4537
48258
42057
35314
13439
27561
25659
30216
42650
28742
11694
15360
44112
40491
11276
12334
2577
1891
19685
24841
8862
23234
46391
13719
15749
4750
20600
3767
350
41990
47420
17060
23568
16404
33208
29377
35442
46060
39423
40804
32600
38651
47078
3390
6120
14711
114
20012
18949
33848
46722
32672
25923
37548
46947
31618
16072
40339
8296
9799
44329
36262
3148
29850
25410
46033
11089
43464
46009
12527
13329
48233
27295
40732
8389
4194
21983
4242
7049
30478
25170
19589
1713
14437
37662
21230
43877
29646
28512
39820
35090
20175
34372
30739
30163
41825
22041
36402
19325
22174
35694
22097
40220
18682
21390
21241
44746
33532
30259
9820
24087
40360
12723
18541
2812
36769
6043
1455
10449
3826
28894
31961
23465
93
912
47764
28206
44126
18624
30479
11256
9832
33054
22263
32149
35317
38913
20833
31800
22201
45925
14147
32112
29048
32451
40162
20635
9920
28303
33232
42768
14177
9064
18963
30204
19967
27358
1701
49832
31520
27666
47956
28753
31862
15692
14373
11837
25393
16925
2565
11297
45627
43288
2067
48965
10859
49966
15309
44377
29142
2462
16942
26694
15923
30235
42297
6215
33385
35257
620
46318
20536
41274
19048
46223
22238
37609
15734
12197
30838
48015
11312
27839
15056
26410
20463
38338
31655
5703
17939
38560
2797
9283
7924
41490
31773
9506
5511
20408
21579
7527
12909
35734
14004
35537
24439
20006
20717
29507
3926
7057
472
22766
39531
20033
20741
10447
37298
41651
7769
48193
10555
4375
4808
24188
23398
45188
37665
44523
16515
2065
6771
13022
8268
31017
38929
47494
12454
8346
18031
9785
22848
42910
15050
5508
33980
18485
22086
46721
37226
46709
8929
45844
18829
38840
37383
4557
4626
19438
21971
1782
38474
8580
29046
16386
46565
24363
40886
24095
15499
47905
6602
11114
2894
14467
40401
18018
23131
41807
29491
44937
1539
43200
2807
19615
35776
26394
7476
21865
39458
27969
8248
21915
10784
39707
1217
34325
5083
24643
7531
6597
35909
40010
4547
17382
34351
18994
4989
41244
12988
9235
30481
22789
4080
13085
7813
37705
8005
18987
40718
38871
12253
46256
42137
15073
6967
4005
46086
41076
37059
39776
45153
47435
39887
23849
17940
5393
35757
47813
47215
37237
48396
15940
8989
44539
39134
18432
17944
25598
37539
17140
43840
11320
10198
26762
47372
17535
37234
43346
47460
34888
16131
20430
8482
25921
7629
30852
1961
28627
44486
24108
36052
13605
34130
16389
7714
45903
16054
115
1627
26160
18157
21357
16459
22029
26799
19481
40563
41970
48768
21871
10743
16661
29779
30821
34430
11047
26464
20043
49998
11874
25180
4361
47814
27227
33473
1475
43413
24747
17401
1332
25855
42029
48565
13771
47238
49530
48203
23413
6499
3775
15711
46209
22996
25014
10646
33085
29992
20777
36335
21517
48443
35282
22798
34477
40982
38120
3869
35733
6950
49251
45610
47134
48093
25706
46239
43577
38620
14812
7493
14689
2115
12894
22541
5824
6364
243
7799
22524
40473
32114
18671
2049
41163
809
17446
1120
16049
11330
15618
12857
9948
29281
5675
18177
7741
3269
42457
47742
1404
17641
2625
12982
20032
31214
23124
32644
21792
7578
14172
2143
25443
48871
40783
37477
6176
41501
48029
12375
24928
8375
11398
44536
45096
31152
48461
24768
10987
49757
4513
46465
27543
6759
10407
39475
716
23497
22071
21433
30384
6368
9447
38645
32082
26374
8793
471
43101
49446
29876
48511
44641
34734
5442
802
36745
46542
30828
37784
47168
48634
17398
8416
14237
4691
35854
9969
36110
39452
35928
49078
35675
7178
653
19037
10317
239
12215
41678
12684
20619
21968
3061
18655
45664
15980
2997
12999
8770
11376
27834
35093
20405
8130
2187
5814
30203
40133
27123
17554
48506
31891
25018
1060
32419
15471
36550
7603
10409
42554
6418
26830
935
39849
47430
23517
11791
12380
32804
27517
10201
29145
48139
36380
3355
23422
31363
16786
9590
37385
45674
302
39259
36202
49137
33800
20704
4772
3615
39294
38462
1416
1189
21461
27290
17122
48460
29332
28825
37742
49276
1673
48646
42682
23848
49406
46440
14415
35516
46118
643
43553
43450
45195
34749
36832
46474
26597
1199
11108
2806
43081
22862
34874
35915
44333
8473
48880
21492
40713
11959
36296
18200
48305
12660
8557
27397
44269
6664
8822
3542
27411
41617
22391
37325
42912
13056
4412
19877
19960
20681
8013
11105
31247
24394
34524
15748
40081
38508
40632
38540
7430
24858
34425
32999
6303
1423
43382
23082
19415
48487
45291
11341
41863
15221
47039
22508
30995
25744
30248
17879
36297
30976
12476
24041
12049
49086
5403
40457
37767
25108
5579
37763
5935
27162
45466
9515
22364
17840
1209
48110
49539
17829
28809
36949
42540
11247
21672
24184
12377
16281
46685
18789
21584
29587
35287
13474
13775
16561
30842
3998
3632
47440
31240
11933
6362
37962
3108
31398
31815
5539
45258
39886
17151
17289
26454
48731
11849
40212
13317
12154
16609
16082
11866
20210
4873
36939
13646
6338
5534
40046
16652
29230
15816
2511
31146
8690
31786
46825
47779
27609
6127
1354
5949
38313
48898
48010
48491
30743
42202
33596
14412
37838
37365
5398
28469
29590
34710
12269
41259
13287
3548
45620
474
8459
21547
43722
21148
29984
22343
44854
1709
32578
48863
703
39190
433
47008
11550
6921
5713
34363
49375
25723
3364
36263
23683
44751
45371
1362
5408
29525
8014
5553
23624
40442
7097
8229
9630
8499
5297
46866
10703
36750
23031
27577
41142
34095
35830
18212
8510
39437
6719
33815
43913
15440
35950
48389
43074
15394
39202
47443
14007
20587
47884
37264
29597
43073
37616
39018
19487
47774
18400
32574
47179
8124
44829
11779
22538
49326
17956
47210
14708
20577
25029
18706
25293
43290
32113
23206
7076
22123
41841
5164
24814
13841
23423
19862
18125
2354
47219
978
36924
19786
10947
15850
22814
41236
9051
14159
43598
32906
24463
49569
43181
23701
12822
29636
6036
35368
30970
1022
17876
14628
46964
3748
4618
36928
6160
16929
48826
38325
1976
42410
28062
43523
39074
3862
9456
3465
7154
35371
1255
22033
3920
32946
9243
41276
48682
27528
13641
30953
42527
23345
5647
38589
20612
44600
2804
24490
30376
13553
39346
6
37052
43065
30748
31742
8127
21907
10351
45299
11257
27813
22354
2580
7508
18828
14452
1958
25622
26896
32607
24729
12356
1342
23231
23707
35903
48635
35797
31305
22699
41576
44366
41705
30684
19018
37483
14213
45780
10367
28950
42110
3909
43626
28320
2668
12949
2418
184
15368
26754
24515
848
48425
31522
13955
22122
45160
12173
32116
35705
23163
7192
33920
8413
25290
29547
25426
23786
17273
18889
44764
39812
39575
5208
2121
35115
25922
25009
35100
7357
21619
32174
14268
29459
3904
34676
36576
46459
27708
43872
26948
4243
2057
29365
10378
45786
40349
22526
31908
32933
26532
40821
25348
14835
38414
29257
1061
32458
47921
9815
45065
26776
31611
18261
5836
40973
31974
1445
13846
14576
22715
25401
48680
44792
23268
37302
9466
24452
7777
31648
47532
16968
1304
21211
26253
44348
27303
4397
35512
32138
48842
33792
26497
23034
4383
8587
8082
3521
46433
35504
2349
16866
14531
42550
7798
33828
2447
6731
42975
42897
9097
16567
31704
48573
41265
8380
4020
1759
13418
11759
7286
13536
992
29977
30164
17505
15407
22857
46152
14146
31463
38342
30938
43562
12084
10058
36641
7512
39552
46879
9013
33933
38907
30596
30382
19855
22919
47234
40112
14681
7078
26268
6768
933
49371
41049
41457
19070
36858
27960
571
34887
28864
2591
32605
18763
15113
46080
34987
4675
20738
3053
42129
18814
19730
6430
11830
12622
15276
28570
41411
49622
1095
2392
602
3953
44271
44928
24083
25544
9349
9546
4542
14638
20039
46224
47740
3641
12093
17157
2573
38853
15434
49985
20829
23637
38731
9260
30928
43379
15914
8513
16224
27602
26788
48483
40670
37800
13050
45198
14366
41352
38304
32882
3749
14634
20152
38716
8684
362
24330
13843
26217
11318
12342
43393
16970
23451
43320
36344
30566
31853
22126
10757
27667
26047
8070
25334
31155
11581
46914
14089
8946
36054
34035
45703
38075
20969
38669
1092
13784
20814
14635
48082
2559
21141
31593
18278
21428
37222
36808
34837
1888
15647
6070
4952
35595
10548
41978
26387
25966
34726
34685
19163
21018
46843
11072
42604
37928
28908
16997
17179
18121
4748
39412
40335
17288
32902
41272
8299
34243
39285
27027
35091
40561
12506
20475
15871
25749
22813
38464
24962
35838
49672
46818
27856
4246
26434
11053
2374
33145
25342
14541
49443
23431
8708
19654
7707
30687
32655
46170
6492
35051
3381
73
22767
26197
19961
47233
34982
21210
46360
49095
5704
32371
16095
16148
12827
24441
22188
33457
7885
25564
44067
30906
33179
22749
4983
104
12972
45003
15797
2131
7432
45944
41874
691
22701
35241
28171
21407
34811
36367
34701
45798
48510
32816
19324
3527
35665
42984
39751
29744
47906
9635
30222
3287
31794
3396
33175
24042
47879
8274
41515
47055
10253
3186
4722
45851
4502
39923
15101
20048
6383
44828
28652
14235
33788
45496
5598
6630
8644
19517
10958
39047
30190
38260
30752
22424
20978
23883
33169
24449
19397
6390
8659
22776
4034
39300
41552
33446
46522
44013
29162
4293
15688
23084
14718
45784
29970
14481
47594
46251
24886
38358
43769
21769
21153
2280
34150
27955
14701
8842
43999
16753
14094
32935
2201
29596
17434
39622
20247
21199
22490
23569
21391
25466
21484
49088
49220
34810
3530
18998
11819
750
18144
36662
31804
15447
3489
34048
22710
48053
45982
20633
29808
27796
1329
3218
22485
36157
36753
12960
2782
45666
48025
22239
22166
3084
37569
19761
8166
38442
38149
2860
9541
38944
37850
40406
37343
19535
42894
25636
45799
21879
49572
25586
47777
22204
39730
15246
47137
34209
7170
47290
20650
10108
35818
41857
17663
3130
48292
18354
13102
15358
3334
20644
3129
23645
21942
46442
7050
41255
30130
16179
20362
38032
371
48998
47051
7133
21445
37140
29565
28601
9609
16121
27584
13475
12672
21900
1605
25671
11592
38520
15025
45451
6885
11258
26943
6859
403
23156
6027
7869
18086
42148
2166
4168
34848
24560
38000
37367
31547
5514
27372
42023
2641
37240
41059
20209
17788
21529
45581
16654
34553
23085
21834
47411
13558
30043
6613
4144
36872
3509
17914
30799
18321
3589
20338
41865
32207
31048
36254
33694
34876
42848
17209
43867
49541
15364
38468
42374
13282
47009
1032
26349
2397
37442
11083
31616
33324
33684
49042
34108
7010
24048
38951
19337
1436
27914
41012
35213
12847
22283
27807
18042
47652
31585
3955
41089
18548
13432
36348
41631
35902
27513
28918
22884
3201
23916
42112
4055
1571
15725
1407
44498
1733
44583
11127
12471
29385
22491
48644
48716
6161
22724
47576
14329
2854
3116
41430
47700
37674
30576
1496
9252
31450
36351
16921
3612
29557
35379
34486
25374
31824
1123
41450
16216
8685
31813
16529
444
17810
47353
23402
21700
7093
14539
21413
29443
30901
49611
23485
26512
11629
28465
43989
7043
33928
36162
40497
8376
11489
48754
37687
44789
29015
3923
41071
16861
23236
38979
46473
24637
11605
24740
36947
29246
23416
8626
18041
15492
35129
16402
7032
43634
34349
24630
4997
13615
17461
28328
10100
6103
29143
45592
25087
19237
31253
2091
41038
26093
29203
21383
44502
614
25618
35156
25137
23103
2125
21846
47401
42623
38212
22125
12192
40056
2751
10574
11962
44020
2723
31805
35008
24150
49114
44331
13597
24021
31030
4867
1687
30052
20083
24944
15546
35472
31045
2475
4385
1036
32156
18253
44036
20723
39930
22267
26248
4437
34236
5025
18461
25710
30
42068
17778
15616
25513
20284
43330
596
11159
43257
23697
41268
24567
49835
41260
39687
23785
27437
6246
17436
27549
29872
3943
3107
15121
23681
45629
30385
42963
18085
44955
45845
22124
32047
30846
29008
46106
12661
20982
126
12463
41579
7000
15701
8126
43258
11454
13362
15319
12943
38261
43301
35569
10737
35769
18027
46966
44678
41468
27184
13603
2536
30688
32078
27592
19993
19349
28442
9121
37135
18589
24068
41036
21670
26510
33129
465
36682
35836
6724
43017
33495
7236
42665
18508
26600
16956
43041
31790
14485
45271
24114
5955
7609
12442
38042
26890
6197
30468
2188
648
21387
13712
36343
5961
19254
49531
2124
44061
44268
12759
43750
21421
46857
28363
8430
5950
1243
40302
41476
20588
3563
6330
20559
35196
30853
40985
35175
16535
12863
5658
45850
8350
49456
10240
12075
15419
4816
36147
28449
43126
6717
46027
16668
38350
7250
9645
34571
49254
8928
23505
36410
40700
24779
41375
30771
33875
15834
35143
18523
28969
42762
41158
30379
23940
24874
10671
24194
5844
34117
8535
26723
47442
35485
38102
35920
20427
47183
25382
39881
48514
10683
45855
1950
6617
39835
47565
7539
31366
807
3190
17133
39076
26624
3370
48581
31990
18703
44182
27392
39659
16371
29319
26352
16587
29633
10417
20203
49633
30521
17969
16104
13845
39683
34281
46020
4979
12176
47332
5203
24451
26142
5127
47757
8456
3682
11324
17530
17212
24337
37026
43516
20096
17886
19688
49576
46087
24792
20928
40170
34746
15390
21440
10013
40086
22659
16458
31497
12195
14806
25792
42356
44028
46537
18129
39505
38581
39504
14249
39489
30388
28746
21940
17973
4932
13382
12033
26420
34245
14255
9288
39554
18520
21526
11630
17842
26346
432
37599
23280
23136
49385
18803
18798
48337
43563
46599
3044
15217
2383
22870
29445
37560
29424
45235
7471
33341
10022
36398
15637
34058
33837
106
46484
11649
41391
40562
27562
27619
3450
29789
19803
10130
9930
38833
46833
8565
5895
35300
29254
36431
2331
44439
17222
32074
48948
36671
38619
17938
3210
3830
31960
28688
19058
15122
16229
49358
35194
16675
1064
32234
5576
8836
21066
21245
29154
41779
28093
46181
15807
12883
32819
31987
6837
26099
14802
22783
41685
3550
19427
4355
46990
41753
22690
43610
5582
9448
43595
20244
44577
26065
35341
43931
28065
18515
44801
33574
18214
9899
6565
7443
39189
48062
21345
17721
45804
17996
907
37659
16348
17027
38920
14236
14406
39046
28099
19168
6627
46493
19385
47048
27446
14292
6547
34890
20454
7627
44495
25766
42327
36289
14976
6882
389
26406
31576
28581
12447
33292
35977
5640
9077
5029
20320
1251
44326
23469
8861
40683
37970
8260
32953
4794
3482
10031
37714
36699
9538
48051
38703
2368
12160
13173
31016
34577
25001
22547
2342
17964
18356
28068
44048
101
20494
872
39102
40969
2869
33612
4420
46380
48279
42221
32749
32376
10148
15945
20031
28923
18522
20716
35319
39606
383
27558
17224
27053
43343
21661
8030
44312
3439
22259
36288
18654
34440
36414
1861
10007
19467
9736
40194
10079
24717
27198
44676
5147
12991
11621
3323
35436
36644
33228
31207
14955
5969
47020
41041
936
31553
18886
33083
20265
48977
41368
34276
28883
7921
38770
34575
23508
32187
40514
1015
41148
4677
33939
37986
49807
949
43076
18467
10258
45945
40991
27124
1019
44834
15170
31229
48975
44645
514
22792
49035
2068
25104
664
18107
5088
17785
36504
14122
44936
44087
26426
13207
36209
28481
16973
30524
16524
39355
9909
30215
5449
21833
12604
47049
34346
47118
27220
189
32975
21771
15949
7035
29830
46163
36706
45043
32665
43383
21302
42896
23608
38392
34235
36850
39265
32460
45724
21820
20286
16373
5342
45255
990
28858
45906
13555
35562
49526
14535
17835
5560
3343
47517
12299
245
46525
34639
874
9059
8033
16950
18616
3328
29192
29228
32297
45677
43458
34801
16506
24787
44205
49282
47060
23960
16637
15639
16140
36023
45326
11349
1970
20310
33632
10369
21328
3103
3838
37626
7651
27709
47831
23316
17902
19529
33233
41704
26149
17916
686
43947
34519
18106
28975
12119
42223
19581
32924
18420
12354
44219
21339
35885
3105
30802
28632
18651
42073
17843
3011
17685
44471
47479
37445
13707
12199
49845
23709
34010
17411
19608
1296
10612
41153
16643
34620
3239
46250
19126
31397
11200
11815
31698
5275
27181
31069
227
44810
44672
17261
1492
23002
15362
38150
20142
11795
8160
48596
47601
20550
36084
46263
24263
41314
27948
5293
32131
36270
37251
2556
11022
23464
13327
9024
30038
41292
26344
3777
37400
3715
23089
36205
22255
37643
27444
22116
558
44250
15880
36217
12590
9083
18169
18678
5716
48280
29944
35367
46620
10121
28667
31217
19330
21768
5757
28026
2554
28599
36862
49208
36177
18656
10591
17413
29347
33212
37788
33493
32798
34297
34147
46668
38078
9464
26084
40830
31477
19953
46221
4956
44685
48161
42062
2838
49644
41683
6625
5073
28935
49043
12351
33338
23027
25316
45406
35084
43083
26825
8656
39603
40391
37138
6523
46663
27957
20313
37522
13633
44388
32513
33435
23639
6480
3697
12369
40916
38684
26323
18241
36326
1054
17742
25701
157
49149
42773
16221
22146
19622
20182
31129
33740
8172
37085
25661
10265
49228
35528
23025
32158
36741
34605
34239
13660
10738
34028
43424
24229
44659
45317
32017
40284
33253
20529
10219
23099
15776
27638
48767
43310
14518
25128
6651
38747
35914
22387
46397
21519
29088
21913
5059
36672
141
43275
5087
5606
4047
12319
5361
1207
27404
40231
43565
23791
39948
13897
15466
29104
6606
32507
1372
46093
17907
5096
17176
45814
27421
40015
49357
40557
702
17031
6219
20971
48495
6010
30553
30137
36917
35293
31881
33882
45827
29551
45165
18896
48692
14871
16888
24138
45706
7719
31346
12243
23649
1700
42188
29102
8691
26286
4976
44078
46283
40266
44702
10538
42970
1291
34707
36519
41342
48134
25220
43241
39699
9306
38699
33832
29966
48654
20844
2144
25617
4244
36894
33881
34458
4362
31451
31810
4241
36166
2080
27706
37195
7436
34115
36762
14954
21157
42381
25603
48657
27764
27268
30156
48177
3295
15535
13780
11429
49679
27818
8897
14034
40254
7487
25016
15180
437
39605
36474
23060
25362
10896
19408
36614
24168
38908
9928
44063
9520
5634
12453
10016
23419
43997
17444
49932
40664
4216
47928
25580
3280
46574
9271
788
41433
12327
17527
23024
33589
39264
2703
27498
14573
9375
14441
38240
32321
24381
2486
41199
17058
6923
38802
1341
34802
29329
9284
43635
7044
15322
37525
25274
42617
37022
29138
38036
2513
26882
30122
21342
33057
30871
41708
42431
6544
26769
13610
20316
21945
34592
10833
5271
44191
34437
39428
39869
38608
38844
3444
10036
5219
3294
11399
31504
17075
25200
34619
23635
7649
12200
22847
19051
5578
27369
47571
30325
24825
44280
36104
30698
18134
8239
7484
8794
30069
24590
38985
8563
23142
42734
24352
1051
4176
12697
38098
27360
12780
20774
38521
24461
11
9446
47839
8933
42564
20997
46791
27013
23481
38448
16293
16785
23631
14321
42629
33571
48730
24408
38695
15530
38399
42547
25853
34316
4011
7203
28873
11644
42642
42560
40928
15274
44798
24126
36525
17572
46678
28343
2786
16076
29062
3405
8371
27125
31866
38655
3691
2066
9450
27408
2713
39334
19125
3462
19391
41106
5637
22833
31012
33472
18046
25246
35206
16200
42952
23478
24815
49891
9898
37886
27790
32125
24104
14694
9717
23249
48540
24657
42278
29094
46273
11948
10710
14826
49725
5901
20791
24933
2189
8834
13582
12533
18298
3257
9597
26759
25646
41032
36790
47575
22894
31889
18399
42105
39670
46912
39652
41954
18776
40298
34120
27746
23654
27418
20288
10060
27250
10898
24309
4567
18665
32844
10124
9088
15992
43389
22726
25649
42747
15455
31385
12112
39824
33575
26520
31610
1911
27487
1980
47023
3558
5661
42085
2424
28293
1720
42376
45468
29879
10448
42973
14322
9992
22595
48687
6106
18231
43147
30991
20003
10871
4371
28961
3812
19010
46496
25385
40676
22389
26590
19255
10564
32782
24582
44774
47766
41989
24375
9460
40400
5057
5365
2802
13559
15320
6251
33107
6122
13206
29535
35897
27349
45891
6894
23814
39499
26037
17321
40063
2874
28522
16256
26290
49974
41886
12495
25208
18637
9579
1028
27143
9403
23004
3121
41535
3522
25020
45046
47197
45971
2074
36158
9312
21908
39773
19109
10027
49831
28665
14451
24710
13203
8253
4356
36489
33043
35765
36948
6842
22054
21889
41028
36826
36337
39115
46249
20156
34700
13847
16670
18734
4413
16209
30338
34955
2711
17727
26784
27004
12407
34589
41067
46435
31949
29277
29306
35474
30467
19712
40501
39784
659
17615
13131
15667
17394
28912
27280
25987
25898
20138
15905
37769
4784
1469
2172
5304
48522
24032
17811
957
25815
37768
23457
33340
6466
10342
44504
26560
4831
16145
10387
1004
32001
21540
42657
24028
49936
16190
45533
15292
5674
33058
20519
44675
31662
17391
3065
49425
30630
43359
17813
6743
23570
28475
46293
12305
39619
38289
45816
40472
43842
26730
27942
19613
46282
22843
19239
5309
44088
10430
44018
11952
30430
38329
1276
1889
3757
8549
41882
12781
9996
26692
27595
47434
20018
2791
14807
10053
41786
43829
49052
31169
6373
28784
39935
30031
20094
9427
21249
45946
6034
35973
37094
1402
6990
36540
2276
11230
45036
36456
15015
44567
47108
14495
4975
3418
8669
8240
22635
38441
2273
3034
49916
40050
43447
18906
49838
37461
13710
42660
39781
28054
16102
24206
3286
42026
35236
38069
47637
25621
13490
15179
45673
2944
27341
47300
17616
6755
48395
29484
36186
44218
20568
5657
17816
37166
33770
45531
47003
49896
39238
15494
24584
37316
42946
21941
19657
43487
44534
27870
2133
34943
14152
38379
21615
3043
15544
45121
8639
35444
20173
3810
32217
33191
16033
34583
9164
34233
47006
19795
4048
43417
3670
1117
9705
35169
31436
35179
25523
30662
24774
17556
1840
29988
10144
33426
14347
45124
46920
48138
16283
22472
8451
710
36239
34846
10682
2948
48816
22212
35585
48273
14403
35252
37197
15136
41054
6401
25354
48626
9724
10645
18174
45949
44963
6049
8882
30820
40309
21961
32794
1397
17770
908
23348
34119
18387
13507
43371
36327
6997
43204
42283
45056
43004
37811
29974
22829
43443
4478
3592
5739
46117
11357
18462
35281
36236
29477
35042
23171
32690
30042
17305
17468
10066
8265
49788
29939
48038
49279
11260
28181
33579
13073
2528
27505
26418
30601
34821
511
30624
22476
30568
22134
7325
41853
669
5400
15164
45022
15445
15505
4770
1773
8609
29086
47992
26275
14364
1893
19224
26333
45768
14782
49409
46189
19112
35218
10629
9228
4865
25994
26250
32278
18956
49892
16018
49908
10668
34175
39486
29035
39774
48843
3965
8455
26966
17921
24677
20278
38970
31851
19287
45127
21099
1237
33653
15623
45927
31200
49710
1270
17427
1536
22750
36133
4538
32188
43097
17589
21868
23291
15392
26460
17265
15072
39353
44787
26680
772
33982
14758
47680
43915
27848
40269
29837
39360
39406
944
881
5712
35432
677
41058
18330
26255
33581
34157
42658
20860
37893
39117
3706
24821
25507
49245
33379
35635
15969
32393
5504
6198
17735
36252
39586
19527
3010
22384
20473
18123
10271
580
28860
26924
38849
36835
2495
39954
34812
22810
36933
974
40201
13589
25685
36962
30065
26067
37619
30443
339
16886
38978
533
36164
42235
1072
12777
1664
25312
22647
33935
6635
35875
3456
23385
26770
37696
30823
17283
27751
48859
46311
48326
21813
23845
10018
43096
7420
41971
39614
31353
24423
38740
25827
40126
20059
24241
15954
26669
30375
4081
17557
3758
46284
41524
17578
17952
29333
40951
21109
44695
19970
46340
26967
32264
21943
5956
10794
6067
27953
426
38481
13061
375
3763
21482
23366
19541
36242
2989
18922
5826
49146
13310
44642
41661
26527
23686
20224
43141
45897
3095
37121
1631
29880
3791
43524
29543
1318
33969
18761
30674
14926
27802
45978
41802
7720
24259
23
1487
918
9916
32180
11956
7129
96
5963
40944
1529
13168
25829
33658
30859
35593
30336
39476
15817
7820
46017
17846
32622
21802
23816
29969
16737
2145
45006
7490
47480
9524
44114
26744
46780
15187
24213
36878
42950
48228
9215
10772
30159
4319
2850
6829
16301
44396
48098
28043
45615
27922
43056
25368
44813
40852
7698
1957
23480
19894
34075
20870
40908
47878
49203
6424
956
46926
40445
28101
21457
36032
45070
1165
25609
9294
47819
26611
43941
13682
2921
573
9078
18206
34690
37895
12545
31962
42577
11032
46734
26705
14534
33243
41598
28146
7214
45273
28501
49496
14945
14644
39590
26303
18301
20973
10633
1002
34954
21555
1178
49120
43752
4716
5438
19969
27445
6937
42781
47789
17958
43087
28407
15057
43223
30622
18068
3317
40227
30240
805
43905
35762
41376
30839
32137
21303
33065
18768
12157
27174
7916
37326
29536
10084
9615
19959
39594
29030
2823
24898
17670
19841
6287
11146
13343
24133
22289
26365
11744
13525
12544
136
4058
32896
45445
15903
21105
21419
3032
15194
17631
30368
29649
21261
17164
44493
27326
16984
31494
45975
24237
43691
425
1678
1369
40722
17559
27472
11448
3661
7386
15934
28511
27208
17106
5430
22830
6933
38950
23055
33012
29912
27803
45509
26549
27366
11636
22665
35942
34273
25822
39921
1232
566
47231
24443
10617
30307
29440
4899
4982
32991
18504
30760
23591
47240
15114
27749
32581
36359
41612
14357
24586
8270
43614
17143
45555
47570
46982
3590
40301
12263
35707
32319
32763
41374
17217
35718
49047
42245
4980
4708
6634
31763
20742
48415
41488
43215
26113
42266
3714
44763
9221
23048
32770
28150
2532
24502
10327
29147
20490
41384
23161
28771
33407
15727
21205
34915
21523
43556
25215
27801
219
19222
13340
967
43783
33799
46457
32055
8010
30559
41939
21454
26098
48641
1221
45016
46860
21225
36339
18946
41296
39483
6821
6365
17774
22549
5624
23186
15186
6568
43970
10017
3882
36187
5143
2079
22915
41674
21172
47776
27737
4651
44192
8258
45545
36346
15646
20234
3689
42695
13467
25134
7692
4506
6289
24563
8978
30279
6626
34842
21247
41150
30208
49157
25262
21631
13435
44720
46619
27865
37306
3144
33019
16217
26431
47628
15271
38314
8517
29439
24286
45399
13403
40879
15812
12535
32265
49991
36556
25812
14724
44236
43082
38505
10392
24004
20302
21111
47054
34868
5000
11082
43144
34196
22320
11141
3327
1162
9839
18900
424
45502
30310
4312
33465
31880
32664
11226
32151
24737
18540
11451
31498
3518
22891
39981
19430
30080
43772
38959
29591
40741
11431
28716
8502
45881
27908
46406
14359
38880
2986
45727
23214
26505
40006
4963
46092
46383
7989
19912
35794
37607
44070
48231
18738
14728
337
19373
23477
3074
42589
4826
36144
5781
43396
43640
27668
2742
34938
4781
3718
29406
5816
49281
47171
9552
23871
48450
34919
35050
18638
46894
14140
33529
33307
15534
13381
21754
7425
37514
229
41991
22102
20129
36743
38493
26563
41388
22252
12519
48648
22738
10790
4346
13137
20423
31447
7247
4
9851
32294
5796
43909
30999
30808
44881
47989
32204
6836
6437
39611
46123
37120
33374
17314
5938
153
24217
22503
27519
29657
46761
4125
9648
40184
25637
45007
28732
23562
40375
25427
1575
42219
37455
4484
11382
42307
13290
35597
35953
44383
7892
47755
34488
35898
22142
27050
22632
3016
8774
24521
3020
44917
9501
4057
27827
6853
39309
48266
9612
20947
2969
32936
41810
4111
40994
26724
19139
21499
14809
43184
36260
33514
123
41855
39806
41844
24209
16193
26950
19804
18577
12856
7839
11808
14337
10047
19491
16083
18878
22360
16456
7641
21396
20733
25565
22336
26056
33934
15511
37652
35853
9628
12402
26282
3824
2988
24547
31716
27782
30239
42080
24233
27271
3345
44033
48547
43740
5420
5679
2257
7740
19828
10513
19505
25124
8436
42902
22467
21274
38040
47728
22977
33108
22067
28684
18910
39671
30433
18464
41072
36874
38754
1376
29848
20052
19243
36998
5485
26382
42352
31820
27054
36487
35203
24796
34365
29463
41830
40593
35141
5604
34937
23629
15147
25714
8714
28681
48250
18184
15206
29901
20452
12158
8562
16584
18096
30048
12216
33425
21581
46279
24994
42340
9777
14863
44636
14318
45831
41959
48732
46896
44239
34371
28295
11270
21812
15143
3948
1026
33068
21441
46826
48166
33424
17161
2660
16873
42680
1014
11061
16695
46583
12673
19925
46036
34671
30711
49028
37809
19291
49079
12449
18489
9568
37579
22488
33502
31950
29226
4767
15063
31872
32866
42581
20745
12736
31268
45672
42158
16464
19850
35134
41864
41983
21905
27393
44244
25553
32572
30255
47894
38382
48156
27365
37789
28966
28127
30022
30602
11973
26185
18054
32084
36604
18098
33873
8488
29738
33976
42724
41694
38210
13288
4883
17014
4854
25890
8324
25253
36912
47324
8640
5476
12701
14460
25589
9710
27254
32805
47235
49322
19031
29196
7915
39369
29704
48762
19416
2927
16112
5692
135
49820
36511
13183
47454
24351
13863
35406
40258
12831
24973
3206
29930
9872
7065
9018
31151
12486
45573
43278
1557
25062
32735
31303
38277
26130
3040
44386
27518
22301
42497
11927
10740
29711
17620
37734
49770
49601
25767
5864
3502
46088
8212
38425
6312
18641
652
37987
22909
37837
21751
12125
34546
11732
32270
830
24512
21767
8315
37276
46116
10762
19899
7410
22203
48619
23884
43520
33070
39481
38839
20455
15698
44344
12985
9620
21622
43354
47366
4414
13174
39807
18841
4836
41304
6021
2314
19177
14916
18903
47871
6167
7731
2040
34311
17594
29010
49704
49197
19945
8148
34366
35168
10630
37296
6461
2784
12293
14162
25097
47111
15671
19118
6595
27975
48813
36225
10125
46153
24934
44010
29681
44934
39856
16147
47957
42720
11060
10052
25056
45083
44334
3720
20202
22248
30527
28932
47578
20890
49200
30001
1137
9142
16244
43834
22439
13437
41911
40078
41284
29508
14636
37156
8756
41627
37810
31243
30251
18778
44984
22654
36374
10804
2956
7215
41975
4432
39495
2773
16765
42749
30646
18385
11006
41184
27049
6039
24927
35109
2864
2722
12397
35013
42444
2895
47173
19464
12446
11100
13577
26066
2029
18246
45701
29113
6433
18631
44447
30950
699
42244
40921
19944
1131
34853
42209
24574
7315
34554
37751
45882
7722
15537
32501
41699
6520
34448
34237
26647
3346
28164
31625
40109
14068
21740
44090
23546
24455
23404
42264
6133
1702
42805
592
44718
35952
13777
6910
20561
13879
45926
26817
30405
19236
43662
11015
44222
1796
7252
31502
30217
7416
31391
30253
36451
29584
46025
43937
14771
4672
13009
26601
40661
804
4698
15418
15153
18679
28077
20607
21362
906
28896
49388
40352
12304
34373
47342
17141
47237
33023
43921
37915
35476
41162
20150
11672
32911
26391
2509
5305
3759
25391
41747
16052
49591
29751
9574
11807
21715
37834
12311
23412
24056
41877
47722
49179
17881
33239
2000
45146
16399
34397
1081
33251
25125
26102
30252
4345
5835
15899
17319
43661
45818
14667
43482
28648
39066
24407
20208
5307
523
19220
23146
42087
35072
12308
9229
38465
18412
26013
30872
5503
41922
24663
38500
27018
36304
27353
26069
27971
26807
13216
26355
38044
11369
15156
42325
42218
1740
20168
21135
4630
41382
12394
4076
14852
33608
39733
9499
20199
5049
37313
34423
1012
42944
1360
29042
36440
20753
40182
29694
24500
26691
21674
15222
28542
29412
42478
35680
4995
7466
44946
33554
24592
10820
23343
911
19861
12335
23888
5827
22619
36126
8017
13842
4494
44295
25090
14959
16557
45112
49348
11522
4033
25581
25071
28815
20326
22537
4146
36314
48355
31676
24758
48745
48365
34932
33080
32942
3358
24917
30927
25386
25950
21717
49448
12790
16887
1923
45328
48136
26725
23159
8316
32738
10808
48627
32854
39395
6877
34032
15467
4157
29223
16159
11475
44688
28863
18480
26888
2540
39175
41116
45823
23038
43113
37364
20589
17036
36201
16622
14665
4508
18587
14844
38501
3420
42248
10594
44041
31657
19695
4087
41707
45304
6703
31462
26867
9075
520
29310
9807
26513
12667
32413
49483
29471
1800
44412
45001
46623
30301
35908
44417
36222
7895
4766
6583
26800
5655
28282
37381
21187
18180
16922
9223
550
16016
47152
49643
24342
9116
19172
5107
49178
916
32687
996
42511
11669
40150
5234
4291
44683
41432
49510
14186
49364
46809
35119
22351
45873
7441
49980
44576
22991
30526
13866
13301
8554
10543
6981
6722
42703
43760
15479
9585
48270
27314
12636
41992
25273
19864
7541
13896
42954
33999
34556
8715
16358
42777
28822
21860
2950
41799
27876
21893
6992
46078
10412
35352
9270
11066
39696
4452
9335
2302
47954
23212
1521
43589
16246
42484
3142
4757
7862
24148
28495
26541
49413
4102
12343
39634
33929
48978
24265
35775
45184
11963
13176
49036
23224
36661
33038
22612
993
24751
18126
16581
40178
9962
21125
36570
24182
46985
16777
19578
9974
26900
21635
15659
14649
31578
25757
28953
3940
28115
8463
16225
33362
32641
43239
13386
22078
288
30563
13257
30826
24370
32306
39537
49582
18370
26393
32059
1967
23138
15393
20128
47688
35024
41009
44995
26425
22756
49315
49969
10857
33113
25584
48920
29776
17837
28050
46781
16890
31216
37651
454
47151
16588
38477
46698
33509
6586
7760
32414
6841
8163
15498
20905
22974
47553
25096
34624
49560
23282
33615
39673
14399
13294
2311
37191
9982
45900
12279
39796
12958
42362
33845
24955
22529
129
34066
10164
30134
24196
33647
30288
49868
26892
7412
48541
11197
45351
23119
3876
34136
19530
31867
40678
49648
44823
39826
41235
34269
8391
4202
30994
16767
15921
27171
36821
19815
31861
2726
41359
46035
34699
17353
33674
2491
33785
32108
8907
10628
11284
27599
44714
37401
48840
27721
34018
2758
23087
45217
4288
10097
394
17942
6006
26970
21400
45535
38958
4742
7690
21290
39314
42993
6096
19696
28798
35435
40009
42191
14397
26975
3929
23611
81
9702
30582
44080
21235
20155
12448
30919
46902
18628
25077
20825
2377
7782
35604
49825
41226
7949
22987
11882
34263
3696
20523
17655
39581
34662
11206
22487
24376
19046
39868
43043
3104
27296
22064
16425
31082
5481
32172
41581
49626
9897
15497
46669
48613
13039
5520
9661
48700
48685
10329
24977
14251
13339
8738
39519
12624
22353
29902
47979
32859
7197
32318
14433
14336
36457
8021
2365
33483
834
22340
35500
1724
38097
38768
46872
13213
41620
25398
692
8605
32838
24501
7854
10152
1456
31808
40981
36512
18344
3207
27263
22907
12529
46161
47368
13949
29290
34930
40135
21083
41205
2488
47734
32606
11204
39354
21367
25173
48651
43002
12963
13948
27772
26935
23337
7332
17190
18288
15388
28278
49167
49264
15192
3029
27136
47690
36910
39130
47692
33342
3110
18643
44761
12974
49207
25903
29127
10534
13319
39052
17836
22306
1333
11291
30850
17097
4410
24811
37538
6044
791
44885
24777
24348
13155
3374
22687
31573
4879
10601
12851
35059
20236
34367
29220
38116
21051
31355
47195
31088
528
10879
38389
31631
5915
14011
628
43158
21963
47746
49192
24916
8892
4800
31296
41057
31907
31232
41701
18192
4067
28892
37688
27180
23265
37069
14279
46460
407
17423
19260
33490
1175
14479
22550
42006
33317
28986
33907
26180
37851
43412
16263
18445
32398
28854
27481
22911
47423
30242
49537
39160
19880
16537
11594
4925
33319
31839
41195
12091
40579
9854
5364
49912
21995
14971
21569
32628
42490
47717
5907
48906
2177
49122
11704
6639
18251
41364
4955
25169
13506
26885
38915
8326
25505
4978
34872
915
28316
2727
11670
5075
5137
41279
24966
9358
32205
16356
14480
23204
40534
2954
3425
37584
11542
32992
4094
35480
4071
25004
19639
33119
28770
47673
35340
39426
9165
3780
30909
9318
48650
40005
48941
14031
33958
10486
32259
29444
20811
39229
23538
5654
42358
22129
15317
12562
3494
30619
32456
49239
22345
9360
26929
11525
5184
7814
15750
31370
300
30973
5863
14285
17387
13978
39837
32152
20671
16014
7614
40935
11091
30845
44884
8785
14226
17417
48431
42668
5623
47371
17067
17269
27459
44234
38151
5350
29715
41444
29293
19994
3493
32970
30389
14898
36211
46840
21355
5389
7380
4656
4706
26628
22427
20951
8387
30471
32980
28354
3607
26131
35798
24033
47013
35999
9652
15686
15005
45977
48204
4961
46068
35640
31004
21489
8661
22243
23560
48385
28840
639
22791
12900
20267
36584
45686
3841
46408
45287
18423
6539
11599
160
48668
1000
2230
27108
47681
13063
35550
6168
3658
48363
17858
15644
3067
12969
33325
27471
16343
27631
10373
49405
36940
40539
236
3248
33482
43498
19700
21845
10314
5022
31364
44610
46959
45806
14489
32141
2243
4096
16790
18710
28621
34778
25762
2691
5018
47206
14900
41614
9681
1812
13261
29091
8624
765
16452
49125
5139
19999
35082
39667
19725
12920
34301
10434
27832
35465
36984
11004
35120
47514
35161
12711
34247
39997
47083
24705
34182
21427
48708
5795
36628
14949
24226
6705
21987
26483
7497
44620
31602
38206
41528
18136
15789
45710
8750
32385
41464
46752
41894
44882
43474
49898
42382
27526
22279
48313
38995
47661
38800
24253
18819
10831
49066
45996
28046
4211
33416
11932
44488
7950
40611
45715
23993
49268
46243
37045
6846
20796
37006
15745
1179
33120
7223
19257
12332
16623
32689
2440
31426
6818
27019
17342
16576
20014
41351
27244
42380
39027
25365
40869
31171
26427
14291
17275
2330
29126
13076
28625
40218
20353
17815
35155
24693
10635
43883
17301
38396
38539
33142
34392
21317
40615
24744
6384
20149
42996
18848
22464
2181
37699
40573
34183
39544
16029
6996
37920
14767
5037
31086
27310
47648
12363
10489
11997
43723
38848
22344
18977
1480
4694
26158
7310
25285
20907
11610
10287
23612
28761
16519
113
43112
13330
21637
22545
13054
10614
35027
49484
27102
21836
16007
20616
32337
19777
47204
48211
9998
23640
45968
37429
11695
26775
34405
47136
23076
41561
27363
39852
36271
32273
41336
40763
14849
32693
5772
33131
46494
41775
14741
2450
27734
45157
21283
21927
40533
2459
36869
43100
40721
28110
25832
34223
25069
8042
27656
41246
20402
17000
28509
43739
3192
38640
31650
30862
11623
44836
2076
11152
3092
34386
10803
31211
44535
36833
26869
17800
42311
8352
25802
45457
12563
10001
47077
38274
26747
18666
14828
49287
1505
9471
13864
34092
45382
10362
998
29766
16510
3922
6924
26182
29211
36124
30295
34787
7905
11873
16759
8963
37434
12965
33924
11301
11012
21559
8466
28286
33962
38199
2139
18785
30585
48673
20291
21384
3238
48877
48318
21724
9995
4663
48743
32700
37753
8575
4830
23920
26727
41422
47337
24489
44160
32817
3700
9659
49659
28541
38615
37105
31266
8942
17084
27698
33155
30326
24007
10142
42771
20206
694
12978
31071
18446
16020
43865
22342
37335
13795
22157
20252
23938
12184
9685
44657
15199
17949
869
32313
32930
38771
6796
35673
32889
41693
367
34420
35037
34635
17316
15687
32015
1163
24852
30664
7366
895
20201
27373
11163
43331
9663
6072
8101
28773
8333
41953
45553
32452
26402
48436
31460
2761
39217
17368
24715
14780
49065
14105
36594
35139
34927
545
18045
6887
828
3200
25969
19875
21089
47230
46028
8979
36441
36957
18488
24911
41281
25408
24575
655
35354
10765
4639
44538
33259
37403
17341
29315
23417
13094
47848
3309
15744
273
30993
8965
21198
38412
27140
46420
9396
10427
22250
41968
8671
3708
33389
10863
39129
12990
21956
24305
28801
3565
15877
20770
43374
39419
32584
35296
48531
24419
22141
16583
27083
30897
40526
41654
15386
33089
30801
49709
28001
29336
24988
4150
43871
32802
33739
23738
1027
38797
45465
41668
19348
597
46506
21470
28674
40311
7713
21486
3755
36740
44597
40702
1864
39767
964
18527
8469
3128
8121
37755
47824
7940
46166
25917
345
34077
13664
36508
24278
48523
17473
44246
40868
26234
23682
3285
29295
43687
45671
36185
48109
11748
25010
36681
25476
18020
38879
39006
17818
23241
71
19625
31192
13116
24494
6966
32248
6346
31643
18502
8816
37098
12961
5794
22456
47525
25230
21333
30831
19623
19773
82
25989
47966
19542
45557
32556
38634
30051
28547
40245
3976
6720
43375
33354
13639
48159
26022
20066
17803
27111
2441
47376
2161
15676
46392
49201
35993
47407
39092
23919
44460
5667
1016
10473
27766
30151
23484
20306
31771
36820
12362
25656
23410
15971
19463
6130
34082
43995
15335
1929
35044
46067
10064
44870
30144
44415
43991
15645
9743
35509
24626
40872
32335
25054
33064
44644
33335
32629
29616
17669
23853
638
37797
8846
22133
10275
31225
33735
15129
30745
45057
10590
19313
32510
14238
18025
16627
28120
2924
30201
38746
1425
33099
44603
22685
22764
7496
3514
11688
1280
39802
29250
45432
28076
39443
29942
31817
38683
12274
33352
9551
28188
14754
29740
41594
6886
36711
18755
43891
39336
30506
1021
38264
39044
27628
6805
6952
44016
10855
12587
25247
44532
43240
43148
24269
17954
16450
10109
32126
42447
20429
35402
27559
21608
29199
2886
16841
14611
9053
17903
21322
46502
15327
32940
27085
18421
34133
36085
33816
43484
36051
8213
4380
45041
24102
49006
22450
888
38355
48494
12542
13243
39549
14223
31057
46578
10502
29237
15373
2088
26848
29533
17278
48917
45358
5897
10105
36264
18777
44050
25677
35302
457
3934
32746
6940
37747
37376
36888
17280
20593
12841
10648
16110
28708
29749
46501
6273
41210
45792
33626
37671
1461
46949
1277
3628
16436
27780
38809
21272
1909
39682
38022
173
16123
30574
37103
35534
36214
74
6313
37702
22199
5423
8418
27918
20303
29756
20087
34322
25174
31311
23520
10946
21921
14501
15559
2654
34530
39890
43446
7196
29476
29060
37064
7684
26971
17135
15403
8802
21344
34797
29921
7194
18883
39225
32331
18836
49227
25983
7067
3046
34773
48210
49732
18690
904
27540
25729
5550
19849
37929
29066
39270
42474
32731
9856
16417
3222
8292
49244
19195
44624
24050
41330
38701
26279
36145
46331
14912
12294
6488
36279
15549
29204
49758
5768
26733
35320
22889
23897
15762
2263
35132
4611
35756
40174
48586
21221
22515
37839
46684
6542
2320
33183
13989
27896
18585
41881
48121
25339
46156
41436
46372
13445
48989
10254
8944
21520
29510
16665
39536
19495
18553
48881
40382
5629
48489
31344
23499
18071
40905
22247
18831
2265
21721
18557
45245
46081
19072
36695
18783
6259
44037
22339
23059
12704
36345
31014
46000
23203
33269
5300
39258
849
38943
35717
13143
18376
7841
19399
30387
37960
42932
30922
31501
33906
1883
12099
4746
9370
38417
36863
10696
8018
46997
15670
4821
4552
14567
41908
49833
6457
30191
33645
24895
47827
11007
3468
39174
48469
48437
20626
10691
25799
2771
19217
21507
11113
40592
46615
20495
31445
47057
34940
34745
21150
49535
2562
36595
35454
1937
2553
20623
23769
26292
6304
22990
29456
31087
42699
28166
11043
24388
46286
48380
31925
24396
33930
36030
41395
7886
45199
34376
18362
49951
15064
25303
31733
49696
3992
42609
49931
48274
14868
9443
30545
13906
15825
13081
48059
27694
20899
23461
48834
41523
10639
25095
10916
48572
35268
14550
20092
45859
17804
34261
49859
42664
11711
28491
18057
13695
24085
40730
1447
32071
5925
12207
24466
21600
30525
22187
6701
25556
20451
25489
43069
46793
21179
46955
13352
43944
33676
28424
27300
15802
32963
49656
23866
36765
38433
16331
6357
22257
29326
17584
23353
45918
27844
34333
10886
26922
7323
19561
45325
37291
11801
37939
42464
21242
24333
46450
11084
21028
9173
3166
49903
5269
4231
32068
19821
12222
45079
222
49690
38663
26779
12813
19292
44888
30575
10928
5881
25577
46749
25682
28888
1940
4987
12895
5662
20242
44077
25248
39617
5500
44740
35810
30103
28476
18551
44553
4684
12352
14339
13497
22006
32410
19516
47644
12612
28021
39924
15755
5684
1586
21188
26973
35995
39902
23829
11490
14298
10730
47449
19297
27357
4870
14859
42346
34266
29018
24328
45637
45412
28530
4164
36944
43367
37642
17839
10596
41818
48949
49345
31158
23501
14487
43429
17281
40067
22256
27875
27160
25946
11067
4676
14652
34895
2179
15338
40107
10262
38332
39901
44704
44765
33498
35834
35425
33526
41577
49262
14662
46292
15991
7567
9479
44925
4844
42961
17710
37670
8439
15545
31204
25161
2815
39128
48734
30694
21288
28148
12832
49081
31023
14243
15855
27042
4310
45813
12024
16284
2940
45682
28660
6612
272
32569
29741
41588
49914
22868
48659
26154
31136
37830
35299
16570
48798
16739
9497
29651
6549
48253
33867
42792
16848
6788
11678
2506
9490
32587
33286
31930
27285
27907
45449
12998
34656
5516
44190
38585
4384
46891
40419
36368
47917
25557
2810
8922
31493
32845
31212
5894
29215
40503
8422
36532
31347
4041
37041
13912
28672
34358
1716
37040
27987
25446
480
10264
21578
4657
37873
36859
24301
32079
49804
23597
12689
4334
7634
29265
11251
7347
41942
36366
31977
36983
11178
46988
2605
16069
11918
3535
5957
7143
42407
372
35596
38678
38760
22179
25733
46144
45448
25776
44716
16433
20293
46708
26326
44782
12496
34045
47359
4937
47499
12072
4790
10482
26608
23375
47623
31184
47817
44489
18011
8755
36822
32682
11925
26620
4701
34464
10528
37995
1543
31902
16208
36012
14200
31985
38583
18911
11883
33721
39803
7728
45645
34866
35333
39049
14720
35182
32097
45133
17963
19026
2657
44319
18868
12792
4459
24030
31418
9488
49893
17205
7718
35954
2008
11488
28064
24767
44686
6258
4818
21224
27868
3005
36096
30339
45684
5452
1305
27409
32996
18093
44694
24302
33450
49654
7733
38107
25167
24431
49613
24373
43588
44728
26133
31
22494
24224
35715
10866
18746
22210
34633
49971
34560
32010
14750
21645
9246
44052
43095
8494
6665
42889
16696
32564
26017
6753
27739
4564
2705
17172
21568
48595
27301
33229
9323
2636
7089
13384
44965
33166
26569
24912
37307
48128
46727
47295
47127
37814
37856
38869
22386
31832
25672
12820
4623
7079
3362
33387
32181
10658
39236
43603
764
2312
14411
44732
28833
26683
24987
42318
43381
5820
27852
43430
22218
30986
20932
36488
6007
13130
40237
20719
46219
31091
16060
42207
12577
47559
27261
5628
29905
49472
11098
5207
39916
11428
2519
2679
13316
46500
31675
32399
24236
16577
4270
30706
7271
45990
24636
47689
21690
16902
17820
47772
20911
46602
7860
16930
25957
19182
37260
1654
25805
37835
9268
41788
18286
40143
13411
21291
38356
7712
48357
35135
25868
35185
42800
49253
24610
6166
12695
6052
14327
16521
26748
47252
4634
22325
25376
42753
33806
9769
36155
1882
47069
16059
26392
340
15614
25373
380
7361
21040
35493
45405
11539
24975
41439
27489
9000
43695
16894
39764
43277
23117
22012
26917
21234
9739
10174
27812
34166
29759
44735
22740
7454
6182
6678
42119
36321
18843
25803
2935
30035
5656
12937
43608
3160
49759
21566
40938
45453
47837
11817
25051
41249
36200
23438
27066
39989
25423
28865
15858
9647
17438
38720
23998
34179
9337
39297
33063
43123
3440
951
10664
45244
36111
46677
15204
5554
48707
3802
45314
49084
35290
42621
36407
45026
26959
5102
7744
152
972
38547
4374
24989
33768
34153
22035
40252
37983
34913
939
46874
43432
2847
13756
44563
37314
33151
44208
43090
40543
44822
28546
6315
35846
33188
30118
39708
45278
21406
37051
42481
29111
48553
30236
44800
37065
29247
33959
26075
6203
20460
39655
17226
33597
35235
45636
33011
21504
30192
41220
48827
1868
5921
33988
9293
39250
15953
12641
17545
14764
11068
21800
40111
1096
22282
1598
20212
9463
47257
21299
15371
24801
11689
16875
14508
30062
19375
13947
7321
34385
35677
30036
5036
24401
6178
25462
12130
4760
45024
9824
47092
26714
44687
9530
32594
34111
13736
34482
23957
11222
45506
10965
46089
23192
43092
7075
25555
41078
5627
34702
46588
39791
21789
2293
12262
12505
9975
4145
38822
27930
22920
10914
8543
7469
31159
42930
30742
47478
1645
9055
6593
31574
8301
31479
34177
38971
35571
43624
726
40297
44337
7556
22045
14215
10966
5480
29280
24831
17853
10426
1265
46952
17100
21625
25859
31492
48371
2527
24999
10011
22823
11124
6420
43253
7136
41023
31696
1624
36426
12371
7268
17999
42017
28506
31379
33263
24808
2648
42359
7865
12976
45201
15166
29356
27342
47029
3026
46695
33993
21044
27892
36122
32730
19064
3883
42113
11290
17039
31792
43668
796
7110
37037
12687
30594
6255
27315
29871
41025
11264
19044
18945
42305
13399
12549
27465
32379
8553
27255
22950
5780
33937
27440
46979
8542
14498
6272
7542
42344
11633
41774
24166
38285
43837
25488
48322
41826
22072
15107
22190
39010
23269
37885
25024
30068
6501
42611
14169
7888
6745
8136
3528
26713
42980
38649
4889
13936
11036
25785
7480
28112
21378
44667
49559
31153
5847
11441
889
17733
24583
41764
20412
41363
38657
4891
3172
42878
16982
31530
32173
43105
44394
5605
38431
31318
48185
49671
27846
20188
22163
14889
27189
31500
15450
30182
584
29963
32779
38642
15348
20624
10767
44750
48268
6132
23799
30211
18160
37309
42933
31430
38659
43839
19154
41741
31077
16308
6738
33150
38932
44448
35255
25296
31294
3935
34835
19488
14398
47760
15135
17675
45559
28325
39740
47910
20448
28588
1764
19900
47702
13797
32182
29426
1421
11891
9386
9045
11767
10609
7548
31599
18847
16724
41511
16672
17419
29667
21572
19923
26267
7884
34383
32740
34244
27883
17709
19951
1656
16720
14772
40867
461
26785
26671
49341
12639
13429
19123
5354
16427
46881
28704
169
48678
237
41016
3651
5696
10185
11346
22818
25975
25888
41109
17688
41240
22650
22536
9225
11597
35298
7488
31221
13195
28629
12700
6715
26533
32546
48633
14476
16542
25587
34717
3594
39938
48875
3258
20546
42596
47988
24978
47469
7140
22633
28505
30535
31099
38141
17332
17872
1594
43975
11477
9032
29661
20484
45707
49117
34754
42237
877
30912
13347
40792
10707
32485
13187
44423
24901
32987
14804
6823
26115
7378
25176
34412
34679
14742
26184
13720
33616
734
47791
27036
4474
1913
17626
35095
25582
40362
6545
26811
42509
8958
36842
17871
8720
46084
29881
39409
7105
5232
34154
2717
33989
8796
38990
2544
26954
29598
28220
28510
42372
29594
22897
23299
15398
42740
34590
5527
3017
20849
14893
46315
8574
36554
33222
32048
8954
27252
29275
8776
3570
17492
33140
9087
16395
9957
2319
35982
36095
35951
5672
9654
16546
49588
10894
46443
43766
26347
9199
13920
40669
15643
34219
38895
49438
505
5233
23108
30719
23421
38376
1079
43125
45951
4951
13697
38719
35543
7745
47501
36039
47703
14951
36460
6261
43894
9133
14910
9634
31368
23836
47539
4929
4043
32824
29785
21680
43579
48979
31113
38013
14593
15451
22401
2158
16107
22308
23757
46738
6450
13570
4583
30816
7639
28661
26338
37728
18774
1450
15788
41030
49471
48145
30348
40356
19203
49674
29946
5313
44147
16009
2122
39246
49746
13476
1531
10647
18820
17744
24
47438
33007
43327
29040
30500
1943
42432
10290
12124
15502
32808
38299
38679
16713
22492
14229
7372
16324
34033
26583
4341
15892
3098
42116
47750
9877
43378
1550
14791
24400
35930
10216
17599
10349
19378
12645
22466
27715
49359
26457
37300
32750
23540
46611
6876
17553
33758
15230
48482
48423
27898
38860
26649
22158
41101
42354
17828
27199
3311
42937
21837
25335
10282
459
11546
47014
6511
47282
31324
34980
42622
1779
9816
24113
1249
38179
567
3203
9423
28230
12530
33673
14053
35117
8988
40091
18807
23288
49101
39681
28132
38294
13746
18524
22196
43513
44679
2868
49123
17730
3834
37392
35112
14001
32688
14494
23200
33398
38005
25881
28311
13994
21799
52
14232
38924
20276
16088
29431
5051
2425
45442
5437
22984
46910
19346
36680
15632
30072
11919
5318
1082
31564
26136
20729
6324
41925
22859
38319
36759
34338
6598
39922
2982
43480
18142
23723
11899
15007
32616
30016
46421
25518
16090
24877
11219
29159
11182
35840
17378
22498
36728
38123
24706
42597
28907
12897
46991
47417
10020
8379
26909
35223
41399
49701
4486
44231
25118
25848
36170
23634
34104
21894
24719
15552
2069
42035
46172
3931
30531
45206
40467
9010
15195
1918
18195
38422
11615
23153
18966
33431
19832
38200
34738
32427
9753
31019
11510
47333
40875
8187
18745
17110
36361
31823
15088
5385
30243
29474
9821
5976
9241
37353
2700
26805
34238
41213
14702
395
28939
15262
10358
13799
25450
8767
19766
34689
39003
49096
47636
33227
26101
17242
21627
840
7987
26996
9566
29834
40639
7344
12580
15104
9457
18306
31658
884
46917
45660
19407
44125
18307
18642
17862
47299
37829
16769
40770
36734
37889
10015
44374
6706
31185
47382
5156
36572
7896
9264
45678
20900
40939
32803
29951
35877
8064
25696
40424
11020
41123
9339
35683
21852
43665
5133
22048
29530
17248
31518
25854
18546
24782
44842
33285
25202
36161
46515
21124
43919
16965
28564
40475
29000
38599
40666
49285
23390
40190
11771
9170
6417
36131
49761
43732
27282
43303
2800
19845
47744
3653
10962
32718
3472
24484
2366
32681
24949
2611
15158
10550
11374
30424
39031
46890
48144
27535
46141
4604
22653
47762
37028
9912
46335
1350
32134
18718
3350
28965
7840
31784
38604
28781
22802
29002
39728
13006
3991
23245
4572
16133
7219
41373
18869
7723
34300
1758
23028
35389
4292
7448
41828
43613
32580
19742
37979
28984
17448
39715
27928
2884
10162
7239
35043
29462
15085
13716
47836
18202
16376
2839
17945
4560
41185
26557
47635
23094
17574
43315
49260
41252
9558
5074
42543
49077
47557
34713
25626
21175
20327
45461
3662
2047
48988
2442
43157
9397
32218
41601
12709
41593
13047
48335
41513
17225
33061
42926
6391
29693
7537
21761
20563
41649
9473
6570
30649
4544
37693
19376
9964
21236
45191
42846
8990
3888
32679
13341
45259
10715
24593
39929
25019
44682
33474
6412
23173
20436
8863
7621
39274
43570
258
40940
27945
30824
41085
3433
12933
42666
32570
16359
32799
34008
17539
22800
6726
9997
49834
18586
10213
32542
22780
7463
49653
16158
12735
28376
34509
5934
8335
33048
3910
22582
14808
14825
2384
19142
26976
28267
22797
28086
4591
10764
38056
34505
18009
40519
17779
41727
30983
11829
27817
11620
40351
46352
30597
5093
22302
16021
38922
46253
37726
13674
34694
35940
9602
920
25863
13768
17375
41509
15594
15758
47615
14231
9071
31846
48953
46895
33215
1227
36509
11427
6247
26331
15680
27490
30734
17978
23026
49583
42735
47769
5282
23168
937
31258
1337
10602
26832
21658
11886
3199
12739
30849
31118
10359
45876
9544
5472
23647
25052
9058
26336
19027
37819
4876
46653
1870
32711
29825
46528
38119
39516
34388
25765
12779
37463
409
32588
36643
29548
36082
3090
49584
35422
14787
15243
25562
47281
246
45625
38373
37832
2395
44281
40967
36838
24177
42631
21587
2584
35905
27788
7565
5024
5758
37581
49728
2853
49668
19420
11443
6227
33184
44558
20335
47828
37044
18941
19455
24445
30958
25283
29697
34744
35171
47338
42875
8533
38834
21831
48706
44560
35220
16705
7729
1317
11832
7445
36843
36568
17672
11726
41541
3289
32751
40448
29458
28341
24477
16298
16189
11908
32143
22173
10067
42460
11157
12913
10678
21719
26857
37317
10292
23289
22221
23986
44475
35285
43267
40027
23479
12840
16578
34920
9092
1025
9281
21473
26822
6175
40929
14301
26511
16035
2505
15590
28545
8192
44261
43014
41657
16446
5303
45956
14614
41003
5852
12688
42964
19365
3952
45375
1097
3078
3132
31272
30293
40263
16245
44313
7851
10161
27247
1744
45568
36549
42054
8399
7301
42337
35536
48530
15506
20084
27678
48023
14051
13796
20275
20806
4078
34471
17429
13346
6150
25409
23379
24666
23064
14096
29064
13462
3376
42613
49116
10395
35063
49929
11526
676
16143
25416
24762
34335
19028
35988
19686
23981
16055
6653
23824
36844
5183
48542
8970
37700
14595
18823
18742
11191
41297
38728
12410
38323
43418
16870
6609
15252
40707
13787
15602
41689
3855
47674
49762
1633
17116
31239
15283
20416
44437
20270
14264
18592
8645
44133
22413
23874
46838
17028
25440
49501
5378
10491
49314
24135
16087
19489
15587
21777
10301
1801
11747
27669
42065
8994
28869
12907
44969
31465
7413
23906
4524
10404
13793
41225
11877
17493
29464
42839
43289
12948
25152
41907
8285
6723
35724
23638
20088
24832
18681
27886
36558
30434
22075
2541
15093
22185
8283
43567
6148
3741
33675
515
17328
8918
18773
34275
19922
25884
22197
23852
25344
28014
18010
13396
27228
34961
28008
35641
47808
18323
32944
27099
10809
10468
26739
48484
31108
27760
40101
9161
34750
5032
18993
49242
36347
40094
34816
34776
12574
26436
15896
8985
10523
44373
22171
18424
49676
43481
23058
39329
49355
20207
10644
48478
13460
8657
30756
20582
32170
42981
7646
31032
10734
40567
45261
47747
37946
47100
32475
10189
20328
15631
10709
32346
25716
19306
8102
23344
35566
8616
39326
7763
14918
19228
1788
42670
25833
46411
14220
18850
3526
48969
35863
25210
35030
31807
7602
16992
5048
2305
47050
6725
10146
22700
5276
274
49416
29267
13870
16226
32039
24023
5868
6737
39553
17051
38387
30006
15008
31218
28236
18005
39478
44097
49394
48622
13634
21854
48533
46136
43972
25627
36415
17005
27596
27601
39772
47815
18023
37352
34421
19034
37554
512
6393
14544
45187
9938
35788
48090
6421
10316
35620
30224
29572
10073
42822
12117
48958
28765
43544
39986
18598
17118
26573
41525
48973
31948
37776
39841
39050
21265
10522
15584
24965
8230
39914
22429
23823
44544
17148
34657
20649
16086
25140
29654
28928
22794
38784
33763
5626
27492
6000
31149
6891
15160
7365
1390
38158
6668
730
26850
11679
48582
16549
6170
10763
49404
32129
29164
40870
28828
10837
19426
9090
11602
14820
37520
11461
37137
32559
47938
16863
13551
21617
25858
9984
7944
30450
48101
19472
27759
43700
41306
6552
15814
21686
46445
3337
9218
22461
24803
21980
19711
34858
9267
29844
13850
14477
21703
14563
4648
23764
47838
22752
46062
49565
44869
23208
43091
5736
40918
18916
49505
6974
24251
268
12316
33310
40041
12808
4173
46055
47374
42496
36569
11104
15091
1555
9485
8272
36702
22719
47805
41387
41475
7292
38818
24179
22003
28348
33983
45171
7835
49312
30607
38339
46694
21443
16032
46723
33357
25206
39593
4272
26529
37553
15649
3214
33591
6268
37571
8361
18933
27230
8913
3163
4411
28526
15865
723
6978
898
8539
35209
8558
41599
30237
28519
45643
32422
29193
44847
28345
69
7160
13325
47348
46349
17763
40884
42521
225
4877
47132
43399
11786
29679
8867
33211
36813
45743
20663
35210
32343
27215
43713
13457
27816
17407
28839
23383
45120
4208
8638
43177
7077
44453
1502
10552
16444
4204
49344
44923
1103
2075
35099
29216
14856
4398
13705
27386
4108
34774
49660
5812
43120
42851
5738
12619
48099
40532
23230
7337
21422
12188
23727
5743
11975
26096
22533
38688
46981
32164
23258
2837
38841
42192
4993
27965
33401
39688
21256
13504
13586
27497
29472
36210
27530
39435
7220
30172
275
24073
8011
19908
859
1240
8876
535
40941
39167
12395
42187
11359
29372
48346
44073
18414
36656
41293
37844
24118
41127
44255
42775
43898
43469
13579
39892
14450
47942
15526
26207
25996
21620
15212
7045
18687
15214
20586
8813
40556
34023
27426
9305
2413
22661
11579
17086
37654
15633
3867
49681
23287
12714
11570
32499
31924
28266
33752
30361
44867
34886
9624
32685
46151
14969
4833
23504
2517
20924
5014
20428
25722
46610
32562
25877
14911
20902
10223
7374
37288
10272
91
31605
34764
47566
16428
3254
18103
17228
37744
20648
16744
10147
43591
48698
26993
45239
19823
24082
25338
9735
31615
19572
6491
45209
7370
41900
46034
43099
38700
22831
23667
43088
26012
33745
43651
27269
33173
32334
3618
6074
38427
27156
43875
11881
2036
19902
6827
49570
9328
35009
30127
21128
16466
8354
44619
40665
18937
10078
46541
16569
6282
22696
39449
33230
42637
48006
14127
6211
35505
15661
23177
17674
12378
9813
47149
17628
24589
28872
41606
31870
22396
32931
28256
29733
16941
31094
4720
17354
9639
40183
36259
27823
13062
20913
48592
40654
16270
47554
33714
43669
2409
5695
6248
3878
26388
14618
35949
42776
13944
16156
43403
48647
20506
21050
28988
42601
22803
19443
39069
28964
7255
41720
28060
46403
48123
29515
16775
34688
15291
18543
39583
29130
34936
7648
11081
2296
40145
6773
4913
46299
7938
27485
15610
49019
6863
31376
33781
9330
35787
24100
16949
6048
14735
4539
14709
3068
47483
38851
36272
7303
25515
23700
5727
2117
4728
49596
39098
23529
15172
11969
28094
1493
16787
41891
10418
22156
42879
17121
15169
43543
8709
37612
43922
35584
20172
29016
14940
6854
7226
47932
33650
2269
33265
27632
13818
4769
47745
17229
5681
39786
45617
33397
44387
49463
44411
6806
24329
27380
19315
4804
46731
29500
17017
15263
32104
39546
38181
15330
34320
14942
49243
5230
6117
11003
5177
14388
43504
5912
10155
8939
43312
33000
49258
13378
29534
38598
6459
19538
21377
13277
20622
11564
27182
18533
11470
24216
30021
49901
26813
48472
48578
44473
11282
11775
48873
39020
16494
1774
6378
23450
14180
33667
47213
45180
7608
9591
33973
32054
22648
29517
42807
32632
31873
22961
33418
5026
25973
25517
38676
28978
23807
11616
28004
2557
29366
2153
38410
23165
32879
7318
18701
23941
45210
16682
38845
943
33918
41232
37911
45736
583
34892
39752
16955
41784
10269
16279
15859
40942
27867
13193
41095
46518
17087
9038
3704
46312
19650
22303
13444
13508
1636
32793
47865
47262
2363
16664
32519
16748
156
36904
24429
15847
17210
36014
13222
1907
17650
24608
44507
13899
39702
48178
18118
15092
42295
3197
33367
32049
48858
40128
35295
8405
40460
2994
43009
34965
5016
22114
18114
28587
22755
12631
25824
4213
31621
17188
4036
32109
23284
29368
12423
16027
39506
5346
47768
2757
20489
45723
43261
20467
9529
7166
559
28808
47485
29670
21912
43861
20728
46479
44316
37706
27693
7605
26916
7212
19173
40200
9145
34293
25928
14703
18581
20799
48064
42099
4337
8658
32487
34651
28890
5610
21753
48290
10361
2247
23044
5785
44009
38257
30363
10959
17233
30245
8698
38928
13253
27696
45313
42443
13666
37658
45507
21167
48146
18128
9134
21038
26228
6002
19690
47900
3789
5090
44572
42795
15234
30124
18471
1037
5616
9913
144
42971
5327
38996
11147
28861
31917
42111
21474
21862
42174
9214
39980
42000
37133
21370
31133
9057
15460
48726
27633
22506
27568
44674
29628
24325
25015
15030
30962
26213
3196
41045
5064
13210
25962
32420
17254
37813
9158
6858
32375
15224
23079
44317
45519
2933
42598
4497
33863
47422
10428
12282
44111
15708
39244
49879
31955
7586
30695
31637
42463
11656
22902
11512
27552
5564
11179
792
21947
24418
34591
25451
1148
49234
24511
25770
12096
13018
25620
27504
6584
16169
7890
43118
35202
18483
44773
33036
20598
27495
31499
23688
18272
25847
44248
23542
46133
12669
15773
12367
281
28731
43666
28351
45410
5648
36079
1955
19987
1339
38404
30982
16064
38766
48303
24169
14155
14008
27035
3253
35405
34790
33097
18989
40903
17207
16726
13181
37500
11415
19219
35226
17145
7671
32333
1386
36744
1063
19501
18314
44537
6406
16618
39839
25371
40354
45012
49553
12214
15375
35453
17590
25774
23878
24433
19307
49809
17404
43884
30963
39306
19557
25844
22500
29907
3999
19599
41354
27680
42582
32004
38384
45679
17508
10902
17367
35434
9042
8358
36336
44298
34885
2348
5471
34977
36685
15729
38486
36385
40520
10101
30590
20058
33271
41360
19230
29201
26273
36748
18744
19500
2512
48749
13215
12388
46374
26162
10576
19405
16692
1101
8183
40119
35592
27313
14939
36485
2093
27962
13052
17831
41431
40008
46240
1851
27321
42507
1188
9511
46365
37971
38308
3801
21064
36486
7866
20848
46448
39726
39879
27229
3546
4620
4121
28427
10587
19065
46164
24670
16836
19715
38855
38383
18683
21571
32457
42482
23643
17847
2199
39928
12829
1835
38220
42696
23474
416
3925
5575
36693
15772
9601
21734
19141
42976
7661
47370
4793
23579
24824
31008
3673
33014
32424
11905
20656
4661
35559
30129
8057
40104
48690
22824
6988
24053
34323
10853
11289
11904
42752
21485
14799
41356
14006
42056
31083
36168
27168
28635
28377
30030
16282
44776
10560
27736
4460
6979
24598
21937
8411
35758
28897
7904
14015
24045
30866
49909
37206
43135
39903
38983
3608
19548
38393
15835
48424
5518
40318
22234
39566
32342
36439
34972
12691
25959
4692
27153
17371
21774
26918
46328
22410
28931
21821
48718
37675
5530
14174
40968
48757
12761
19215
32500
11027
12815
24650
10003
11139
41487
22893
38626
42977
15032
7349
26350
23495
3093
28119
2157
30398
36073
48086
9166
22850
709
47097
48348
6774
4499
2014
45650
15997
33460
17022
8428
43940
13043
8302
10638
4882
3401
8295
18898
997
26537
47326
42312
44727
42097
30701
28553
5880
44257
26969
3217
41
44760
15617
12625
27778
35778
28859
48265
33072
31545
31858
9967
36119
5580
2926
9745
18132
49486
27008
9307
36970
47399
27072
10565
12320
46332
17507
42499
36664
37301
18490
455
34792
38459
18759
4721
18218
23951
6999
36017
42162
48752
39352
15642
10212
42452
43357
401
44859
22578
43548
28696
45002
28805
17573
17194
35460
38643
49568
17882
305
3303
4461
26794
45704
29312
4744
30346
36127
32939
21497
43233
25834
15652
29807
19846
28339
7749
16760
42945
24356
20888
31455
34039
49872
1629
3417
37732
29671
43227
27483
12159
2967
20080
24497
38750
9418
10149
47441
8480
13480
33804
29483
3919
9999
21919
32304
5173
34983
26447
26787
16647
45017
42322
34240
33123
4942
15325
21801
33559
43611
3870
46434
590
9129
31668
43264
31063
21838
1261
16644
32211
10214
35767
12651
40304
48479
47660
2818
34739
19074
34875
9420
21867
4188
20085
6100
31799
6473
22669
41237
1874
40132
35306
44615
6751
20862
12806
20946
28889
21476
33086
1533
27761
36258
23748
32465
37624
18769
5395
46195
812
38852
24398
7299
19367
30634
39085
39788
26251
12275
25484
46974
938
12034
7953
14204
11217
35554
25439
4778
9263
18208
40835
31931
8814
33865
24664
29004
24760
49742
701
13588
9780
6141
37879
44840
38072
21010
168
16593
16742
10333
40446
30162
46398
23346
6071
9936
976
13197
26242
10154
40786
9835
10508
46199
38752
37589
15208
15804
33445
25628
14981
46416
48828
20127
19013
7348
38099
5140
21518
34617
27095
31597
38197
33128
19453
4122
44712
7569
34908
44911
44242
26153
1192
14615
47643
44229
10655
43615
31681
7695
47902
11238
21097
12043
15148
12324
48412
10925
18215
12666
24238
28075
41006
38020
208
39915
23990
41950
22947
19510
19567
33479
22378
28441
4803
14655
38021
48719
28820
41309
46104
31791
38470
33861
41770
6834
23521
34004
30765
38217
4175
12288
8803
3400
45725
3848
16896
19624
23547
22914
27869
42152
44166
801
33146
4884
43817
47350
15682
45525
13999
14497
47096
44785
1542
49305
30637
34473
30437
42379
31874
4495
46933
32060
28433
22918
37990
3537
22871
26343
20263
35599
6698
1984
36358
17001
35360
45048
40956
33353
34174
20718
30789
42728
10494
24910
14511
10103
44632
24676
1995
12853
38291
13858
19252
39078
44514
18806
23563
727
3773
42991
29737
7305
13640
49612
33638
48170
46517
7669
42663
18920
45843
43306
5123
24039
13619
8752
12025
46772
39261
9036
7768
11612
30792
12264
21882
17562
18024
33963
13223
8491
41313
714
43124
37916
40159
1348
18877
48375
14153
25329
32760
20231
25644
41131
42131
7314
46044
32169
44519
39035
12740
27538
27383
22422
31256
45270
27377
21935
11271
18726
18969
47042
16883
11816
42849
41166
49488
27177
27351
3649
11798
22024
32543
25790
49414
31369
729
4335
17171
49605
48824
3942
4986
27458
34342
11595
25756
32052
467
8643
5379
32728
14021
48205
40630
31727
25381
22725
26653
14040
41066
47082
17908
1900
34594
18962
13013
40523
2098
1003
5806
11151
28214
3384
33138
28175
26875
17773
711
35049
32673
24907
49667
39194
5081
491
22412
37940
39135
3705
19116
23040
1694
32088
48057
37390
11037
3520
1306
18558
5994
25919
45011
24097
37014
23833
32101
18220
4148
12291
31512
38153
45119
15746
20397
7738
21863
18470
45476
23257
19905
40408
5545
46801
23446
30212
45118
15424
704
15324
25985
14748
1367
47787
27872
20889
22398
20580
3982
16218
46244
3949
47163
31686
47679
37099
36175
2689
4896
30053
14530
48401
39646
38680
12060
40715
37967
1646
44175
287
30402
5121
863
37337
10807
42028
43483
42814
36477
41502
392
1454
12492
23303
16689
41146
39159
39298
7362
3455
10
48737
4082
24688
14396
12803
23271
11097
34637
17124
36535
42525
36533
19076
35958
42810
23193
8319
7773
2873
9627
38769
35551
27330
31951
18294
39414
41505
35106
30054
28199
32776
39787
19886
9265
14571
213
38938
24519
10661
19583
20547
20986
31092
45390
27076
2390
10063
6903
1319
27966
35311
2627
8599
7566
9549
34877
15972
46402
36543
3279
9823
36194
10199
33840
41852
11368
22080
32316
46963
18752
15261
26105
26148
43755
16917
21025
20229
38835
42811
16406
44452
32034
9752
20504
3499
12439
42808
2598
48248
2369
20406
19482
47893
29304
14257
8417
43492
36372
49662
25569
31189
16053
33149
33002
32800
3001
1935
45526
47185
35650
34006
29792
49800
9691
32351
25073
28477
14354
15794
45263
15175
34063
20922
8431
12416
43460
48045
310
29061
13862
21990
47
3915
17432
1719
29983
42921
27729
23052
41350
1703
18075
20676
25995
18875
26325
37451
36749
7037
3299
34143
45616
43435
11833
17263
16912
5421
49183
37923
42726
33050
29307
10045
27784
32717
1310
25196
17311
20315
43426
27845
14111
39562
28393
39039
32552
30899
47751
11756
31666
29999
1183
21590
42868
18310
17002
45227
47904
43442
18366
1414
47150
26034
637
77
28668
16198
22900
43976
18725
40504
14126
34340
13278
43908
31840
17917
17884
39325
10273
37258
48234
10014
19130
9900
2730
14230
16619
9451
13125
30932
21687
43358
46757
30428
41923
29961
14500
41073
21992
36698
26444
3674
17743
42580
20557
27246
316
43798
16794
26662
1494
49092
18580
5340
5399
26219
36478
34208
2485
28584
43736
5019
47856
39267
38245
3572
23887
32678
17827
35133
41580
28438
49678
21212
18495
44225
33607
25269
24711
13770
10672
44916
15000
32823
48945
20976
33074
15313
36033
17007
15381
32790
6517
36234
46633
21404
27055
31209
6987
10309
328
18988
466
12835
47208
12133
17018
11018
49150
47810
6541
1046
44927
20308
6467
26135
29238
47547
21166
8026
43121
27009
1805
22430
47164
39080
2831
24201
19280
33603
26437
38244
4183
43013
18507
29595
21155
44878
12190
43392
39769
42250
31245
7187
13426
38287
18267
23250
22178
47059
26501
46115
15715
14135
39488
43859
16825
36357
7927
8745
24935
36598
21455
12277
48984
29592
6883
14907
48095
21588
6795
