86
19851
14142
8757
21248
36027
24548
14407
46087
15068
12219
43618
19216
21420
20287
3041
6310
24525
18854
2992
31963
4562
31150
49484
30794
15974
11690
44808
21346
17232
42236
49821
21705
10278
32380
44003
4690
33747
37020
31957
22192
11740
48928
6946
49672
26169
47490
2809
14555
3290
29614
10897
35851
41140
37717
33262
3538
16314
2733
38904
32863
23677
3977
44301
40883
46000
23259
40030
36118
43336
48069
8332
14756
15229
19724
27679
3255
21324
8294
32769
7593
14747
33403
15793
37486
4574
22575
48752
9655
14545
17390
33283
32018
34105
39805
38229
44896
18720
100
8496
41954
22068
29099
27164
39660
21776
40838
7071
10035
13548
33787
24210
37492
43132
45490
43793
10388
29408
30276
23891
27439
6498
28927
28548
40661
17706
39502
33665
2642
507
23112
24616
6475
12776
22839
12151
2756
6690
37311
1049
42161
34809
49374
31163
43621
1234
35560
14774
29846
42424
10891
17671
25201
6335
6359
3202
38794
7743
36665
20686
15761
32948
14312
30132
30697
9767
21951
3544
28297
7257
14362
6689
46934
20709
8257
25281
42313
48007
46213
31533
2588
18237
5031
14440
6512
19329
11746
4316
41334
2171
34123
3581
13031
22646
4466
38008
28575
49301
45468
36285
35056
29941
15011
38356
42037
4138
1901
20456
2209
41672
47631
17155
5220
15044
48141
29571
22838
18705
37585
46295
19632
45769
17541
38142
31640
38099
34172
38938
18357
34121
5394
43507
22737
20925
48507
41138
25786
4197
38561
771
11697
2259
5104
8734
25713
29355
22151
14453
6729
14922
9405
37868
41920
2917
21857
14968
45494
49763
7589
28457
21014
3744
16882
34271
7477
12798
10112
2470
26421
16496
44586
27545
39429
10466
36857
8367
17531
37387
1245
33964
23359
23790
4762
29663
11909
40773
25481
16906
18275
21243
42872
30640
13732
46239
5908
23166
30817
45314
24446
18458
39930
8666
19653
45054
45418
667
27376
6591
47927
38481
48050
4509
42849
39771
29313
32877
37661
29662
13113
17910
33316
18069
49189
33440
28718
13029
16945
30968
44114
5924
8886
11994
35957
15657
22315
42049
17873
8676
4263
33073
8952
42406
10118
36780
27414
1822
8844
8534
44264
355
22382
13961
21045
30178
22113
38807
31290
5571
38118
47340
49636
16265
15881
30435
4763
49224
44555
39385
20283
47740
39067
15249
25149
4025
19885
36051
42247
25414
7033
26958
60
33917
38939
39153
19062
35821
44288
1024
18342
49277
4039
49771
13459
24669
40172
25456
28392
15918
23975
14987
5808
1688
6260
20570
13307
13355
39710
10306
29527
23128
19597
34013
28628
23762
27755
553
40156
27988
35769
39333
3779
7249
38932
44255
24604
30736
30427
47738
1364
6033
3135
39336
32959
44591
20842
9486
33857
21418
11568
30900
48796
2684
36113
22381
13612
7959
46308
8786
40607
36019
15052
23730
12042
4730
30560
49713
34964
22693
41339
33022
38115
21146
19903
35426
41493
19138
29818
8291
41316
12648
33646
16483
43514
20651
20962
20558
35344
17646
5294
32878
15484
3742
5506
3532
26697
25480
19049
2639
46171
18812
31755
27939
21262
31220
33096
31161
32406
35653
6873
32150
15374
41118
4829
44485
33849
24499
16885
8955
26342
16690
4477
41707
46181
25862
28532
16469
18329
32189
17950
38007
13149
23571
48231
20682
23405
4973
45711
11565
44158
31745
20856
1552
49069
21604
44386
21108
20200
44500
42306
24913
5941
12979
34106
48473
46082
20876
30572
41409
31876
37796
25501
33903
47657
42129
8049
33499
1300
38381
42638
13011
40966
14099
33961
12879
21026
4165
3603
13332
43045
19556
11119
11719
40531
18436
1927
41301
9875
47734
16626
43960
3506
16254
230
35101
18739
6095
4545
39843
19992
45873
14465
30198
8869
48375
28750
47830
25546
6670
8024
4281
41576
1614
1239
34514
19697
5047
16740
40472
30089
38806
41646
7377
22370
37590
17603
31635
34246
45275
20754
8036
35866
4622
2768
14941
31830
31132
48576
13859
25270
37445
30895
24141
1899
33006
24242
16448
34976
12475
17752
38868
42147
11941
40519
35193
47277
32870
13162
19368
40827
622
47866
18396
15247
34210
7966
24764
28330
9772
15696
23758
13231
29575
20050
37136
9665
39347
36651
42966
42788
49875
29063
25632
30542
40064
42429
320
27311
7523
33202
6109
28520
22748
49689
44894
1730
26040
38351
43744
34286
8603
15009
40096
35549
4659
19808
34849
43787
5821
39435
1524
49142
37689
25256
39794
41597
35235
22760
24690
42308
40104
34891
32105
49178
45852
5977
9029
44385
21890
4480
44127
22062
34442
8735
18384
35142
11907
43639
49529
38084
10343
44068
42210
47410
15228
41062
188
48437
8551
40537
18287
47240
28182
16155
41579
330
22586
35596
23711
8910
21311
14914
5766
11008
28824
24713
31011
14100
27860
27335
18537
26756
26937
7600
23934
16247
36264
7928
4074
31641
17799
31396
38573
27947
46130
12349
14521
11432
13983
41230
11573
30873
44457
47988
33762
31354
40406
11122
4894
45572
25864
19772
35079
7320
27684
44495
29783
1583
16649
47721
40386
23734
15004
26345
868
8699
48380
35944
31186
40623
4056
21603
49075
27690
22689
23111
12266
5035
23918
5295
3679
2414
8312
19008
41515
10621
46931
13761
13254
8584
36316
25519
26021
21864
43977
34711
28423
4727
38408
42976
25643
23406
9537
9610
47662
41788
7935
15216
20638
41495
29866
34031
25064
22826
47887
14416
33412
8579
11709
11580
17640
19268
15452
14909
47005
31177
10179
10760
22916
9575
41461
38809
46841
17704
39472
30544
18790
10059
3426
17749
19226
19298
14920
6193
48149
37271
21881
43817
48947
9843
5384
41426
18549
40461
18630
18062
48577
32416
21665
22000
27507
29259
443
2411
45331
48250
19669
2776
25199
42041
27894
8981
34566
19262
46470
7655
42251
27636
31683
44258
26428
8184
32100
6797
44876
4357
37563
27362
29522
20095
46519
42068
15612
36221
40095
17658
1886
17897
8763
19129
30119
9361
42030
18818
45218
41209
29079
10690
28024
19684
46964
43709
46373
17645
13410
10868
44761
15603
7776
25821
1102
32075
37844
9858
42617
25432
20053
16106
24075
9649
10527
35928
27178
29629
24430
8310
35550
31440
19284
17736
27306
39446
36412
29411
28118
22394
9333
39701
24310
1682
32934
39290
18756
7290
21194
15570
24707
47376
902
14779
19475
45714
49422
39477
8303
22415
12252
25237
43319
31725
11535
7792
45677
29436
12629
42206
42264
47938
31125
7706
4481
5700
39646
23912
47911
31288
37380
47511
20602
35972
29640
28149
24386
11939
14187
24675
32494
4635
35253
32630
22096
35489
619
21114
45016
27150
5874
46438
23080
41498
24426
45451
8200
7498
18213
34000
13373
26547
8828
36134
19904
20859
34536
37000
9081
38869
4479
13737
24110
31043
47371
43469
6190
45721
3134
40010
3797
43724
24829
11379
16441
32806
32667
49383
47432
38347
11134
24756
42951
35415
9037
7918
28752
8314
3495
5062
48896
30308
9136
14132
35585
11164
5917
11986
20254
16538
45437
47634
48235
28847
30456
38659
32759
40763
3515
40142
32758
19092
21269
10239
41251
31433
16701
15223
29386
47592
22678
2774
42703
25808
20178
18612
33925
25748
37600
22241
32161
14879
29374
13977
16999
48605
22953
48304
15225
10055
15242
46049
44662
37825
12213
31893
8429
18567
47468
45888
35626
8630
39580
23662
33894
38287
11307
19419
33524
41526
44075
27569
1590
27859
22287
21273
28831
18667
45136
45878
18426
18762
40285
33732
19662
44748
4172
3790
40230
44867
32853
6915
31629
4912
22149
46333
32404
33122
10867
23396
9619
38824
29589
34350
45799
8372
4141
42863
17256
8732
39486
44424
49558
8800
8047
46356
11388
16568
111
8739
38106
39767
3241
35939
35670
3873
11101
13813
48319
36642
42449
16137
41928
17500
24730
9586
21926
15611
44100
28497
37030
29986
47598
38624
3564
31838
20089
13731
6449
10778
21151
45224
37036
34805
8107
38979
6256
26562
20560
23787
4453
42678
8318
11370
4665
24568
1772
49958
17360
4534
41555
35689
21196
26934
8937
45011
11339
45082
30804
46901
8190
30724
15810
12201
25945
24639
13331
7958
8811
22377
42256
35837
33879
336
44575
12996
41185
6192
36246
19703
8548
38773
14120
42931
48564
32962
35502
24904
46444
29213
2615
38667
34741
48935
26414
26081
24887
33217
30324
10094
36188
14269
17343
48829
17632
43141
45974
3156
20712
47585
47671
44656
26494
33775
42201
4085
33312
37239
32340
48498
7060
15396
48328
13503
9470
1589
11989
198
28247
49074
17911
18236
116
47869
6660
49283
3463
40299
37877
24720
12044
48911
16628
44911
1551
26641
32504
11309
19131
17477
45501
44848
10848
47397
32610
23341
15989
16834
46736
14838
22463
14141
29978
3106
17519
22668
32566
44456
12923
13779
28140
11862
21239
31528
1441
29658
36276
48826
28650
16948
13204
36267
22359
11614
28981
37714
20223
11942
46348
42023
49206
14170
12465
3899
5260
42233
12917
10956
23623
26651
14666
44873
13500
34
28843
23771
33444
37410
2474
19132
33066
39762
34168
45171
10057
7599
14813
42426
33568
5737
41270
10474
46288
27277
28701
6502
37334
21914
1078
34222
41567
20197
3968
27607
20496
33137
47522
36976
41029
16462
36993
10038
25444
44074
11825
24322
49710
8921
8242
35095
47046
31456
42130
30990
48450
38919
25675
26441
48087
11703
17923
30206
48542
48810
40568
45137
9298
24297
4791
38955
9315
1468
7159
33491
15306
17647
43521
18501
13194
47363
46985
48054
923
37525
647
25978
3438
28695
4464
29469
9492
20478
35249
38964
7111
43963
10345
47872
11172
4919
34369
42477
7509
45743
7106
9968
34193
47510
404
32634
37345
6451
47065
22667
40060
9240
44470
1105
33164
1860
21488
32547
37995
12211
39367
10255
32633
43426
7947
16966
10335
22031
42662
23045
14848
33192
6275
29
31359
10786
17090
3663
49699
35001
7224
38429
35395
18049
20609
18926
22307
23669
18111
10616
19053
39125
47779
39250
24772
25974
46140
12859
41411
22682
46281
47574
4245
40964
28836
1476
30561
43029
20333
4994
35983
26452
17925
41855
34380
17271
13510
30454
29358
15209
43659
29359
453
27991
19372
42702
18390
3962
2410
13884
28087
17909
15853
44609
29148
22968
21561
26722
19158
34094
44037
75
49777
12172
18081
445
43124
4658
9438
42851
10530
48171
30936
38270
49330
6814
19838
17943
26048
40780
21276
7816
5959
38596
41747
7642
10010
23735
4674
6614
16184
35948
39729
40296
40573
20625
42149
40122
38728
39475
2345
14003
14629
22890
9156
4098
8214
33203
7650
15563
9154
12936
31238
17008
25954
23395
49389
34632
6290
22523
47029
36928
79
13477
47087
12655
17327
34249
11652
5954
44833
31254
7985
49300
46022
9668
44125
26488
47539
19120
17463
43179
39161
3863
7172
15328
19316
1778
46797
39804
48278
20877
1721
31413
10355
12560
43861
43680
42099
44138
11540
27641
9364
29922
29141
49900
22913
7555
2890
41728
3325
44077
39685
9791
37181
23805
25175
5345
21791
20904
42200
23854
5631
3150
17698
49610
35092
48849
17540
17107
35162
5353
9954
22480
8759
15071
28830
41775
27915
46698
38516
40105
35290
6137
16372
16640
30957
36787
24579
44809
46071
16000
1406
16273
46152
38197
26742
27251
22160
43034
2971
6716
1478
148
16734
25492
7225
23616
12812
26842
4439
32919
30803
40379
40525
8927
47002
12581
45312
43696
3954
6162
41003
35645
39513
35212
24057
23818
6165
31473
19101
22507
46337
1156
29152
1452
12142
125
4089
36999
46420
36492
4037
35628
49129
44635
17533
16275
11054
48169
38238
41760
3316
27586
35579
2796
33442
20349
46860
21267
39224
35847
45259
47618
12502
1328
46832
25545
35965
25788
6954
43805
33854
3168
44754
40366
44920
39019
33950
27765
24165
38478
1371
12888
24051
28880
577
8377
43180
24880
49539
32200
25567
6337
21062
1288
40770
13202
48351
20040
2048
28726
9802
415
36484
35900
43605
30231
41243
5882
10455
24834
41600
35117
30763
45861
40186
19200
15605
22444
11166
25820
19779
46120
42389
37752
8226
15439
22295
4402
31006
19314
7444
24972
28663
14860
16299
14661
30677
14566
21851
24577
39432
30087
39263
31875
12871
5262
8400
36660
35042
48517
900
11453
13451
37760
3476
6692
44280
42979
43966
14836
2130
28710
21861
47558
34142
19332
13212
1876
13627
37665
24345
22356
42338
32585
37794
46471
22546
6907
34331
3583
6300
26731
27482
47823
1595
48212
24843
48358
35477
36619
30586
28467
7618
41321
13492
46561
4530
16702
6159
43792
37998
45156
11408
3114
8746
46723
14470
37187
6856
36783
12582
18721
46565
13494
18794
36891
39494
44858
28151
44719
39141
17131
11299
26174
20532
161
24172
25869
7747
2056
47971
16228
12221
11430
18419
19507
34310
43729
8432
46506
33641
24219
49031
29761
29904
46412
22955
30910
40995
49827
14982
41428
46875
44217
16826
11667
20533
32261
1363
45242
40306
29753
49080
47637
48248
28507
35723
41782
22061
49849
58
33652
47557
38623
33525
26980
5266
42462
13488
344
3730
6445
8201
7127
16192
12271
34870
27092
40126
16680
3460
44233
47607
17195
3804
12047
41433
24144
20990
33044
44337
10339
37895
31423
49645
10065
42419
44700
3684
33481
4897
43399
43342
24011
38449
19071
49560
19312
29586
14221
4339
43368
40664
39090
8790
13547
31672
18028
18578
38178
42139
40512
2572
33729
7568
12079
23964
19702
10089
47249
14287
980
17276
37518
26027
28565
22590
29327
25228
8216
45832
25407
13161
29496
3781
47446
18662
17389
16990
2586
43537
37393
12890
24846
30418
15248
35317
46430
15138
16604
8613
36812
22070
2833
681
32171
7849
9946
9277
49791
41084
33276
18308
19791
418
34141
609
40828
40634
40013
14161
44900
26424
37961
7189
23308
45435
28030
33297
8369
13941
5124
44493
6494
39759
29292
40145
28720
5056
33902
1154
33534
14278
7082
2419
43209
439
11384
31982
31705
17306
44316
40228
31003
39219
20072
48397
45790
39775
19465
46396
1042
36920
26482
23900
32215
16820
14846
33234
20892
22957
11497
45483
46352
1138
6003
25042
23772
17668
30510
25504
15198
20705
15518
45133
28500
10386
6194
11218
37006
7204
28776
11583
8415
1323
43030
21591
12658
541
19478
4156
14010
36851
39490
3879
11827
40328
20482
16878
40824
1311
21594
44019
48287
22084
23755
4771
37888
23691
18001
33008
37069
11618
21005
2848
48102
4488
19549
36415
7061
32250
31944
23195
12882
36882
27534
13205
14646
42915
37931
48853
11313
15619
29819
13544
2826
38211
44965
41611
12755
42444
39060
23703
49974
12922
46035
32784
48290
12403
37842
44222
1572
17678
5242
1077
46234
35979
46388
38913
37561
23182
34602
68
46835
769
4848
18295
48525
35167
6592
27798
12599
19061
25650
47820
20395
45281
39639
2920
26749
27346
11538
30488
39818
33430
18243
45862
45498
47619
8570
1978
16517
4372
30665
14260
28582
26122
17166
6410
12511
11965
21542
5719
1498
12284
37230
5030
15182
48989
45962
18649
24160
7485
5193
20524
1657
12418
12905
47406
23262
33557
960
25159
18535
17544
30753
9569
46092
2555
39430
26205
30855
49703
475
35817
12887
7511
33414
44189
18263
29801
9534
11876
31187
14816
7693
38017
48948
41645
41824
36819
21709
13268
20339
28193
27112
27546
42352
11062
35452
29561
46807
16150
43483
1561
25307
1806
13703
10953
44237
8610
29362
41650
38867
33826
13887
47149
19114
29189
36114
12138
33942
13156
18391
11504
11248
33625
34703
4809
1483
49149
25525
17297
1649
12198
19449
34384
18422
40898
27463
36887
5005
23369
3961
34752
43470
24243
27809
7453
29364
42092
22746
30299
22845
49359
27037
45140
4582
43019
42431
2803
21589
41857
36923
46220
10312
49765
14343
46634
8349
10051
55
33712
37937
28957
40654
1670
43592
13585
27978
10323
32558
6146
39655
6571
48642
25043
13966
44984
29710
5038
27506
24947
27777
18760
31070
30343
41201
24946
37829
48988
35224
37236
42528
8028
22588
2909
31869
15433
24245
13794
7532
24698
25190
40710
6691
26117
48585
12521
11869
3490
4236
27973
2829
24438
26587
10834
5367
41418
9395
48700
33818
45537
9148
47508
9965
25193
40609
29831
45652
30815
30286
36973
24223
17125
3486
31073
24952
25146
41550
49004
32810
42274
6746
41443
4629
31617
46246
19090
49863
39741
46270
49716
7128
18223
38009
46571
11423
1794
31384
2248
41720
13661
46354
32224
1999
35120
32298
22127
32085
19296
30315
32864
24019
11185
49524
21847
26283
19717
2623
36163
656
18498
45812
31912
33567
19115
13875
25964
3143
22275
26640
38103
46228
36088
8833
44614
35278
34158
9496
8873
23904
5201
42137
38488
36749
3556
27757
29916
29635
35889
36154
28614
34952
41979
5505
35609
37151
910
276
14773
13565
7408
21434
24486
36510
42595
39038
33349
23273
19362
4832
24535
10032
43264
34531
3436
4424
30702
35312
33587
17291
22994
39280
13669
11718
16344
9742
30484
28768
271
20915
43358
25079
27464
46857
48725
5804
28802
26736
27565
34652
3185
39683
12680
45754
37251
40938
10232
26072
2318
26810
3987
8425
46908
38472
27034
31507
18402
27828
2434
29674
3751
26357
5145
37869
4689
36550
38812
28007
47741
10091
49597
18981
18735
17270
15232
289
8197
27573
18795
5639
35569
22625
20573
9126
6323
3133
4120
30672
33708
26584
45863
46284
12816
37370
31395
9163
1512
11549
1289
22269
44029
49627
21130
25916
23427
24619
39149
34457
17099
39845
10626
30412
40626
25245
20474
19435
24061
15260
2663
48196
24671
40040
45042
49055
49493
5904
9796
34064
47919
16251
24005
34521
18070
31952
24366
43943
7910
24405
2453
46725
45896
464
13417
22629
37928
24646
816
41619
8381
30818
3102
45206
19627
39572
39179
6404
40053
16746
25154
22908
37688
16556
22548
49399
46972
35532
31572
22571
27001
16360
39993
13472
36494
40332
12783
43957
15507
44674
1039
26322
5445
11660
13734
36357
348
16505
47951
9582
29981
36012
16419
4633
9882
14692
37369
18039
10854
6061
36185
19484
27401
46127
36792
16290
16784
15264
12614
6076
1070
14790
9985
3484
47450
14464
12589
45043
7099
15885
49288
42032
5975
18440
29321
39339
35073
30577
28676
35100
45771
38254
29328
39672
9106
45101
22417
44645
20300
8357
6905
8977
8307
46274
45722
43337
19198
33704
14769
27956
43116
24908
11548
40955
39697
26899
11294
31567
3599
5292
28537
49238
6641
41020
18639
2329
44534
14209
3431
38374
2307
40831
11422
36366
25660
21448
15689
32000
32857
15813
48977
30393
21510
42588
38100
14284
46724
45476
11472
38553
8856
35891
7458
28670
21190
3813
7024
31121
10949
25502
17520
22623
25915
170
26752
32447
31273
45247
38175
23181
16264
45283
12391
32035
34090
20146
7786
10936
30869
48545
5358
6556
24876
20766
1398
5546
22324
2550
36354
13297
36097
5322
26951
12971
6693
20502
30188
31505
6470
38326
28647
33261
22273
5970
13970
35425
44350
37313
25364
11634
36044
23454
48488
3380
30039
4866
11414
43145
14850
12520
17293
80
28714
33423
42682
33863
14669
21929
22790
31255
49575
3669
14946
11841
17618
5386
46516
47683
19389
26927
36529
25751
15300
402
41869
34166
12642
38540
10277
7998
1422
29735
20409
48009
4968
19261
3567
14458
38205
725
5216
7188
4546
34428
15140
32867
7234
30086
24044
46848
48920
36886
33884
11126
6084
17889
5620
44364
34721
224
4131
26262
41596
3469
30629
42182
29369
31909
2960
3435
9754
44828
1771
6807
44163
25684
10420
5507
49481
24839
45985
28848
41206
2912
41346
32290
1699
41082
8403
15909
18645
9248
1181
46913
32296
1952
15519
30138
11389
47242
2358
36513
6624
30914
22656
49756
24346
33478
23492
23179
14092
4569
10907
22023
35200
29186
9966
17061
251
44728
32061
8189
17895
29602
12584
39083
5441
175
13908
37529
22753
10977
24531
32550
29338
27979
8889
20556
32752
25614
13854
6361
2996
23237
27163
6050
17458
35063
37406
20646
376
22872
1526
6489
10481
15142
37091
2552
8328
46553
27328
35307
36384
9945
27785
23880
47809
19931
11772
17158
3760
20773
26049
24485
2659
42840
3844
44620
49417
21365
27735
44627
7294
45946
11992
31102
1428
22261
39674
6663
23072
37048
22112
9830
10994
3854
10945
20290
32474
30464
9788
31767
40482
2107
22645
22607
21916
22143
2576
6685
26526
26700
32648
30429
46705
41430
13745
13182
7112
2964
34860
3601
31586
16453
39054
15468
34553
46730
35409
5311
25243
49128
49962
22223
6543
36016
15127
25747
19246
48343
48472
22733
27724
945
44416
3025
16840
7899
21735
33373
8412
22222
3664
38461
6407
24387
21226
37539
31024
18313
41843
16601
11543
47409
20343
11972
180
13684
47041
48172
44611
9951
18217
41134
31865
48707
37722
32403
18367
10115
11792
1686
3783
39524
2198
32739
11796
24364
14358
36518
13913
1898
36621
35500
34883
18063
38765
45222
14937
31899
38104
35013
2779
6671
5986
21013
29541
31219
15798
48969
47563
1286
8637
12405
10540
17734
1504
24546
29899
18600
19347
42822
24481
9535
32636
21385
28707
22804
14
12185
2610
34062
43201
7020
28454
9762
27267
21334
18644
41949
36889
10780
10436
31778
27661
3573
12220
41767
8625
23489
7343
25606
27591
18604
47202
22148
11434
25913
17409
31128
26673
14864
14380
25736
37901
15913
8592
42160
4556
39252
22949
40554
27469
32271
12509
36612
20070
43334
36866
44552
15339
33962
34227
23471
5973
12322
2218
8325
27937
10532
37846
48761
32400
30225
39964
6888
49338
11544
14449
36416
20722
40894
35322
45029
34276
12437
49842
44670
18901
32657
43935
15443
565
19191
48428
42700
19536
12480
11984
31061
22770
14363
29650
11755
31453
27110
28306
4585
28143
2876
37160
40443
8293
32601
7772
19950
19879
49478
28191
27299
18947
26137
32653
32402
9321
17279
40720
42730
22769
26011
2977
19819
9584
19797
20109
11090
2301
43360
24959
5174
36419
38173
17175
33523
12015
28464
26353
3561
39266
36450
29300
11519
29729
34155
32253
3312
20057
31645
7829
38930
5496
41906
47442
5517
28735
24321
14557
27529
21231
5548
43635
44509
24714
22718
45824
33527
5330
33823
47433
14538
28255
4935
36731
2443
12167
13821
27098
49077
25412
49837
13539
28353
34824
29869
34669
21663
15621
23392
2658
30673
36292
2109
18728
30232
35853
44449
12596
20823
36721
18167
20380
47754
22432
23147
32796
46094
21335
46555
14592
21159
49432
18584
21531
38710
48719
31242
10561
48663
47399
48851
27089
36875
21271
32468
48126
3921
9871
29849
27354
45759
35905
3829
37407
9009
22621
28359
45682
17307
44328
14590
1810
28179
11950
40853
11858
15475
32671
14026
49295
8821
35921
11075
42684
32357
9698
1263
38215
2211
31401
48769
12360
28213
15961
29705
42833
9862
45401
16935
24726
16370
47649
9679
6353
32117
44409
17602
45655
49932
43471
31741
34359
32356
9952
29081
43117
36830
47589
4238
9046
46231
21899
38284
2033
5929
39788
28253
24983
37461
232
34345
24369
20117
39495
21536
41838
36161
3056
39076
11553
14733
9224
44672
29600
891
15509
28994
23996
4681
48648
23893
610
47767
40574
23342
8155
41651
43986
29438
34451
49622
19988
31096
47259
10191
23365
13576
3871
11180
25894
24936
26097
41248
7258
23324
25205
8758
33596
221
30533
37560
48909
27731
16565
2147
24929
27502
18712
48064
27804
24554
17538
1799
17088
34063
11896
44600
3301
14052
23721
1357
5609
47668
19317
15349
166
16341
29645
7329
21077
21745
48367
48209
34395
12210
40239
3900
43052
36170
20432
16125
35047
19587
12169
18058
39751
34443
36244
22886
14014
12764
1991
23952
1125
21204
34154
48835
40006
27284
14317
25171
17251
48815
5254
24115
46480
14913
28136
4369
14198
33801
45117
15277
12228
12422
878
36559
1385
34565
2285
4184
49026
31116
28204
14276
31860
21512
11493
11071
38068
42640
12826
22611
22063
5489
9125
32081
1680
6085
13542
40685
23523
45509
12942
20431
15562
757
45370
34059
10193
13889
20028
45775
27040
20132
11584
2936
22349
13869
15176
38065
30941
42191
37628
10819
35871
3971
41704
33171
36883
30409
41074
26576
39880
25686
2865
46133
17789
5693
38098
6762
22107
48044
34045
25880
44292
19665
27587
35457
32595
40882
30522
20605
24956
42868
1640
14776
3097
31756
31919
22670
18716
15422
40065
47699
7262
12183
26858
1244
9914
34527
41353
14115
45152
31764
33814
39916
48302
12123
20336
14956
46369
28868
12032
25976
10120
26743
2484
31076
5224
14252
8269
34655
24855
16019
42064
14306
11884
30142
39754
17003
36101
34219
29239
16897
33301
22229
15887
48604
28550
5900
38298
37679
25608
2633
3461
10096
15830
26435
13595
17867
34869
19136
19417
41502
29082
12950
19768
11955
33978
39705
5117
25311
46606
27046
19919
44539
29750
8397
38921
28471
43517
40929
36505
25630
43551
43345
29532
19826
33454
30378
19503
14988
8112
26808
11794
47185
4106
33896
45264
43776
42245
44526
44130
30027
27951
30966
19299
28053
46151
7526
29178
41448
27774
19722
10338
22213
47889
47214
39953
28033
48759
17648
38325
48386
12292
45724
10611
25419
39541
33992
39400
1669
42297
32567
16580
25357
33041
155
19447
47257
7419
19043
36937
39371
1637
35233
10267
18610
2481
38583
3973
20386
20944
24607
14083
21535
882
27045
21634
40243
32970
23516
20505
39343
16163
25044
48360
33546
8683
5154
2631
23030
32102
20673
47129
10652
41510
5108
22583
9718
41577
44265
37820
48691
8438
6875
48571
32008
42681
6333
9325
32620
3402
13534
15141
19962
7519
49171
36833
5039
7394
16135
34348
34226
1010
11561
6230
28121
6654
20385
19271
49113
18448
5840
49857
41273
10444
49453
36216
23494
8205
24122
9399
47552
46096
40432
26685
26809
29423
9531
39972
23794
31205
9204
11138
17363
14037
25422
34739
43893
9790
34875
45649
18513
11674
39459
7510
1474
15922
47670
11400
38338
45676
12257
39275
41221
15946
37041
30380
43208
37398
45827
31343
11659
38570
33294
43863
7029
16366
46735
13186
23933
21216
39232
25591
26433
22513
46766
8953
18674
25479
4336
38575
27838
34950
32787
10959
34746
17523
39111
34375
14925
24871
40700
39462
28788
11664
33972
36693
34621
46994
15705
15171
49023
10582
25052
22317
19887
41519
5779
37852
31720
3651
16818
40481
9970
16674
20953
32849
34510
26243
32841
14316
48379
26155
48448
30256
35068
31882
6832
19236
23138
7162
44909
25892
34097
22982
18890
41396
31631
40636
36313
11779
9849
15758
40490
35770
28851
9398
38992
37776
28346
34447
16174
4293
9057
28364
24327
3586
8867
11559
25758
34138
42532
45069
13635
27514
37112
25588
48225
25806
37685
35449
12120
44471
13804
24767
27850
45487
49101
9579
14434
35380
45957
20905
39603
27243
10753
44460
42694
37789
686
6892
12921
25361
26643
39840
626
13378
4047
12722
36701
32485
7487
27620
6450
13154
20882
23133
43286
33406
23350
19852
30028
31663
42360
46733
44548
40237
9656
10101
29027
638
24542
22390
12305
38802
2758
17849
7679
25530
8348
45087
36399
20593
1703
30531
9648
49722
47426
34190
9109
11681
23847
10241
11846
23400
11340
43501
44973
35234
29012
31986
23282
6306
2426
28199
19672
25749
13143
33397
47798
15986
5797
33472
30594
32690
3571
30080
17543
27964
5545
178
28094
28652
26497
2834
2740
14506
47891
48088
31193
40547
20954
18286
14370
42977
48603
9598
34230
30711
4442
41905
32252
1258
29033
35797
27078
26647
33372
30912
30020
31113
27663
46846
46929
25975
5066
1780
3177
11216
47101
7330
44880
88
33939
30090
13138
12022
18160
41529
35563
43130
36844
29218
38010
580
31495
18277
36249
23433
35394
8081
26957
1123
35303
37666
33702
44318
36372
27476
27063
37950
46758
34609
40101
7288
22893
17192
28885
33120
6695
33273
29808
41129
47325
18775
13748
42400
27359
45441
43879
17077
6468
26740
46714
49805
11723
23861
35242
19121
26882
31448
46117
38467
36768
46458
25404
46635
45641
29968
34101
43504
3704
44777
35364
27313
14046
25009
16749
13165
589
23619
45599
26930
19515
21053
47527
11162
19694
37035
31752
11173
1124
28055
48095
36674
15120
22525
6608
24053
21876
37699
15412
22884
6868
42873
820
44065
16486
47932
30192
46667
26016
32654
813
22058
17442
17732
8119
18606
20881
46410
22089
22080
46109
32871
40479
47500
28108
48726
5818
48391
34800
11500
36996
26618
20908
8689
12738
32921
15092
42290
8651
4365
1621
7467
29805
30953
11742
46457
38517
42027
29795
17330
32756
37676
7688
44517
322
16721
9171
14552
30410
36439
15940
4392
20359
10331
3839
24809
9375
8322
23463
27736
18881
28312
5860
4104
30963
49937
35468
33087
39136
27874
34516
46997
9499
33782
26368
43684
8172
18709
22551
34269
3083
11818
41718
13840
40945
40729
1971
28315
18265
25144
27056
36605
27062
28051
36031
42683
49912
25963
45347
26971
23715
7635
40209
28233
22630
1665
8943
13528
8784
18007
11481
22891
42043
49584
43679
27713
41474
38447
26249
22019
44791
17800
5100
4761
45783
25881
17464
24118
12314
49262
36636
4157
2962
4716
17874
24848
47991
40098
40851
13128
7942
702
99
25222
42878
5703
18835
13069
23813
10833
9451
21378
21473
20847
10695
46219
11663
19699
36730
33760
17118
1416
14970
5158
34762
47799
22631
30260
22010
24023
3820
6529
42340
25871
26755
8880
7201
45811
2596
43930
34980
26266
37859
23183
17301
42446
25937
16528
49876
39299
326
43006
44954
836
5370
49135
20005
19081
21750
20162
14673
35701
32125
42540
24362
39437
34400
39802
39041
21590
9083
4463
5414
4961
3831
11811
27917
37574
27436
32482
36337
25536
38971
11606
45056
41565
43247
48010
26361
35781
14770
47454
4626
25329
1485
19601
33119
14176
41536
16843
6737
45544
20670
36682
44890
10457
14116
8421
39295
37202
46660
48021
29523
16904
39155
6461
16839
3303
10937
27360
44224
211
17394
7192
33401
14765
48593
19330
32440
12002
23819
40596
12570
47506
19946
40409
28200
4490
13471
21771
15729
35987
47334
17575
27247
41463
10359
38636
17865
15450
19562
22506
25129
6000
26017
33160
48130
47115
8720
39261
22537
48294
48482
14967
26056
21822
10433
10318
8102
5807
7991
48197
10418
18204
21909
45267
43491
31107
11706
25529
49116
388
26472
1183
42622
43215
30550
48122
7157
19958
35838
39713
46727
15169
11503
14244
10218
42723
20164
32086
44073
12628
8053
44223
11234
31522
30775
27458
12059
28111
6370
3852
37296
16940
21313
28327
17153
12605
6099
48527
23606
38551
11403
35043
49381
1230
23788
49825
47108
2304
12806
48195
4126
16792
7673
48496
1720
39925
26884
20981
9516
21199
41403
34390
24540
29526
23757
27517
28495
35859
23290
13277
29511
47489
15971
43172
48779
25628
49996
41891
41615
11035
31251
7212
21753
8266
46293
42111
1016
16111
19773
29493
46515
41765
45421
34938
30453
40359
40471
6188
41969
48285
16392
46924
46053
35782
3089
17654
15417
3061
7218
795
44798
46374
31154
47034
28429
12037
23829
6485
16572
28044
15959
14638
21872
15165
34646
47548
20706
42706
16258
40749
36728
40885
7039
12010
12771
34406
24226
29395
17498
2013
45090
31582
101
1216
40899
22912
11793
22567
7745
20010
13229
43964
17178
41534
46777
732
33434
4309
1401
35164
5940
19767
33206
13890
12045
8591
24503
34326
14645
31990
43351
30058
48613
6730
2940
43329
20464
39747
25568
15399
627
4226
2802
1089
11787
19771
31649
17486
2548
36919
7889
6511
29730
11780
45972
5068
20778
48983
9738
6863
25301
39637
16004
29563
37439
20102
5413
12656
38593
16149
13805
26476
242
23569
11626
35635
38941
9595
30844
35777
18029
26625
21170
17583
31993
36874
22141
28144
33281
10478
5992
12696
10140
433
1623
3998
27975
27065
43630
15756
26491
43192
27954
30904
6636
37135
24784
16786
46377
30770
13628
21459
10020
25114
43266
16216
32407
46160
46877
37942
20976
8407
8196
36832
4467
44303
32553
9330
16493
48673
18335
32415
23504
41199
3161
46379
43571
28938
22386
12489
1254
46859
24131
39395
7806
20992
47469
39695
9138
43813
38548
4386
2931
2374
7522
18355
22083
4018
46957
21161
40528
9918
21103
28267
26350
15819
3208
23264
11661
15744
28468
40382
28249
40486
45637
42452
710
12832
33189
36670
32077
16595
741
13258
11616
28918
23868
28083
14421
30656
34383
33579
39917
38522
16250
46538
9983
29756
10016
22420
15522
11647
40287
24263
17924
7120
7586
34529
49221
11557
1392
38948
48298
9669
16445
29030
18381
8895
36567
25989
42997
38358
27822
39093
15866
34111
12270
11944
21577
20696
12855
42934
782
18617
41585
38547
5668
43395
47536
9997
10208
5634
3178
34488
9404
44788
2099
44299
6876
30686
34098
26077
3387
5291
48372
16032
28773
30740
32972
28032
35172
7456
14188
26004
6305
4118
22260
19912
16433
26176
22020
2254
2762
7817
16122
3360
1269
6500
28967
5781
2897
28398
37811
10385
27926
4320
29396
43836
34470
15003
6325
8159
12451
17147
43218
49628
17496
22051
972
9814
44884
30314
25469
25928
49293
44072
16612
35024
7722
31421
33821
10459
18023
45024
16654
29096
39409
37991
3339
38999
10252
8274
24268
11171
20726
26766
31998
34894
45622
26443
23118
22124
12384
431
28969
48799
24056
21766
5812
20046
291
47907
20154
32350
6699
11577
5097
30162
15100
49602
20270
1676
15288
24977
2978
3575
41717
28677
47811
20234
45908
39955
20437
49968
47113
5499
9750
15656
41036
5717
23481
16210
9219
6891
47045
41630
1506
3792
10545
7421
3975
37496
48819
45155
49888
47312
39259
4129
7177
37830
16363
32382
4122
3772
16092
1139
48463
19124
33235
15872
9103
21790
25729
6941
33446
16334
31466
7459
13751
4637
14035
6630
11044
16644
9329
13223
13698
32723
15442
40845
28225
36952
4764
43756
34595
9000
39321
7319
19986
5479
6432
10516
34012
5512
47152
8150
40343
1961
24442
32333
42944
28134
49491
20794
43082
44731
41754
42587
34334
33765
21507
48600
1925
47969
34341
14467
18875
16564
48153
45254
10583
6439
22306
17022
768
6113
40646
17482
7445
13954
36754
28231
31757
32599
32352
2293
39378
9548
39587
20504
18014
3927
45700
25672
4335
4760
35170
22943
1127
42900
21238
14185
45369
33193
45601
26666
33024
46115
19339
42098
28155
37072
26030
42986
1601
42699
45933
49673
31646
6666
34904
6972
17121
23729
9265
25539
41708
18197
5280
19075
43194
34504
32330
22832
14917
28572
17051
13728
38459
47124
23709
31418
15382
48553
12476
38135
5586
49125
3368
42698
27628
5421
48373
32001
38842
18424
22812
27617
25264
48686
35080
33721
22635
36410
2506
29518
27041
23064
48405
7027
49213
15815
17266
18121
26158
49725
7759
9070
26335
17922
12527
41255
5428
27423
5562
46224
25746
3475
6704
13567
40322
28922
28782
20930
34801
21741
13312
29202
18250
49486
4232
12673
16024
42726
5638
35529
41400
5819
33457
32083
27144
10835
17760
6348
542
7761
17296
25482
30166
40466
39428
44869
29693
42799
12857
23352
2549
48419
24865
28987
39281
18508
27071
46605
15160
41284
46817
8374
15032
14295
41863
30421
5278
38413
30774
42955
21055
45497
90
17887
33657
45174
16097
42174
33770
29592
14660
35952
10821
19775
25619
12369
31598
4589
46203
30723
31703
30477
37851
42447
28262
6354
49781
23720
24296
39099
16553
19518
44931
29861
37133
7008
17559
6397
32326
49255
49526
31953
40571
16665
32311
29973
46259
42650
7493
26221
6045
17017
45540
38606
45709
9263
6082
34969
44570
23902
19069
17715
46941
12447
37199
1568
12908
22695
34840
1246
28004
39746
11374
17292
41538
29547
49173
4601
11686
12705
8166
5946
17190
3414
34716
861
44524
36297
6567
8677
46520
4929
39337
47267
15575
13021
2238
34681
24693
37531
20192
45638
32629
26382
21958
34399
31815
26893
48371
19085
5961
11418
31949
23135
17479
49930
11603
26770
7750
45931
42277
31173
42003
14387
23668
19064
27115
6890
5293
5899
23126
19455
45976
14208
13037
25824
19163
25623
33359
16625
33957
10996
47347
29798
2991
34132
26910
23180
13467
37073
34848
43478
41662
40603
15653
22894
21702
40108
21685
26327
38421
25625
15806
12026
38307
2333
29936
962
38718
23121
42628
3352
42925
4410
38400
47684
29049
45967
41632
28754
2288
26465
24615
29200
9099
10948
32502
40008
12040
25934
43227
11619
5092
21879
12988
10935
10282
47428
29154
11928
34140
12814
32484
49851
19038
9132
27821
16185
31483
25304
48843
24877
29706
41236
11459
19328
47126
20469
18248
30949
40509
37442
13114
15984
47109
16854
199
10144
3019
33819
25988
26010
18849
6721
19846
4347
21223
34630
11973
10171
4528
3864
16915
47175
24660
5257
38973
27814
28432
38422
43301
20064
3754
5486
14856
32233
22221
37200
43979
1532
23485
12413
7423
36738
46236
15751
29757
20520
18838
17009
3390
17263
37299
46525
19345
11700
4833
1627
1086
4112
8177
46258
26484
48337
22180
41425
20131
17391
7659
7427
16225
24190
28300
11303
18898
1846
8000
419
34626
38987
38195
46411
8394
7161
36341
29286
12354
14512
45529
42550
9816
2730
3627
41014
16103
13134
25639
43745
26543
40764
31332
42203
23437
16130
5664
2932
31115
6160
26474
36378
44475
27218
44941
34719
5817
46711
41524
28246
30157
1003
49188
16871
28238
9801
37580
49598
21463
12743
25566
11302
10082
27644
30554
32412
689
13687
39421
23722
22247
31184
1654
49497
12939
15053
44209
8857
15314
15420
33701
37723
34217
22785
23171
7103
8470
9693
31044
49679
39081
31512
15716
48414
10319
10315
8567
8513
3158
15541
38268
2388
23877
11250
4921
15639
3963
9468
14604
31086
33633
27855
39684
14962
4412
45472
10188
24888
32082
33904
6128
36066
42106
39467
34661
7086
23151
3444
12129
33112
9415
23879
31485
15005
26498
35260
45766
41678
41112
28113
5059
9054
29285
33178
12750
5239
14983
35592
15516
28854
30708
19867
43910
413
7825
12504
41413
264
8772
32951
19700
49006
20748
9898
45889
1569
41065
7594
17273
23367
19172
8285
26341
30515
33216
21064
9308
10523
21200
12777
13062
10837
47487
18096
22320
39180
15002
46097
21644
38294
1781
46434
23059
41909
39706
39859
31055
20671
37703
22800
1550
34507
236
30896
15496
29056
38617
39488
28764
26591
14899
44165
39120
12371
23824
36772
42546
38568
9458
37777
22750
13997
40984
18385
23212
38043
22152
23448
30757
3845
21019
27578
26519
30576
49634
15276
27652
45507
45510
19526
21454
27393
21812
17781
47502
31584
38318
32768
5670
23521
32373
49668
10923
29151
17915
41640
21452
10650
5627
18882
27734
6760
47857
23843
45350
21986
10666
22650
39731
37433
696
3104
23088
49360
20413
39518
44633
46316
18053
26904
31126
6119
37321
27946
48059
18358
31463
6958
15822
616
4484
12269
10668
15099
1122
33029
8478
23903
5673
15652
43258
42626
8915
23884
39868
37281
41121
38622
5811
1187
35264
21209
49304
43777
39836
23117
43327
23795
47222
31217
35650
19620
5007
14084
38396
31733
2491
20358
8684
16376
41063
33643
27270
5687
16259
20389
36106
28291
28156
20155
28627
44626
15309
44561
2589
35187
12691
14125
33674
45906
47422
40523
32535
31975
26551
7208
18596
32943
25669
30846
18749
33421
35248
39095
24052
43398
21505
6340
49219
27576
5395
2973
32890
32473
42961
29956
7132
15852
12820
25005
30546
14477
49233
36668
24083
35492
53
17304
2880
48582
7296
29085
43581
11840
30733
29515
29687
45846
7712
25433
3652
23626
42058
41897
10095
37339
7699
1085
44800
5399
39427
2699
31896
37541
20208
28872
27467
18061
46225
21965
49012
45784
6499
29850
32672
6719
15955
2571
31386
38180
15246
22004
5655
38151
23907
41575
2101
17465
45583
15590
46768
19979
6565
47781
4557
20451
40514
31133
15643
28573
32084
28099
11750
1803
44708
4350
9233
30798
23145
1358
40440
28910
31122
42034
32524
10612
9170
32664
9112
29475
12348
38138
28576
41105
34906
48692
41041
25708
4576
35272
12930
12912
21078
46567
18828
31162
18715
34305
19693
28221
44420
18939
20707
41228
30850
30091
41070
39104
27790
24836
43762
13230
12486
47923
46199
22610
13583
29384
26940
36568
37564
47200
27093
20448
14788
41083
5757
30181
33182
34879
42017
29238
18480
33586
12007
34285
14007
22815
30791
27382
17631
18289
30877
40548
27139
16660
8672
49808
41652
49050
8738
42000
25026
22725
14668
15624
42341
18304
14378
45023
14708
48556
5654
42614
37120
32245
48794
30496
22620
25849
41904
27938
45576
15879
23833
21922
3647
32656
46701
49220
43405
14225
21002
44404
30180
2841
13288
28266
17337
21844
21437
10514
12174
24111
26911
29569
49901
24901
43915
45287
28546
44802
29426
26151
3540
8965
26451
17002
34199
20935
46315
47832
21155
14834
43971
1191
35990
41757
1019
38276
41556
35836
47864
44689
26545
19097
37165
2174
45500
31514
36808
37027
6237
32048
16040
8726
35220
37322
42835
29620
44095
42646
14045
34649
34953
43982
18590
20518
33056
23751
6356
3410
33511
42263
19735
49954
36005
45464
40182
2551
39904
25440
49231
5442
3162
17565
9998
978
28086
21566
4541
35403
42832
12253
9561
23362
13206
16476
38208
46403
8235
38415
34396
28411
46856
5785
46805
32975
938
18137
13243
6894
33613
33540
36070
6409
41880
40202
36266
33585
41500
7223
24758
28686
35171
5192
2732
43318
24041
35518
47241
6817
10302
17755
26537
33692
25093
37059
25779
38821
32938
18800
12717
19736
854
47296
4473
37634
17529
18748
40649
12597
20796
31696
19366
1770
9624
45539
44357
27302
9891
13236
15305
47482
21332
2270
44444
47356
28861
49349
41081
39323
6036
48465
3734
26461
17095
6279
8552
4524
35953
32674
32705
33081
6458
2370
14532
3972
10476
10531
9574
31363
23447
40381
10484
41744
33061
12645
6643
15667
33666
41751
6339
39578
35958
37706
49196
14480
23098
31248
43503
5878
11839
36028
22258
17829
10965
14108
41385
14149
49914
33131
28826
15027
10435
12126
5221
10110
21970
13987
17101
29777
43464
6371
33015
20511
3893
3344
8707
48129
47119
19675
3479
46075
7617
9671
38000
25477
26215
33133
35883
16914
43640
591
13851
8646
32604
31563
33536
37819
17403
2421
23911
15048
32005
5635
17180
4877
1811
8888
23931
49272
44943
32831
31131
31038
43606
49439
42155
38348
38565
16074
43348
36606
40204
13725
33409
35104
20537
13632
2046
2764
15301
18937
46899
32551
35710
617
15987
28343
14710
13523
29029
39764
37193
4677
4717
1472
6147
44131
39599
6046
16967
5692
14866
34607
42821
44554
21304
45796
45687
22492
5827
40539
17537
40241
27515
27966
78
27370
49451
4456
31261
2504
42205
33296
44186
34204
43457
24176
12760
26531
16874
7703
39468
21646
43962
39561
24383
11184
25023
44084
13426
21233
34192
24300
12473
6238
11982
3690
26861
5236
16398
34852
13898
46963
32002
18189
37466
4789
21671
13818
41416
10458
21629
16316
12877
15983
42967
48057
37784
25393
23743
40437
2749
2648
39286
8744
20483
31140
3137
24422
27653
27616
40057
652
6883
48072
46955
1052
36013
9509
24673
26996
20225
35534
39189
47127
45815
5750
11541
15574
41381
33383
45008
16529
27402
30563
20462
6133
33614
22478
20376
7690
7574
44515
37432
24866
28865
11135
43530
32027
4380
25943
16623
2036
45260
3373
4476
45593
42268
32500
11163
24786
23886
43324
33758
49444
20352
6714
38267
33055
37550
46391
16768
29307
23908
21386
36917
26396
45223
35827
45904
10264
2616
40467
24605
15573
15514
35932
35705
35855
13380
36487
4840
15014
17596
12251
24769
36707
6273
44155
41465
48075
7246
46682
24981
10341
41691
49249
38409
4786
12217
32818
23509
28109
25787
40516
33459
24029
37324
17883
7176
48000
33334
31877
12981
37018
17998
39623
27043
17851
26672
11104
14518
325
13650
42304
48636
38530
31987
35239
7305
46962
36110
7310
46122
18697
15741
49342
1693
21083
40517
31920
20391
2373
22518
46024
38786
13216
29160
168
12543
18050
36303
25337
1121
42551
38315
42962
5758
49082
9523
34422
6383
35599
48344
3131
25718
6441
31172
5966
48120
37965
11357
17921
30726
27672
42515
3383
5265
10716
11081
46876
36962
3
28878
8440
14262
572
21659
29038
987
20180
38638
7685
1892
29193
6644
43169
34407
36574
30381
36017
4615
18165
38223
29092
22991
42265
41931
34645
19084
20282
40777
26905
33873
30579
9376
34306
24666
22171
43480
44632
17721
49648
3996
40814
7632
9495
29539
43155
31016
8507
43828
44508
48232
26181
20489
1651
44899
38360
37295
826
28640
40826
21611
10769
26630
5873
13863
25153
20265
38404
7312
12432
6995
26069
12180
17766
18104
16508
6177
31178
14876
48074
10517
2438
29877
14488
48182
30131
33299
16430
43175
21255
48324
1756
20710
2784
10470
25579
2714
22334
47693
21246
4740
26381
27422
7003
11139
15330
5002
48039
20563
8444
19804
7610
10640
10024
2338
40800
14347
18817
18870
32347
26302
15797
14991
44955
34475
47254
23679
23207
29381
45450
43779
13896
2188
49076
14381
3505
30439
285
32902
15238
20351
11251
26887
21516
8502
22522
35984
15551
39842
29172
49792
41291
45185
49177
17321
33211
16576
3154
29279
34325
17585
16131
41616
30500
1082
38071
29159
30304
7335
20909
28279
14228
7361
46824
38920
49394
20461
47295
16869
30734
15764
3938
2737
38045
49102
4011
33332
39236
20576
3942
29555
49963
28609
9072
37605
534
23368
21485
6829
32093
20016
41357
37900
14412
6376
23803
25755
15779
49280
9229
43629
16744
10031
10534
44185
27612
19282
5341
4166
4034
9158
6338
9644
10622
16847
40615
16618
25955
22767
49819
37460
33267
45611
42952
48142
12659
47414
32327
11045
36254
9038
45692
39564
39739
5530
41042
30992
42405
49260
2632
33670
34968
23027
23574
40611
21717
16409
3555
27511
25842
8419
34688
26321
568
42514
9629
18515
18668
4722
39086
27715
47973
20470
15985
11466
29020
17299
48295
47933
36699
10487
33786
46708
19682
12109
18916
38493
27398
27026
33891
17489
45099
36200
11047
23984
27480
45375
12359
45835
3024
35444
43015
36592
14520
4910
26896
14324
4607
32709
14809
25855
49677
41145
18633
37970
23164
1179
11891
36751
32984
14241
44774
43369
42061
47205
17560
31390
26746
43674
32156
20257
32549
37545
38380
25280
11975
23036
43436
43627
16676
44245
14819
49910
30622
27123
27633
24682
42104
17123
31779
20122
17833
5362
39474
399
47137
9358
44709
45083
42039
46966
23089
837
5906
47910
3027
13924
14529
5841
38785
37043
40447
19596
30938
44057
36913
17143
38689
45341
27161
1415
31326
14247
27325
40839
39072
25177
859
28690
33848
18409
48124
20601
8140
36068
6368
9931
33763
40452
42985
17863
17819
4834
46822
5911
33319
41370
32868
39221
6057
45098
10401
3514
45877
39535
43505
1448
25031
7069
16492
39528
45752
20928
22786
44578
33382
45850
43754
10966
30919
41424
391
45153
22726
9907
47062
30925
42131
36785
24881
26708
29931
6071
39419
33675
24780
20801
19222
26074
6649
43625
35286
7876
36345
35110
39201
6455
19809
10236
32292
48442
47197
16764
2867
29435
20422
7010
23268
5009
2693
30118
16240
29697
39740
17563
13811
27188
6906
29913
16921
30152
41024
12968
16406
19822
12024
45605
8799
32668
13814
5907
2226
39509
43173
29326
49515
40880
35437
35780
1731
29065
12363
18532
11337
41018
35245
24280
42957
29974
31940
23618
3646
17335
15735
3068
20952
36759
12720
28805
14700
39865
27212
47056
28160
42060
35266
39813
38892
34071
27224
4155
4800
36095
5235
3612
31886
48558
24080
10865
24205
43802
15495
18247
14444
41329
7963
12101
26351
18796
40785
43120
34659
6528
29252
18783
42288
6124
26760
48548
36590
9096
36394
19715
11382
14766
25184
7250
4845
8469
38066
27146
40711
20783
32694
41242
27366
46836
225
16301
38012
12995
39933
20713
47331
20624
34251
22659
7238
29055
35874
16993
44970
32006
27848
39718
15864
31123
1581
46617
102
9434
24291
670
6770
41955
6386
10783
33662
1322
34589
47102
34851
13513
32836
48452
15400
17007
8026
20656
3342
27068
45000
7080
30945
15012
16108
15921
35647
49976
7955
23256
23067
29923
32990
7481
37429
35476
23401
37207
21519
46980
17762
27342
35589
47039
42804
35151
13375
36610
43588
37033
46468
28011
35574
4568
4558
31309
26902
36595
12224
37058
41292
2395
47633
47766
19942
7727
16016
1931
44916
47150
49020
15954
42736
19566
10134
5529
9043
44461
38293
30257
8002
28717
13886
10824
35554
3918
6843
48165
3412
31508
34988
41966
49274
40197
8560
8060
40165
39712
42817
34724
26583
33867
25100
44113
38005
39445
26098
2186
46552
42623
24763
268
39194
21206
40754
3235
49662
40691
5052
30403
15919
20653
43579
8521
84
34806
3775
42117
10566
20549
41756
44568
18558
2965
48674
1658
38376
31487
32457
28028
1990
27174
44098
38502
13146
47019
21384
38843
27949
13080
10258
5377
45833
8334
3076
26409
5742
31015
45393
12566
36029
46707
39487
42909
1137
18256
20920
21673
1477
39018
41884
39238
40384
14522
29773
14443
29343
43093
14028
9491
45939
3493
42454
33172
33892
12955
27151
46112
6576
22313
2302
5304
22827
19723
43663
3034
38159
43666
8980
45559
28811
17167
3955
17488
26410
27603
20957
327
15287
32116
11457
2225
19402
16668
44263
12723
7105
2777
43896
28887
10712
49252
32497
23153
38721
21690
5581
11679
11554
26938
17411
46435
11631
49831
45074
15602
49148
40038
16686
12945
25077
24037
11621
19379
5184
30801
26558
46737
12563
14190
1701
5767
9014
18113
18774
10911
7513
16635
13292
764
24949
37317
47776
167
2533
22757
4004
9392
26908
30906
36204
47111
31824
15056
17556
43257
36767
19973
10703
1620
4436
26272
12748
11182
4341
42118
47303
49200
45261
28657
33493
40361
46257
49357
10156
7916
17558
15649
37804
11227
35767
23831
32761
43171
15312
32557
49364
36793
9639
32031
27048
11828
44005
4679
15999
48501
24299
43942
3047
24091
12094
12303
4448
5603
15402
24934
43043
2671
32478
1976
10290
13404
46508
8628
1517
30426
1261
33147
7978
4581
6138
39007
47418
17695
8464
30681
9478
31574
17881
21250
22906
35165
8151
40544
39960
34409
10212
42632
43177
28892
41544
48261
33407
5371
39589
2688
28141
29607
39273
26437
34898
21757
27916
47206
17578
45816
44062
3031
19789
29525
38368
43135
29290
29930
33324
13110
18908
40610
20931
31387
3898
22050
34948
28877
27904
37964
3743
13362
31199
49979
47270
294
6229
1906
17345
10707
21660
40808
40195
7336
5335
41227
5144
41642
6928
1271
3362
2698
18472
10479
41768
28406
15432
44753
12025
33460
36583
28551
456
28592
24911
16429
6006
34974
145
9684
24340
30695
31863
39447
38419
37854
32802
48396
15186
36705
26399
5339
24740
45909
7548
26913
24024
6239
3239
8032
9446
2472
19439
33855
36365
44938
19849
6586
317
33707
6244
25838
19652
27761
23969
17993
17751
957
2945
5342
29634
43016
8812
37247
44212
44414
45604
28595
25661
19080
35783
32749
8195
41655
7961
24179
7390
11053
17759
9625
11361
17572
32947
4636
39512
41314
49016
4324
33212
36094
41578
48034
16883
45761
14167
4007
24512
4715
14166
14549
17557
49091
45289
44330
40524
49333
2564
4163
37481
4064
18704
14168
11272
48950
38878
35044
42076
25911
12966
29050
967
3216
3203
26867
8070
32060
44738
42561
40470
33934
30134
32322
42807
30267
14663
46019
42095
28568
44061
14365
37226
21513
26213
25936
12822
34885
45310
7824
20313
34813
32976
28770
16747
24717
41345
5137
12449
4647
23250
2104
41422
24661
23333
1951
34032
22555
32030
4294
27434
15835
829
47374
27133
41257
17234
15882
43573
15220
33560
28871
4550
1729
21043
25533
41087
43414
31643
15956
27455
35298
49681
13873
36311
41890
45551
36703
46922
11005
20493
46890
20751
48356
25072
19086
22606
8737
49578
5409
2801
4619
44976
7242
29759
25667
42040
25549
39619
12535
5098
7142
28933
30366
1691
6019
47007
2310
37076
19616
37497
13853
25693
23921
31859
38059
22346
27688
24590
2889
22291
17461
8402
18979
33553
45358
48430
3396
38281
5665
47710
43807
25296
46837
20821
13063
45742
11711
2918
11224
47722
7843
256
19572
42367
27061
35204
34768
9215
28382
31182
38980
7474
44988
22355
33897
29722
19673
36845
40321
39330
45263
47616
42580
4425
9981
49065
254
21946
24759
22577
29053
48299
40353
16561
41761
38870
14582
21340
48976
6083
29224
30172
43903
34564
15962
19239
42460
47709
44725
31259
11531
21818
38524
38378
39184
40954
12621
28005
27908
41975
33462
41359
26190
13405
29669
24578
47720
40408
10394
2712
3622
687
21145
38168
6120
23270
40798
42645
12805
40594
24092
30615
19777
5555
17886
5141
46431
35096
11620
27924
4999
1838
29447
6313
24254
32462
30782
35445
2105
12591
4797
48757
14533
17165
34503
47221
10851
36451
21368
33605
10399
2495
35575
1511
24948
6328
23265
48366
41626
45084
13554
37237
28944
40750
42379
31356
36291
20058
22471
23750
41780
16867
331
20700
41417
39056
18372
42096
45184
19334
14662
5596
20473
24306
34570
22465
13097
26237
25236
16059
11764
38716
3997
25723
16611
29638
2594
26133
25534
44572
43416
40738
45162
46615
24197
33935
36306
32721
41367
16065
5303
31434
42387
26241
41732
17524
11261
441
46136
1922
2412
49510
26068
18658
37319
8694
27802
18108
42436
45865
40943
44531
46612
39809
31934
20331
15203
43768
41213
19785
33183
36989
19179
26269
197
45927
47218
14077
48345
36974
41643
40648
27886
37861
24813
3521
35472
18683
11444
25890
3319
1290
27027
2585
20275
19756
26826
46025
47724
22876
8983
14789
1574
40244
2112
1273
49436
1567
17742
7633
19734
38198
32013
144
39207
13697
39521
41837
30414
14165
7014
49242
28929
15714
30598
16975
19190
37454
17787
46961
36324
19142
1629
12008
17010
36255
43832
33676
3117
20645
18931
11146
12445
34058
7716
9428
40841
30463
29504
31600
35660
47588
21399
16706
5831
27083
20441
49455
4420
26054
15081
30976
16262
21638
13563
29775
40454
46466
32774
12542
6090
30682
21602
23074
17413
30073
38768
10676
45488
8458
27811
27228
26644
5042
26062
10269
9123
22419
44063
31697
5918
20420
19007
41594
15634
24402
14653
9193
10639
49556
31722
34759
4117
21169
19321
22449
34258
21172
12963
3562
25495
7138
7255
23060
12735
21633
41574
33282
44581
6887
36271
17508
14264
41482
26191
29312
30383
35727
25652
45776
33798
10633
17975
34890
34231
44959
31366
25717
39109
20510
6473
31081
42519
44082
3345
17209
11993
46353
20078
3550
25057
19359
6251
13907
49468
43685
5794
28217
15548
12635
33107
15123
48339
40916
24663
10250
11124
19228
49051
46320
905
36219
40225
43809
36697
8339
19726
36169
43020
8185
48223
33400
35964
37795
44213
38862
38586
7197
8568
48559
30249
14752
29912
19676
31028
5008
38500
10870
40329
37177
23999
16526
6170
33051
34307
25275
43407
27127
561
18379
14546
45164
8806
28664
5456
28543
41354
19273
27373
34525
24870
2413
7209
22681
41429
21197
5404
46833
2489
36593
10430
46400
49734
16524
24612
48622
42300
18862
6091
39604
29848
23412
17011
35665
17939
15750
37558
7129
7248
37543
15981
42953
12093
48458
3311
48954
4077
46643
48115
49939
16797
8894
25466
40726
34145
8213
20229
20714
22240
9641
6070
43851
49894
27275
17049
30927
48732
30419
22766
24054
34958
10766
13344
18753
9188
23929
4388
3657
26728
25578
27807
38271
40956
48045
41621
19112
15767
4260
7636
10593
36863
2741
42146
19517
6696
44506
29179
38639
24491
34253
26739
22974
27865
11087
21320
26856
35886
11442
825
34992
15261
5578
18909
893
24088
41143
49733
15890
44088
42716
38706
28259
10080
37878
27606
43721
26116
31442
18917
6487
23146
44302
5597
15675
15460
35682
35936
16233
43092
31240
587
5493
33629
47659
26585
48480
4508
25356
19375
47021
38957
22440
41302
18974
7597
35135
13211
36009
33103
43546
49687
21999
7000
15039
2201
25460
4203
15126
26314
18087
41225
1120
28561
43081
48190
10556
48519
32308
41821
12485
41854
11925
27523
32794
9100
34902
21333
46710
33190
37264
28309
34184
20630
45686
49852
22369
35213
45130
29998
14923
39342
33529
29466
27658
36691
14746
49298
41795
11699
6100
40107
1444
20017
17974
29354
18339
17386
34417
31134
39362
9527
24854
35463
52
21889
27832
15026
4529
10203
16814
38856
19199
4868
36002
49253
15222
38120
11030
27613
10086
44206
16534
43108
10920
44481
47665
35735
43462
47419
48417
21962
10019
42830
2177
10358
47408
4258
21651
15434
49400
30875
26093
8380
2282
31954
44024
39443
3936
26267
32264
18228
7240
16410
22563
25151
22393
3348
44400
10170
38836
10838
18387
30482
5058
5863
34454
38539
2994
41844
12844
36710
47632
32053
46067
17354
20342
26568
10451
38554
17362
11749
8979
16980
2213
17138
27496
8236
36165
49254
17333
3252
41826
47877
39781
29967
29462
17483
21400
39812
37781
46211
37650
27739
37238
44686
26774
38915
10906
44991
20732
34919
49062
13579
28767
32090
4571
48403
44838
1380
15286
46387
21347
36673
8263
20443
24180
12484
25096
23793
18997
17469
46394
10873
838
39954
32659
34081
26657
49616
38489
12216
41267
36814
42892
29886
39743
5126
46192
21394
46885
27674
30309
33734
13066
17860
24480
49127
17595
9363
16087
18495
36950
34205
19583
5508
3338
17566
38567
41431
35568
46742
37397
18744
31551
23148
18321
32880
32639
21621
33784
40940
8702
16532
6167
32820
40900
16288
22350
25785
6903
6343
32182
30513
32244
37371
43152
47372
9687
43955
12954
27290
8406
33180
29784
27864
14508
6955
19052
28519
28436
46301
36420
43644
36501
29733
3124
38165
40341
41191
32728
39260
31001
26460
19263
6358
16636
21373
39492
20772
22411
43867
36618
31057
29444
37835
48791
40084
23882
48555
10560
2765
38772
8789
10409
29584
26041
33943
38652
21408
37856
12118
17696
44597
40196
19009
23434
12752
21125
40881
14298
15214
33318
39497
19954
36947
36766
6145
11365
17402
28132
11366
23576
39202
21241
13122
14022
6417
32647
14583
36765
34129
34483
20118
18414
12664
1027
34304
26942
17378
27738
35700
19917
14871
13817
4719
29955
22654
20683
23974
10013
19683
584
23637
11200
9008
14527
3615
48588
7723
24360
41676
9142
36631
33293
119
36427
7611
39158
46114
1443
32953
27456
1434
21967
35784
9424
30085
16337
19192
1299
35102
17700
23414
44211
13077
23600
35812
24404
38985
26943
19558
5945
27396
41040
27753
4441
22186
15244
42275
41504
49158
16012
4787
30470
37269
37060
31556
28334
46153
18539
10928
16276
25721
4252
5921
13965
25901
16864
6821
21739
29392
7030
45788
37876
1834
4329
47063
17901
49922
38417
24200
25823
3250
1634
21465
8021
48926
10293
24501
16645
17387
43725
33386
48474
19500
39211
12173
35617
3336
29781
6547
38162
31138
34927
45346
14031
35329
42814
6212
21009
22117
8776
30813
21210
35483
43273
37677
48973
26025
11105
49216
31072
16463
26442
11569
38838
40701
43657
25046
44144
32992
49458
20811
21860
5194
21935
25781
5021
13841
21878
39726
16727
14018
49395
12374
706
32680
19690
27995
10491
49409
2229
45196
31137
46690
20071
9706
9234
33117
33270
4693
35602
31306
49154
21098
48766
26573
11738
47739
21075
18714
6074
34761
12785
33537
45198
39863
13468
31020
13159
34625
44031
12058
48609
7995
7259
46023
48384
17822
13076
26455
37353
3849
41820
2437
1596
49291
48818
47467
3553
24058
4967
12948
703
30137
45531
14571
4384
13743
46238
23474
7950
3906
8793
33841
19134
2431
27986
33688
13246
47258
10635
10421
4986
39898
46008
42899
15357
45408
15601
30283
39644
41453
13049
263
20423
39977
11956
28114
47765
37071
17624
10429
29194
846
12595
25451
19837
12929
4270
18518
39277
44742
2087
14855
21785
48790
31673
21162
46406
31110
40797
37390
21549
2416
129
24711
17361
30130
16471
6425
15524
47227
42591
25861
25497
33243
12041
27903
9895
9623
1900
15742
2081
17861
38443
13608
32131
6809
37180
32702
32573
27844
13249
41113
34900
10579
17179
1854
2871
9069
4146
969
26713
42294
43572
14110
3307
16868
3510
3430
16104
13316
23801
21882
7924
3260
33724
9477
35664
36000
48284
10657
29233
387
5793
33996
10276
36238
45751
98
41936
28034
30247
40908
20001
43349
46718
67
21780
35977
46904
23360
17662
41945
18738
41831
15996
22028
7193
22669
19730
36374
32017
35331
32199
48471
36468
11089
45702
21786
28494
48266
16624
25211
6465
21186
342
43196
48364
4414
28316
44762
46173
6051
14831
7925
32609
16119
39929
3791
17453
31164
35086
2264
3012
36762
43794
47654
28691
39051
26234
31689
26500
6961
28095
31823
18689
14463
25287
12539
17032
31030
22066
41801
7932
7795
15752
39023
32945
13930
17896
17415
31243
44079
22781
36575
6038
28977
41738
16762
21819
31969
20051
31312
18755
29807
36072
46204
21650
36694
21404
14095
22915
31241
43526
34318
12316
34978
10463
49516
22966
20183
49347
46309
42831
13266
19274
29506
17243
3693
8503
28239
6245
47836
47401
15454
20171
36077
13694
23291
17955
16891
4247
3276
39218
42968
7728
42752
40855
21298
9040
1792
34207
37787
6347
41867
21957
31476
15233
19900
29828
39945
37980
49866
47718
262
8431
3044
23398
12462
43531
4532
14615
41327
30265
36497
49850
4353
1215
2954
31835
8270
5566
19498
49685
1758
38329
38924
16209
20238
274
45735
30690
31197
35960
71
527
13596
13920
19901
27408
4006
35918
21703
22100
46675
21994
286
44126
255
7388
1417
11386
31103
7962
48180
17119
29481
19167
11630
31709
44276
21976
23156
26238
17774
39344
37753
9406
18593
19957
10317
33404
31159
43297
42526
45562
36914
43390
13639
4904
8018
18179
38034
20411
23890
42494
39552
28947
13461
2408
34586
21598
21562
5784
5922
44915
7640
7634
25592
37147
3750
39297
30300
6532
3468
5463
15021
5538
48837
3295
42858
6472
31592
6550
3763
12339
17562
14805
31658
3931
22793
39948
28351
23476
20672
40082
45857
16848
46759
33916
46891
5036
19821
1818
6189
20843
12467
14808
44311
8623
41050
42091
30514
3074
34548
23625
21980
11978
29835
45474
10964
38789
16987
42906
39679
31795
15058
44218
47161
12161
20614
30703
35831
35823
3945
498
11821
40153
17906
4417
41318
2150
15942
41924
23300
33616
16588
22499
42473
20252
19161
43820
31879
4673
8716
24479
22613
11419
5923
48055
39688
23445
12342
12139
913
28577
39900
37894
48538
34991
31311
24872
15510
22339
29892
44935
135
13126
46868
35131
7779
11668
20762
29317
39968
42211
6545
43495
34641
25276
39549
34537
27748
44413
42633
1292
40621
44634
1644
15973
1350
35153
15178
25870
22250
36957
20435
19719
6957
524
33023
10830
43389
10768
40792
36107
30025
46150
39212
48753
14553
3658
41151
36552
43967
20267
12703
916
17144
8335
45746
18919
48768
6638
22795
13171
22099
31612
11004
31850
22939
49696
5525
39774
15236
20807
46938
19360
22204
27714
39102
4631
10682
12189
47479
39585
5948
15015
26955
33483
47628
39831
36300
35279
21652
39489
30221
14818
3139
48123
21362
18878
23527
20669
8027
876
41156
32122
34650
30516
38774
23458
26259
10127
40325
49525
27272
48236
2342
23802
43077
6201
36794
38184
10617
14107
33966
39305
34909
25642
21693
11873
9427
11341
48509
9483
45543
49434
15352
25863
3317
26521
17853
43876
28833
20442
43136
20097
36519
15568
14681
3194
39498
2077
47256
44396
7987
44293
13973
29301
466
22713
21981
38634
730
4102
1012
39737
32641
45138
41999
37075
28518
29965
38858
13203
46010
13060
28251
10426
37709
47453
21122
8572
45187
30565
42006
5325
9571
1910
7158
921
43001
19784
33583
39866
15655
33915
44618
42572
5953
40024
328
39819
15701
32467
21891
13940
1366
14721
10333
38577
49891
24997
27843
27193
24344
40731
37783
18008
6916
47164
7457
666
25431
27722
17325
44056
18685
39893
2236
36994
35520
8078
39891
8227
37592
15828
18525
18130
2602
46279
2458
43801
21583
40431
11961
7424
10794
11048
41177
77
20337
39732
38016
29714
27544
16970
33870
30580
42679
596
42707
20907
12829
44533
25532
29375
29495
20690
44422
23696
34263
13053
35023
13617
32321
20392
12250
38324
32826
36881
38194
27331
34364
40697
42235
6448
1549
6870
49033
16182
9929
28308
20967
46546
40555
47827
44692
898
5043
46462
36533
592
14973
9349
41189
18140
7730
44383
7426
16451
22219
24127
37291
13923
13281
49464
13631
41219
31470
14015
37670
41432
24272
32792
11682
20890
7754
35858
13346
41048
31660
20527
3932
22775
33451
30107
12070
17472
33648
21960
17841
8472
3198
4943
40357
24354
49678
24933
41223
29690
42196
37768
29672
35652
8602
13852
5971
48026
37142
29306
35390
41548
25984
9900
33495
12956
2649
34361
7017
17112
35002
22996
8173
20103
5121
5472
8866
46040
32580
28272
11491
39133
3289
12668
15372
34247
22331
36043
35201
44953
47229
1126
22676
39884
47076
19521
43733
16390
18135
34289
47705
24412
25979
40950
49978
10284
30200
13319
18461
1743
33594
33290
15344
46622
24302
41274
28209
41388
21940
27384
17659
26120
14777
21557
12372
31419
28045
23701
3167
14471
14705
13781
27624
25111
9955
25351
4449
18224
49379
48425
4311
44274
1674
22422
25163
19390
3677
15938
1630
18962
45364
23547
48546
27136
41921
22475
10248
29865
15965
16401
29118
36685
985
32234
31216
47675
26279
30174
25634
40258
4069
11766
25137
3752
34895
32828
7187
27448
21749
45973
21928
14419
9192
30647
24170
33471
39814
54
41631
43862
47153
43831
23683
5375
38082
19122
14743
2276
47525
43577
38361
39476
11799
35039
26745
27648
16324
32708
45632
46796
9504
29367
38133
2854
46424
16088
36998
1065
8626
310
48848
6738
21939
22708
19451
25968
45704
19140
13876
17676
49207
39355
16732
32046
31211
9176
35643
21774
21866
40931
43839
12916
30155
4261
26477
6163
35616
48931
38641
4382
29170
9807
6227
2726
34182
27518
49502
15146
11829
34519
33920
30730
10691
30124
7155
46988
25582
7796
6720
26730
4597
42254
49783
12926
49485
48580
38207
16464
43884
42998
30691
21643
2921
26788
12716
46784
33277
42476
15267
41713
25687
41356
27553
11675
35083
118
10443
47298
39855
3803
12414
37140
9711
20406
17598
36695
2501
44523
18203
37229
5519
36853
45309
40569
13103
4742
32236
49477
21751
42094
45965
44510
42949
42991
20840
12155
47061
13456
5090
33955
14709
44878
45296
9909
48666
14053
16007
24461
40951
31979
47037
9682
49772
40598
46223
38301
28607
6520
6049
31481
30355
40175
6379
28381
44629
48888
5490
44419
43926
7790
27961
30495
8818
11066
33102
47936
16292
26149
31475
26400
25705
49651
44691
11751
29631
1969
8457
235
29550
14133
38410
24373
37860
39901
43643
44729
41447
8951
10737
34513
2132
47083
28186
10344
4391
15453
37702
7032
16213
38166
15862
40275
15644
4913
23456
29554
19025
42897
2831
24495
20918
46362
45556
12361
177
5354
38155
27655
30617
35624
46614
22392
39967
2906
42123
15825
44199
39042
8448
2690
8775
13290
40260
1324
10018
25252
555
47142
4844
7125
18010
46487
36658
44269
46303
4194
38385
49210
30109
10934
40388
23127
42608
22341
6419
38959
12927
36547
45282
16805
2170
13616
39885
275
47309
27639
22701
34074
15125
48135
16731
13922
4853
39375
27452
40958
34087
11463
8936
9503
35050
39932
38146
25770
2775
48659
23953
32715
27435
10296
33590
18281
26999
40199
8765
35435
49134
8578
3909
45534
22526
5327
4241
31603
640
43079
18309
22712
37764
23320
1733
6992
26561
518
6535
49201
19911
42004
11489
6066
817
15557
7951
2232
8490
35849
32349
13750
32269
45001
5952
37246
46476
624
42536
14565
36470
49795
44853
1163
22840
20332
6869
45079
40272
21668
10497
24680
4455
24534
32554
43288
27184
20826
29047
11115
28705
34954
13333
45768
7837
22188
28215
4180
26696
12893
25598
18582
32803
39952
12247
29708
16231
8782
43671
20369
10141
24915
42199
4945
15275
16472
15103
7681
43078
42204
36332
349
31808
38019
16662
24483
959
43411
43726
29999
3982
39638
19004
9513
24273
28412
7073
9634
29164
26855
43456
4370
23361
37062
6231
19898
9429
3774
9032
8378
41420
3392
36224
40080
35405
3169
36452
36202
39298
45936
28131
20098
28445
5396
1650
30764
18601
26729
17012
15006
727
9168
1499
8532
27067
17561
7434
31503
23296
17015
8559
3279
35691
36053
37206
16689
47698
4075
35229
48194
43534
25776
29896
49144
44851
36433
31619
36060
45969
34608
13390
49140
34203
2016
8535
2286
12604
40141
39217
48787
33353
17660
3457
27525
24585
28931
40715
43333
21410
35481
34089
35566
36371
27499
9092
14402
3848
32727
26066
16031
5469
28829
33522
18858
35942
17846
25453
32862
47998
9630
49408
14491
34592
44380
29410
22424
12906
14411
45337
42635
45963
31250
49723
16304
13415
19127
44559
19187
29474
29095
27984
27963
47004
9685
25448
26364
29843
35578
5159
35517
35203
39087
4657
21441
41272
23375
40206
36558
26403
20639
11111
10596
13419
23610
43413
39727
47047
34700
45912
47853
27418
46685
42917
4634
8390
30623
46321
37467
36035
39573
5681
7031
29782
45988
38888
33105
43166
25135
16167
2604
10981
855
33503
32676
9097
37023
48476
8851
36190
494
37304
43383
39875
12456
18579
47484
907
40183
5175
17839
46250
7576
5151
40699
2383
23889
44253
14476
32179
43038
48402
3866
16828
41974
44402
20083
30450
36248
10499
24652
24856
42796
9034
22402
43796
41561
47096
10326
11276
4220
28367
4941
34278
30981
39001
20577
8481
21737
33887
38031
2516
19516
13495
38468
10160
11708
24375
27181
49019
48315
47105
29572
25206
24653
40990
17255
28835
8907
43047
8013
4656
28589
34208
18859
4862
28363
18439
49098
23007
16812
14305
12281
8897
18523
16062
28566
9723
49079
11692
49449
13354
23976
39662
4536
28578
41253
39284
1843
2874
48042
35081
3579
13803
9380
4327
42784
38289
7352
20755
11865
25102
10219
22336
28039
29520
19740
36234
38931
17241
8632
39887
27162
22811
16236
28317
24286
3209
11288
20688
43706
48937
22173
4432
37280
24467
47366
10502
13601
4757
18324
29262
2106
1960
26003
11945
2306
32148
19981
23594
33325
27772
24700
884
11404
38909
11864
31825
26945
30631
31839
6346
34599
12974
47884
48668
20414
10914
44560
25037
26218
28073
34387
43012
33482
15967
20950
14038
4318
11183
13305
23724
42548
14006
38035
33924
10452
8523
24955
39750
39436
28314
26318
28050
27878
14677
24208
28774
7165
38813
27836
32703
11734
2705
43715
33671
35973
5780
390
41192
23124
4934
6702
43688
15122
5835
3675
33956
2655
6825
2556
9221
23981
28117
33362
3385
13538
45836
33603
42916
29897
24408
26604
25771
15839
35702
7803
37471
2462
21156
11485
303
37427
30593
11215
48023
8183
27429
25293
44823
28778
10194
21540
14359
38121
32898
40216
28895
27104
26977
24348
37373
43634
43914
9179
34932
21949
48628
40180
7506
7133
48401
46999
21649
41503
49099
6540
30830
46118
40374
30599
25493
35136
17953
47651
28490
28061
7370
32622
38543
39833
34432
28237
15326
43868
23988
42193
13004
27833
9880
28790
39555
49786
26676
41635
38387
29990
35841
29799
16447
46052
11155
10752
13845
31559
32276
30975
42867
13606
26140
12205
48785
16489
1924
29297
37715
28387
48238
9318
47345
503
11482
26224
25912
36627
34962
41620
42983
17046
7894
13466
530
4596
39844
25589
33548
37936
48724
48573
25873
35093
26501
14004
37838
40460
20151
11373
43384
40412
12302
32999
44123
31708
4084
19070
11195
7540
17283
3530
29072
36443
30759
3802
41187
46551
35714
10090
38399
30205
47732
43602
25775
36144
47134
45825
24265
9256
28633
48233
2818
48698
41089
34366
8186
31851
12082
18770
33927
25967
30415
6922
42883
3355
24113
6595
4400
16682
2629
43265
20401
9722
1533
1883
22740
39005
9976
12711
14783
4579
10361
44906
20617
42029
23719
17711
17761
36182
43689
4841
14427
20196
1379
12178
8045
6222
23538
8688
26926
34197
39183
5560
31548
281
41234
5214
5770
40734
30290
38015
8879
40009
19667
21694
16550
15622
6609
14619
29636
6524
48930
11903
508
47833
31867
39311
17877
34915
10245
24001
32845
2952
35195
26496
43335
47304
19770
12385
26376
16162
29454
3219
40832
41876
31813
28405
11920
28662
36121
44044
20934
7399
39075
22202
20942
10671
35309
22687
17611
7472
47196
45563
33053
43040
10889
25399
49576
48684
23086
44267
46397
45265
18691
26138
41487
30238
19540
11240
8495
38398
9449
26199
48830
6158
27552
11469
48018
1488
37293
15294
9309
34473
18198
21138
35572
34156
31532
46486
39235
40600
9174
44331
4654
11355
40562
25241
4523
39028
5029
31519
14057
32483
32519
870
17113
7195
40291
12440
21390
35580
23500
4026
45661
42335
22850
8410
17164
19783
22905
216
35498
2677
11278
25101
602
29970
21632
19674
12794
22723
3623
42857
19509
5764
8505
13310
2322
44525
48704
36032
13795
48570
26965
14226
35719
25590
48058
29745
35046
38803
34179
32997
39841
32361
36123
11783
19623
24293
20067
21680
9093
21953
13856
29971
4351
33631
28161
29258
2787
5754
43950
47112
10871
8272
39577
7387
42450
33713
19392
46574
46968
13050
23503
47078
35894
29951
44514
35539
47284
34477
41347
41557
2543
40533
32275
37124
41368
11874
21301
33263
4340
11996
47762
16181
30497
31861
33541
10976
33685
35961
31903
48210
24464
34499
17903
3049
18056
40719
22118
43250
17710
16710
24181
45794
28653
7491
40910
7422
12964
35076
49443
44388
15245
16346
34362
17410
31148
17372
20557
44201
7047
15073
17346
19128
47283
9659
4926
44395
15076
42370
651
96
45787
19019
15413
8526
30558
16331
7122
2948
9635
21315
27075
25914
7143
27323
4944
36831
533
14138
28163
46763
36884
41459
15378
36389
45105
4821
36524
29205
43815
9377
11882
30783
44574
49587
33265
19883
36737
7718
20737
2471
21093
9454
16772
43790
30534
28478
42751
22246
4595
43239
49985
7890
15503
30964
45981
44974
6223
20984
40041
512
49192
17954
16736
11930
49005
8052
43450
32487
1430
40264
46365
7160
31371
44701
12811
33632
28669
7022
36386
26986
21066
2807
24015
22519
7835
1035
15623
11025
2432
16542
22237
24560
43071
26843
46347
37642
19394
169
36837
9999
26932
2141
49009
10350
34254
38962
42357
6039
38610
40063
21972
34520
36444
49638
15464
9721
11991
41605
31212
11237
42397
16171
18190
20087
34060
41436
39628
43885
29548
17457
613
22911
40735
7774
3285
21433
8843
28950
11059
33687
20781
14965
20695
12317
27412
35740
24042
20872
7944
7479
48811
49259
34755
12615
28229
2713
27976
43158
9803
15583
27870
8531
34077
40475
48763
9611
10025
14652
49024
8210
43578
43823
37024
36666
12453
47085
28741
21309
48068
2124
5735
3350
30614
14279
44208
2364
45910
36633
532
37903
8911
45253
8779
31964
10230
6918
41315
9028
33866
42115
21349
14768
37078
39598
152
2567
24744
29451
19029
6240
39877
30864
40018
45183
31141
1539
26669
19155
15723
40422
6962
12580
13109
48893
12238
47682
2316
34930
33689
2258
44980
48416
19108
26509
47903
38810
45036
1333
49198
31531
36222
12993
8569
21824
10782
17790
25289
26529
20888
4703
38698
43611
29856
22789
32470
25511
12236
9838
49156
37573
44995
1904
41593
24596
39239
3639
37805
47420
48688
9774
36261
24102
9155
13638
43649
28898
35715
46518
8788
26192
33348
33456
21537
1798
22447
21221
33564
15023
22727
18368
22505
19201
10227
10675
4331
30707
12285
16139
26187
10322
1414
33967
43253
29309
40338
15419
5286
29210
3080
7570
45002
32544
30173
35429
21050
19621
4062
38525
43284
4014
38760
47854
2111
13625
23218
19197
46598
42782
31627
33252
24644
11878
6521
32293
48160
22486
11769
33639
7857
17310
32814
7420
16394
7333
16696
43575
4520
39647
25475
42602
3465
47928
44703
23482
18421
5103
19814
19987
13512
21285
23821
17834
25569
22170
44801
21725
42395
23015
42824
48965
33502
12064
12460
15409
38163
19066
30363
9552
38677
21746
34717
35982
6114
9473
9518
13051
17709
26166
45871
12593
28745
16359
39888
43482
31327
20745
17063
6617
41914
20627
20674
34715
48265
1711
4257
34832
21639
28693
20657
31079
173
35432
21502
27861
13086
25573
13377
43439
33232
3937
22763
17522
41702
10475
653
16884
33649
26106
20741
44829
37512
8206
25701
2654
39255
8891
25596
45302
28972
9868
21319
27882
34731
38757
26586
4143
36279
17568
27509
43424
49999
41194
42497
48990
6314
11724
20636
11823
39480
35399
10353
37145
46800
3472
24468
44722
36955
18318
5801
28224
46630
49136
8627
20948
29185
8708
46502
7067
27671
47792
3470
18580
34024
31042
8842
2614
19753
48554
1664
32661
29845
47458
36509
25035
33736
35407
40586
49270
34225
29393
21049
34127
34861
36231
38835
30047
34754
19266
8271
206
11856
32510
38011
11018
3980
4450
49984
25521
14578
29717
25734
19096
5171
6932
21425
24338
25370
2267
38844
13594
44314
38440
9878
35501
44912
3223
1804
18511
13952
11179
49553
3884
47806
12286
37785
35289
23130
28785
39293
43454
3636
35132
1189
34940
15170
7988
40429
46669
31406
1492
34052
36465
46269
8604
47144
23115
31194
35699
3747
9281
40177
1227
43146
38401
37674
49498
22866
10124
1885
2230
35427
9863
47220
44631
6013
48275
10450
36449
48880
23193
39228
9720
49425
42733
31357
26338
7920
44104
11304
6079
4405
13460
18983
35648
42531
39493
6287
40823
45328
4954
12232
8363
17407
28765
15528
26538
32920
14945
38384
2027
1638
20961
16009
17237
4695
25416
6433
21237
13730
6446
6142
44841
15799
37143
42586
7709
30289
37478
12114
33517
25216
8663
6423
16219
32637
24453
31769
29673
22157
24106
20476
35320
7915
39616
25985
10362
10298
24962
47977
25577
18711
27829
13150
19758
425
17260
43338
19356
39481
36392
47993
27066
48717
25051
18239
35516
47368
33185
18816
43660
1451
40978
48598
33976
3474
46449
19141
23644
35499
13946
4928
29039
34575
4993
606
5459
12287
35465
19651
16790
24823
26356
9817
40257
6759
37037
28371
3560
35084
20820
42413
41419
49281
45578
22467
11859
36138
22592
16780
8373
27519
14093
41769
46344
18234
39883
44622
46702
12644
9737
27681
35027
14383
7733
49440
9019
13802
22782
47272
5711
20475
14736
8516
46892
15558
17830
5763
17226
10665
41730
2400
14884
46285
17225
35140
7275
45905
43829
35305
46825
37378
25570
10495
5217
30578
18370
44034
42885
2983
46484
16754
9207
13868
22702
36586
4720
28563
34495
36742
47051
36692
19563
47361
16439
46969
31047
20455
40817
19118
10138
40229
43717
17996
32576
44143
36888
32937
41030
709
35324
25189
44811
41885
32571
13192
29174
20779
1032
30472
6
27405
47192
24259
27442
20338
48715
24965
25799
44066
13220
9526
38018
25094
36548
27217
2517
36039
46266
41541
48297
808
39765
37438
15684
26257
24603
38592
18032
36512
11282
36467
41091
17813
27316
37879
17798
20166
21282
40358
16343
4614
6855
21358
28491
24940
35479
47939
35801
42437
8467
42136
4426
16546
47636
24174
9401
28195
5691
26028
10152
42496
8354
46579
16362
43164
1827
44776
40948
43764
12669
1977
49446
43603
14912
27549
13989
30075
44579
7492
1059
25355
44035
1482
40316
5926
32143
10372
8220
41952
4572
25398
36773
31797
3634
49746
22380
35542
29731
36198
29283
20644
10137
43091
2175
36294
14655
22759
9226
11518
49869
150
36191
33637
43506
15040
3913
7104
21622
28097
3578
34929
20730
10697
15976
3304
17554
11970
6562
13489
7670
9419
30643
20797
7960
14503
29455
31000
26776
4255
664
22441
46194
47114
15251
24765
9339
11852
7970
17194
21440
13006
2253
26197
16698
46432
2598
6389
43035
48601
20901
37391
329
4804
4995
16650
35287
2339
25162
47985
38441
24719
33658
20902
2968
24410
39225
3296
497
3522
47058
12638
22605
39939
361
7762
38701
37234
19320
8199
41455
7107
20771
13428
45228
48733
39570
6316
18852
32399
14727
40793
47743
31951
39533
20357
44521
6173
14405
35057
43
14243
34092
36777
41899
17545
49951
48734
38179
45560
12663
20459
12442
22212
19871
8224
25004
47178
7666
37105
40265
11713
396
20363
36638
34524
38658
11832
19416
43746
4555
1663
48002
49448
12159
16230
4666
32374
21409
36560
7663
3323
49833
12801
26330
43168
33327
45251
29768
8528
1370
16291
32092
48932
49766
28277
25595
22846
42647
11451
38777
9431
3949
15846
9795
21178
34137
13679
293
27710
26478
48434
22549
1586
7171
3926
46030
14350
24513
14580
3966
19355
48454
18693
3045
44919
16728
25107
23848
36125
3758
13420
15318
43308
16712
19145
43391
13882
41581
10005
16991
13017
32944
38937
48200
1004
17991
39245
36495
15505
33342
11805
46452
24356
19217
10879
27562
18663
30739
18673
48342
45580
12051
18561
30433
24073
28956
389
20278
26300
38505
4319
23914
29420
16191
45032
19971
33428
22510
25935
9614
25021
44573
45623
9295
5997
37253
23466
22147
23455
45096
16535
18375
17807
31444
26061
37210
23155
11857
34792
2652
12184
8556
23436
5091
46769
31593
37116
47273
8845
8249
37972
23642
13340
48150
31269
37817
15673
8362
22821
17960
16606
2791
26759
23514
661
21353
33504
12268
16285
11753
30539
45378
1386
22354
184
3451
26252
17507
19387
25879
30041
18814
23883
32044
27449
17542
17454
11191
30019
25685
23562
17777
45128
21132
37363
16357
12319
38001
30819
22531
16307
9697
11943
23255
18071
2509
49008
30955
16161
31083
11872
26160
8538
29329
21217
48456
7280
45086
46141
40027
14249
24142
39177
32384
18485
35923
26316
41060
9474
24930
33399
39782
1368
10951
40787
17870
29844
20246
28368
9686
69
14056
46871
12678
26
32843
10620
3957
38070
19463
32486
12133
13676
11076
4218
19292
10012
12208
39139
23253
27457
22130
22572
13209
45127
18352
27481
39999
8446
46662
25548
45489
997
9924
43356
14326
31170
43412
1722
46252
24191
26844
23384
43072
3318
19759
6604
38474
21896
38476
4987
7386
42666
49492
15472
7063
5347
46241
29207
1017
40902
25
41873
18821
27635
37613
23972
8935
34498
47882
13640
45720
33829
3397
1724
6610
11949
22985
33367
6611
40550
34753
37566
39796
6055
39895
1513
4590
16555
33303
32025
40117
35583
22184
42744
15726
40130
16995
18138
5981
26777
42958
41572
14671
47630
24923
26471
18278
34313
16687
24388
2148
194
43992
20969
12682
13133
10745
20334
49390
32982
48436
26569
19706
26513
15129
20286
10938
27338
32408
10649
32644
39652
26726
21744
23584
47875
49120
17171
4846
16371
49633
29137
9705
42080
22114
27147
21754
11539
48011
12712
40330
34910
49585
7789
24574
22230
31622
27249
20541
1484
20487
6743
23459
716
35306
30250
47512
46819
23473
23114
35495
2167
5951
623
39034
23604
42941
30669
13530
36521
14062
22301
41559
13927
11074
41176
29855
38350
36788
25902
12688
34795
18229
24138
24288
20970
27105
42625
46064
964
44547
25373
3947
34587
47669
48025
20231
3234
0
36205
28389
48808
4050
26271
18843
35644
6282
26707
5153
48311
41259
14319
20093
43731
4100
42063
46693
18686
39103
40769
17967
38981
39984
39669
34971
37913
20084
44910
49973
48247
1622
24688
12203
31420
16741
6443
10933
7274
21396
9267
25991
48370
33986
43118
39784
33037
41320
36174
22761
7016
9480
20621
25544
18763
42316
44804
36396
23337
5471
20161
20606
46296
49205
14105
35519
20444
21028
25226
1270
48362
11887
33450
9932
14366
42504
12779
30220
38975
9916
44232
46870
49403
38367
26754
37871
19376
45359
18479
27935
13621
17913
19152
18210
23330
44863
18163
46161
2245
19923
44702
41518
18132
21265
13262
40606
5249
35005
42761
5243
32542
47480
42457
13392
45274
6813
11199
46218
19147
49701
17038
9450
15194
37667
5070
49998
26993
9771
38672
45088
34983
32788
36696
31200
11174
38819
29090
48321
27646
24799
19489
22834
22881
35265
33143
29120
12436
24557
29103
4896
29109
15775
37348
38654
19011
39137
10667
18044
16560
38469
23108
34784
10260
33431
41141
634
29577
47835
39175
47395
13145
43176
4041
10200
15786
40109
15020
15841
29893
49391
4940
23963
45249
37458
11886
29984
34301
40335
24129
31350
41300
48191
5623
14934
6504
13421
5178
28066
28838
12095
42337
39978
8459
17495
34439
11521
35373
21763
18665
43845
49421
36183
42660
42280
16364
30965
35915
22256
7500
43623
42816
15566
22616
20025
3640
14145
30252
127
4578
31854
7023
42605
47436
13263
26616
21843
23281
30240
33356
15874
19017
21168
45342
11546
39227
32754
39942
14853
46068
48377
11112
40369
27608
26468
17285
38069
43946
47292
14372
47599
8741
26845
47328
33045
11542
3220
5588
10573
40725
27786
9287
6483
11551
3332
29031
31025
38212
13044
2825
366
38214
36298
47302
42688
42177
2440
30843
8442
8653
6330
5352
3093
23017
35313
43102
34402
10852
2187
4688
34492
30382
39071
27846
42283
26711
49988
12708
44592
19977
3606
48363
39431
49717
41964
48716
9211
49404
48550
8755
47391
11812
38231
35067
8881
7266
28915
12137
3523
49317
13715
2255
44584
1612
48530
7154
11320
40005
15677
70
33209
34084
45100
1753
2252
30604
37935
25007
19413
10686
35006
9324
19625
24149
30663
40884
2404
10811
34994
21760
27168
23797
27167
33321
37266
24692
23820
43487
49567
7588
44234
18196
23566
27965
46862
39963
10719
6672
21783
33514
49994
3878
43026
13645
30222
3221
7366
37732
33151
34666
29274
28932
46786
24071
6956
30972
1176
33945
25541
2823
5219
35703
39537
22873
34085
13828
20995
36757
24816
1683
23935
18279
17141
38958
26863
12153
36640
35950
38615
2430
36065
31109
41099
37641
7943
10926
34124
37224
13978
11683
18872
35737
46678
43245
3054
1541
24374
27303
42728
20498
45780
24123
15571
29946
16083
47476
42144
23278
49810
12202
41288
29646
23544
30204
45491
37920
33213
34360
27097
6028
7833
43541
40048
19157
31509
42364
7466
49385
32954
40090
2640
13009
37537
27096
14703
11292
49003
17043
9292
1518
24581
39270
27007
37952
33562
42244
13240
31971
48919
23528
48392
29770
16051
42469
46679
21731
8393
33778
30769
26280
14835
11327
24571
45012
11962
6971
8808
11116
19967
13241
11979
30605
39531
23279
36912
39408
27615
14608
43376
16245
23222
15487
27130
21089
2716
20012
47123
47364
8130
32939
25730
43512
42644
19466
40367
30835
44296
33768
33601
32923
48216
45383
29166
6653
32231
10845
1891
16199
38137
33436
31782
41941
3071
17264
27610
5550
38740
17356
24862
10526
11330
49924
46063
48905
24696
207
39450
17414
44257
30148
14713
42848
17064
5450
44518
2117
24256
15105
759
33607
49759
1706
3314
46977
16616
2868
16659
25445
32971
23736
36141
21511
32238
43735
47377
39862
47896
23522
48767
49073
15241
41045
26674
5925
39094
44982
6593
10815
2063
29201
35291
6463
17459
27983
40076
27768
21352
33149
1080
25017
17092
17181
19704
24281
6923
32438
16920
44323
9356
7751
27035
31085
20467
45992
35226
35362
7537
27743
16442
37354
35041
34441
44310
46646
1708
20125
46798
30274
47898
37889
9613
24808
9888
4
18746
6553
1740
36478
45195
24341
37118
683
24089
34426
4210
9290
38656
31664
26042
14417
11611
20980
529
1201
16763
31657
25198
15069
40560
25969
4770
8364
9590
28064
33113
2547
705
34265
23321
42995
22109
38703
49133
37137
24982
22298
2097
2347
46668
46426
42861
34617
46747
4813
23712
44571
47462
14054
13473
43981
13367
49176
12809
45858
44096
20043
32345
31117
23800
22720
32334
9570
15924
13300
30083
39453
2173
33126
26975
24132
630
15036
21164
48650
46482
37849
47530
13120
3872
21698
39715
11226
15577
24393
39760
4721
6249
3788
500
18507
25420
24656
17452
44602
34977
6267
28484
21375
16922
15195
45625
39829
21085
17329
42926
457
43475
40240
22443
2300
27201
28697
6004
40158
35261
23343
19842
11186
15421
21839
17272
7945
26549
32763
25803
29695
23652
17352
30401
34363
16852
7380
25484
15501
28986
45738
32801
39698
31878
31171
10454
27605
38829
33999
43661
8854
44243
1578
16194
19353
40000
47728
44543
23274
46967
11118
29997
10224
47160
48777
8892
19843
26649
31618
49466
13181
45574
5575
567
41215
32956
35731
26872
19055
34474
28098
8978
16145
21697
44472
37639
8079
29278
47370
47132
45145
39423
29302
40025
44453
39951
28194
38661
45352
40061
21372
40604
2746
42537
24710
8258
2134
728
22685
3271
21330
13065
2651
10631
9180
27810
25247
43713
31814
19569
33831
18904
20213
35538
11716
44474
41868
49106
23353
31281
2660
32192
27571
20495
14331
49445
13433
32394
47974
10513
26964
6947
7270
44180
44252
15350
31827
36409
23402
38895
34235
11586
10492
5288
15929
4302
18153
2389
28646
44156
36727
40201
25424
4110
40983
34697
28591
24494
40892
19884
33628
32523
27374
31853
2466
40759
1839
20839
30004
30887
27295
19592
23874
31405
33476
5930
11039
19238
36584
48159
15858
11731
29320
7531
23957
23586
37638
24252
29874
2396
16718
28891
10185
18094
44146
38075
2118
13960
8384
27252
45533
27417
48587
5862
25638
45615
839
9196
12102
29263
5048
11452
24620
1502
30809
43234
17294
18844
436
971
38495
48859
5689
39047
1633
22822
5524
24108
26313
31801
2860
18575
31062
11610
33068
21747
36193
33865
20676
44423
19166
43115
10624
18825
19243
31283
39517
37474
1053
44332
3755
5983
21570
42648
44914
15162
10462
5734
9447
40962
16523
6096
43765
22711
15362
5526
6324
48852
24573
18754
43313
21859
19044
6467
16575
2281
14296
24629
6664
2766
37065
14414
44625
49785
12170
33443
612
20620
48897
1741
26110
4830
21548
7785
35028
2337
18603
24030
6182
6426
7639
14322
16068
2183
47687
4802
44721
43312
15231
4915
17651
36115
17968
46770
24232
19854
36630
21825
28469
21020
33678
32056
23548
45245
42740
16574
8546
32762
49804
20174
535
49788
20245
41132
40021
48269
38735
15167
34042
40019
15089
9007
3672
20198
46840
26073
23029
29129
9051
4905
18554
32506
28001
17707
15351
36816
35251
32757
12744
38237
35611
30607
46557
48652
14177
25326
46577
9102
2303
19300
49356
43137
18804
22500
9841
23035
46262
35285
42558
48730
29862
29144
7628
43295
27985
11767
20829
24455
35161
28766
7334
45619
10199
14367
12671
5430
6026
40878
42518
14971
25269
45874
24351
26317
1894
15805
25219
3678
11229
25483
14118
40647
23961
774
23524
3717
10043
31214
4470
1439
7284
26194
32941
941
21185
33694
18435
3988
43924
42072
2681
35999
38861
8780
39130
50
44050
16985
12249
20996
33272
29752
47054
39971
1514
46560
36880
30928
42592
31819
19528
19288
48820
45458
38085
10206
21983
41582
18768
24563
904
10941
29267
23443
18490
14104
27262
30541
45322
17590
8420
22002
48309
3238
9920
26270
24017
25750
31534
14680
16234
316
32389
19072
42048
6942
10389
12600
30038
3009
21450
3809
25656
12113
6150
14437
30506
31857
14978
36293
24313
20381
13139
36213
1060
26998
1218
46813
38630
25265
14755
24074
45732
24676
15934
28945
33376
9725
46034
24204
8247
22484
34926
13517
25647
24152
43100
29125
43076
26901
24311
32741
11192
24304
8035
44477
16684
42756
18726
24175
47001
8254
6042
18710
17526
41723
18986
31095
49826
8504
44872
49013
37806
28258
400
29601
27698
42276
44981
44248
35154
5956
48747
18271
10857
18803
42825
18406
42613
5782
48183
1037
6495
17652
48611
25837
44240
42914
12474
20463
21624
46628
40730
4653
46216
22653
49029
47212
22867
2257
33494
43778
39680
28894
37343
39970
16076
25487
8037
17388
41685
48615
7149
15114
45266
1045
42089
731
33106
23001
2817
19373
44271
2279
24462
29980
44960
4652
7263
5006
29413
9250
4930
35963
9695
35930
39755
14139
28864
44093
32151
24097
4805
21112
46310
47425
13189
37969
5186
29097
4334
5680
27711
27745
40011
34274
27559
4054
5931
12868
19847
12401
18949
38486
15592
5684
3628
16928
31412
21555
47474
42372
956
955
39338
845
22622
49036
32146
33435
24450
15387
26590
28047
35808
10007
23249
28762
25737
13286
1157
28268
5955
26734
20185
11733
23511
4213
41290
1033
429
15950
35343
19276
22777
11123
21798
3557
9319
14353
21738
22206
335
3021
35779
28615
21432
21912
6098
8370
31692
39773
30071
47949
2626
5787
5552
13232
39870
14910
16286
19406
46970
22215
10165
9943
37289
20608
41407
3688
29080
9645
3233
44792
46757
45612
37242
47252
46554
6225
10123
42846
18162
16952
6563
3090
22451
43148
7558
35238
22755
39617
8902
24155
33909
16
29812
28391
34468
9437
17358
4090
30970
48914
45151
49348
9566
13942
9729
17
36744
43154
29758
24964
11916
41790
26223
40200
46935
45942
46728
2479
1356
26329
42946
38248
11894
39542
5851
38986
4808
20994
26291
46925
47290
36256
10015
24625
5869
30979
19608
32643
9374
14025
33469
47621
21230
35708
23034
27427
7674
30175
40682
13603
14903
39289
44636
43228
49072
14889
32675
3036
23209
43780
3608
18348
22343
45052
32370
32884
47730
34355
10063
10003
18506
31054
21979
11743
39749
12741
2071
23397
34404
9210
43042
30760
13689
41661
7454
19932
34209
22425
8974
17157
2169
48277
20968
33828
48332
42142
4053
14230
16713
17080
17154
48203
5962
21978
31437
41348
41929
25476
10396
22126
14163
39116
5823
22093
11866
44195
29765
244
21729
41566
17265
26295
4899
10802
25358
37720
5974
1522
35870
14957
4330
1646
27622
245
5553
43576
43998
37022
24837
22224
24681
34679
26542
35959
45855
1470
49211
5556
20921
21443
18300
47906
3333
6939
1440
18025
24228
14902
20554
7169
30832
41592
24443
8238
34047
32472
33558
22272
48334
32284
20291
28171
30926
25033
2793
30642
26305
31410
7373
46787
35945
33533
37381
17737
30140
29762
132
30973
27200
25744
33791
41157
2575
11529
45549
10182
35671
46965
9124
35692
36201
28552
31736
2220
3244
10850
9573
5985
39588
15034
11483
11321
40350
16189
22995
41254
24085
34025
21626
25605
37128
45448
25488
28555
47763
28509
36978
39645
43099
12278
38279
21835
697
25932
1210
36042
21091
34256
33343
45673
16487
49557
953
43107
65
1054
29754
41947
24771
11775
14203
2887
47382
5333
35593
9934
33635
11287
22139
21574
40591
25624
12115
798
10673
3421
34882
22021
25169
7269
14484
10903
17197
2422
30285
7658
40704
16193
11782
1859
1642
19806
24312
33165
37618
2605
15648
4326
2076
17140
19940
47953
33280
28070
2853
13897
15000
26962
14162
19710
8601
12168
9831
5138
46672
9921
47448
44556
29739
9255
32931
6304
21029
40552
45642
7151
8641
49331
13353
43449
44436
3719
24803
24522
15037
32533
26227
33960
27446
28326
21720
13857
29505
24853
16413
34148
8202
2877
32091
41052
25676
23472
33109
33923
5067
10410
14172
46360
218
24886
29766
11223
47646
39861
38713
26453
49377
35021
44162
12791
8076
49405
23875
40192
33159
4725
33918
6031
13351
3709
30589
44861
7090
8798
42724
19666
11245
1391
41224
48399
28049
24924
6350
4012
34336
25087
28513
6015
5417
3109
28564
16218
18851
1684
16383
23311
36479
33513
16025
45126
44300
2727
12090
36148
8149
28620
4772
22235
4505
12710
16457
12512
23477
43624
44177
20345
12666
33611
41839
40565
8838
31724
24475
38232
31407
33035
45009
26939
21687
40829
19442
6960
8033
48301
11966
1106
38854
19553
18906
30319
890
17634
36152
23245
20408
6078
7780
7721
33974
1436
18845
9254
9748
2789
49721
17406
4421
48083
49035
38546
42097
20615
16821
40673
38579
6482
12429
35820
28417
7760
49388
46597
5069
38839
12006
6263
1717
27808
20488
11637
37523
11526
16414
36258
19245
4190
3533
33959
8395
42557
40336
23214
6534
30077
6536
12774
35806
31424
36718
38626
38363
25081
30924
34877
36850
19234
11651
35980
38651
41509
41093
31774
21911
17000
5795
19174
34189
42687
31611
5150
11745
26325
4752
32355
21500
48805
37705
28025
30406
43806
33890
49568
23109
25958
39505
12117
23197
48904
25331
44028
45308
32072
29707
12506
33597
20449
19400
39529
31738
8436
28692
14256
26298
47955
19802
11286
2083
37766
21012
20086
22860
14268
33196
30396
49611
41698
35656
14051
31432
29098
43864
9422
6405
21495
6789
22788
22330
7207
16500
21150
8914
45157
10563
23176
9963
14136
22105
4036
19492
23553
36456
39678
23347
47385
23862
16073
12652
46629
18288
40706
428
15587
13092
12990
40986
35507
4482
42667
14524
5405
27958
3683
41913
45829
13969
4462
34491
46175
20237
22697
36116
14113
2196
9834
43185
46036
6682
33566
41287
36901
9117
10512
34308
40453
35830
25001
46979
43855
29949
41927
22418
49549
7226
33221
39574
45899
6200
27890
31845
9835
3231
38590
31218
14061
28740
1767
16411
46952
48060
514
43653
26907
11080
9190
3614
41479
43017
11050
11893
35615
21630
31883
33709
23186
47293
33375
30253
14625
20600
32578
25459
17110
9547
29094
46910
24342
33395
16436
34346
22936
28313
9381
33919
2839
41633
34888
43441
29429
4960
8644
37329
8386
25872
40694
25389
42066
19250
15152
11581
9867
26750
2271
40589
42854
12617
36129
47686
7495
23490
37629
47847
10726
47452
18690
34051
40468
19440
19863
13580
24301
32212
17340
33447
16397
39024
12163
30571
41239
41695
10641
49014
13584
2091
38239
31787
43995
5299
44107
42522
398
29738
30331
6963
39039
27857
29221
21003
36743
2136
6199
5532
17053
24459
2239
40952
17334
16190
24036
15224
37323
40617
10755
6481
3170
29006
11669
1069
8971
1761
48208
654
3035
44805
34218
16349
37653
36038
20729
27504
32786
40933
1465
21031
30197
19252
28605
16064
19208
36719
25325
36153
47690
40825
7309
4193
47967
28122
46294
27950
28554
46479
11168
33771
47944
28079
27868
19944
23478
4776
48944
49604
29361
13792
43614
4274
35796
14096
23040
2114
30336
22468
5511
3321
48114
19659
35118
2990
7253
22927
27977
33730
33655
23685
15693
19655
26721
13680
15111
44157
26358
8764
32838
21024
19210
22296
10738
18079
18991
38131
46131
33387
4567
40584
7001
1678
3455
30481
21656
18227
40542
38304
5317
31758
37104
46014
2537
8187
36024
22011
46765
31040
46720
43050
2759
21734
8309
29871
37885
24477
42855
40417
21411
24509
47958
32503
47412
43307
40816
19542
30857
2181
19458
49322
13791
29748
31414
49093
4506
12387
43128
27059
17620
14497
3896
42792
13179
7687
4860
34320
29336
41175
20468
5783
6101
29206
23285
872
42630
39514
20830
41570
26439
6796
14718
18581
37997
7755
1487
10705
38972
8987
22671
29792
10590
39653
31381
30731
30608
27288
48547
19927
11574
27286
37144
28485
47013
39006
41580
22161
40284
49860
6269
27668
21166
1225
33466
31931
41155
17848
12330
13391
1983
12347
21374
30937
34049
43698
3727
41893
35271
36431
45362
41910
45747
40402
27134
40134
35386
47931
299
13653
18785
22959
29491
18009
47648
11747
47247
9941
10955
37922
16201
17466
20744
40696
35258
19845
16895
1784
30007
44295
49296
18200
11038
28437
21022
48974
45219
38830
36145
18041
18410
16518
22686
49935
38537
49303
22092
24112
7980
4814
16423
13939
29813
12362
48128
29380
25020
30049
25851
713
16280
42266
28358
31474
27749
30347
18876
30856
46461
40421
36149
12404
30462
2062
123
49315
16176
2061
38041
14541
7879
46699
44647
19160
44312
24392
23178
33253
15561
31478
42876
45286
11594
14009
38051
38067
48205
40351
24173
19778
41935
48429
41545
42929
43641
16557
35805
35342
810
46454
13798
45020
29124
4259
20136
28198
12938
15033
18516
10473
4491
33027
24270
37102
6318
29591
18831
32258
22626
40189
30679
46897
41513
31339
27487
34068
12277
6975
31447
49603
7913
17421
13520
23517
20277
18416
31523
11656
20085
38236
28924
40301
47505
47803
36320
32377
9567
17655
10027
5666
28524
37957
39274
46332
42178
23980
25464
4864
46297
49096
22488
2896
26172
38393
37211
45278
25829
628
20540
27750
5617
21803
35564
21777
43582
15737
29558
49427
11985
26928
42310
44027
8100
16707
30931
4429
13671
32063
26429
39422
8441
17187
22559
26393
33803
27028
352
17204
48831
16694
12182
14849
24592
36929
42905
18067
38036
25266
23531
19162
11395
45631
26255
36797
28320
26968
5425
20236
34685
28138
7260
999
24470
46341
3920
13914
1923
16519
48980
22090
1481
48996
33256
12531
1863
12821
38283
26667
30059
29450
21701
25769
49741
47579
31329
41064
7062
24508
16501
27969
27706
20873
28580
32038
7232
32439
25417
29391
49824
35211
7345
13363
35978
33416
27038
29346
36226
30485
18957
28165
11416
6542
44017
1394
3933
16725
29660
8234
28916
46507
20562
15915
5355
34004
20514
3494
30512
46110
2060
32817
37279
6718
13917
26671
46654
12524
26689
20799
5000
49452
3288
47769
28896
43085
16739
3228
21435
7136
343
18621
13623
14454
9942
12911
24971
9842
39852
49740
42451
18829
23881
39003
894
8655
4903
24978
25083
15065
24830
35420
8385
669
34354
28220
35014
47962
48998
26663
23853
25725
42119
14270
34319
38800
43693
10694
23777
1196
48984
38663
34055
37568
48699
2514
25056
26628
26518
33640
26690
29925
44683
3425
37088
1940
43246
42721
12573
9162
35052
38044
28029
15364
13215
10813
35631
47181
3163
9200
9463
30451
3452
21067
11214
10743
36941
47645
31728
1457
40917
40185
31337
28263
47280
42093
20884
14432
48758
44771
17796
12084
1557
27381
35460
9554
27478
8606
25906
11141
48695
16417
21648
42523
34026
49770
37921
14954
28734
2018
28870
22917
45828
20802
13564
10521
9118
8006
39609
3471
5743
23328
25909
16143
28337
17817
19645
9006
18343
36408
7737
19341
35688
13762
15580
49814
17638
16634
43758
5805
11333
17188
18867
49538
43114
24873
15405
37490
3617
38366
30254
29905
8928
29181
12106
44658
47022
41729
12556
47228
47353
48795
13816
6453
46919
7488
49226
36867
45354
29959
32518
46108
41584
24026
7888
4097
43655
38499
452
403
12792
5393
12225
20149
24537
12029
44046
23486
15086
45804
45240
8494
6141
40960
1847
37194
43051
32679
41049
41012
45774
38357
18733
20112
11657
18797
3280
26099
17176
28166
45893
37265
25298
9897
48481
4171
39757
17902
34972
519
17577
49712
46077
29665
41383
46421
699
48788
37342
1467
9212
49543
45629
49796
33874
33090
37138
49913
24544
42981
40298
49185
47072
26493
49393
40249
47737
6129
237
32740
40970
33559
9259
28649
23657
16949
35898
49416
16474
41603
46123
21036
34584
40761
17367
34884
8581
45081
1226
33508
15317
3096
42279
29467
12381
37673
45645
43525
17623
47415
14843
12833
5877
15118
14300
30284
37612
11093
13656
31895
38156
11239
43237
7021
35355
43617
25145
23136
45277
45708
15031
16609
46433
34713
34627
48679
46911
36774
32303
41168
37364
1497
18047
41995
3136
37308
30689
14002
47713
17907
9335
35177
3924
15728
7520
43084
11756
28286
26796
1267
48786
2883
36729
45158
30377
15567
220
32731
1094
38758
1149
3713
9346
27697
3153
37690
35157
10488
45566
11845
22311
36168
32498
45723
15363
10536
49646
22924
30043
89
17601
15576
36563
36675
20880
10577
24162
43404
44140
15010
15691
13183
23917
12612
19307
15310
27614
37487
4140
36383
5051
47491
4444
45462
43904
14275
21814
16268
33515
36390
23860
38392
32681
3697
4823
42499
38598
44734
27720
5233
45481
37875
11042
49592
17718
36716
31536
4775
45613
3278
8430
27893
44168
6629
44106
15891
24454
30440
6732
15471
30275
34594
33812
39988
42105
4312
17246
21593
10500
233
49375
25327
1954
41636
6997
6388
26296
15923
43438
28533
14219
30771
18703
9161
16226
23930
28534
25138
40276
8239
27650
2627
12435
16482
2015
47768
12222
21586
30502
31167
800
7351
47534
14227
26992
4911
13364
8499
18441
34515
27091
36025
37979
41009
38825
14361
17048
1967
33032
17797
8599
31529
35721
4224
31399
34984
49308
37014
30535
33609
18397
2905
3378
128
5181
15827
8695
48908
12967
33520
13769
7066
30893
11981
48568
25317
18742
21684
35216
49599
21696
18134
27737
1805
17485
39507
17030
42686
28488
26454
32852
17803
13604
36067
31936
20548
34722
13361
39296
3666
1932
27834
9430
13508
49041
32026
34701
25903
1975
48202
20523
22280
37188
43873
1259
41693
32078
13381
40930
10776
13826
28722
27941
39785
26248
40045
49334
38790
46429
7572
18024
27341
16246
16954
39380
7038
1174
41517
32891
36543
10922
5385
45698
8756
10993
40595
10424
42842
43070
21816
34275
45005
39360
13870
11144
41994
21657
41590
26677
14815
14490
18502
4071
6457
37270
7079
39602
38241
14985
43415
2577
30715
40331
5672
6531
18940
32388
3428
47495
8137
10569
25436
22853
385
38936
17788
19880
20400
37626
34798
15817
6677
30311
13808
35771
36143
14593
44278
6213
38715
42121
45773
32936
24264
210
47036
17574
42321
4811
41726
38394
15470
25809
30537
31812
10792
21884
26637
19005
11283
18188
17868
16509
10818
46139
45895
30960
10999
4812
6548
43984
40121
35190
11014
1336
6544
10077
34297
37326
39665
22665
27169
33744
46795
16547
5087
24177
18700
5820
16116
835
7175
20803
711
27124
12310
3055
9743
27227
24905
14183
43433
8256
41715
48255
841
38761
6248
7271
1566
39320
39058
47464
217
32539
6819
17503
41522
21927
34494
43364
11133
48612
6176
14639
16997
23983
22870
27490
12107
3039
1248
39651
40633
44695
24452
5389
36274
13741
20816
32514
20319
28059
43418
16455
4783
36159
12831
2967
14525
16070
1309
45854
46256
12940
25439
38882
40996
5133
19858
33475
43498
1565
48027
23003
28919
42615
1073
26540
35209
47547
17653
43587
17657
25720
45728
47300
4109
44178
29217
16257
9692
1672
41
19902
12035
2565
1965
42472
17392
37248
24379
24063
11056
1079
34224
1606
9390
36893
34324
16456
21254
27149
19989
11947
21119
13048
36609
13736
28418
20367
19637
15150
22933
3842
43447
24009
17539
10741
3033
41613
16101
1645
39369
27445
49760
39257
25178
34836
21070
16109
2482
10069
14238
30674
15944
9761
18707
31929
49473
3584
17062
28913
49057
36822
27993
17869
12379
20394
22310
22816
16127
19862
8832
8515
14216
47852
37306
19452
4734
43952
6651
4890
16046
42036
48014
35494
5540
17405
47352
23316
45991
27203
21811
12862
40543
1251
48204
1534
43058
22975
48483
38678
39607
10625
21977
24835
48776
14594
10725
25509
39810
18823
33437
3119
7095
45669
44654
47291
3423
7704
19975
16186
11622
14399
27070
6308
39808
2820
37286
7385
20878
39675
993
24635
12910
35901
46951
3745
5659
7357
3649
4078
618
29720
6846
24283
13714
22082
34528
46954
19126
3105
45660
46715
39417
11511
17517
26787
1243
48084
16877
48574
27925
32076
46440
45013
30079
11082
36964
34371
47203
16221
8660
42378
7934
19850
973
16901
35326
13895
5714
2728
29163
42028
39886
25343
17142
2924
21585
31980
15175
36553
5619
12515
13400
26829
2265
40320
25648
31539
10356
16490
5305
20372
14072
5622
12165
19385
33912
43428
27183
45657
36179
9062
42
30293
18444
19661
36654
24124
38685
8014
981
37640
19793
23564
35000
11092
18808
7468
8618
34415
9033
10325
356
29817
3731
45718
1643
24257
7362
38258
9852
43987
19763
36302
40269
7979
44807
21305
31714
47890
20589
25831
30886
13245
49001
48329
9940
38849
33545
40213
49313
38960
18338
33881
48882
30437
28328
17254
15894
32411
44415
27501
25166
16681
38695
43248
6132
41825
18517
5558
40231
13436
39223
31804
6872
39425
11264
21681
27128
32441
46880
22108
23688
25531
46143
49806
12077
38382
3832
36140
49218
12904
22177
15865
43819
42517
28018
23315
27879
30632
7977
9258
15191
20177
11505
3023
14929
7832
11352
22842
15324
12707
8105
25406
21563
34216
46974
40125
8055
18030
9628
22404
35060
3094
46324
29439
2686
41092
47834
30357
27377
20571
36975
23293
12681
26622
3175
49442
21509
30591
3326
41491
20610
33161
13561
44397
19543
6523
19428
32342
12772
47311
35215
18853
30216
49146
23731
11494
10998
24349
9638
3286
4855
19579
18033
17757
31108
45526
34187
28684
28175
44064
30948
21936
17231
31571
43590
4710
21063
29261
45514
11507
16339
47319
24279
5893
29452
32158
42229
5313
25455
9599
26333
26440
28120
26060
23648
1162
37608
29371
10223
48619
42769
44839
8654
1937
3543
25024
12838
29994
27747
37469
19006
3660
12459
35493
45057
47661
43827
5990
124
15665
16773
33901
4886
48376
13068
35917
27943
48608
22351
1302
24565
28672
40280
38504
38966
34034
39692
17845
45214
22604
19947
41313
22111
32282
18769
7654
39334
3902
31890
40238
45503
18305
537
29017
6327
38688
45898
9297
36607
9253
12984
19546
23692
32626
27194
29647
6301
29517
25295
48739
30638
29666
48823
17876
38383
20340
25505
23580
46027
33136
18327
26152
2879
8001
42438
22710
17423
41162
28825
284
17494
24059
30842
27314
32041
3681
45520
11096
9063
39096
42407
17056
10380
1190
17745
48020
7900
22453
47617
6435
15554
481
10442
6615
22450
29294
164
1762
36323
27131
17534
29516
18433
20424
38435
7901
18413
9195
43599
44184
18401
19708
11867
27700
4360
4907
32154
40977
15863
2520
43940
33249
18206
30093
137
15045
9778
46351
29216
25917
36049
44925
45146
717
18102
6059
11571
39204
33338
47447
28715
48112
783
17686
44488
9257
6060
19207
3687
25223
6775
14493
17228
9150
20457
6980
32221
9514
28719
49344
21211
13014
12880
46627
26485
777
8547
42108
17456
10921
9366
45653
34966
47301
48506
15366
45336
24146
48540
526
38732
20578
35835
27390
22009
45482
49028
12914
47145
22856
33933
47626
49228
29192
24996
4732
38585
28744
43094
12415
240
24601
26128
6204
19643
270
11236
46810
12742
44052
32023
49983
28886
2669
1203
20370
44720
20439
44969
27831
12337
5155
38484
49797
12004
41866
28344
45159
31652
36971
13926
8180
14974
37103
36761
13701
40270
2476
19224
31749
46888
37243
5168
49812
45395
12898
49097
4938
7438
20405
29005
49991
4624
19203
864
2863
18651
42565
21564
31654
39209
17716
33115
23010
48728
25923
11058
1997
10190
28678
2487
2628
6811
6786
5723
37713
28728
47069
21527
43275
15237
721
27589
17525
28569
5927
8044
24552
8476
1873
33201
29875
1044
36137
47437
23814
39711
17880
31403
17691
8217
41528
46283
23676
7834
18713
25992
25059
36151
23216
4950
18174
39790
59
30849
11665
41858
25836
37824
27867
36992
28797
8719
43642
37185
2142
5632
49470
803
18259
14734
28295
46083
44242
32230
43350
9152
20982
3823
37582
36904
35861
8884
762
14065
43961
26692
5650
30269
26136
28683
3123
1312
7591
44846
34569
14517
16988
9020
12412
31106
33993
31661
21546
29854
2298
11835
5020
33174
11824
15295
38914
44478
2274
42511
34957
16607
30015
14591
4799
29394
33439
11653
2755
2498
21938
35334
35786
27531
1220
23667
33971
39440
44993
15062
23739
44895
20750
36482
30413
13783
21134
6874
1146
23866
40867
45048
3818
32124
20603
35623
9074
36133
20361
18632
31676
42704
5061
8162
43991
13749
9787
45262
20056
11691
10688
42271
7797
42453
45047
33473
22086
21600
44260
26470
39744
25802
46073
13991
18609
19705
12848
18445
248
346
44284
19409
12499
24274
1206
21943
41973
5152
7237
31147
1858
41637
37192
23942
14672
14670
14960
2399
10337
48178
7428
24521
185
2595
22848
10456
34288
40618
36428
32897
21286
9031
17319
40810
6360
16434
14980
29982
7289
30263
11175
41442
20011
48655
36720
29926
23568
20310
47018
13025
8619
49115
11009
24355
8007
26231
37631
29641
38149
46472
4736
21493
47183
20029
36635
27968
40877
29405
30447
19580
30967
42376
40168
13082
2128
29992
18688
6964
27386
24806
18471
266
11838
11467
11275
48378
40807
44942
48870
1383
10425
8595
17723
6645
28289
4304
15792
22817
39381
31780
44043
45226
36289
15607
47472
25707
37779
41657
38013
16422
38312
14659
17471
23326
22198
30316
47892
1412
17129
23068
34011
43647
29388
43230
43622
43601
9632
49686
48286
32804
17177
8165
7198
19473
28930
11676
32424
4869
37617
12325
29331
18722
36895
41198
27550
5277
34773
37011
9887
32196
26592
3274
34673
19343
36335
662
15411
15636
28037
26078
30824
26536
31272
24999
23810
8423
25028
5433
15532
22810
48347
9712
44766
22466
49323
40173
48464
48936
9353
11654
6243
47849
27465
9141
43804
11754
21072
5197
38246
2855
6242
23728
41402
49652
34036
4307
28269
30156
2262
7281
21636
5660
2678
8304
42590
19370
49124
36815
12089
49032
29712
24551
29711
21360
4264
30317
17380
39064
43548
24407
40279
40217
23675
37896
3822
2217
21030
49126
19325
16788
48617
6281
41814
8356
10311
36616
1817
7964
29486
39792
35191
14990
13003
41836
24488
10246
30518
28057
31759
21489
1613
45366
12676
22962
4838
22986
47556
19429
30360
31280
9890
13515
38217
39631
36480
16408
30878
2044
28760
7534
48103
20187
41531
3891
18431
44112
21291
17383
7470
39538
10375
22640
46855
32655
37929
33042
34309
41990
451
39735
4158
35876
7339
19469
2058
11974
23263
17628
14315
28388
45338
21436
31960
4222
7883
31790
16506
4892
30339
22290
39413
45387
45110
2721
9060
10249
7135
8885
42075
10419
13107
22869
32454
6713
31921
6895
36257
25197
4269
35742
5343
34450
41682
15911
28624
1962
14030
26662
22926
36338
45199
12274
38534
4275
5482
28943
37818
43584
22399
18788
42165
31884
3759
25365
48801
15183
30040
21177
31802
9832
22874
1001
1213
9893
40722
40709
47310
47914
37038
26370
8319
5557
46687
23979
37729
35124
32362
1881
3367
26990
7235
29639
16294
36611
7638
31870
23032
31504
10378
14082
20418
28403
3513
22802
39927
46405
42145
19624
34033
43359
27076
29691
9336
17806
20787
29597
15749
47392
5392
4602
7692
41088
1360
1599
22052
22971
32141
15095
18907
5105
9870
22879
24925
45175
10533
9172
47859
29907
3596
17120
12561
34397
28174
17576
8468
15166
7229
6027
22732
18694
38086
25753
6155
32004
16340
28964
48846
33391
9856
6585
14169
14237
30600
11443
8129
1861
23043
19922
12471
49275
47237
10988
19499
36585
49500
30021
41159
47439
45417
1284
28162
48649
1773
12343
37848
9459
2852
28547
5716
48164
2545
28100
30573
25918
26091
10856
42879
30570
18469
32254
29551
2885
36280
25621
39119
20061
42455
38291
8729
28949
45844
8680
43753
4871
22263
43691
31213
20137
37476
1103
47828
20640
46568
40077
18950
992
5095
8745
42771
37362
45071
2837
21901
32575
37233
4909
26131
29041
49877
30103
21888
11552
32682
11332
31566
35314
45471
8443
3503
8698
27842
29157
17250
33697
31209
16086
34392
15383
20410
12727
10982
10839
43153
39123
40115
9717
1509
14812
33040
1072
47562
5847
36139
4613
2606
3569
14560
4021
19412
22034
49454
36237
47404
41100
7544
28092
19746
11401
23706
18725
11415
7791
13379
42737
42162
47560
15917
26184
3366
41397
4984
32906
21095
2424
40411
1151
49471
31231
16270
24307
20486
46245
2878
15329
31391
48409
20215
1002
42461
3526
19869
26933
4337
469
45953
46544
34612
34316
30854
38030
1264
6522
48774
2423
1715
27880
36358
35994
482
375
38123
6312
1963
35603
6097
22414
35244
45329
4493
29668
20341
48300
2601
44666
41013
7435
30367
33146
36218
14907
48943
36377
32306
21107
3413
24294
5628
29242
16094
830
29492
34290
19618
29102
41173
45356
15740
11242
36963
9825
24472
8614
14328
12815
37627
45808
3193
19189
26186
4447
11360
22688
41997
26503
47055
29401
31415
15336
46240
22743
49121
18089
34481
26917
34522
41786
3265
1463
15994
18874
9310
17850
49297
4023
4989
40401
37154
13545
20375
2995
30233
43741
14780
24246
20599
1714
3711
11398
18013
1543
43833
7102
26242
43269
15377
47894
5762
26916
31379
18415
39569
47475
13424
40660
24679
27970
45064
46496
4937
5744
34280
27101
35482
3816
46729
25609
34956
33309
25763
17763
13759
1988
49967
30133
72
3095
43190
31392
19454
12425
31717
29510
15060
4389
12686
41957
16136
1400
21846
36339
16963
24715
18564
21874
13039
24447
22078
21423
48341
22493
45821
10066
40215
6317
8667
29399
38940
42509
26467
14180
2059
29365
32899
6331
18992
39262
24047
5157
34874
887
8125
15801
25576
3838
47929
43570
31911
6462
47118
10447
46550
33973
15430
35439
23276
22322
13735
31124
39526
41641
9536
32430
32114
18298
16831
20366
47731
32615
3206
23770
8466
19377
16621
43654
13498
23835
49680
32396
40765
35487
26392
21550
14008
2941
44747
36747
27662
29588
4702
38261
19168
30517
46861
34211
5702
8890
29928
34183
12897
35775
42312
14127
48567
5439
35178
47104
9066
14345
30436
49828
4128
7590
38831
8733
16973
5914
43067
41912
22403
23187
44128
25045
45838
27204
45764
46460
8876
37609
33622
47916
22722
747
47329
7239
33573
15533
20987
2402
44398
46694
39444
45870
14858
38883
39363
12367
23102
15403
26784
23899
26276
34459
20767
15227
18273
30876
16800
27766
39801
12375
24626
31198
33215
38418
36355
22285
792
22747
19446
42427
36511
19026
45381
41245
42971
17069
38364
46215
4906
538
12227
48561
12528
38037
20490
43730
45639
3013
22433
36078
46392
15837
44733
47151
40570
11464
30104
3282
20858
23672
29760
5015
49002
10825
5500
17377
27242
36824
22016
42871
16440
16813
42658
24081
33333
45890
16353
663
19056
37909
22673
17136
15707
16468
48105
48512
11608
19280
9512
46305
20875
36403
45508
29479
35336
30042
43474
19836
23223
38982
21950
37615
34264
34847
44563
3098
7065
578
12788
12478
5232
16498
16452
32378
23718
2644
495
37536
5229
46290
7799
33807
37584
11572
39719
31527
46144
48283
23065
27022
5290
49947
33492
17447
40743
22852
41204
27771
695
10268
30587
42289
3542
18365
2068
38684
26966
19844
45041
42689
47785
45907
38730
3527
48053
37451
36131
13663
11460
16499
38746
30151
32346
18622
35657
4038
42898
49307
12953
31750
30003
31777
9780
28085
42013
49170
41207
44174
21402
42366
14334
9854
20788
6527
24792
29169
35986
5937
1013
37171
44030
14297
26611
14729
34300
47868
41683
27664
39499
44463
33532
40772
35832
36089
29372
27259
34186
11169
27532
32860
32315
44007
17934
4428
7742
23740
8265
34502
21556
2208
18880
44440
34780
33411
2870
3411
21464
463
25618
44501
1591
25068
2810
39407
34076
37376
34887
4711
47587
39986
2429
12272
27677
33108
10202
26877
39922
30956
12886
16030
24105
48158
49921
32614
47195
27285
7220
6985
28853
11849
20789
32127
2023
1546
14804
23062
22483
26862
6777
22067
19494
31232
13285
14949
43739
47689
14810
16614
32785
44541
2662
5162
1842
4700
12895
28860
16102
765
24435
16657
22482
38912
40553
38873
25274
26209
38397
30652
45194
29214
15926
23723
18993
41734
45361
41365
35369
40365
10334
48912
32445
12679
37282
23992
15418
34573
39246
48667
24728
37366
27352
33825
47213
23444
2152
34726
32955
27470
37807
27566
18310
44868
22717
9980
41379
33600
34606
8996
20232
44049
43223
13664
38923
6899
18955
10613
20354
47895
9840
37987
41444
42770
33895
18374
12876
46738
14551
267
34001
2216
37792
42500
31196
39313
33130
17025
32260
21855
9409
23420
44562
30387
21084
36848
24859
7391
4947
44904
40844
25118
40656
10895
17514
21007
30023
24202
15070
15018
19036
46761
14148
10991
345
20974
31378
22389
43532
16055
45505
2003
23441
37392
23280
9087
40830
9471
47155
13560
8945
12452
24520
38827
23761
9949
12199
9283
8306
23780
24838
5318
31402
13299
20958
23702
6659
49942
31084
32201
43523
22281
18764
15949
5671
15552
24328
40893
44505
45823
35852
17530
11204
7545
40489
27358
5957
46676
834
18598
38578
1972
23786
28631
41114
4188
29249
25973
32149
49688
27781
25106
32052
16642
23737
12299
37721
20582
23859
33952
39452
1141
21158
42803
33817
19424
37159
18474
16929
22965
37219
4988
24732
39940
38434
48877
27264
26208
47216
30150
20115
44624
27783
18394
16418
40152
8871
38633
30096
23386
24489
46298
33244
1076
489
3793
46425
21478
35422
3331
7206
4893
29579
25449
45284
12346
21810
41473
25113
46501
9886
48127
37079
39242
36214
17898
28169
35137
17060
16502
410
45025
33453
8123
13280
19628
6639
26203
5099
36463
22288
12687
11207
27921
12873
28038
17156
44365
29150
9225
41591
24411
48489
45093
9140
32460
26869
1110
2958
22539
34266
38906
48077
23845
29857
45305
10056
4276
39611
48978
14707
18952
929
31208
12885
31773
27182
41937
37694
28357
23784
17470
49117
42159
43668
14448
26247
29557
1381
45968
9702
36871
19590
5287
21688
38943
558
48484
14544
2460
29059
31721
4413
44648
46447
28026
40939
48242
34358
48383
48962
43650
19525
31926
30235
31130
14531
23557
6108
47925
15669
23033
18877
13386
21264
8810
4042
31546
8262
41247
10913
46057
32696
46276
3269
47946
26157
36054
23056
16829
31151
9699
43755
11026
16180
2928
36653
7301
1554
14792
32632
8600
8868
12468
40254
30609
8382
20998
35453
3970
40266
43123
7450
28841
32713
1659
5167
7811
35598
3724
25286
46530
24768
16124
6764
24699
29139
20568
10823
41521
17202
685
32278
31930
722
46477
25804
23234
12965
22497
28274
27357
45318
47091
1747
37225
33078
37599
13012
17811
4301
25485
18212
16907
41716
11021
14782
42025
1177
29464
43989
3735
13032
47025
32343
14012
8883
26001
12031
44204
24900
44898
48491
35822
29996
27379
46317
48751
13070
10291
16951
28809
43294
30646
22535
16892
4214
36004
12230
8834
24541
21377
38582
3699
29488
37808
22910
4032
46193
30018
28185
34634
21060
17551
49501
33331
23113
36040
35956
22436
12758
40263
7657
14807
6799
25960
22158
27527
27483
18635
43797
2273
27535
44735
33065
6982
11073
26510
7957
45297
13024
3925
30123
15050
30504
32645
362
174
38686
41476
15591
6950
21081
49362
25512
28992
18454
21389
34237
39857
48521
22773
39957
47049
14683
21227
11888
11983
8942
14492
18170
42553
43018
15315
38601
30821
3986
24292
37208
3256
47465
34777
31352
28759
7081
19952
49305
38591
5829
33003
14576
47609
19848
8101
9453
66
31973
6291
44687
49917
21135
32325
7903
22530
39949
40906
10197
49601
2760
45091
23690
11854
15389
18005
6017
26775
23301
44714
46384
17424
13666
19393
12116
25565
43749
35198
737
40602
20650
44621
48991
15747
10989
44355
32807
46650
41896
17047
5903
5275
30698
32505
33076
47706
41623
13910
2942
29701
22716
35882
13568
47052
10142
18514
45205
9650
38203
14354
8846
36406
21579
42138
13158
14408
18767
6970
44015
19010
10304
27444
4503
12924
1820
37554
25221
45579
49663
6750
41834
42298
17212
26840
33220
43922
8059
13605
42217
3214
32115
45129
43055
46498
23846
19153
10157
20205
25271
4049
6734
25888
34831
14682
27796
6202
1006
17444
18680
49237
19
40751
43916
42767
33679
10105
32854
46395
42806
41674
27905
30031
33577
42479
13148
28243
201
44200
47841
28444
31417
21504
45541
380
2321
26179
49070
35613
2788
27902
42765
8882
9365
33328
31939
9342
34643
2563
31398
6706
8913
23578
5774
30942
7286
49519
18004
44948
6806
5071
10894
33811
11555
26624
3230
23812
37954
4212
16173
17244
29117
24100
38466
37999
34401
35410
6709
41128
24498
23823
7775
13175
44704
27108
91
21887
13151
28065
20863
46820
4206
18123
18012
47471
26629
2143
15543
20798
44727
10130
19214
29863
35744
36098
2750
21073
42902
8449
21438
38140
13201
48723
1667
35293
40259
21576
9820
5740
2446
19106
6116
5331
6111
6178
46549
21961
37654
13912
1155
43304
8714
44885
8359
8298
30074
36413
48708
39806
14377
35897
22900
17052
9001
26020
45647
23725
38272
23479
1896
48706
18122
31915
43619
18640
35184
17438
12889
29906
45945
40582
23858
13800
39002
8611
17375
33380
10575
6322
18095
15174
36603
49528
36150
21381
44435
19565
19415
25441
19437
49977
49694
21263
12312
14461
30398
16045
48331
39615
17969
14265
30668
41930
4002
49413
42448
28810
4181
35
49714
8413
16957
16815
20172
10900
49706
41153
41486
21723
3497
23087
34790
21428
14410
41560
49640
37738
44642
16984
10604
15910
27918
33198
41864
15158
37619
11741
9809
9022
21691
9426
32665
3064
31207
1222
33598
35004
29058
44815
37552
603
4511
43243
31873
6966
39426
49945
16617
28090
12263
38112
27032
34709
47840
44080
18701
49345
24002
25507
41985
20534
31321
36286
156
43889
2981
18805
44661
351
40650
40106
20144
36037
41371
27642
26983
7684
7363
20692
31746
30797
34108
13484
48100
27666
726
35636
29788
35728
48864
34698
15661
24237
33588
26009
29615
41309
38060
12076
1198
42005
40463
7992
32596
17838
24994
13535
49341
26790
32421
41104
30061
44358
32748
16675
24231
17128
13801
10404
42167
32160
26229
29075
34687
35356
34745
45325
23009
33561
28206
238
3125
39519
26182
18462
7864
7471
906
43760
22948
42164
26835
39200
31694
1653
31190
43556
2799
1170
39176
32147
3919
26502
10229
35709
25859
11800
405
49880
43878
47388
48038
21287
20152
24021
979
31228
29296
10390
30476
13000
38487
46342
17018
43392
47317
39648
36295
41264
20273
26145
7006
28567
29769
24822
3353
44696
31457
28112
20851
35345
8267
34981
24729
21676
27488
47571
5806
45447
26212
18465
24722
13496
28362
27430
29878
21444
35760
17350
34897
39449
36343
38647
6493
13239
7152
18652
10581
37459
35156
32973
15290
21559
22262
29487
15582
40127
45144
49674
44235
10793
7929
47789
4820
27235
3377
23962
29860
42535
49660
10173
280
27769
25575
45139
32243
27462
35505
26801
9149
4200
32892
10159
26613
8080
3943
30013
35525
6742
40495
19680
38649
28123
26423
48166
4513
648
15348
7374
29422
24128
24114
21567
30368
23775
8445
15600
48765
1152
35008
20316
26121
10957
44565
45913
3821
12304
19823
8647
29934
25651
31739
24423
16347
15719
23540
39708
14147
49669
42113
47330
38852
32014
13054
18978
43549
25366
49683
48955
14895
19588
27900
7291
8181
8836
19095
2079
10183
3605
20404
15347
46661
20553
16830
17786
42852
23841
39315
32135
28862
33194
28821
48535
30618
9137
1556
2513
40383
15180
4683
40435
31294
36352
25003
8589
10886
409
37001
20364
25678
28902
10211
33759
26566
14691
5226
38566
33838
5004
38143
37559
27443
13899
43260
43522
15579
5312
5686
29582
47315
18626
9675
44707
24028
26033
26129
22056
24917
14323
636
16994
4419
37652
49541
18869
15736
37587
21613
21416
6772
44850
30153
26972
34351
6782
9130
7504
3057
49181
5143
19663
42525
9002
32101
7190
20694
35562
10259
26615
45792
17201
47430
16955
29066
40662
43975
35544
44109
18654
48186
1695
32842
44767
17269
27851
40342
12393
9041
36127
28434
8439
30329
8564
49639
34446
3141
20239
33937
45925
1411
25615
8859
14526
13967
33882
33776
18425
32097
36
43632
2536
36071
35255
4916
25173
25942
28226
35506
3359
47888
29211
3869
27704
8573
47110
30958
22734
16329
20906
20812
37245
14574
35854
35332
9542
4512
12699
44967
29501
25203
42345
4342
28952
27129
8931
49236
5044
21596
1852
19882
26083
5001
21713
14802
26709
39354
26614
42334
24323
18405
28088
46026
36948
12049
7304
13557
20926
8597
48770
8232
43511
12186
30402
6513
8709
31828
34170
16494
10580
22556
12130
11383
49147
583
48307
38269
44793
25462
363
23424
47775
7782
10826
47440
22703
36911
6600
18911
22889
42242
48856
11599
20641
3456
46559
45333
38513
22952
28077
47627
38902
10718
48607
9502
5074
3447
44520
22270
43727
17546
35252
8524
47103
16146
41410
35734
32188
49907
14796
5480
38989
29791
26698
7134
22992
27564
34820
49430
47125
7768
7469
17694
15289
47747
9559
11905
20039
9360
38734
33543
13744
12881
18951
48578
5733
18925
21869
45710
19910
18220
4873
48097
1232
42319
48957
47017
32015
38174
35875
37158
1007
10413
22784
25490
13324
12190
28818
30747
41970
2956
21327
6151
13865
39215
12989
48410
30033
13072
31686
4338
46005
40433
7300
24418
39406
5741
25732
10804
20497
37508
33552
15616
42734
4965
11967
48365
7680
49861
19886
6838
17344
39568
37745
25340
13074
45960
13301
19094
4863
2782
42783
5148
14201
34291
6744
19324
17933
21006
38330
35319
17408
23959
44464
9282
39032
20993
30562
44103
41841
46364
34922
48892
32495
22366
5475
48446
5390
20190
12289
13019
38857
24046
7118
134
39331
2524
49535
45114
4445
30851
20373
9340
9101
8550
27582
24935
12110
34133
30671
9338
45189
842
5799
18736
49732
9151
8588
49780
26922
32586
37735
12636
48089
27120
23686
14199
28525
16968
20262
44681
17089
12695
45892
43126
40871
32499
14204
45320
4920
8120
33907
31832
2650
43781
24928
10893
19729
12382
31335
5046
2179
15952
15360
41457
37352
39464
26710
10751
36447
21497
21413
23431
47680
32087
4499
49911
28612
5259
43161
41604
41946
18302
32191
11784
24185
18293
35513
15560
30117
28283
47984
30784
40819
23599
39625
18214
35328
42860
48676
11020
43205
28859
11143
33926
14498
27350
39989
9242
5752
4076
43065
33680
13291
19733
13739
23173
21907
27643
2290
22372
17805
43465
7233
45996
5129
2535
8598
38820
15234
38473
22155
3200
3246
35567
28296
10482
48288
14223
11639
14999
5140
754
28323
44930
13670
12075
43720
41071
10054
38727
25385
27654
19408
42823
46754
35912
34095
2692
14918
16058
30136
9988
40297
37276
11860
49750
2098
37231
14963
32283
12611
14474
35594
12214
26841
214
25002
32730
47780
32781
47880
40556
45998
24324
48466
16350
18781
41847
18944
18583
4192
48557
19039
9203
35105
5302
30859
15110
34054
5285
42219
39783
35441
7418
17055
43700
39107
17163
31589
10017
46695
34482
12847
32099
11964
24148
36717
25946
16992
29315
15155
45109
13334
3662
3225
23710
22345
13879
31253
23609
4801
30176
35527
13221
5658
22375
2997
5402
16152
10747
26717
38741
24580
31032
22663
6917
43419
42556
29987
5761
13096
8230
41408
38670
10273
44115
28414
3965
4060
37733
37452
12052
3148
892
14868
1096
47783
19689
40870
3877
45227
32631
49034
23054
9680
39020
18240
8571
9245
18260
49109
32320
37978
37119
35576
301
26533
7921
13388
24945
37914
34949
40132
45961
12525
46772
43365
49666
48220
5688
3856
14233
10541
39173
6934
38627
12016
23374
46186
22892
44297
3121
11556
39709
39036
8975
46971
46020
8805
35586
17100
42927
48560
26142
18042
10670
2528
29821
12420
5351
43048
12080
17302
27702
17947
28699
23936
1617
11684
28539
40538
10653
36801
4651
12410
7354
28794
36111
6860
16267
14311
39288
47537
27060
31682
42560
29908
37915
18371
11015
2381
12552
42939
32927
1158
34015
10108
16132
748
25461
44367
45469
20768
29512
36381
34452
20274
6319
14738
21318
38970
39478
15871
33046
6329
6374
10918
39670
26434
4057
40868
40677
6722
26115
42324
297
18628
19287
29272
24514
12039
31678
12869
37341
28526
8837
2723
22174
26582
13724
32974
2011
2294
25315
40087
12555
14005
28284
1456
41984
20214
33743
42022
19253
48433
47026
32989
13043
17432
18809
6362
8847
13081
23778
48592
36980
24
23286
48889
29787
25092
9052
34993
46370
9714
42571
45285
9232
27274
2711
7865
7614
40965
3155
27248
8678
39160
6430
26088
2624
13823
26206
15335
27726
35155
8616
20142
20227
42231
7630
18522
44712
25142
31666
14032
40818
10749
45272
49798
10623
12386
33207
49571
6726
44418
42598
23318
49311
8333
3420
47528
15991
16824
13702
13883
30889
18551
2457
41819
34982
16450
7276
4296
25882
7773
26570
13915
4033
31471
13465
29879
34238
1491
14277
19810
17132
30767
2393
47640
23707
29428
23057
11951
32795
3512
8819
40638
43656
23693
10831
9681
4406
16178
16081
34671
44469
8145
49351
23142
16651
31843
15341
9300
17730
11198
34986
45886
48714
28873
25550
31
20566
8649
40337
42930
4364
4642
11095
19961
31958
23681
2066
16312
2661
18054
25074
35408
14314
18002
29135
23201
28008
29022
11410
9147
42202
43925
42464
35811
41336
10440
8697
49353
34367
23370
2857
24634
47990
11046
48411
34913
36735
35398
4144
38277
26919
29560
5910
9301
5520
41737
1020
32155
15651
26053
23781
30182
32240
14081
1114
25259
25604
19514
7867
39465
33538
24695
10762
45569
17937
42956
49883
13937
44588
30952
29826
22353
6277
39030
21827
29356
10009
4817
26871
21995
22868
42085
32650
24807
31545
556
14728
15091
48975
30467
738
24919
17172
43066
44638
8787
12443
27560
24221
40559
31785
44455
2568
43370
5641
1000
8665
48727
32649
19275
36319
47204
30602
27928
32285
15951
40023
47922
10558
1775
42441
14184
49030
25741
37164
17782
24826
30790
7108
26923
22265
2227
9908
28157
22509
6977
26096
22071
9690
43133
48081
8803
17173
3756
17982
4209
41898
39264
19154
40037
46517
1209
14288
34672
10448
29319
39193
39853
45947
48006
33875
31257
8030
2539
12358
30248
26132
28197
43826
13352
25156
6073
20664
19895
43198
9343
38285
36461
35954
25240
49167
18034
33842
47613
32881
45201
44814
34635
33756
22791
17054
47186
36960
22154
5890
30187
46465
45434
21116
46451
49152
11714
27025
19430
19529
17809
5648
29536
48229
16378
16558
48132
13587
733
9728
23844
41344
2767
41282
20436
26783
1783
8917
33038
30009
4223
32055
12121
31201
16169
9202
35273
34867
38995
9387
41179
36453
3112
19732
44277
926
21455
35565
7812
4198
984
32309
38402
12632
48406
29352
18159
29606
26820
39975
48881
25130
1558
34416
37081
27355
23753
14559
14892
38787
4397
9050
27818
17384
48262
27953
36361
12585
20226
25950
377
20130
6292
13540
25435
46419
5163
46595
21883
35188
15763
49747
47650
27899
5437
17987
37833
8340
8229
19864
40059
34485
44086
30971
43535
43289
3015
21401
26802
4543
30687
38154
15936
15613
21806
22751
42877
6302
7714
3632
19760
9127
7432
23446
15478
48838
15700
26281
14403
41311
30458
26067
4121
45977
21755
45727
13533
41119
27106
15897
27712
3075
31233
32516
22550
18623
18146
9564
13835
5751
19955
33922
31947
23704
10365
27632
5356
43032
20912
17778
45106
7414
22489
10480
9678
12623
23383
41171
41697
35892
27703
22079
7598
7556
21699
4430
42996
12569
3243
29076
36769
19510
49545
46264
3126
34174
5436
17608
16551
29465
24271
48221
14758
33057
47141
18559
30344
24222
15148
18833
44390
30625
29948
42710
2182
41102
15106
34112
21942
33071
12112
12853
18178
1109
24547
45521
35825
28147
33345
29253
28996
23046
7046
40221
24079
39931
45713
14656
47920
9023
38191
21868
24569
6252
36326
29809
19119
26303
37583
4216
5202
2702
4671
2798
31328
5760
48534
23741
10117
35396
5373
27817
6827
38742
38781
42620
6056
32692
31604
159
1178
772
45324
41823
41195
34604
17828
5053
24482
13132
43664
43282
9055
21764
26240
48946
31276
30501
23095
6787
14423
48107
2305
24825
21854
18230
28298
42940
9676
42800
8008
18019
6680
33114
11798
43822
29609
39634
10721
21099
44783
42326
43278
39451
28248
4857
35612
33840
1093
42414
2494
14587
43046
15059
47523
3129
447
9231
5947
44377
42010
28523
39004
12700
30434
24359
22077
10598
4299
3604
15914
19381
8043
24125
32737
24436
25386
47561
18292
38446
36211
43432
35774
21010
42853
24012
41116
27588
46645
15370
25998
32903
37258
5372
25200
26148
6983
20804
34863
21836
11013
6104
8721
48624
40835
24371
32183
45915
27788
9848
5590
18306
776
39065
8231
21147
33799
22601
18938
880
3088
45826
9061
10908
47905
35385
39393
29903
14911
22042
22384
8063
35378
14457
2518
41307
27892
24119
13026
14192
47676
386
32991
49472
34270
1087
9357
20765
22032
34615
42942
24460
45830
19609
45994
20434
8992
4616
2778
16473
2646
46572
28879
3376
28789
34008
41467
43090
35054
32894
9464
38520
46760
24137
22774
16389
31460
40842
30241
16420
36327
36488
39033
48206
1424
17426
8574
9605
43783
17599
44745
8295
8518
38340
7565
24094
2707
1950
8435
35065
42989
45373
37255
34038
42659
41727
28897
6665
10829
37190
23621
14119
18884
18351
8858
43585
6153
13180
6043
21838
27263
1058
48393
13493
4583
2197
35707
49094
43665
1537
4544
11958
19310
17946
2138
32118
25234
49971
7002
28002
49754
44427
33889
22544
23526
2369
7801
17683
11149
35909
26918
35998
11883
23435
7447
23581
37204
29115
43074
15838
47373
27399
15960
5076
9064
33239
44020
25063
31195
15559
32259
21032
21954
40944
47540
27770
42491
27558
41942
2521
2935
19531
39310
22427
36245
6580
22644
12146
49517
44650
19681
48879
17840
45636
5412
44606
43122
36184
26839
18144
6755
13455
38722
42539
45235
13408
22274
8286
43262
6062
27237
590
38657
32993
13704
4559
23561
42187
36120
27856
41609
48631
8016
15035
13442
33929
49085
5306
35185
2223
1387
20004
25805
13824
45248
8966
43157
39627
31906
22690
3706
393
38756
48528
25897
13836
19388
43607
29482
39167
29852
3453
17935
23510
30101
2695
44042
22428
5269
11421
9153
12653
33645
23713
32451
3482
5559
25049
6490
11776
16396
947
12690
47405
34020
42982
13710
35464
47230
45463
23203
46481
27344
35031
45672
27685
33723
19135
6885
9304
28601
46208
46647
2292
45596
19610
158
46334
43105
28241
44329
40872
42911
23627
40723
3018
49045
34296
16071
24566
15513
43538
40997
40663
523
24277
11806
39996
34864
34337
33002
47499
25381
33987
38841
3212
39778
40161
36466
14875
40394
25231
13418
31807
23069
42845
18208
6921
46564
32704
32764
37960
47073
22780
2882
45758
25792
19866
11936
41147
5261
44655
14785
13921
22244
27707
22511
13395
43421
6336
505
11498
4887
47735
13555
25170
19537
5387
34180
3501
21865
6518
29538
8259
30721
35745
25515
49761
18759
25195
19502
39014
8246
35467
41440
15618
9487
29121
43202
20792
26063
13177
21800
8248
45511
21984
40391
10237
36379
48426
47521
25454
7199
17847
38377
36907
45762
13660
564
17675
31036
23235
18254
32824
37986
46184
6577
34696
11300
25249
46383
32507
44220
6377
48368
24378
24417
14797
37173
35147
42418
401
46937
31165
35059
41750
21388
11520
45705
9184
11266
40169
9889
25738
14798
1865
10748
34464
4648
26948
11125
45321
26544
23697
34997
22724
40068
5991
12619
10814
17326
38113
37556
48279
31262
45515
39143
5079
30737
20494
22704
40002
10342
13574
36916
10629
27590
14059
40968
36398
5533
41598
9511
32305
30999
43933
3642
48207
48495
5865
9011
44810
18935
11759
38850
33636
9216
16281
43309
25759
6791
20800
44339
32316
36430
3929
9982
36578
18777
26658
3535
23756
19738
37340
23857
30340
896
33405
48993
42978
16072
41606
937
15908
22638
8004
30373
40392
22835
19351
48999
44239
26599
17235
26906
41748
49193
40541
45696
28900
26038
11285
14958
28942
15358
29318
43740
995
11940
36122
39629
10660
1252
45118
28201
31118
6968
47157
24618
48782
19830
34737
4691
30678
33021
22498
25415
5645
4142
16809
16405
29130
17122
47526
11402
40124
8154
22406
30342
18315
1396
22329
14964
13758
45506
15273
35346
42603
23520
27416
32142
11347
3761
28606
2813
28035
46074
34987
24950
44888
25380
27901
36209
33
13911
30879
34837
20100
30935
4747
15812
40464
10104
8399
34022
32522
432
4474
44401
32262
38942
18975
8557
24884
44983
29478
36809
33738
15398
19457
10912
27069
7698
40232
27334
46119
11471
42056
9757
34040
30716
30277
6642
31014
18225
4125
28145
1221
29637
37301
42827
45866
26150
17373
12856
14763
40151
41470
7941
43658
19213
30480
12487
3395
3794
39345
29275
36305
412
46779
31716
18434
3889
19396
41229
42772
33279
1856
31665
15193
41376
12991
879
1332
18572
2668
21247
31289
30486
6044
20911
45598
3591
42382
16207
49248
16735
36034
30574
24819
9098
20318
19972
27117
21080
29774
24497
15340
27528
45590
36667
16302
15860
8139
40806
5329
41595
33718
11088
22928
38040
49659
36858
33551
22069
26780
44283
26245
18192
49527
45650
45453
30446
26309
9822
47814
1435
48199
40380
47704
21863
23292
11189
39243
48490
38359
4179
28303
38297
20596
10427
34372
14893
2718
29625
20590
43968
658
17738
33358
4573
1426
46850
31484
4707
27280
46166
21871
15029
5984
6568
14634
7433
21041
585
20832
33677
36046
24045
16352
19139
30116
14644
25290
48690
39357
44181
40875
46883
37153
13609
8147
2010
13902
24613
9860
3454
48381
17854
48461
29605
38463
12701
5128
30388
34423
38840
35413
8939
6943
23303
48640
15356
32206
24278
17756
1113
36442
28041
4013
28936
46059
3967
39736
37882
28781
10646
21683
23971
30258
1471
38782
35359
4027
19034
42758
46330
41911
15333
23055
40532
1868
45807
28978
22729
15316
9869
15957
24006
14338
40755
45148
35949
46128
14750
35934
12390
23742
47787
46921
28115
47576
27885
20421
17677
48921
17039
14828
35809
11190
9939
27835
38702
19619
14078
12150
16658
29445
16017
6828
41554
18731
7800
19021
31690
45425
28777
4233
33445
47873
5429
10775
29235
48174
8778
4879
35007
4438
26405
33745
1628
41480
47032
5123
25088
44167
39850
15465
15093
31156
44160
47504
12613
17448
23727
12533
6785
10011
18905
25731
26094
31029
5014
15902
34273
13294
4246
35755
36836
16120
47904
43920
34766
5727
9620
7480
9317
14483
41589
35207
29018
26580
26092
35634
37489
27492
45987
47756
20019
18499
37569
41395
37502
14303
16282
30766
30921
46187
33572
33187
16896
27933
15615
44129
37663
13349
10785
23807
32237
31010
27595
11065
43332
37148
26847
41007
48148
8461
14616
43494
15280
23649
21405
23954
5212
35966
19401
43909
49039
49886
49853
28207
8179
2927
39463
4923
6307
14880
28236
47759
28252
12030
5576
14878
49376
17717
44083
5541
8451
43743
36786
46080
6951
7407
25852
723
42935
42216
35655
43217
36196
46671
9328
28839
12469
13872
19237
19959
6254
29652
21834
14845
28867
46500
38528
510
26479
23856
12987
29671
10689
27907
17102
5408
39312
1958
26865
19399
15144
48639
2348
5465
30358
37084
9411
27555
39461
37125
42339
41462
32277
29398
34370
16166
18382
10256
32019
1704
41547
6897
19811
35438
22456
30961
16355
18641
36284
6613
41330
49092
9844
29225
30761
18787
17104
12773
38442
25348
47772
13825
35850
23417
6783
34637
20782
30125
140
34579
11523
1916
35976
47139
6973
9025
21359
48067
996
43455
39307
46509
39635
780
4205
46427
28738
41900
40959
21541
40347
21102
26163
2334
27839
434
35393
31204
46653
39470
13572
17875
7244
47757
19211
31937
17999
25599
7405
10968
16256
422
15221
38671
14481
44550
35491
45033
32104
38890
10984
8283
22612
7402
8912
14397
38448
34908
2012
36370
26288
1562
24906
27758
36475
25032
44410
43502
39579
36661
44966
30748
18216
25164
9508
41058
18509
36277
7415
14877
34896
46350
48797
38412
47862
2581
38089
18011
39258
19087
26090
46873
37064
20445
43738
32744
6929
5838
32328
33233
48874
43073
16237
19414
21422
36364
22191
9425
5170
39386
38333
38983
33463
18730
8414
44317
38544
3184
19348
14196
44432
40327
22993
26683
40566
21553
13036
4068
43591
43694
234
10844
37579
8280
44008
48282
8657
13005
18245
38063
27910
41468
22779
39849
17680
484
8612
17842
31677
41688
1051
9977
35588
3237
1520
15588
23394
33368
6094
29167
31268
16647
37310
49693
11801
26263
26678
9670
48720
31737
33871
16841
5419
33224
31916
29617
20303
34002
39074
24621
44179
31005
17793
2647
40687
30352
21370
48824
8731
10808
4876
48241
13629
16403
36967
15320
24889
3882
24777
1173
14641
1036
27491
16579
48336
4313
3077
47184
42171
49738
15789
37586
35316
26043
28452
43014
17852
10061
41265
25251
7525
20244
25538
11587
44230
41038
4204
318
25925
12952
34134
15423
19547
16950
4705
47188
12559
24103
6272
38631
18608
46116
36620
45883
16317
14502
31008
30207
36944
32317
25722
20074
13784
11436
28961
7726
42836
46313
28749
93
20743
40376
4349
47121
12864
1795
3618
26681
49111
19302
21841
44078
15008
22205
39826
9992
46794
12194
43723
20867
38479
18337
20049
14017
38997
21809
47758
39108
25062
13780
49735
2346
31430
42943
39601
6334
29083
20069
17614
34118
31496
13919
39586
39733
43858
39825
23689
19480
7613
6581
6788
7344
24213
13634
49631
46268
4433
19378
31362
38323
8191
17082
41299
41073
22333
1340
46291
1268
5198
40585
3700
11024
615
1342
43825
38951
15800
47564
29825
704
19474
28706
20145
16771
10485
31304
6848
35318
28377
14626
41258
19582
8208
32809
33326
30899
27102
49691
19235
14215
16244
28598
4352
15373
40612
1280
37082
25893
12158
40935
15151
13106
36026
48029
25783
6849
1088
38968
9276
1845
26792
21034
4123
18684
11371
6299
36490
5199
46066
46355
18945
29136
16113
16142
15886
36739
48390
29197
40026
35730
49643
24961
10062
29497
11381
45473
35365
4962
35991
32952
12540
20440
22803
17216
40226
15694
5891
2212
32612
40150
5845
49105
10591
49650
7940
47755
448
3507
8358
34086
49299
1188
10572
39990
42555
21985
19584
28585
13483
21560
31910
13437
39356
13238
20587
6357
13918
27940
5704
29078
40535
26481
34394
5815
34150
25953
24178
39484
20591
23968
42170
37891
27609
27484
17555
18255
21167
25594
49807
26254
20212
30224
48412
25790
8113
9053
20259
27343
2643
34873
24140
787
37328
5301
20204
31175
1560
8658
45409
24334
32307
12306
40643
36199
3554
3768
6366
22321
33320
31152
8477
3491
12797
36764
34214
15375
37100
32344
26823
20079
5755
34985
42278
41475
18548
22407
3182
8700
24248
23493
12470
33228
40789
9186
37621
11997
8537
44854
11336
23733
30386
278
46632
3539
6121
10364
3580
31962
31547
28265
25119
45831
10270
31472
37039
42680
12344
37940
13199
25374
19364
45298
2559
20663
27415
23556
5449
33310
2140
5206
29764
25710
10548
15346
26201
43268
22560
17664
16937
26520
3147
47957
17944
25931
27875
25846
27175
49544
44069
43598
22918
10300
13464
25815
21491
27404
26306
13359
36601
36477
37840
13644
14235
34069
977
43937
32766
5844
41822
13265
7720
38
39961
18059
16677
2862
16729
37578
4806
3536
30705
8379
43695
36086
36491
22674
5346
34010
49467
34175
29778
37303
3659
9299
36528
18990
11270
8631
1144
3186
15824
12975
47691
18734
736
4856
17162
38349
36404
41963
48256
40561
14369
6311
49332
23601
34807
36155
9400
10750
4644
42342
19790
11935
32734
20221
28579
41109
20256
32184
36588
16138
44874
17074
34560
17365
9347
25314
34479
8091
42912
20986
36854
45932
23139
25840
16791
21187
10351
1527
2156
42552
27866
35724
35222
41079
5276
28015
9191
49606
24358
3485
4469
28116
11230
32942
31469
31842
46596
18618
11638
12461
8474
18452
45525
40936
35868
30611
20499
22600
5164
40400
15658
47912
40969
7770
6779
20720
10489
39563
4253
30494
12845
22899
41051
47807
18864
14905
44697
29114
4024
42696
31671
31048
5205
29288
9021
12854
14717
31669
3434
31264
47449
38518
46869
28712
32534
44806
41289
40340
17422
23554
36846
45689
37924
39269
200
43083
1998
34100
9274
29872
3204
22642
33468
15534
10881
21575
16886
11468
1564
41686
13210
43477
33948
714
10327
24492
4824
21427
13314
108
31543
47135
46993
29234
24211
38599
4367
8645
42945
23822
27211
40445
33313
12033
8012
16090
22454
9627
6582
35504
33991
23302
33489
31866
1330
11604
5431
8361
20649
30696
29743
4980
25920
1853
42024
24942
15185
38311
46157
45901
19073
35711
21880
31840
30120
23168
39594
8863
21910
34825
44587
5032
1641
16098
45553
46062
40534
45454
26480
30701
39303
27036
30985
29440
37399
15553
17791
39610
46706
37691
47818
17725
38899
15265
31183
12529
23543
9500
31297
7535
701
42249
47365
29069
28708
41943
43906
37189
121
21215
43144
28408
41770
45749
44058
44374
6780
12240
33681
228
36126
17635
47507
29499
27673
45795
41967
36440
25313
34250
5536
9206
35321
3811
16592
19599
1344
45363
6296
43750
40334
14469
22178
3769
41405
27982
26013
44665
15108
41804
27705
49739
16779
8388
37515
8485
14098
24559
44226
39605
40139
46417
24474
38257
36648
49122
30034
46492
26086
46389
40901
40283
38988
33227
4917
36462
29034
30805
26833
32034
7314
29868
46414
46013
17890
48003
18982
40572
32732
17261
7665
24627
27583
49175
10648
8127
5825
23913
14595
19641
8491
2085
40540
49596
23585
5624
3824
12086
2910
25082
20898
22491
26147
7652
46125
39835
36328
36570
186
1825
40066
45176
39799
39912
34533
30183
26816
46163
14658
6933
45442
49052
41098
11550
29293
10125
24329
19731
22271
27931
7705
43134
15080
18466
44290
30590
19840
32625
26828
29382
44159
18128
34839
44012
35756
3217
3403
1848
15995
30259
22293
45398
477
25091
44830
46286
24907
49889
2078
8715
31317
32908
5131
1475
12800
1182
4134
5488
21719
32314
28616
1272
42793
4925
45231
24793
32925
33415
24010
4507
35358
32797
12431
35301
3799
1241
1597
7473
27424
27887
40774
26275
7989
40425
31361
25452
36242
44492
49711
45496
6355
30675
29952
36795
39265
22658
32405
11406
37684
42963
5594
18566
15849
46368
33686
19013
11023
36157
811
15055
25649
40949
40678
45644
30778
35490
20677
29556
33947
7853
14114
944
1005
14979
43773
31222
45958
20894
11844
10974
15539
41628
21111
8751
9616
44333
30820
12065
11441
22438
34198
36448
46928
13543
44344
23970
16536
4591
1800
42208
7211
29972
16693
2335
19570
43167
41939
968
11016
30852
20384
34403
37611
22864
3508
26374
36614
35997
29345
17858
49511
408
157
33794
24267
9115
9252
14106
48832
3565
97
17161
34295
44498
22047
5724
15266
8343
39254
43857
49800
47712
26347
45733
5789
30067
48146
8954
36706
15787
42198
9819
29619
38176
3079
39752
5614
28218
19658
7119
14952
44671
40947
41161
42318
16497
42670
21569
30634
47288
17493
10167
34284
39777
24883
33654
15063
21969
32589
40590
37307
9095
384
47274
39582
9978
45316
18314
8148
42120
44229
49534
8161
24381
31394
27238
15626
12622
16011
4504
32950
15686
47582
46995
17183
18863
13934
8010
46986
19974
23986
11492
1346
25192
8554
28637
5777
24706
9631
42763
33888
48445
16755
41181
20960
30261
38808
21704
17979
19600
25397
19720
34352
36700
39748
40484
39469
43670
16692
25038
43928
20397
43988
28504
38993
20752
19551
35512
28597
26387
33229
34437
40557
31751
936
16965
46261
40745
15259
12514
24611
3922
42841
2160
34342
39267
46004
18353
2622
9785
15428
27189
6886
31675
32556
49923
40925
38797
40790
18706
31786
44998
26799
4044
26367
14513
31342
46065
21486
30799
4953
22643
43692
21558
6633
42109
25564
11086
32020
33806
5165
48369
40147
8722
48623
2088
10014
2950
41097
47234
41722
22516
7078
22013
2664
10929
40616
8543
1131
22128
38193
3964
6703
27927
13787
7507
12998
7550
42610
31894
20066
25938
18918
21292
14516
31191
28656
44370
33369
8817
16048
26523
13071
5474
47180
7739
1505
13901
3629
47084
28498
17609
34018
34706
23177
7174
19024
2391
10178
5078
49600
35792
4230
25857
28385
9572
11648
38683
12728
487
15599
31892
37636
18187
2280
34571
48335
11318
1618
29544
2241
758
26605
9781
30489
19897
1588
11350
39621
15482
6538
33781
39910
15043
49952
33018
5250
6993
35816
3876
41322
28394
30294
25306
15157
7783
4287
30407
19047
6830
32047
12352
29902
11582
19397
11447
16750
25352
45922
7539
22046
37338
42228
41709
49855
40957
7778
49859
9026
32079
32391
13519
20815
39329
7087
1433
40674
11735
4718
31169
22636
44150
12737
25930
18895
11627
45391
14562
17586
942
30411
19313
8169
43770
3609
40162
31624
12411
10884
1604
2892
33455
32753
26118
34647
27825
10585
30891
16832
38691
12215
9383
17550
19938
44677
29353
16279
17961
18168
7076
14357
1307
34907
20635
479
35348
14751
10046
28820
38414
49767
46917
37504
6123
25053
34558
22220
37464
16748
43697
5995
28501
44170
18865
34941
25927
17872
16260
4375
11628
26898
1165
41671
40155
42150
33906
25132
49438
32339
40015
2121
18672
29232
48154
15206
20818
46631
25075
21082
12837
32716
45849
1871
10133
7528
43877
37423
27815
45103
24441
5334
20402
33287
14881
5366
6711
49276
26464
44866
32772
19181
20929
27145
604
22344
2436
40864
8985
47460
36414
9544
7231
38600
46413
47845
2379
17455
29116
33104
47027
46625
869
24087
11558
49811
44216
7058
38818
3347
18964
6127
4300
36464
7948
21793
47282
20932
25078
39359
37623
1287
47855
42924
15930
31501
1713
45822
39191
13164
14547
46879
32301
27604
5613
10446
23815
42959
29937
15256
29678
16946
11510
44577
22783
36945
27701
35197
24891
23589
946
2630
38755
39867
28130
24593
17114
28973
45841
12417
13329
17644
7085
28101
31932
34767
27407
23653
44790
32593
34764
8824
35676
36229
36397
16027
26336
12048
16622
25341
18629
20889
28688
38977
48629
47053
27596
48085
920
28757
515
12607
2847
10787
14459
27198
41501
46659
32859
13894
12851
30845
2930
37963
1655
32670
40097
25716
13157
46494
45516
30417
64
17103
29168
35469
10807
19436
16038
44594
11158
36827
21894
11871
13785
3215
19031
20233
4096
23726
2418
30538
41072
33783
42972
24305
9294
9146
4046
397
36100
35605
22945
34763
15094
22119
44462
46939
23380
22660
32299
42188
43555
42143
40198
39349
10677
41438
15595
9071
7997
7264
49480
30307
42913
12725
40813
6216
47165
14245
11079
37096
11396
33317
44549
11748
9529
5418
15262
46907
47308
17768
31702
38571
36020
9746
4361
36187
24638
38929
12677
11068
44360
45111
19617
31443
5022
43564
45279
45167
32458
48079
29366
8629
12254
2709
11899
4676
35528
3427
29142
40515
18125
2157
40526
30929
2354
10797
44835
3240
40049
41739
27522
16298
7096
42365
35941
21453
21281
33388
949
16918
22138
12799
45317
28747
45299
1
43707
42154
46439
39152
3419
31458
13721
48228
14605
867
13323
26868
13843
11427
9235
30361
47821
40588
49751
21637
16437
23226
41182
19970
40324
25555
358
2724
10817
13313
16029
11107
33699
13274
37867
14195
16459
19260
16998
10595
31090
19091
9984
11069
2525
4664
3145
41608
35205
39291
34146
41000
17020
43057
13439
7974
4452
37122
18404
8058
12457
35119
35186
38563
31019
38094
27686
30755
9341
23593
21775
23684
11781
5643
40159
30862
35421
22627
46664
32840
29165
35323
26725
6175
31069
11019
14496
16248
25214
14617
48246
44411
23078
9775
28102
37417
42574
48439
45978
16050
37292
47677
36632
44933
33620
48147
32477
14152
8662
47314
14060
22474
10329
34747
49882
38724
35294
28642
4709
44122
1956
47678
28345
40736
15687
46361
5928
12819
41308
38058
46914
16795
43220
29681
28817
38003
38950
17932
43874
47501
12073
31111
24858
44582
2045
17189
30236
43255
24831
41740
7497
29725
9236
19111
12320
36698
13185
30788
3953
34802
41378
42386
47870
23297
35400
37510
21904
2386
25349
7725
18913
26159
6930
14308
33608
2511
38343
38027
37262
7840
24941
15617
18487
40799
22163
39527
295
31862
29196
26422
23190
22476
10549
12204
47092
19983
38002
43752
42741
48562
48036
37087
32552
22581
36647
27756
12
19242
45859
5279
36259
16255
47131
27779
33864
24849
6808
18112
32783
87
41001
5161
15017
44341
19464
22742
3917
23747
4271
43372
28758
5023
16206
44438
48792
10068
27869
8396
24970
23238
30940
34509
29470
44071
32706
27692
11136
17731
32770
16664
1390
25288
48745
822
29794
32662
33223
28975
30405
39037
7819
41648
6369
5337
28442
4836
369
30993
45027
15230
1697
14862
44978
15977
37643
48634
43901
48167
45415
38707
24645
48240
14384
32112
47964
45730
34563
45856
40348
14036
22589
3038
26701
35834
35262
23870
30962
30111
15638
10416
46889
4242
30610
44489
26274
786
14715
11819
41046
36818
18659
7808
14570
34487
15196
7512
49401
28634
8487
44366
22794
4115
49618
39069
9664
39127
1018
7571
45257
21195
20983
4443
47098
9273
47952
30448
39234
37907
2123
49495
25706
19631
49548
12836
33602
3048
19953
34751
11672
39420
45311
48272
10088
29494
37598
21840
26432
47140
49893
26002
18393
20810
16348
38602
41412
38576
18933
8428
32673
33703
3394
22639
43978
2609
31438
7241
24163
29540
28310
8794
29811
34799
49336
30934
3656
43326
8766
17174
16164
7043
44369
36776
4699
41319
1171
42727
15596
47660
49212
13462
18857
43406
18194
24610
871
48903
25099
34311
46581
15581
1479
30404
16760
8040
3519
24524
2461
27107
14572
29086
1985
47187
6959
22373
37966
33474
46582
5537
14128
42243
7287
41044
21848
44564
13891
5577
20116
40377
15025
41078
48511
18026
13382
36982
39717
44148
24623
29858
13322
38305
36136
6864
12846
4003
44950
14156
15435
13536
1867
27292
25121
47777
23415
24594
46129
32274
15407
28424
1142
41214
45332
5183
34458
31468
29068
46221
8962
31740
9351
25434
6107
5432
41872
21154
16833
12860
44951
44836
47902
34128
20879
24921
42802
21329
29257
13470
2190
4784
1205
7907
20979
8126
24444
26034
47116
39244
3261
18698
48913
48883
22987
9085
24035
49836
27053
17816
17044
7283
2926
33138
5147
23496
14382
20126
31060
3714
31139
11078
18860
18520
37085
23560
22514
45923
22495
42720
17026
31071
23390
4580
44099
20535
23261
7623
29573
2037
28558
15663
31494
40848
19639
25180
7499
20308
30242
31955
25800
17369
724
39456
41240
16981
26589
16303
47339
21446
46478
19762
35846
2463
39448
28072
14330
16421
8103
34330
7691
37669
21126
30425
23552
37836
16141
45319
32436
15101
29744
3895
32712
17893
6678
31992
39677
39947
13809
47800
2184
29350
8652
30243
31634
5118
36790
40924
34206
46755
13067
39387
13757
23161
29243
3777
18364
21997
12141
9904
19535
22553
16039
20675
47714
31168
41111
21616
40620
18813
5608
20328
25018
35025
36683
35725
24456
26299
4383
18801
30868
19660
3032
40642
5424
47369
23583
21157
10592
49580
6818
9185
36128
30727
16598
1760
45640
46926
19150
42295
21140
27651
22902
11696
40705
19691
20846
16388
23271
48678
39969
7781
49208
8500
9971
8492
38662
19037
21721
4748
32861
28012
4422
23634
31365
30146
5245
10085
17416
47947
15415
539
44922
29271
36835
25889
12985
26607
46169
146
45475
34772
14415
29686
897
12554
19924
20399
16338
34829
48016
30655
42714
31768
15620
8522
21277
21826
22796
10713
8640
31607
15770
40457
18363
44542
43476
3026
9967
208
39106
17242
23042
34770
4262
32600
17894
35071
1382
38119
15933
25282
37013
35856
2488
42055
37297
10744
13309
3833
7055
29534
18692
39048
33426
4243
9829
45938
26642
26525
6575
45172
6793
14548
290
4396
16549
1819
3981
30750
6372
9444
3157
9005
16917
30722
40111
12766
45561
3504
25160
22195
18252
33452
26668
11196
13261
17288
30833
26165
47987
36310
44789
16569
6747
26489
15107
5625
26632
13667
12780
36810
38922
32286
18158
8068
9812
6708
36803
47193
29726
22318
43913
36657
36758
20546
8586
12878
25690
30328
19251
15098
27794
693
44706
13996
7671
24815
9107
46167
4561
31145
29122
19677
26851
17684
38182
26023
16002
29942
27253
48091
36634
24003
44373
38219
29696
559
29287
11506
4704
3226
43374
40492
16284
29578
8970
44865
48664
12602
27180
1500
35202
22997
48910
44757
11235
48916
6979
49505
41816
48118
36936
27728
28369
44992
4554
34104
23106
29667
49086
6436
44682
19206
26601
28455
5565
27849
18016
26504
13394
6168
3144
27064
16332
43310
36678
5721
20033
19082
25379
19934
2653
30903
7448
844
22408
21873
14686
40518
22214
16159
37425
35799
47569
2180
19456
42291
44619
30870
20195
17637
1362
45734
14340
47154
36367
16118
9286
496
19872
25558
3152
30171
47276
11770
13652
21090
30255
30983
6669
37625
23053
6258
38903
31905
44336
49243
40501
38860
34998
28716
29566
5270
743
21027
3993
31711
14266
16306
36056
5416
47146
20616
19219
44926
26563
38185
15664
37443
21149
3211
6438
43610
26920
22765
38666
30644
2493
13771
29789
440
13719
26876
807
30045
12054
15739
27670
19530
27103
28795
4333
8337
14829
14704
43203
41992
44994
11028
33479
17802
5283
13058
38389
24752
31719
698
43905
27216
27428
33162
9877
41193
25333
18199
8221
1207
29814
8141
26100
13227
8289
3589
7019
27372
6424
48917
22973
7179
11906
29954
44567
41540
7297
17641
552
20307
23630
23073
8344
32067
22534
5376
7667
37602
5380
24863
23480
37215
5788
22087
30459
35919
46475
34009
2064
39976
4794
43533
35752
49370
48503
38798
22947
2953
16714
3710
46599
34744
14020
11114
22898
34961
47658
48019
2873
26082
7700
29957
11642
29001
28336
21988
29456
42209
33985
19304
44519
43891
21761
47210
49100
27784
17936
19918
6632
21736
31707
45246
41673
9394
37528
6403
46748
24734
8111
47379
17376
2814
35975
3029
3467
34712
15159
27919
11870
11768
27206
43069
46603
22585
36842
51
3159
48076
5708
6233
4729
43109
10555
22421
11446
2993
18505
19688
37594
42416
44812
49164
35533
48214
40137
16583
1496
40304
10332
2247
26779
49217
17371
46503
44307
42474
889
22967
33764
41203
4019
40629
48966
13366
5892
43446
14916
19020
12796
6896
35020
26963
42709
44116
19001
14087
32608
48518
32016
16752
38395
39626
12920
26646
33617
40219
27461
7846
7577
30056
3327
8527
38056
8901
47211
43409
41675
17775
43302
15988
20735
17253
33984
30215
28959
7359
17665
14064
45536
2295
26798
9995
32887
14193
42604
1626
12207
35587
25354
26720
2792
6501
31271
22196
4182
41735
16533
14711
32443
2468
1228
35333
48925
33398
1501
33731
22185
4251
5281
37975
45703
22520
42190
38815
35995
16197
22286
5503
23842
25695
33014
23452
40822
5446
43887
3676
3364
2970
3892
27638
30872
39965
34583
9735
3375
2982
8237
38907
2221
41047
33824
44004
44737
32453
25522
8770
2073
45446
49918
15748
30375
41882
22251
41875
3349
8874
25085
10050
30551
13469
61
18427
47245
3030
36756
26080
6266
45683
1559
1193
22029
41944
25702
38946
3976
33886
30666
18699
26456
23766
39016
19318
2944
12492
49235
39941
37884
4404
7886
49615
23595
6215
42524
21044
30742
40311
13389
6454
6247
34689
23140
41163
5364
11154
48024
7818
6278
29073
44718
30536
39145
44351
252
45161
40740
14000
2146
16253
18695
38072
47520
34819
31799
18475
16249
420
34029
9039
16369
25899
41488
32372
36711
27500
29840
25019
46618
13155
4963
5073
31601
4617
42042
46282
25673
44173
49583
42692
28492
18242
21867
33047
924
39398
16368
6909
15535
28748
34153
13276
931
3595
43567
13448
11203
10883
14472
2299
36677
34748
560
45444
38426
45170
24095
32745
28937
26738
11910
15218
46903
44987
10081
12394
24890
5101
4377
1297
48696
29276
19728
27319
11922
23865
35217
29823
4249
25904
10570
28235
18344
17284
15594
38515
19459
45330
20186
16861
11901
2486
181
20955
44251
43919
7126
12660
36290
7627
7026
46601
23152
41835
35230
19538
43472
5191
30735
11317
749
16700
27179
29529
36030
20508
31045
23066
9633
38967
31340
43759
33711
13434
10659
141
42864
24060
42412
14500
44699
43463
110
38335
17856
7882
10507
7828
42417
21023
45186
20329
36995
32926
7285
41237
41415
14784
34016
991
8176
47635
39896
27142
27656
46610
11689
8976
17071
37241
42838
21474
49103
12606
30313
47519
44175
11566
17584
49839
35189
24143
29284
43207
38969
3901
13235
14869
42403
29110
15079
35115
1615
6380
49936
32501
42753
20516
6503
6740
468
32304
36350
48803
9994
19462
41883
14735
32896
14109
22367
2510
36252
43589
10594
5574
32856
34122
10715
26747
39876
34846
41507
22159
29412
32011
2362
34532
9959
32481
15958
10406
6739
18395
10254
13829
16913
7364
26597
39046
14701
43895
31520
36334
17427
21234
44228
15738
48354
39591
8253
27872
22003
2459
31303
48901
39720
27876
30828
27923
1432
48589
37040
47269
1438
47012
31119
46102
15319
43353
49864
34374
33132
37799
40801
10939
22568
47960
26648
49309
37360
30391
49000
16908
6763
23272
26517
12616
20886
42928
30194
26265
23372
24419
9864
46189
46442
22400
37711
32832
4537
29841
31345
3446
34435
41034
33062
28322
43786
865
4535
39000
10880
1395
26771
8480
29425
39882
45080
35880
37168
21494
22303
1918
6089
38097
22137
23092
4766
15379
21051
34381
16077
40103
26825
37254
22446
45455
37910
14942
43287
42843
24747
32365
40214
18977
20838
11439
21718
4440
212
47263
22944
10271
25926
28058
20831
34781
44118
47968
6900
43701
47343
25136
21476
29679
44214
10026
12450
33012
17130
11791
17621
23549
136
9776
4663
9866
40436
27312
36733
25320
32480
31203
36411
28696
23310
6421
7660
45300
48868
45914
21403
18519
34928
35300
31849
4277
18915
47093
20631
12620
19051
45142
20774
2129
8650
11153
17672
36726
49577
21545
43229
38640
42411
2999
27336
28374
45577
45104
13674
28590
49523
32434
44425
742
35969
7100
4127
8711
19649
3302
16444
37967
25797
4092
11165
24284
32409
7381
32565
47717
40521
1821
13793
4842
22836
42388
44281
42901
32197
31351
31715
13130
42578
14887
28254
22547
25402
34279
28288
10602
688
1815
48234
31966
19035
33010
25473
34125
24576
40852
29820
30001
15966
46823
7954
17404
49172
241
22164
35228
39059
28222
29881
41056
13095
8360
24662
30793
22942
46015
15254
30654
44164
48215
14786
19221
10597
32669
38743
13764
779
24389
45017
33642
28447
14806
642
11281
26463
49123
36074
35864
2503
11771
12408
32226
21498
38611
25987
12154
16521
45674
28430
16793
9589
6965
42051
43600
29349
14292
6172
23163
36315
14540
21148
22744
4737
21588
33595
47402
40580
47577
31480
23946
20032
30978
4685
33910
2456
42391
40702
203
14129
1744
28458
14112
20836
19612
37718
49915
22398
3363
5738
36239
8840
17370
43842
39147
11377
32448
6694
25158
6549
17295
46272
2405
36422
33698
42368
31256
18392
766
7163
32270
34232
33859
1662
16061
28769
2864
6878
43799
18750
41856
48958
2312
34838
6852
3723
43683
37527
24647
30930
49749
47009
593
30745
29655
40946
19856
10295
11301
39985
6646
4735
44250
33610
324
2761
48967
47959
31446
47794
19060
45594
1872
44999
8609
47745
40166
36023
5611
42999
18043
7460
28139
15843
31770
16881
30592
38791
34693
11499
19686
2030
41169
9355
34353
49758
30557
49367
12392
25677
39040
27003
30100
47629
2039
30298
33638
46541
17146
25828
15393
7123
1029
21260
2433
21606
18076
4753
18155
4136
18320
40179
48155
35556
10176
33739
41350
42870
38032
35397
41736
33651
5858
41160
37309
23591
13311
41599
25947
30210
30585
25683
24738
39848
3078
48915
10189
10898
2808
28069
20997
357
2824
8268
28335
379
28465
7404
26890
3817
14071
41828
15771
41055
40551
2022
33464
14342
26757
30372
1734
46491
17792
42240
7784
11417
11730
23025
36342
10136
12003
24130
10684
37361
1980
36922
38514
24709
29105
30055
19792
19227
30024
30139
33788
23141
11120
24233
6686
48193
46746
32313
18798
490
8898
44782
23275
1749
48579
16066
46762
41266
6656
43259
35150
10363
32588
25255
672
24776
39827
30036
14174
21789
47723
11205
26534
19996
48681
47774
8664
49419
43583
42636
47403
20250
3940
44016
27826
39150
45115
6207
27660
7676
19744
45763
15303
42135
27159
30431
5438
35360
49943
7815
16432
29421
1373
11833
38851
32413
26466
34046
33684
27520
4174
35404
47386
47942
26860
35236
5585
36954
11376
18531
6211
30732
42844
32185
43354
28965
14847
15851
33796
6022
7521
38221
5999
10483
35622
42776
9683
20900
10498
10605
13900
21208
35428
2593
35078
18221
3665
5256
43870
47551
12550
41789
20785
6478
26602
44137
21534
44892
1793
33060
17083
10550
6054
33761
454
30913
29545
43959
30493
38945
24099
2985
30012
15948
29007
16673
32582
11717
43087
21620
16320
6773
15713
36281
16789
31333
33248
42969
18576
43769
30159
18846
43049
35382
10586
7200
45271
48756
18021
35773
5113
49021
47524
25212
3650
31553
40092
35753
27475
22095
30575
48273
31461
7430
23483
43840
35885
35582
40086
31500
26114
35091
48291
1116
3384
45340
33080
42327
27974
41401
36243
37111
40442
29661
27524
13556
11433
16100
15502
18383
7484
20728
32969
47265
49564
40641
43850
17779
35231
1802
47000
45456
44630
49150
32329
15250
11515
354
45971
39278
21732
42820
38020
37551
24736
34559
27453
25714
11145
41382
461
30143
13524
40987
31325
30657
25793
12389
44826
19117
23836
24303
40865
2041
16217
11987
28904
11600
37114
9912
39015
5248
8089
5676
16387
13422
13250
10146
29651
15408
35584
28
45423
32134
37648
9467
42467
39231
39144
44261
24432
19407
23230
2278
32888
19218
48922
309
13047
5360
1378
5119
36112
29187
45921
28685
48959
2072
41306
12961
45948
30063
27803
47881
5682
34385
21325
32469
43328
21815
31322
2108
34601
40207
315
45107
28271
41126
23205
47784
16412
36838
39565
17726
28984
31662
41516
32560
16345
34718
40536
30897
5247
43558
26105
38406
26349
7919
32918
45608
29215
18036
22857
29919
20348
6341
17825
15722
44566
22823
41186
6276
32687
23075
15711
45345
8509
18175
19294
32455
31981
20933
39112
45573
12119
46029
26124
25334
43191
17765
43291
47979
13871
33039
16703
4416
13302
22357
37240
14623
40692
47983
12739
13208
38603
2748
37455
49657
57
282
10711
35698
38183
10174
11213
37548
8094
27744
28901
10722
49179
38699
37405
19606
10113
42612
23658
49748
2534
28613
46165
32178
20667
13213
47549
2745
42512
19780
21490
45349
46200
33156
21842
46821
45160
1315
19504
28056
30297
8456
2893
21477
19980
1404
29226
12438
24463
15774
21193
12526
12021
20594
28311
43803
47688
47261
27052
49959
38209
7877
39195
1495
4411
36312
9906
39384
25740
35010
27561
49540
39294
45030
48093
38595
23220
1710
26806
3401
44750
21000
20293
24004
32646
29156
3270
9953
29580
34388
38744
365
33777
47804
1648
2582
4948
14001
5963
35559
46105
30911
13056
8809
25489
39068
9472
6661
46726
4289
23354
40502
8489
11513
49410
37150
8725
3160
4985
8483
2451
4161
41887
46415
14872
14122
22925
18776
12808
25696
48614
36805
4713
23269
33289
2224
41784
43974
5504
6590
44121
38817
7221
26323
46423
36908
25040
7662
28508
29610
25230
14975
42237
41278
875
12548
37411
15022
38432
48533
26087
35250
24678
2911
21355
20344
42780
30310
24875
21514
1694
19654
45755
22030
46998
38562
11269
13885
23202
36247
46847
30195
2021
39140
47980
8946
49392
20322
6560
48694
27584
1577
13723
24466
34163
31648
37223
30469
15493
5407
34229
8608
41188
13903
1104
588
3382
4972
34580
23379
13847
35478
20702
2682
1687
20660
31252
14501
12827
18463
14089
11855
8594
48435
21975
38314
44760
18631
24473
40181
10379
25728
19028
17741
18771
42445
16274
5026
41494
49817
26153
332
7802
45554
44346
13925
13089
28477
6363
2172
44445
49928
30692
10543
6255
9621
43106
34729
13531
37415
31888
6889
32387
10439
6589
24109
20959
29562
33058
17227
36109
3294
47948
3828
26659
15299
9938
23236
38242
18966
19576
14173
11157
11273
5084
20721
381
31234
35275
9177
37344
24840
16479
14969
31880
19774
23425
43497
39664
21040
7542
49290
37707
29568
49441
2103
8352
49588
1320
28421
35058
20654
49981
8498
37106
34936
25450
23
46811
38327
17215
4992
30808
10294
7463
19853
36676
41137
49879
27367
41583
48743
9794
12765
39379
32771
37660
41170
2496
2844
32635
40483
31284
27232
5592
38262
36471
42007
8023
14406
31788
7569
37724
14852
24694
36626
11702
31794
44852
19841
15121
34241
34920
46651
471
37480
35192
5573
34027
30902
6810
37209
32743
33257
12670
36301
15401
39820
40766
7382
31811
4132
19984
24287
36855
5426
29513
16013
6925
5868
11049
39496
35240
20849
39608
20626
23774
9747
45255
3052
25116
767
46081
31820
18164
20325
41656
20261
38770
32490
48964
20466
10983
5932
24794
44054
8077
23533
33773
30303
36525
25994
13480
48504
10382
29947
16627
40035
27327
27629
33505
44010
11803
3607
14530
4379
34855
29133
28618
33833
5200
85
6515
35417
37016
44152
44117
15263
18613
26846
37431
22279
9726
20264
38799
35571
24800
29804
36278
34622
16287
31550
17347
11797
26794
18984
31988
13838
9159
11678
17605
34126
44795
8194
43751
25048
39613
32422
6857
9134
8387
33998
37195
31383
4227
10155
19269
20080
4883
1610
149
32268
7644
46973
41069
8048
47813
7517
9696
34682
42087
33615
45075
6232
30974
26045
4457
12307
3210
12226
18037
32570
45014
19244
37951
5747
19995
30709
43612
47367
38733
35259
33007
30475
15572
15425
39641
7353
33989
21461
11208
14210
38424
27273
30627
10724
19371
14714
12718
37057
34461
10437
49908
37546
24608
26831
10924
21661
5630
4114
13369
34740
36117
4355
35443
36460
3140
8299
46164
49474
1317
25514
4073
41216
38801
34786
38498
38796
28966
7912
13518
37958
21572
4790
28912
35819
17309
20623
13172
29112
34944
42738
17917
10846
36405
40974
45665
26319
31270
36402
49873
36502
5033
37739
49512
17441
22129
13592
29581
46404
1673
32512
5876
43519
45876
28482
18356
3830
20210
7101
1250
22851
29618
31004
4017
33158
33329
11680
39503
13
20819
26791
11913
49595
48783
47171
12262
43965
29140
37746
26261
22460
35515
23409
15083
3850
29958
2029
34620
25691
26947
21236
42331
4371
23129
19491
5106
7559
15030
22426
11027
16034
23878
39668
37700
10201
11167
14413
4070
37446
11624
36599
45405
15540
5139
45935
8621
41764
32929
9558
30082
29940
12866
27187
47790
49537
13672
33285
23501
8225
32640
9094
36469
17281
36186
40164
45203
29590
7905
30350
2781
40494
42246
32452
9606
12019
33230
22684
49989
4889
28214
23467
41338
24555
10292
7872
13478
13626
25670
16643
46739
30399
11428
3450
19707
47375
39132
41934
46987
7855
49328
32039
32714
13057
48854
25363
45499
36821
27516
37450
25233
34990
8156
39923
30445
3196
22961
46307
756
35366
48523
47226
9397
321
21773
36708
13532
43705
33556
25430
4451
43562
26450
45055
16044
46575
7643
46045
9285
17748
4759
1256
23759
37388
46814
17772
17685
13490
28473
3635
34066
39686
16289
25076
41478
16986
34490
407
17912
14368
24249
14840
25400
47434
28837
37572
25698
30110
30540
45113
31389
26719
17513
24937
48245
17904
2356
23071
42184
9525
7088
43277
33555
42314
28419
37744
2679
36087
12122
37828
23646
45656
7093
42442
34664
33487
18362
7575
43241
7036
25284
8275
36481
4153
28888
3481
32733
38265
21499
2214
44205
37511
15172
8938
30635
42323
29071
23925
40721
24332
15982
12055
47615
4951
46402
13932
45530
26684
25801
5081
10771
36382
37726
23541
40666
13341
13259
10610
20927
1553
33419
5230
35748
3091
15844
3334
49649
6784
5481
29779
47455
28792
3776
3525
45937
12841
33949
1050
48125
21015
14826
46243
9925
30345
2047
28988
24078
1882
18786
49547
37812
3415
6912
22707
2323
28849
28907
20271
46945
31039
10524
6197
6688
3897
46721
26797
24510
20742
26324
30281
13078
35097
48492
20725
19571
32220
8240
4288
15311
6657
40859
48985
48041
15782
28250
43400
18894
8158
30163
44644
44902
11289
12497
46176
12147
38911
42248
41742
23266
39894
8069
4795
28474
9874
3107
12817
16326
44433
19908
41627
6326
32203
17446
46453
43843
31227
23206
46853
1707
15526
37530
35818
26294
33025
17885
35148
25176
11957
2425
30639
46776
30946
47797
40834
19877
1840
35606
37061
31713
35694
22227
4827
5273
46607
19002
11804
7145
19461
42810
95
42577
41449
30917
21971
33355
31078
30362
31699
49661
42828
45618
14178
8330
32205
22950
19188
25951
42541
32885
26446
2246
8582
27305
17971
32163
18599
41456
21278
7878
7439
11476
8320
49163
44431
17277
27909
14049
33315
7252
44740
49969
10542
29332
7830
26953
43054
22037
36791
34506
3827
1862
23745
48647
13772
23838
10000
12152
34234
49982
11685
49729
29461
15873
41275
46306
25847
24415
3602
1782
5987
40459
10931
17502
14055
41212
34822
33810
28443
8296
1425
9793
36514
4008
41877
29468
14016
36861
21752
12934
46393
35371
8450
4498
10529
15788
28574
48845
13270
24290
43252
23830
38693
6561
39350
19104
2980
13222
13207
25202
38226
17280
4891
29368
2287
28003
1510
37823
11293
27537
2189
4660
40128
5915
29915
33438
44287
41830
24385
547
16235
18702
29414
5398
12131
49755
1397
41280
28751
4298
15650
17236
41460
27196
8781
28332
28617
42673
5477
44913
22887
28021
38669
36877
15790
4363
43594
36015
16767
40072
5593
35678
14906
29502
23422
2075
22458
17804
25390
18057
27599
16042
44334
37758
14044
39914
15354
15731
48303
23052
24445
16751
4706
27695
43983
23839
21326
18272
15903
13620
15877
17029
24136
11070
1890
14360
24753
10257
43053
23058
19742
35053
11532
19920
45377
15345
47861
21466
7839
11662
14859
13169
30271
30693
5677
12894
10131
18283
25080
40631
27526
19832
23327
3183
5663
29277
23322
46322
41712
25697
38093
47544
11150
1306
15972
975
45941
49582
34194
34448
48388
2315
3786
21351
22054
2635
1211
15529
34538
20572
31948
37993
11197
29430
18605
35761
32446
21544
4139
27793
28651
45741
21279
25680
18027
27090
24702
17357
23612
20024
31299
37701
12576
16738
44190
35325
25403
5730
41932
26924
40261
26232
42805
49870
23233
14534
24716
22598
45523
23189
44684
16222
22435
15499
27165
41571
7746
8132
20003
25375
5944
18274
8585
28192
4650
28643
47198
40054
42047
31776
27256
28493
33335
49258
7267
2151
39491
3082
14075
23582
32532
6725
4538
27454
27195
46842
9799
14111
33813
32395
21862
7219
7478
22762
30452
2235
25580
24718
30422
31370
40043
37865
12296
19177
19306
2135
42973
24910
10971
7986
39050
28154
5027
31525
47394
3780
39600
37463
10287
10301
31595
39483
35906
13971
36096
36899
25754
12108
918
47407
24701
39414
46174
41681
46656
6250
7070
48382
40527
37803
24814
25711
36652
21431
18
47299
24922
13657
37403
40577
36526
34817
11217
15133
9991
46207
20121
18459
28184
37191
44857
47435
15321
49890
4133
1768
1169
27230
6303
48119
958
17938
20978
35940
31837
34444
25418
40668
3483
19391
12066
32873
23714
14719
16229
48680
16900
8082
47596
25209
35535
21344
44309
3703
36241
304
492
19283
24966
25971
36956
18732
23752
46016
40511
30637
43492
14564
13985
45420
29064
1067
27972
49892
35462
16295
18657
39388
7861
33013
33930
14685
34496
25613
5513
15297
11954
25272
25172
25876
4175
32419
4621
47708
33852
8167
9030
36359
34796
12849
12490
10874
11830
45607
5190
41679
10723
45975
42627
24691
7167
3433
8577
10330
11329
32750
9369
24186
46371
16428
12863
5196
26773
9593
38549
43002
25999
37971
17191
2751
3473
25508
45394
7295
7216
6767
3489
34314
9730
19405
40071
37769
33354
48237
40637
46070
2752
37333
14356
44009
27172
4670
22233
48230
8831
18550
2898
7567
30624
3358
15795
4105
32186
42890
24068
18642
49325
39676
29542
4533
594
29204
13831
43728
38210
43566
37731
17300
45250
46179
34196
15449
338
2827
36806
45919
31334
49241
34816
19068
39272
40407
10067
33983
47996
13079
30084
28528
29441
9979
17117
13475
2019
42547
19315
16942
35254
2444
35282
5822
6781
21302
25986
33378
28023
49450
8315
7908
37520
45484
44153
32427
8712
48653
10486
16115
17832
49487
41218
40451
22565
8835
37221
41076
40368
6434
18022
10729
9489
36273
9448
23160
3130
27050
17504
35869
48133
543
38427
204
45791
29656
863
33834
37110
38125
12825
25874
4976
22172
1989
14687
44849
29087
11338
21782
12162
27987
24013
911
10506
28807
47297
37659
1235
33125
14011
7261
44294
2608
26022
2427
17311
25547
22566
35768
13163
38464
3320
12976
25187
19000
35433
15947
11512
39786
37686
22116
39128
16678
34497
29567
27521
33092
45095
46275
18837
586
46545
17656
13582
4898
25491
19344
34783
32618
23539
7573
36080
9910
23960
34160
40733
3176
48352
35363
43677
37422
46751
11774
42887
25016
1826
19254
44381
13571
3860
33868
33365
15780
40684
10233
38655
16089
11926
18171
14637
37751
38049
14883
1134
21160
13125
48871
1031
41794
12177
27345
12171
20685
5003
41659
18307
28040
39466
39959
1529
37866
28462
44368
4599
6687
33204
5132
9972
39121
47695
41066
17728
46536
29036
21913
35112
38891
29427
195
49469
30991
25774
26057
11456
38483
2164
573
34605
49141
34797
44907
23998
29295
23157
45519
16633
16160
13988
42303
27019
10381
4525
28527
42529
30416
42422
8345
4668
6154
33682
15816
47543
17368
13387
18729
33869
12962
607
37056
23809
29161
19204
34728
48565
28338
43866
21339
21631
39285
36351
36090
40728
48942
16825
11385
40194
7184
7838
15963
30584
35674
1766
9181
15007
39027
10698
849
46455
37437
41450
46636
38506
18792
16796
14211
550
21205
36602
30588
3626
31985
3005
9727
18455
27981
5255
42355
39979
45022
34119
23429
31426
33936
20471
38687
10037
47600
43999
15818
15709
14870
31051
43547
1945
24588
7715
43699
46003
39304
18530
49365
40022
37440
20697
34742
42079
37655
47355
38881
22672
48101
8493
23453
17382
37256
23082
30400
36646
22327
47411
43761
5309
2092
44724
46621
29311
20852
11786
41687
6871
42747
38147
41106
8116
15446
24326
34262
9086
12749
14640
45303
10986
5798
10411
19398
22365
49862
27250
5492
35243
36177
45429
38101
16305
18717
33184
17857
38556
23898
29917
30954
37396
23636
23671
36684
142
23323
14375
1159
3006
44673
46649
24993
37540
19982
39078
33695
30325
26420
30333
42480
39279
32169
1249
7686
17977
39722
41607
9332
40653
18473
23041
25392
6952
22923
38927
16584
37263
44145
29842
40863
48017
1661
19363
29237
33422
46428
7752
48671
45616
43528
3819
5156
28906
7695
11387
44985
40850
36987
10403
40031
33116
3528
6988
11331
1902
32223
16630
18185
17396
45384
13986
4099
34500
31924
13933
7804
44736
13090
9609
35036
12364
5464
22728
28479
37448
24633
47760
34421
11346
10992
22153
49010
16351
23378
34136
3277
48257
22901
20868
24543
502
49820
49957
34389
46233
7202
18467
30169
4486
24424
13509
28806
27486
31753
13137
38961
28570
2200
27383
10222
39079
43540
21419
20430
35391
33521
20855
3985
22043
18553
3406
20936
41499
2979
9003
19233
38345
46906
18115
45952
43296
554
37382
33016
36240
1764
29847
12491
2231
43010
38736
20865
26895
11963
36539
47822
29604
4606
16056
17196
41725
34662
15530
44713
31239
9044
11802
5234
40796
24229
4135
2603
30190
3299
32901
9312
24517
17810
40099
9208
48094
47133
47095
43276
22854
5522
12568
22855
7292
7566
18927
29004
34611
30010
19799
2914
43224
36192
35049
29417
12507
24766
3784
4500
17139
3974
7007
27472
12913
31902
46138
27307
14251
14396
6569
43550
25067
36629
12376
38225
5605
42260
16720
28753
26383
4900
45410
21139
14321
44785
45209
46473
30354
28483
48493
28278
690
42865
4641
16382
16778
49095
7869
13846
31889
10097
40713
3003
15072
37644
22255
49402
5328
13147
42012
15388
36102
44443
47266
28813
16208
23840
47736
42381
44320
20417
26661
33254
26363
5880
6136
48510
6837
3851
45269
2957
26171
17952
36942
25161
14159
9246
12444
1204
42760
22337
30270
25047
8342
3762
40242
517
38275
5382
23137
34357
42475
9833
29944
21919
47170
22661
939
26362
32977
2946
23103
19831
1081
30636
16808
48934
24171
19003
7933
22705
25324
10905
10438
6007
27351
4489
46872
33346
21364
11592
21886
26984
10243
43852
24317
20111
11034
18619
39411
17152
47082
1576
7375
7904
16278
8067
1197
18970
32324
29740
39126
49887
18510
48293
10187
46292
2084
30807
44045
39325
23638
39714
12522
10004
49670
3379
171
28290
39101
45046
32144
35926
33148
49368
36441
7178
46196
43951
47481
39188
2192
40756
19088
44454
39530
41741
12416
1214
2710
22097
46854
39702
15024
48314
840
32295
2507
45928
11739
25410
41874
26695
6032
24365
41279
25784
36486
23295
42742
34152
36951
18443
40776
9462
44667
40890
15438
16110
49655
7831
30772
3328
1986
44356
43435
2771
23754
20433
17245
34942
7313
5824
35302
14259
44929
12830
7180
32718
29171
45211
21338
22721
28420
24988
34743
46376
41149
47913
18296
26631
34260
25157
7580
7494
29833
13315
49715
41360
17239
21046
18942
30712
11486
12388
37778
40805
26372
35758
46329
18262
42637
33578
20597
45707
48185
32241
28814
23647
22698
47771
806
12099
25813
1022
43844
38485
43315
23744
15720
15391
3164
20124
15202
21369
15197
13497
4248
5187
44394
27858
17417
24368
14441
30335
17794
27657
39287
38717
1739
5466
36591
46915
48415
10728
40188
28998
34924
4280
3638
35522
46547
49363
46722
37774
42351
30648
44763
16318
3916
25712
16269
41933
5837
49084
35357
31491
23906
34733
31135
8950
20452
35367
17492
42984
13746
21294
11727
19787
15046
34413
33946
46017
24484
12092
17027
37664
9024
3245
24382
49166
34135
14839
9642
9847
227
582
31829
32371
37097
7247
44417
42789
11625
11454
8710
11072
48219
35474
6844
27202
26574
34338
12350
48569
21429
42349
19913
31731
42812
11219
10909
29628
27209
20551
4774
10154
645
45031
26354
19687
1185
25239
30858
11971
16377
26959
44759
8452
30005
11897
26737
24370
4611
27132
40404
41324
14993
34591
41022
28731
41894
15359
23393
15291
26039
6185
38423
45439
19685
32964
26850
32174
22477
48861
38532
39907
9608
1850
10634
23107
9284
35471
7489
23871
11041
46095
9745
23597
45348
9783
25467
36820
28771
12732
2368
1291
9615
31602
231
219
34181
20895
13827
37802
6246
16683
39268
36282
43466
13974
19476
2065
45980
9165
9370
42035
37750
42513
18827
14393
26278
7965
3374
49068
37918
40614
14430
26811
28486
33177
49114
13711
47535
32323
44468
25826
11524
24330
1348
17940
17073
47749
814
45504
474
2485
38766
4016
17036
14452
43281
27437
40886
19555
14409
34539
40246
20991
641
3050
40989
8920
9306
6564
38898
21016
14635
15850
39438
4623
42713
45950
14293
28407
9828
45304
32465
13614
8086
28212
31369
19834
32747
29709
19016
39734
33880
41809
34436
18670
5338
11160
8973
23211
21568
16373
33300
18934
1786
31282
47793
33127
26564
24031
28586
45477
49536
20014
3063
32170
46958
37252
26178
13796
29543
8747
42893
47174
2275
32280
21447
1403
25372
15925
6131
5690
28124
38172
30789
28399
15895
48775
29314
32103
12034
21565
20539
2266
17214
48860
34692
39892
4080
14371
24343
23149
11593
37767
29183
45072
6551
46750
5943
48268
3815
16543
4152
9080
32496
22956
24824
12609
14886
44142
314
30424
11280
13819
46343
38604
25807
21469
5856
35839
39283
33237
46386
33705
30997
31179
37051
32967
8054
28990
9760
26557
27392
40708
22325
36093
37567
14486
20634
30520
36927
14019
33322
9320
3409
11932
15654
39745
4565
16971
47024
22248
27623
16513
27387
13411
5447
25611
1410
35129
2093
49822
13994
18411
36265
28426
30022
35608
17926
16844
30881
42421
20222
11394
13598
48177
16806
49263
14248
39412
23123
42218
40085
47701
40371
23277
13343
44844
11710
37108
43213
8313
10238
455
11375
49614
36329
42259
819
36220
37482
15457
9850
12056
26881
21094
33441
47169
8104
1917
22617
31428
41124
18350
31594
5661
9110
23002
1625
1930
13588
22739
48780
25437
30364
26037
9056
39830
43892
5258
1461
8940
3458
9837
24584
31372
1329
29190
14535
41108
18980
25012
22680
32491
24912
40581
15884
44273
12770
12571
35840
16480
38679
37647
30492
12370
6271
49938
476
28515
25948
19855
12901
12518
23956
23617
1454
44529
3404
4847
36532
15718
24672
9302
6020
44536
19978
45044
39776
22595
3994
38074
8512
33726
42573
32724
45917
17527
18648
24926
44616
49088
13178
13099
44679
26220
43973
17661
15776
35931
6321
1009
40055
22309
37872
32425
16001
48
44615
35446
43233
26634
49926
9528
38243
18655
14725
31077
9114
12736
37288
22304
37222
3166
31818
7050
6753
39795
14800
33673
1407
39991
2566
13326
44166
44593
17400
5064
45400
45276
24038
2341
44879
16241
42173
36083
36841
15878
14933
42569
1955
7967
25208
29236
16591
4885
33500
40319
15455
8624
13279
3478
28375
18896
26970
48711
23070
414
19395
42903
29741
26864
24868
45060
46106
2149
38445
7185
34653
46230
42884
24932
36268
48606
32616
47825
45386
13370
18989
29158
39636
20360
27820
24570
37698
37149
32513
40567
44605
18696
34472
47413
273
49591
6723
37916
33064
44669
14581
46513
12802
14318
21397
14126
46691
46670
45357
3978
9135
2972
9565
22340
1702
26085
4154
15077
28648
7217
49482
25653
18666
26457
35339
19634
49902
13237
44986
28535
8820
29305
2866
24817
35263
41781
23924
10932
37656
1508
42179
14833
35971
38004
12633
13964
46401
29630
32338
47644
5707
46740
18968
47748
33563
14027
20
48318
21595
23244
46132
2508
12928
1979
21525
11650
13765
39170
3708
39897
34425
16600
37089
41017
43830
42299
35878
47335
17612
31301
33304
44036
13742
6351
33173
43097
27567
3572
45879
36099
1528
28402
43023
39982
3857
21391
15331
12513
41505
27282
35338
25115
11623
7990
24812
20220
46018
44060
32401
3305
10047
38705
16449
33028
49818
13142
14842
49724
48244
43985
11788
26193
10058
34691
47070
35720
17995
11879
20693
40820
287
16082
8961
46602
40794
12083
10731
20716
32548
31781
36571
4454
20946
37244
26888
20574
24851
28636
23804
48940
8041
42125
40991
17075
15119
23251
16699
3958
49265
25090
10518
15904
37068
36752
43595
21071
48008
14753
34328
24802
20922
9765
18231
34568
12191
16214
4282
40424
45360
34200
19468
18888
45779
4066
9354
41369
15190
37959
25442
2757
45547
24020
13662
43931
20139
17401
33284
16407
21430
47815
7717
47336
22714
7885
32844
8542
19613
26925
18902
36576
10779
6881
49513
10944
44773
37996
26946
22464
44038
40001
11151
24791
15365
43306
46831
36862
4283
416
14047
19365
26552
13038
9264
22787
33486
34540
30065
26008
14274
19870
26579
47390
48875
20923
37606
48979
40967
37847
6701
38475
49494
37004
5253
47094
28366
42213
28665
43574
4837
392
19554
12496
23008
29883
33360
35352
49980
27409
21109
45288
10100
27185
28545
16669
33509
10472
16365
29643
48669
13430
1192
6471
42786
11206
39544
20550
17086
43608
8422
755
27135
19165
30595
7203
18035
16252
35511
1365
45843
46267
5584
2034
32095
29260
46591
7664
11343
42869
15124
33507
19453
17589
9806
49940
26693
1746
31265
42151
23371
44183
5361
42988
37864
9373
45292
17434
5699
23990
37534
11405
10636
6984
42292
25155
49990
39010
31800
20169
27013
2100
26636
26873
15637
3407
23699
30122
39723
27208
43894
16849
38738
27261
925
1829
38453
45717
10163
1043
5539
41310
12355
23413
13308
30527
6733
44342
24126
28536
14511
21188
17690
30288
1229
24372
42317
25308
23247
34939
24216
25010
7805
29882
48152
34243
33337
692
10297
11633
25291
25014
39433
30825
24589
8947
4461
40160
45748
18897
14948
23227
14456
4932
10408
10073
5753
44259
21376
29776
1547
26286
19448
33584
13170
48536
5958
35033
1493
48575
10220
11698
23289
43518
29627
31037
11946
23887
28415
24519
1751
27143
41996
47346
1429
6911
43747
12592
19828
32180
26499
10970
47846
4828
29815
3616
31298
38531
13708
15258
46953
17948
3365
45426
47423
39306
43899
22024
12891
41846
36287
44837
33843
20458
47279
48457
13425
33145
10972
23037
15078
9413
40862
38952
20989
23028
47945
13499
39905
25752
5897
27723
47586
29864
33175
32981
39326
37822
44362
41027
36946
8993
39399
23012
9280
21756
33379
25127
16783
24234
33110
39994
48361
7648
283
36725
44270
10316
4627
34176
5852
8389
34091
18772
45715
7647
31726
6052
20543
23895
14242
10816
32232
25342
27389
21584
23602
16503
28461
45112
30779
32538
42619
19386
1679
12132
3101
34386
38371
6945
6555
21587
38925
24979
39192
31353
32266
12057
47559
36932
46206
3165
46637
1092
31670
48804
31382
36828
25510
49183
34844
45802
26101
2009
927
49476
44406
21371
13541
38795
23664
46745
25150
19769
47147
2243
3948
26588
31887
1212
49197
935
17776
41238
26402
27138
32603
47107
26134
23872
9964
11085
34707
5149
11948
18430
10978
13874
31293
45739
48338
12293
17145
10204
3923
37956
10251
40558
32564
36167
42663
47726
11458
24188
18045
35911
8701
30390
19604
6605
7547
26650
40154
25123
24135
43101
1437
18282
48960
24120
37657
22771
45834
27775
23916
11409
40354
11547
18778
49429
7757
38865
13619
15968
46681
24206
48657
41853
11128
48252
9657
23346
40665
34277
3621
27047
26059
47071
32782
31674
15097
12933
18244
49692
37591
7360
9549
47015
24101
8555
24783
4738
10033
15848
16836
8727
22190
43028
23428
5791
38171
21523
38328
22434
23590
4667
38978
35935
7040
42353
18723
1535
39442
37544
15721
44352
504
48961
42088
30827
43119
20044
25065
10129
29859
12097
17440
42607
24316
4215
25058
28799
2244
13636
25629
12368
13777
43059
29009
21948
9334
46467
17986
43206
139
34593
25766
18389
15757
5116
48400
14135
8704
14761
40771
42601
42589
30612
16925
37198
1015
19888
30312
24396
37668
45934
24654
7299
40762
16724
32363
24845
2592
2119
1851
7661
25856
11601
32088
8245
32736
5653
6631
34414
12149
19824
7669
8085
48566
37532
5933
18193
6431
1393
33878
26724
43178
1748
41601
39229
24194
27709
31146
40874
49139
16571
37728
35681
41394
46512
25817
41948
6345
45726
5495
2127
34582
19438
33465
27113
41217
24860
2512
34695
11148
13481
23246
15217
19281
26821
29894
48590
2569
42107
31129
38164
17593
39612
46752
22614
34917
24153
15441
28350
31027
10195
31416
601
26416
4798
6294
15451
8401
13443
30555
12380
16188
48953
4958
8717
17592
29596
3808
41039
10538
29280
31996
2675
5037
24008
37129
43678
17480
13963
2828
20834
2613
40333
41451
18998
43486
30996
31580
39556
30115
8994
48572
3292
15013
25447
42478
34544
27191
41778
11263
94
8152
3673
26969
10468
47199
28273
19990
49841
3737
29484
42685
4240
37152
6148
22040
49642
11761
48596
35418
23487
38256
1091
1278
9
26609
27011
7895
48092
10519
46719
38916
46522
7711
34668
2989
37693
4588
45092
44664
23592
4465
16932
6315
28440
30787
6344
15762
45379
13665
39214
32228
29043
3306
26012
16801
41892
37501
26974
3389
29443
19301
21623
24154
36010
22165
33827
5452
18780
31651
9018
14023
16243
34242
30694
29979
20780
17315
43881
10910
37827
41586
36565
27420
9407
25743
30523
6698
42488
6866
14762
18376
48312
48890
1921
9368
39597
15257
14137
3287
6012
12646
36745
40315
9576
39240
29485
16629
44989
21968
44864
41107
19472
19695
18661
4758
18557
42158
46912
34633
13858
14143
35247
13525
31089
29873
46375
31632
24847
38833
11817
3641
18109
22541
45411
6835
1632
2094
15213
47251
18215
33308
36545
14931
15281
46289
23411
19891
35640
45076
23894
37495
47248
19894
31295
3551
32883
5739
44527
49130
27536
41787
17808
40833
38128
32559
9389
37359
13546
6174
13335
35379
15730
33914
37759
29595
23442
29299
16198
47457
33291
21240
45173
37009
6093
600
18099
16872
29724
1199
49630
25659
45589
43775
40014
37044
36021
41618
10836
11590
35116
34723
23864
39292
23083
4314
37748
17478
16067
14258
18114
33663
10925
26712
32889
37780
45664
17207
43996
41976
14794
37107
37066
9872
46300
21048
25666
14021
40992
27369
14505
33970
28347
35146
15821
48927
45443
11188
16041
28188
39300
46537
30633
43183
18311
12276
34667
30626
1602
26952
10084
40928
31277
24496
18457
6112
20542
10150
42651
40020
26617
33210
48773
16196
15593
49372
34923
33965
49287
26978
29830
41297
47667
16128
17780
28557
27425
17622
17714
26535
28756
35377
38949
40224
47463
46927
4108
41956
33672
13345
36318
38379
30806
3002
16325
3600
17395
14462
19483
6005
23093
5203
1875
49271
20138
26652
4792
28530
17972
21244
866
5016
37182
12140
45431
26785
44011
38762
48821
29885
13861
6936
11814
22603
21925
32132
35620
5344
46882
41492
34771
16271
13449
35416
23167
7318
25413
33498
14606
45416
8277
17428
8785
26768
8796
7615
18117
12714
36499
49278
45512
12366
25367
33152
269
17970
33994
30026
26200
25336
18524
13260
38096
29310
33501
21021
37886
31244
546
40441
42074
41699
41068
36417
43542
38278
35514
3773
659
2398
42715
16531
7166
9815
30326
5110
20104
8862
14947
33091
48755
39547
35297
21350
15814
39341
23563
46828
20068
14182
7732
13549
32949
33323
33683
48333
5082
26226
34221
14601
34465
7048
1303
15504
35183
12546
16856
23457
28466
49339
46569
3487
26878
34368
35296
18347
19099
21124
39118
7911
15369
22242
27321
13167
34833
35637
20588
24583
6967
22699
16589
27841
47243
27411
7317
15082
16078
10121
373
39012
9530
48621
25140
29772
44392
38309
28280
43645
22284
21991
32660
46936
25174
15585
7677
2966
40904
8948
30202
44108
4159
16656
40757
33805
10603
41908
13007
1732
35787
47068
21321
4604
46611
36380
12852
49698
40012
28921
4191
25528
7324
23462
22736
20506
2042
19786
5728
7836
32875
43212
27934
14426
34934
44956
2959
46734
15019
1992
1763
30847
15659
42456
1118
35455
45628
24465
30044
18183
25587
15899
24572
27837
35718
34332
7620
19994
25297
30603
39758
16637
31723
44032
42757
2401
37272
44891
29503
45911
46778
42668
4594
11057
4678
20173
49246
8072
41343
48444
42390
45995
26931
832
19968
47496
16911
41815
46716
7561
26015
26786
10663
9293
12100
39391
4924
24561
22844
1421
20914
18176
10628
44353
23488
29939
33074
42181
17339
3408
2365
12127
259
34267
22472
37141
45884
25610
25321
10034
28176
919
47538
13573
13251
14896
6554
11564
3694
42990
43352
2452
339
4593
32227
21877
32444
25997
8576
1903
37261
46302
13225
12818
5722
8673
49840
19205
39044
39479
1545
28451
42101
35697
105
31373
34551
27618
17604
43355
38073
8896
2800
40120
25939
5725
36195
16336
18681
49956
12536
12759
28181
29689
38227
19899
38451
21989
19067
34901
29108
40478
22807
7476
49530
49784
16819
13124
8998
36251
28889
39515
41714
5879
21483
33593
36671
7604
43763
23267
49960
28202
2523
27291
45737
11344
49753
10244
14739
26837
30214
23955
36250
27805
19906
38648
44538
19607
23313
38871
15437
20315
18361
2720
19180
31730
44816
16435
21759
18380
25242
21097
32235
2163
29535
35232
44326
19030
37032
574
10494
49782
3084
44070
5173
26211
5813
26005
32594
14891
4045
24116
49608
17699
38866
1046
43686
9445
47010
32417
18072
29771
31120
15992
7887
37570
42015
40520
45149
6854
22696
33097
13055
5057
24539
41197
25818
33510
26610
26112
20203
8233
17268
33997
43510
29104
13350
16766
18124
11349
12195
41563
45690
23825
5528
28438
10810
20977
8192
46226
12982
7926
5544
34979
33093
16977
23763
23769
20123
24390
193
33830
30135
21897
15116
15547
40563
46775
7999
6270
31358
43394
32043
24632
3548
33461
8218
12402
10869
14697
24658
35315
14614
33571
36307
1647
38202
42195
3298
14473
38893
38316
16666
37649
18914
27619
18055
49881
49773
37953
3834
442
23949
23575
2722
40268
47700
8615
5080
46345
41481
20519
39163
14232
32181
37355
38186
8703
33860
41511
6235
12530
35221
38130
35480
39122
3837
32065
38116
28180
4630
23241
7516
40857
38645
29304
27598
43440
4712
31224
13450
33396
43363
34597
11795
45659
25692
24457
1745
5487
31735
16227
30102
33619
35440
23198
43633
20949
17785
36847
2371
31561
37736
24787
20129
2137
12763
32700
16959
1413
10662
45545
12662
45132
43871
10039
16620
45903
26541
35335
22473
49906
27254
21052
34080
25957
9936
35829
39346
25553
2439
47624
11358
42521
33154
16774
41710
13683
32054
6969
31999
41537
1929
4527
16554
44105
32375
20120
40608
17919
28502
39659
25959
6517
41202
28874
33402
32471
43672
12288
22649
38754
29480
24401
43151
47742
14940
41489
4552
3218
8073
44640
18999
32157
11351
933
30738
15556
22283
2324
21740
16156
48802
4000
49682
37491
29132
22806
40676
15980
42534
25597
28076
1540
8988
4354
43561
23438
21727
17570
22558
21765
36347
27593
40802
35349
39936
8590
18173
44378
37430
41773
9296
2899
5298
18555
20862
3956
13668
15565
14455
44945
28571
6293
4522
33389
4540
19212
22025
37535
48778
25620
40854
1023
41484
4501
25263
33153
305
6161
13597
46540
14722
17040
15766
48997
22731
47483
14589
15807
32297
45339
7936
23938
35143
8211
25715
15156
12719
49728
25584
13403
16510
48741
40171
13247
36540
13610
33574
15461
32069
29002
41277
27111
29694
37327
35144
23973
16461
40546
49346
23565
29268
31026
11921
14171
49160
42223
14748
41706
14273
36212
4997
41220
47970
14070
31114
47173
154
25662
18868
3354
30223
43458
11031
5965
7182
34467
15765
40251
46031
36840
11923
49868
30251
37462
19614
21674
6612
26104
1611
3405
26612
49047
37155
45326
12713
7678
21805
24960
18948
43235
42643
28761
8065
16827
40921
15826
21578
34236
6756
29574
17338
38188
17004
13511
4991
9800
4646
13023
21379
28400
31585
42492
9865
29219
15337
11354
48632
3670
28700
40370
8168
20393
11233
36166
46085
31274
5644
7896
41972
44883
30337
39216
42910
13365
27930
28819
30239
26691
8117
24549
19309
14631
29028
28698
39165
14181
27543
40861
30597
4322
43397
38635
20230
6086
28875
5089
46398
47773
26284
8791
35524
44917
8471
38884
42754
29025
23284
20701
20698
20764
23542
14575
13013
13444
1779
42809
11715
39716
38386
45234
6259
42082
7365
42393
5567
19878
15467
8661
4079
39983
30620
37498
31704
9881
46799
32799
12532
10060
33839
36059
9662
23920
48276
34283
36577
34512
21266
10310
40579
14857
940
47285
20555
47344
4087
2311
36740
32109
47326
28963
16982
24403
43853
8392
14401
8488
21163
47897
40118
912
44843
26458
10606
37284
16296
28435
21065
39182
2002
36644
20326
34107
7653
38690
6081
48951
45693
14550
30969
43292
22409
4632
42169
24523
5656
40091
8284
32527
5561
22401
38536
33549
22527
20776
40346
21689
32428
24643
5749
26475
14373
11298
35654
990
39823
24650
38926
46069
6184
39553
20324
4612
19873
14074
46674
13406
33716
24992
881
17733
47350
19721
12038
44803
3753
2228
20531
30685
4415
576
21619
33740
9694
24515
14048
42794
30323
22396
17151
38160
29431
14175
34327
23407
21823
40918
39575
31535
36299
40210
33581
9479
40100
8203
26486
31636
13864
34169
11161
17425
32360
49137
23381
47612
12647
41404
29323
49256
29397
36615
21902
30863
25128
34445
36052
28378
6034
3778
5211
26064
42888
27479
46918
35686
47986
22115
45243
49572
34705
24298
13956
46827
46254
966
43615
17871
1981
4872
23432
41918
12746
6209
6824
47981
32624
28632
14649
11487
20897
20353
42975
33238
35540
13121
11424
45390
4119
7741
2858
4137
3585
1066
25196
41096
20175
35181
30650
47223
10800
10400
12896
20052
45532
27246
40004
16889
11722
31279
26495
28301
6607
6069
45806
22187
21503
14076
41386
15112
4048
36362
40223
2731
39416
28883
9517
7035
44048
29191
9201
35547
818
22624
27780
25664
29898
26188
49386
1354
19338
20481
1418
20114
40236
8133
46048
43131
20874
9385
32587
15511
14320
42655
5698
31221
29964
3765
19426
26852
18323
9249
24562
32789
13482
40593
11211
31614
6978
24801
21852
35173
39583
595
23687
32194
19727
41059
33750
19040
25036
41660
22861
42544
14890
2519
49955
11411
15831
10765
31765
37839
37174
43031
3875
16652
5410
48357
38024
14863
3087
33780
32563
10374
1083
1202
38288
39092
10644
22376
47232
33214
37637
28150
6552
36432
38095
1194
39974
16566
23661
13166
33470
28261
35844
2522
8287
29961
15179
18276
32166
2708
12377
11837
17587
5881
34333
1237
20598
13815
45805
45210
37934
13646
17248
16438
40042
38805
17467
13476
43479
22459
46012
48764
34048
2406
23170
5142
28397
29342
25443
14744
48828
5830
30014
24433
36496
14310
49569
17314
20770
21299
6634
36970
40752
44236
5388
45646
2435
26812
34541
26767
47992
44775
29749
10842
13431
21100
20784
32449
29537
8635
33083
746
9667
15690
33242
34543
16777
14189
39872
39222
28521
4306
27318
18956
48627
41733
42071
21715
3466
2949
6406
46665
24077
24157
13733
797
24421
45495
43496
35800
21856
21990
6295
39908
35888
12098
49509
41634
11210
40836
7449
42570
40778
8752
35577
13272
28257
26103
12332
41458
11323
9591
40972
29838
38855
26967
1944
12835
30428
13303
29472
1265
42102
48616
23749
28223
20356
26411
46086
43923
25013
41614
25250
19423
19496
14039
26404
30002
3066
27877
29373
18563
24244
25972
13581
6710
46781
5889
11064
30810
63
15459
28356
49457
5127
13717
20777
21784
253
41950
20805
28234
32210
21259
24984
10079
8514
37305
39233
12823
10303
17784
26217
29176
45078
45466
19123
38462
25503
29339
35988
33720
48031
20835
34925
9560
1536
15367
34973
37007
11328
9068
30683
22591
12972
34065
27276
20472
43027
860
34322
42399
5208
16862
19725
46916
28496
31258
10827
38302
17468
48051
38863
11671
4600
46774
15794
9851
5968
44210
2145
3192
11760
45603
38416
29715
30923
14695
23349
27226
41286
31181
33067
39800
23660
1953
30384
42583
31763
7044
1593
1282
29988
27754
39548
10915
46202
37419
20107
27581
1970
39919
49475
13526
17739
45178
21323
41120
17879
29248
30266
15781
27800
14651
16010
21642
28743
13878
47268
48163
26528
24916
3722
39981
44092
34658
47915
47604
14271
24920
19578
8475
22745
34736
38109
27245
18119
35158
29363
15143
7325
16379
39508
288
16416
44467
43165
31260
10158
17037
6648
20999
19350
1736
3598
29822
40428
4362
16158
47190
35666
4468
34261
47934
24161
8376
3739
16559
4409
15137
9731
7306
46463
47208
42296
32800
36600
24201
37086
6010
8762
9879
14573
4955
41398
48350
23932
6466
14924
25822
20479
26987
26386
21762
10877
39080
13720
37948
31972
38708
2530
31315
10847
14231
30088
48222
12598
12907
12265
33218
36984
28341
31727
14510
29100
43543
17058
1656
7393
7724
5120
41178
24145
1828
6297
46789
2052
20298
16730
9562
36817
3801
37887
2531
10746
39630
6931
30196
25921
11029
6910
25657
32247
15268
35610
25581
24751
30474
42348
45875
41351
30880
19865
47940
1145
43712
25347
18346
5850
5674
30054
8098
44855
22347
11536
23377
20314
35194
8409
20500
28074
45461
39301
1525
114
5340
12143
47961
36926
32924
49586
8317
30613
21655
34116
16863
1345
27929
36429
18527
33140
24014
13569
25583
11255
21963
39404
5454
28828
42950
44862
32120
29035
47316
45979
40399
39559
48834
12870
5189
21127
9568
31166
15285
31462
28304
23558
36208
36047
18349
40923
24308
33274
18737
23519
4199
34223
21714
19170
35543
27830
229
5365
9279
17821
35066
9421
30126
17024
23210
38022
5461
38228
24504
6681
23144
3695
31638
3867
8865
6893
47666
12334
38105
34581
48705
38668
37765
147
35388
45293
34191
9507
2194
27489
30741
29379
13356
3637
44928
42100
47753
42693
30008
10045
35788
21475
29837
16195
30725
13412
17989
15145
4669
17170
5976
45465
20201
40448
30144
39043
22819
21781
46232
38253
47601
23624
32437
3151
7094
19712
43908
31901
10275
44006
32219
37330
1516
31995
35914
16887
213
36997
15604
8918
31347
33808
2895
43490
12464
675
3721
8019
25371
22121
26391
32980
4407
4939
26706
9709
12549
29727
21892
13860
18540
19460
31092
10122
16781
25350
25561
20658
13087
36317
42112
23663
14281
41832
35038
10166
17331
1466
4211
44241
9214
24182
17627
38778
31732
40395
18205
450
45813
49605
37470
4374
7356
6882
3757
909
10878
24502
951
31576
43316
10943
46311
35450
48929
31479
18924
39995
32911
5049
40190
6506
6913
41061
8904
41701
10114
37571
39878
7413
12865
35447
44151
42081
38847
41439
6035
1490
21487
32080
49619
36872
21933
28270
19969
30264
16484
39142
5633
30556
46534
37130
41749
21387
35223
29333
46011
31513
49520
14622
31427
43254
6826
32837
18184
27364
14234
27258
18988
41373
24158
7696
24641
27485
23656
40909
33862
16380
36930
11006
15066
18118
48090
48037
18647
9432
47614
20619
1377
39682
22166
1445
42053
4055
22201
29549
28638
13112
12685
40393
23344
9797
8989
37161
17964
3770
43529
21261
14825
25179
49834
20848
4196
46253
13010
26795
24048
22098
21686
10151
28711
37115
4908
33448
36537
17724
4497
12309
684
37175
21296
14688
5223
30129
202
10784
8839
40716
22081
29611
7429
191
41233
32331
4698
14041
2074
40504
33793
43835
12212
31655
4031
5568
12365
10148
36425
16446
42186
8539
27510
42347
24199
45680
27009
28962
3242
37367
5836
48646
37008
633
22210
42875
33753
26379
27474
19240
49934
41649
22469
7337
11484
32204
25421
31564
14495
17521
21945
34213
31621
38452
44244
26019
47550
11488
47533
31597
19951
28804
47320
9012
24409
11297
47878
3477
12336
23048
22216
5640
11765
29700
11037
12639
29626
49090
16972
30149
21952
10607
31565
35424
18745
21061
48981
27265
29829
5696
805
9637
46185
49407
38471
8510
22001
44338
19479
14286
44957
44908
31245
40843
2387
38720
45634
26716
247
16114
36713
9199
14158
46930
29950
42134
15578
33020
41988
17552
19829
983
44871
9855
895
19336
40211
9384
17515
18253
46947
41363
17701
40294
23828
25626
14155
20545
34408
7326
18090
38681
44711
7372
49326
20919
24892
27960
20940
33797
48453
15051
14475
47901
38650
14817
13760
16015
40907
3597
2428
38625
42148
38747
45134
19513
23837
15219
34588
21219
43110
33070
38263
48878
28801
27100
2032
13938
13244
39789
39394
14160
33082
1161
37730
27080
18627
9836
29800
44227
47583
28823
18497
6647
29062
46002
5086
2641
43138
12239
17900
15523
15304
12625
46600
45986
26976
9919
35826
4639
27896
44207
48713
36217
29929
11534
21653
23047
12013
46072
28016
8525
46054
30776
26111
7392
35706
45413
46818
7376
15842
28158
903
43508
33181
29222
19018
17238
3020
44231
10253
21308
8905
14179
6387
21778
47744
10021
29240
18336
26608
42896
27330
1026
15803
13409
15820
8749
27375
43025
48539
45679
16974
14567
41435
29188
40597
15745
15941
15506
21849
3424
5034
39846
36006
9457
3908
12843
4778
45869
28370
9402
40446
17393
46111
30729
41146
15274
44001
33157
39557
17210
11110
37386
15147
19825
45943
24067
6926
17958
19422
3729
30212
2120
48394
42697
29546
11597
22651
6411
45584
24827
39860
8398
6080
4970
1928
4551
48187
12067
35485
14599
42333
8801
30505
37983
14827
34811
5514
13521
20727
48654
16851
24121
7649
15704
46201
15498
22485
17823
19079
49369
27971
6002
22715
47168
35268
32767
13083
1777
13440
49264
46741
35074
19146
44663
39482
15517
33169
1696
36069
44313
33519
47097
33660
11474
47451
1168
10006
36900
36702
36158
16431
46851
36892
1941
33659
24909
16393
30229
38557
9345
5422
46949
41164
5379
46145
5077
20717
3541
29564
1469
28583
41982
21640
26507
23611
43917
3227
4605
26260
31581
33547
4059
6149
39522
43343
353
32267
3939
12338
28360
38319
8593
34411
18923
40458
11113
41390
12706
35169
42484
886
47514
36741
13862
48923
29790
27109
15646
14341
36393
32598
30994
5913
13401
28798
43199
25834
3547
20099
39237
13624
24582
9244
44379
11238
33477
14085
852
6628
22074
37834
42545
34893
37235
40980
1884
48618
48022
42516
26395
44448
36063
7842
28899
42600
34518
33516
41692
42746
15270
1503
45643
48817
39302
38322
36878
14304
19331
45179
42790
39226
41610
21792
45894
37232
4475
27816
40256
26125
14073
19148
41543
29723
38249
35776
15614
17449
4957
40220
23760
15189
46884
37042
3914
26417
32021
20396
18015
46709
37183
9969
16619
1200
15993
28882
38533
45801
20517
49563
39485
34823
39013
17105
26620
45695
19633
982
35134
27085
43834
20018
24240
5989
35087
37456
6674
8607
49965
25332
39186
18512
26407
2735
48427
33728
36598
31874
45777
33980
45062
37298
10376
12477
18871
13407
31104
40707
29718
1231
32528
37737
32882
20612
25562
47950
27898
32488
4996
22749
13059
44511
46703
22941
11969
5694
20530
16172
37692
15635
29208
10207
29021
17908
18946
10225
20158
24093
4881
2738
27293
17258
24631
38375
19889
11579
36594
27471
176
12399
35012
16477
18793
14961
29963
44490
33255
21189
39779
47608
30874
9986
14086
19159
38087
44781
41205
49789
16356
9237
13718
17532
5599
13327
18378
49343
32173
45940
44458
27219
16857
11602
32359
21274
23134
25383
49437
2736
36349
48389
13630
40227
46
11790
46898
13100
34577
26981
40578
657
24882
44040
36523
36939
24361
22162
41361
31659
14487
40485
46249
40998
14374
47573
1057
40278
15410
13709
30442
12992
41374
18161
8671
24651
21106
9654
27333
17460
43714
11061
41303
21724
38680
7146
33167
13712
3070
48635
18449
27094
28287
14043
36865
14730
14764
42257
4998
30295
15480
45955
19215
5010
49044
36084
33861
15427
49406
25030
10574
17649
46340
13756
7609
33963
16386
5746
753
37424
8740
16787
38299
48192
13198
27419
44558
6385
2637
48413
10076
13729
26378
15154
650
13958
46839
28361
37131
2729
2538
394
27400
14313
30209
11445
740
44668
41054
8136
47653
33424
49229
34871
36081
26207
40747
1347
7440
20193
10221
30430
6705
15327
20759
33696
32691
17420
27347
5470
11228
43095
27033
10546
43062
5336
7771
21768
9821
32010
48902
37426
48620
12433
2976
10710
41352
22302
21918
24725
40050
29702
14832
26154
2319
11032
42566
9646
15674
5094
46312
18671
28909
13957
3432
44690
9653
43170
24743
40046
35695
27088
44439
42140
6205
47130
27568
18973
10645
11762
27426
22073
27403
17992
39761
38697
10789
15969
34102
15679
37893
44612
25778
45959
46134
49966
29644
18428
23622
44764
28587
25812
1718
29677
1247
9065
23460
47207
21758
1675
333
21087
22145
22897
39402
12634
31482
45479
763
10798
5802
22183
5678
20985
2158
35436
10324
10832
37675
12874
46613
47338
30374
45143
27310
37026
3190
12209
39049
38628
6058
22363
2234
48048
29409
12786
3273
23391
6707
25061
34056
22234
49554
39457
24007
796
7396
8418
35790
16685
39699
44758
4564
47239
37213
27283
21996
38767
31897
6009
15414
4902
37658
38090
7968
16919
43918
33941
23079
9175
49775
37267
13248
40116
29126
41552
28148
48941
34911
44132
38814
172
8015
17978
37507
17506
21456
25283
20243
36704
22843
7214
30564
11473
1742
22110
30053
922
39172
40167
31101
10098
43221
34826
24685
8841
28784
2126
22175
49895
6156
1841
26031
1375
41362
5415
32683
16842
22033
37094
14597
16865
31789
22437
8949
36825
15104
28725
42168
15292
46713
28450
7327
19100
48858
42656
513
20795
27625
43734
19125
10103
11632
9017
3480
27767
34918
45756
9160
47136
34660
19520
29223
38273
21580
3868
14042
45301
14901
11528
22521
18784
8679
42031
5982
26753
10963
29316
22594
16309
29621
21612
28167
13296
8969
33449
14482
38157
4539
37050
29851
46878
17812
3952
6935
1334
29303
4086
38127
28075
11694
4160
39390
34857
41184
14200
33737
41923
6940
40344
49625
46686
10262
43160
30606
22299
30552
49551
7584
306
2903
44268
45135
25369
43846
6452
47655
24220
46227
30795
11836
28538
3275
18571
26256
18743
22448
6588
2454
44859
41777
27239
426
31997
33876
8769
37697
10441
20009
48349
32294
28660
39881
26282
23700
23240
16737
28210
5501
33877
36176
8365
35383
11271
10217
25654
9391
23110
43417
22395
12698
6496
6375
20760
14689
45716
750
47874
40074
45232
15609
30888
27912
32765
250
23221
47120
31544
26854
4773
31064
32725
46190
34282
25261
36775
45610
36232
47639
39316
23312
34082
26036
15706
27891
34549
37034
10370
37196
8264
22012
43941
33885
31323
29010
14205
19943
40737
11785
21712
33394
44551
9917
24347
25244
47620
38369
8163
10685
36508
27853
2725
5616
25472
44497
32217
44405
20939
20059
21017
20035
5282
30203
27473
28746
3766
4966
35791
11022
19495
12505
6191
38872
28542
8815
39174
40089
49426
9303
20090
37762
33052
9700
49483
11976
6845
33030
34675
2907
40079
40767
17949
8823
30185
26343
43784
12867
23530
4435
48151
9251
22342
28844
47166
46346
6391
28205
25526
26006
7807
37314
6509
47851
42185
47750
16037
8906
36843
20323
28081
16540
8056
30792
25551
44772
4878
45059
7302
2155
27801
28514
39441
11617
1301
30530
36902
30296
23605
39856
27339
28133
34424
8164
16354
26312
29212
39700
12046
44756
36055
34420
40416
2955
24602
45412
773
45840
13755
38523
18565
47349
7141
36373
43912
8114
19545
27962
28329
5980
20447
33004
34955
22809
22264
35985
43948
15546
6507
43448
12683
45050
7702
36228
14824
43771
19286
49570
41490
28480
32922
17094
44076
30444
46666
37981
44710
18839
18186
38296
10511
28463
40389
30141
20592
45902
49776
29042
40941
22633
47313
28559
4542
19293
26230
43036
3509
15192
34814
10153
27205
19956
18799
49273
25465
17528
45929
34963
49993
41423
41664
36197
18807
5972
5207
16726
37793
520
34734
44025
13553
10391
14577
43667
26253
6144
1538
49230
19573
36834
35793
45527
39348
21802
35354
41622
17303
41263
34067
31454
15998
46113
44818
33858
26548
28974
9759
26235
2583
8861
44169
25246
29599
18157
45699
6566
43849
5314
25191
8346
24665
21992
608
16263
5125
7769
28604
17820
5967
1063
1420
18468
11636
21128
37773
43236
2673
17109
19445
44014
3531
38480
24225
1913
17983
20903
3529
10509
7379
21667
1028
3381
14749
37557
26995
22597
13384
43814
22140
46992
6480
23024
30802
20383
2067
29037
7607
14630
27368
10681
31053
9173
13034
33054
934
26838
27627
3619
43150
32611
30177
34725
23673
30389
40975
27244
30532
26075
26047
5467
43628
43422
18460
8124
37990
1349
46663
13766
19444
48735
33048
27320
44842
32850
41023
37435
21831
24757
43445
48992
45019
13348
23779
14451
20736
13980
38846
11367
36536
20786
8209
33191
7858
39352
30684
49720
7668
38290
45786
30688
26735
37620
7931
19014
45067
2505
25428
11763
20793
13643
8351
4563
11959
46044
48184
37772
47351
25471
3283
20586
34165
36233
13651
2122
8106
25674
48855
49803
19629
14536
33932
46390
27055
32050
18270
83
411
24164
42465
41895
33305
45999
20082
6486
1690
785
14067
15458
23039
7130
34299
35029
12136
8009
45389
48945
48685
45374
24139
24750
17891
33735
32746
41568
44715
24027
47362
1047
49042
40887
8533
11861
10801
16266
13727
25884
8774
6214
11670
12840
25952
40462
37063
6679
32111
28641
7744
19875
33644
26572
21905
30866
25011
41752
25339
9497
42127
279
46896
20371
729
32780
35138
4323
20065
28487
32577
37132
20182
30567
40601
5326
37826
21115
17014
38886
319
17569
49656
21937
9197
29128
10859
6021
40627
21554
7349
15531
29683
24086
27824
42585
8250
28917
26328
45334
21042
31650
28687
5579
17085
32651
28556
16708
8251
44393
28449
13778
33142
34858
43195
11259
31400
27171
38124
27999
4566
11425
19305
2007
41294
4278
4348
26815
42801
35141
23834
5916
17588
45163
15515
28808
13397
19433
22064
44484
40897
8686
12179
32140
39671
7041
18139
26762
13842
12383
17843
5790
37890
1947
26732
6381
42468
24471
34201
3205
37814
6822
40430
20613
35009
15975
17773
4373
46592
28104
25186
28850
14716
2357
28803
14429
25292
26703
49186
15130
39171
13866
46001
6126
19522
32606
47856
19404
44022
41703
44961
41813
39
42110
42430
26765
19255
43488
20628
25084
15001
20091
24320
27340
46047
37214
10471
7272
33599
37012
16047
45820
34043
5096
32202
14263
8350
40235
5726
45793
45433
27006
11011
27177
8724
20030
36022
38250
39915
26885
42920
44219
34412
5543
18761
3118
37873
1639
34185
49702
47642
9596
30346
7012
48404
32108
25910
20583
45956
31515
37201
5383
11808
6181
14874
3858
43197
19640
1132
13224
13402
3950
360
4756
1338
15598
7254
9751
3870
32198
2004
10143
35330
47860
37577
459
18653
40140
16018
26849
34921
43856
16905
18588
19874
45273
26567
27255
4598
30939
23288
17835
22243
13339
20317
2739
20661
31852
46658
15466
5246
13881
11334
27459
47656
22940
29404
17473
43142
23287
26430
26600
20140
15474
1442
6401
45558
27391
30837
40339
38456
33691
3546
