1
2
3
4
5
7
13
17
18
19
20
21
22
23
25
29
34
35
38
39
40
44
47
49
53
54
55
58
59
61
71
72
73
74
76
77
79
80
81
85
86
88
90
95
96
98
99
107
110
112
117
121
125
128
130
133
134
137
141
143
145
146
150
155
156
157
160
161
163
166
167
168
170
171
172
173
175
177
178
180
181
183
184
185
187
188
189
191
193
197
199
200
202
203
205
206
207
208
209
216
217
221
224
227
228
229
233
235
236
238
239
240
241
242
243
244
245
246
247
252
256
257
259
260
262
263
265
267
269
273
276
282
283
284
285
287
288
291
292
296
297
298
299
300
301
304
306
309
311
312
313
314
315
316
318
319
321
322
323
324
330
336
337
338
340
346
348
352
353
354
355
359
360
362
363
367
369
370
374
378
379
380
382
383
385
386
388
389
392
393
399
400
403
404
406
407
410
411
417
419
421
422
423
426
427
428
429
430
431
433
435
438
441
442
443
445
446
449
451
454
456
458
459
460
464
467
468
469
473
478
479
480
483
485
486
487
491
495
496
499
501
503
504
505
506
508
510
511
513
514
515
516
517
519
522
523
524
525
527
528
530
531
532
534
536
538
543
544
545
546
549
552
555
557
558
559
561
563
565
566
567
570
571
573
575
576
577
581
583
584
586
587
588
589
591
594
597
600
602
606
608
609
610
612
614
615
620
621
624
625
626
628
630
631
632
633
634
636
639
640
641
646
647
651
652
653
654
655
657
659
661
663
665
667
671
672
673
674
676
677
681
683
684
685
686
689
690
692
694
696
698
699
700
703
705
706
713
719
720
721
722
723
724
726
728
730
733
737
738
740
741
742
743
744
746
747
748
753
759
760
761
764
766
768
769
770
773
775
777
778
779
780
781
783
788
795
796
797
798
800
801
802
803
805
806
810
811
812
813
818
821
822
823
824
826
827
828
829
830
832
836
838
842
843
845
847
848
849
850
852
853
854
855
861
862
865
866
867
871
873
874
876
878
879
881
885
886
887
888
891
892
893
894
895
896
897
898
899
900
902
903
904
905
909
910
911
920
923
926
931
933
938
939
940
942
943
944
946
950
951
953
957
959
964
965
966
969
972
973
974
976
977
978
979
981
982
983
984
985
986
987
988
990
991
993
995
997
998
1001
1002
1007
1008
1009
1010
1012
1013
1014
1015
1016
1017
1019
1020
1021
1023
1024
1028
1029
1033
1035
1036
1037
1038
1042
1043
1044
1046
1047
1048
1053
1054
1060
1061
1063
1064
1066
1068
1069
1070
1071
1073
1078
1083
1087
1088
1089
1090
1092
1094
1095
1099
1102
1105
1106
1107
1108
1113
1114
1116
1118
1121
1122
1123
1125
1126
1127
1128
1129
1130
1133
1135
1138
1143
1144
1148
1150
1151
1152
1155
1157
1158
1160
1161
1163
1164
1168
1170
1172
1174
1176
1179
1183
1184
1187
1188
1189
1193
1194
1199
1200
1201
1202
1203
1205
1206
1207
1210
1211
1216
1217
1218
1220
1221
1224
1226
1228
1229
1230
1232
1237
1238
1239
1240
1250
1251
1252
1253
1254
1256
1257
1259
1261
1264
1266
1269
1272
1274
1275
1276
1277
1278
1279
1280
1281
1283
1284
1285
1286
1287
1288
1289
1292
1293
1296
1298
1300
1304
1305
1307
1309
1310
1315
1316
1319
1322
1324
1325
1326
1329
1332
1333
1336
1337
1340
1341
1343
1344
1351
1352
1353
1354
1356
1357
1358
1360
1361
1362
1366
1370
1375
1376
1378
1379
1380
1382
1384
1385
1386
1390
1392
1393
1395
1396
1397
1398
1400
1401
1402
1403
1404
1405
1411
1413
1415
1416
1418
1419
1420
1421
1422
1423
1424
1425
1426
1428
1433
1435
1439
1440
1441
1443
1445
1446
1447
1450
1452
1454
1456
1458
1459
1460
1461
1462
1464
1467
1468
1471
1472
1473
1474
1476
1477
1478
1479
1480
1481
1483
1484
1490
1491
1492
1494
1500
1504
1505
1508
1515
1519
1523
1525
1530
1531
1534
1538
1541
1543
1544
1545
1546
1547
1548
1551
1553
1554
1556
1558
1559
1561
1562
1563
1564
1565
1571
1574
1577
1578
1579
1580
1584
1586
1587
1588
1589
1590
1591
1593
1595
1597
1601
1602
1603
1604
1605
1610
1612
1614
1616
1617
1618
1620
1621
1622
1624
1625
1626
1628
1629
1630
1633
1634
1638
1639
1641
1643
1645
1647
1648
1649
1651
1652
1653
1656
1659
1660
1662
1664
1665
1667
1668
1669
1674
1675
1683
1685
1687
1688
1692
1693
1695
1696
1698
1700
1701
1703
1704
1707
1710
1711
1717
1718
1720
1724
1725
1726
1727
1729
1733
1736
1737
1739
1743
1746
1748
1749
1750
1751
1752
1753
1755
1756
1757
1758
1759
1761
1763
1764
1765
1767
1769
1770
1773
1777
1778
1779
1782
1784
1788
1794
1795
1796
1798
1799
1801
1804
1808
1810
1811
1814
1816
1817
1818
1821
1825
1830
1831
1832
1834
1836
1838
1840
1843
1844
1847
1849
1850
1853
1854
1856
1859
1860
1862
1863
1865
1866
1867
1869
1872
1875
1878
1883
1885
1886
1887
1891
1895
1896
1897
1898
1899
1901
1905
1907
1908
1910
1913
1915
1916
1919
1920
1923
1924
1928
1929
1930
1936
1939
1943
1945
1946
1950
1951
1956
1957
1958
1965
1967
1969
1972
1973
1974
1975
1976
1977
1978
1984
1985
1987
1988
1989
1990
1992
1993
1995
1996
1997
1998
1999
2000
2003
2005
2007
2009
2012
2014
2017
2020
2022
2024
2025
2026
2029
2030
2031
2033
2035
2037
2038
2040
2041
2044
2045
2047
2048
2049
2050
2051
2052
2054
2058
2059
2061
2062
2063
2065
2067
2072
2077
2079
2080
2081
2082
2083
2084
2087
2089
2091
2092
2096
2099
2100
2102
2104
2106
2108
2109
2110
2112
2113
2114
2116
2117
2118
2119
2121
2122
2128
2131
2133
2134
2135
2137
2138
2139
2142
2144
2147
2150
2151
2152
2153
2154
2156
2157
2158
2159
2161
2162
2163
2164
2167
2170
2175
2178
2182
2183
2186
2187
2188
2189
2193
2195
2197
2198
2203
2204
2205
2206
2207
2215
2217
2219
2220
2222
2223
2225
2227
2228
2229
2232
2236
2237
2239
2240
2242
2245
2246
2247
2248
2250
2252
2256
2257
2259
2260
2261
2263
2265
2274
2275
2277
2279
2280
2291
2296
2300
2302
2303
2304
2309
2310
2314
2317
2318
2319
2320
2321
2322
2323
2326
2327
2330
2332
2333
2334
2339
2340
2343
2344
2345
2346
2347
2350
2351
2352
2353
2354
2356
2358
2363
2365
2366
2368
2369
2370
2371
2372
2373
2374
2377
2378
2379
2380
2382
2383
2386
2387
2388
2389
2392
2393
2396
2397
2402
2403
2404
2406
2410
2412
2415
2419
2421
2422
2423
2424
2425
2426
2427
2428
2432
2434
2435
2438
2439
2440
2441
2443
2444
2451
2453
2456
2457
2459
2463
2464
2466
2468
2469
2472
2473
2474
2476
2477
2479
2481
2483
2485
2488
2489
2491
2493
2494
2498
2499
2504
2506
2508
2509
2510
2512
2513
2514
2515
2516
2518
2521
2522
2524
2525
2527
2528
2529
2531
2532
2534
2535
2538
2539
2540
2548
2549
2550
2552
2556
2560
2562
2567
2570
2571
2572
2573
2576
2577
2578
2579
2580
2581
2583
2585
2586
2590
2592
2594
2595
2596
2597
2599
2601
2602
2603
2606
2608
2610
2612
2613
2618
2619
2622
2623
2624
2628
2629
2632
2635
2638
2643
2644
2645
2647
2648
2649
2652
2655
2659
2662
2664
2665
2666
2667
2670
2672
2673
2674
2675
2678
2681
2684
2686
2687
2688
2690
2698
2700
2704
2705
2713
2714
2716
2717
2719
2723
2727
2732
2734
2736
2739
2740
2741
2745
2747
2748
2749
2752
2753
2754
2755
2761
2763
2767
2768
2769
2770
2772
2773
2775
2776
2777
2778
2779
2781
2783
2785
2786
2787
2790
2791
2792
2793
2797
2799
2801
2802
2809
2813
2814
2815
2817
2821
2823
2825
2828
2829
2830
2831
2832
2833
2835
2836
2838
2839
2840
2841
2844
2848
2854
2857
2859
2860
2862
2864
2867
2868
2869
2872
2873
2875
2876
2878
2883
2885
2888
2889
2891
2894
2895
2897
2899
2900
2901
2903
2904
2905
2915
2916
2918
2921
2922
2925
2926
2928
2929
2930
2932
2933
2934
2936
2938
2939
2940
2941
2942
2945
2946
2947
2949
2951
2953
2955
2956
2957
2958
2962
2963
2964
2966
2967
2968
2969
2970
2974
2975
2977
2980
2981
2984
2985
2986
2987
2989
2990
2991
2994
3000
3002
3003
3004
3006
3015
3020
3022
3023
3024
3025
3026
3029
3031
3032
3033
3034
3037
3039
3040
3042
3044
3046
3047
3050
3051
3053
3055
3057
3058
3059
3061
3064
3070
3071
3073
3075
3076
3079
3081
3089
3090
3091
3096
3097
3102
3103
3104
3105
3106
3107
3108
3115
3116
3117
3118
3120
3121
3122
3123
3124
3128
3129
3131
3135
3136
3137
3138
3139
3150
3151
3152
3153
3156
3157
3158
3159
3163
3164
3165
3167
3169
3172
3174
3180
3181
3182
3184
3185
3187
3188
3190
3191
3193
3194
3195
3196
3198
3199
3201
3204
3205
3207
3208
3209
3213
3214
3215
3217
3218
3221
3222
3224
3225
3228
3229
3231
3234
3235
3236
3237
3238
3241
3242
3245
3252
3253
3256
3257
3258
3261
3264
3267
3269
3270
3271
3272
3274
3275
3277
3279
3281
3285
3286
3287
3288
3295
3296
3303
3307
3308
3310
3313
3314
3315
3319
3320
3322
3323
3325
3327
3328
3331
3333
3334
3335
3337
3338
3339
3340
3341
3342
3345
3349
3350
3353
3354
3357
3358
3359
3361
3367
3370
3373
3375
3378
3379
3381
3383
3384
3385
3390
3391
3393
3395
3398
3400
3403
3406
3407
3408
3409
3410
3412
3413
3414
3415
3418
3419
3423
3424
3425
3426
3429
3431
3433
3434
3436
3437
3438
3441
3442
3443
3448
3451
3452
3453
3455
3457
3459
3460
3461
3463
3465
3468
3470
3472
3473
3475
3476
3479
3480
3482
3483
3489
3490
3491
3492
3493
3494
3500
3502
3503
3511
3514
3515
3517
3518
3519
3522
3525
3526
3527
3528
3529
3530
3532
3536
3537
3539
3540
3541
3544
3545
3546
3548
3551
3553
3554
3555
3556
3557
3558
3559
3561
3569
3570
3571
3573
3574
3575
3580
3581
3582
3588
3591
3594
3597
3599
3600
3604
3607
3609
3610
3611
3613
3614
3618
3619
3620
3622
3624
3625
3626
3627
3632
3633
3635
3639
3640
3647
3648
3650
3653
3654
3656
3657
3658
3659
3661
3662
3663
3665
3668
3677
3678
3679
3681
3682
3683
3684
3686
3688
3689
3690
3692
3694
3696
3698
3699
3702
3704
3705
3710
3717
3719
3721
3726
3728
3730
3731
3733
3734
3736
3737
3739
3740
3741
3742
3743
3745
3749
3752
3757
3763
3765
3768
3770
3771
3772
3773
3774
3775
3777
3780
3782
3783
3784
3786
3790
3792
3793
3795
3796
3799
3800
3804
3805
3806
3807
3809
3815
3818
3819
3821
3823
3824
3825
3826
3827
3829
3830
3834
3835
3837
3838
3841
3842
3843
3844
3847
3849
3850
3853
3863
3865
3868
3870
3871
3872
3873
3877
3880
3881
3883
3884
3889
3891
3892
3893
3895
3899
3900
3901
3904
3905
3906
3908
3910
3911
3916
3917
3919
3920
3922
3924
3925
3928
3929
3932
3933
3938
3940
3942
3943
3944
3945
3946
3952
3954
3956
3957
3959
3960
3961
3962
3963
3964
3965
3970
3971
3977
3979
3980
3983
3984
3985
3987
3988
3990
3992
3994
3996
3997
3998
4003
4004
4005
4006
4007
4008
4009
4011
4013
4016
4018
4020
4026
4027
4028
4029
4033
4034
4036
4038
4039
4040
4042
4043
4047
4048
4049
4050
4051
4054
4057
4058
4059
4062
4063
4066
4068
4069
4071
4072
4075
4079
4080
4081
4082
4087
4089
4090
4091
4092
4099
4101
4102
4104
4105
4107
4109
4111
4112
4113
4114
4115
4116
4118
4119
4123
4124
4129
4130
4131
4135
4137
4139
4140
4141
4142
4143
4144
4147
4149
4152
4154
4155
4157
4158
4160
4162
4163
4165
4166
4168
4169
4171
4175
4176
4179
4181
4184
4185
4186
4190
4192
4194
4195
4197
4198
4199
4201
4202
4204
4206
4207
4209
4210
4211
4217
4219
4220
4221
4222
4226
4228
4229
4230
4234
4235
4239
4240
4242
4243
4245
4246
4247
4251
4252
4254
4255
4259
4261
4262
4263
4264
4268
4275
4276
4278
4280
4283
4288
4290
4292
4293
4295
4296
4297
4299
4300
4301
4302
4303
4305
4306
4308
4309
4311
4313
4314
4319
4323
4324
4327
4329
4330
4331
4333
4337
4338
4345
4352
4354
4358
4360
4362
4363
4365
4366
4372
4376
4378
4379
4380
4381
4382
4387
4392
4395
4398
4399
4400
4407
4408
4412
4413
4417
4421
4422
4423
4426
4428
4430
4431
4433
4434
4435
4438
4440
4442
4443
4446
4448
4450
4452
4454
4455
4460
4461
4462
4464
4468
4469
4474
4475
4477
4479
4480
4481
4487
4488
4489
4490
4491
4492
4493
4495
4496
4497
4498
4499
4500
4502
4503
4505
4509
4510
4512
4513
4516
4518
4519
4520
4522
4528
4530
4533
4534
4535
4536
4543
4546
4547
4548
4552
4555
4556
4558
4560
4562
4563
4566
4568
4571
4572
4573
4574
4577
4578
4579
4581
4582
4583
4584
4586
4587
4589
4590
4593
4596
4597
4599
4601
4603
4605
4608
4609
4615
4616
4617
4618
4621
4622
4624
4625
4627
4628
4633
4645
4647
4650
4657
4658
4659
4660
4661
4662
4663
4664
4665
4667
4668
4671
4673
4675
4676
4677
4678
4679
4684
4686
4687
4689
4690
4693
4695
4696
4698
4699
4700
4702
4703
4704
4705
4707
4708
4710
4711
4713
4715
4717
4718
4719
4720
4722
4724
4725
4728
4729
4732
4733
4737
4739
4745
4749
4750
4752
4753
4754
4755
4757
4758
4763
4764
4765
4766
4769
4771
4773
4775
4776
4777
4779
4781
4784
4785
4786
4788
4791
4792
4794
4795
4797
4800
4802
4803
4804
4805
4807
4808
4810
4811
4812
4813
4815
4816
4817
4818
4824
4825
4826
4828
4830
4832
4836
4838
4840
4841
4843
4845
4846
4848
4852
4855
4856
4857
4858
4859
4860
4861
4865
4867
4870
4871
4873
4875
4877
4885
4886
4889
4894
4895
4897
4900
4902
4903
4906
4910
4912
4914
4917
4919
4922
4923
4927
4929
4930
4931
4932
4936
4937
4938
4939
4940
4941
4943
4945
4946
4948
4950
4951
4952
4955
4956
4959
4960
4962
4963
4964
4967
4968
4971
4972
4973
4974
4975
4976
4977
4981
4983
4985
4987
4989
4993
4994
4997
4998
4999
5002
5007
5009
5011
5012
5013
5022
5024
5026
5028
5031
5032
5033
5036
5037
5039
5040
5041
5042
5045
5046
5048
5049
5050
5051
5052
5055
5059
5062
5063
5065
5066
5067
5068
5071
5074
5079
5084
5085
5087
5089
5091
5092
5095
5097
5098
5103
5104
5105
5107
5111
5112
5114
5116
5118
5119
5123
5124
5125
5127
5128
5130
5131
5134
5136
5137
5139
5141
5142
5143
5144
5145
5146
5150
5151
5153
5154
5158
5159
5161
5166
5167
5171
5172
5175
5176
5177
5180
5182
5183
5184
5186
5189
5190
5193
5196
5197
5198
5200
5202
5205
5207
5208
5210
5213
5216
5217
5218
5220
5221
5223
5225
5227
5230
5231
5232
5236
5238
5240
5241
5243
5246
5248
5252
5254
5256
5258
5260
5261
5262
5264
5269
5270
5271
5274
5275
5276
5277
5280
5282
5284
5285
5286
5288
5290
5291
5293
5294
5297
5298
5303
5304
5307
5309
5310
5312
5317
5318
5319
5324
5326
5329
5330
5333
5337
5340
5341
5344
5347
5348
5352
5355
5358
5363
5365
5366
5367
5368
5369
5372
5374
5375
5381
5382
5387
5388
5389
5390
5393
5394
5395
5399
5401
5404
5406
5408
5410
5411
5415
5417
5419
5422
5423
5424
5425
5429
5431
5432
5433
5434
5435
5436
5438
5441
5442
5443
5449
5451
5452
5453
5454
5455
5456
5457
5461
5465
5466
5467
5468
5469
5471
5472
5475
5476
5478
5480
5481
5483
5484
5486
5487
5488
5494
5495
5496
5498
5499
5500
5504
5508
5510
5511
5512
5514
5518
5519
5520
5521
5525
5526
5527
5536
5539
5540
5541
5543
5545
5548
5550
5551
5552
5554
5555
5558
5559
5561
5564
5565
5566
5567
5569
5570
5573
5574
5579
5580
5581
5582
5585
5589
5591
5593
5596
5597
5601
5605
5606
5607
5609
5610
5612
5614
5617
5619
5620
5621
5626
5627
5628
5629
5630
5632
5633
5634
5637
5639
5640
5641
5643
5644
5645
5646
5647
5648
5650
5651
5654
5655
5656
5659
5662
5663
5664
5666
5667
5668
5669
5670
5672
5673
5675
5676
5678
5679
5680
5689
5691
5692
5693
5694
5699
5702
5704
5705
5707
5708
5712
5713
5718
5719
5722
5723
5724
5725
5727
5729
5730
5731
5734
5735
5736
5737
5738
5739
5740
5741
5742
5746
5747
5748
5751
5753
5757
5760
5762
5763
5765
5767
5768
5771
5772
5773
5778
5783
5784
5785
5786
5789
5791
5793
5794
5801
5804
5806
5807
5808
5812
5813
5814
5815
5816
5817
5819
5821
5823
5824
5826
5828
5829
5830
5831
5832
5833
5834
5835
5838
5841
5850
5851
5852
5854
5855
5857
5859
5860
5861
5862
5864
5865
5867
5869
5870
5873
5875
5878
5879
5880
5881
5886
5887
5888
5889
5890
5891
5893
5897
5899
5900
5901
5904
5906
5907
5908
5912
5915
5916
5917
5919
5920
5926
5929
5930
5934
5935
5937
5938
5942
5943
5944
5945
5947
5948
5949
5953
5956
5958
5966
5968
5970
5971
5973
5975
5977
5978
5979
5983
5986
5987
5988
5990
5993
5994
5995
5996
5997
6000
6001
6002
6005
6007
6009
6012
6013
6016
6020
6023
6024
6026
6028
6030
6031
6032
6034
6035
6036
6040
6041
6042
6044
6045
6046
6048
6049
6050
6051
6054
6057
6058
6059
6063
6064
6068
6070
6071
6074
6075
6077
6079
6080
6081
6082
6083
6084
6086
6087
6088
6090
6091
6093
6094
6096
6097
6100
6101
6102
6104
6106
6107
6111
6112
6114
6118
6119
6120
6124
6128
6131
6134
6135
6137
6140
6144
6145
6148
6150
6151
6153
6154
6156
6157
6158
6161
6163
6165
6166
6168
6170
6172
6174
6177
6178
6179
6182
6185
6186
6187
6189
6190
6191
6193
6196
6198
6199
6202
6203
6204
6210
6215
6216
6220
6223
6226
6227
6228
6229
6230
6235
6236
6237
6240
6241
6242
6243
6245
6248
6252
6254
6257
6262
6265
6266
6268
6269
6270
6275
6277
6281
6282
6283
6284
6285
6286
6288
6289
6290
6292
6294
6295
6298
6299
6300
6301
6302
6311
6312
6313
6317
6325
6329
6331
6334
6335
6338
6341
6343
6344
6345
6350
6351
6352
6354
6356
6358
6362
6363
6368
6372
6373
6374
6375
6376
6377
6382
6383
6385
6386
6392
6393
6395
6399
6400
6401
6403
6407
6408
6413
6415
6418
6419
6422
6423
6424
6426
6427
6430
6432
6433
6434
6436
6438
6439
6440
6441
6442
6443
6444
6445
6448
6450
6451
6452
6454
6456
6458
6459
6460
6461
6466
6467
6469
6470
6471
6472
6473
6475
6476
6479
6480
6481
6484
6485
6486
6489
6491
6493
6494
6495
6496
6498
6501
6502
6504
6505
6506
6508
6510
6511
6513
6514
6516
6517
6518
6519
6522
6523
6524
6526
6529
6530
6533
6534
6537
6538
6539
6540
6541
6543
6545
6548
6550
6551
6555
6556
6558
6559
6563
6564
6566
6567
6572
6575
6576
6577
6582
6583
6586
6587
6593
6594
6595
6596
6597
6598
6601
6604
6606
6607
6611
6613
6614
6617
6618
6621
6623
6625
6626
6628
6630
6631
6632
6633
6634
6635
6637
6638
6639
6641
6647
6649
6650
6651
6653
6655
6657
6658
6661
6666
6667
6668
6669
6674
6675
6676
6677
6682
6684
6685
6689
6690
6691
6692
6693
6698
6699
6703
6706
6709
6713
6715
6716
6720
6721
6722
6724
6725
6726
6731
6732
6735
6737
6738
6742
6745
6748
6750
6753
6755
6756
6759
6761
6766
6768
6769
6772
6775
6777
6778
6780
6781
6782
6784
6785
6786
6788
6789
6790
6794
6796
6797
6799
6803
6805
6806
6807
6809
6810
6811
6812
6813
6815
6816
6817
6819
6821
6822
6824
6827
6829
6832
6833
6836
6838
6839
6840
6843
6844
6845
6847
6848
6850
6852
6853
6855
6856
6857
6859
6861
6862
6863
6865
6866
6867
6869
6870
6874
6878
6881
6882
6885
6889
6892
6893
6894
6896
6897
6901
6904
6906
6907
6908
6909
6910
6911
6914
6917
6918
6920
6921
6923
6927
6929
6930
6933
6934
6935
6939
6940
6941
6944
6945
6946
6948
6949
6951
6952
6953
6957
6958
6961
6962
6967
6971
6972
6974
6975
6984
6985
6987
6988
6989
6992
6997
6998
6999
7000
7004
7005
7006
7007
7008
7015
7018
7019
7021
7023
7026
7031
7032
7033
7034
7036
7037
7039
7043
7044
7045
7046
7049
7050
7051
7052
7053
7054
7056
7061
7063
7065
7066
7067
7068
7069
7072
7073
7080
7082
7083
7084
7086
7087
7089
7090
7093
7094
7095
7096
7102
7103
7104
7106
7108
7110
7112
7115
7116
7117
7118
7120
7124
7126
7128
7132
7133
7134
7136
7137
7141
7145
7146
7147
7153
7154
7155
7158
7160
7161
7163
7164
7165
7166
7168
7169
7170
7171
7172
7177
7179
7180
7182
7184
7185
7187
7190
7195
7200
7201
7202
7207
7208
7209
7211
7216
7219
7222
7223
7224
7225
7228
7230
7232
7235
7236
7237
7238
7239
7243
7244
7245
7246
7248
7249
7250
7251
7253
7255
7256
7257
7261
7264
7266
7267
7269
7270
7272
7273
7274
7277
7281
7282
7284
7286
7287
7291
7292
7293
7295
7296
7303
7304
7306
7310
7313
7314
7321
7324
7327
7328
7329
7330
7331
7332
7333
7335
7336
7339
7342
7343
7344
7346
7348
7349
7350
7351
7352
7353
7354
7356
7359
7363
7368
7370
7372
7374
7375
7377
7378
7379
7381
7384
7385
7386
7387
7388
7391
7394
7395
7396
7403
7404
7405
7406
7407
7408
7412
7413
7414
7416
7418
7419
7420
7421
7423
7424
7425
7426
7427
7428
7429
7431
7433
7435
7436
7437
7442
7445
7446
7450
7451
7455
7456
7458
7464
7465
7466
7469
7471
7473
7477
7478
7482
7484
7485
7489
7492
7493
7495
7498
7500
7503
7504
7505
7506
7510
7511
7512
7514
7515
7517
7523
7525
7526
7529
7530
7531
7533
7534
7537
7540
7542
7544
7546
7548
7553
7557
7560
7561
7562
7565
7567
7568
7570
7571
7572
7573
7574
7575
7576
7578
7579
7580
7581
7582
7591
7592
7597
7599
7601
7602
7603
7607
7608
7610
7611
7612
7613
7616
7617
7620
7621
7623
7625
7627
7628
7629
7633
7637
7638
7639
7640
7641
7642
7643
7644
7645
7646
7647
7648
7651
7653
7654
7655
7658
7660
7661
7662
7668
7669
7671
7673
7675
7676
7678
7680
7681
7684
7686
7687
7688
7689
7690
7692
7693
7700
7701
7705
7706
7707
7713
7714
7717
7718
7719
7722
7723
7724
7725
7730
7731
7732
7733
7734
7736
7737
7739
7740
7743
7744
7746
7749
7751
7752
7753
7754
7755
7756
7757
7758
7759
7763
7767
7769
7770
7771
7772
7773
7774
7776
7778
7780
7782
7784
7785
7786
7788
7789
7790
7791
7794
7796
7797
7799
7800
7803
7805
7807
7809
7811
7813
7818
7820
7823
7827
7831
7832
7834
7835
7836
7838
7839
7840
7842
7843
7844
7845
7847
7848
7850
7851
7853
7854
7855
7856
7857
7858
7859
7862
7865
7868
7870
7874
7879
7881
7884
7886
7887
7889
7893
7896
7897
7898
7901
7902
7904
7905
7909
7910
7919
7922
7926
7927
7931
7933
7935
7939
7940
7943
7945
7947
7948
7949
7950
7952
7954
7957
7958
7963
7970
7971
7973
7974
7976
7977
7979
7980
7982
7990
7992
7996
7998
7999
8001
8003
8005
8009
8010
8011
8012
8016
8017
8018
8019
8020
8022
8023
8024
8027
8028
8029
8032
8034
8036
8037
8039
8041
8042
8044
8045
8046
8047
8049
8053
8054
8061
8062
8063
8064
8066
8067
8069
8070
8073
8076
8077
8079
8080
8081
8082
8083
8084
8085
8086
8087
8088
8089
8092
8093
8094
8095
8099
8103
8105
8106
8107
8109
8110
8114
8117
8120
8121
8122
8124
8125
8126
8130
8131
8134
8135
8137
8140
8141
8142
8144
8145
8146
8148
8149
8151
8152
8153
8156
8158
8159
8163
8164
8166
8167
8168
8170
8172
8176
8181
8183
8184
8186
8187
8189
8191
8192
8193
8194
8195
8197
8200
8201
8202
8203
8204
8207
8210
8212
8213
8214
8218
8221
8224
8228
8229
8234
8236
8237
8238
8240
8246
8249
8250
8253
8254
8255
8256
8258
8261
8265
8266
8267
8268
8271
8274
8279
8280
8284
8285
8286
8289
8290
8292
8295
8296
8297
8299
8301
8302
8303
8304
8307
8309
8310
8313
8315
8316
8317
8318
8320
8321
8322
8323
8324
8325
8329
8339
8340
8341
8343
8344
8346
8347
8348
8350
8351
8354
8355
8356
8358
8360
8361
8363
8364
8365
8368
8369
8376
8378
8379
8380
8381
8383
8384
8387
8389
8390
8398
8403
8405
8406
8409
8410
8411
8413
8418
8420
8424
8429
8431
8432
8433
8434
8443
8445
8446
8451
8452
8453
8455
8457
8459
8460
8463
8464
8466
8467
8468
8469
8472
8473
8475
8477
8480
8483
8484
8485
8488
8491
8492
8493
8497
8498
8499
8500
8501
8502
8504
8505
8506
8507
8511
8512
8515
8516
8517
8518
8519
8522
8524
8526
8531
8532
8533
8536
8538
8539
8541
8543
8544
8545
8546
8549
8551
8552
8553
8554
8557
8558
8559
8563
8564
8565
8567
8568
8569
8570
8571
8572
8575
8576
8579
8582
8585
8586
8587
8589
8591
8593
8594
8596
8599
8600
8602
8609
8613
8614
8615
8616
8617
8618
8620
8624
8625
8627
8628
8630
8632
8633
8634
8635
8636
8637
8639
8643
8644
8646
8647
8648
8649
8650
8651
8653
8655
8656
8657
8658
8660
8661
8662
8665
8670
8671
8673
8675
8684
8685
8687
8688
8693
8697
8700
8702
8703
8706
8707
8710
8712
8715
8716
8717
8718
8719
8721
8722
8726
8728
8733
8738
8739
8743
8745
8748
8749
8751
8753
8754
8755
8758
8760
8764
8765
8766
8768
8772
8775
8776
8778
8780
8782
8783
8786
8787
8792
8794
8795
8797
8798
8800
8804
8805
8807
8808
8809
8810
8811
8813
8814
8816
8819
8821
8824
8825
8828
8829
8831
8833
8835
8836
8837
8838
8840
8841
8842
8844
8845
8846
8848
8850
8863
8865
8867
8869
8870
8871
8877
8879
8880
8881
8882
8883
8889
8891
8893
8894
8896
8898
8899
8900
8901
8905
8907
8908
8909
8910
8911
8914
8916
8919
8920
8922
8924
8925
8926
8928
8929
8930
8931
8933
8935
8936
8937
8939
8940
8942
8943
8944
8945
8947
8948
8952
8953
8954
8956
8958
8962
8965
8968
8971
8973
8975
8976
8978
8981
8983
8985
8988
8989
8991
8993
8994
8995
8996
8998
9000
9001
9003
9006
9009
9010
9011
9012
9013
9014
9015
9019
9022
9023
9024
9025
9030
9031
9033
9034
9035
9036
9040
9043
9044
9046
9047
9048
9049
9051
9052
9053
9054
9055
9056
9060
9061
9064
9067
9068
9069
9070
9071
9077
9080
9082
9090
9091
9096
9097
9103
9104
9106
9110
9115
9118
9124
9125
9129
9130
9131
9132
9133
9134
9135
9136
9138
9142
9143
9144
9146
9149
9151
9152
9153
9154
9158
9162
9163
9166
9168
9169
9170
9172
9176
9177
9180
9182
9185
9187
9189
9190
9194
9196
9198
9199
9200
9201
9203
9204
9206
9207
9209
9212
9213
9217
9219
9220
9221
9226
9227
9229
9230
9231
9232
9235
9243
9246
9248
9250
9252
9253
9254
9255
9256
9257
9258
9259
9262
9265
9267
9268
9270
9272
9273
9275
9276
9278
9279
9280
9281
9282
9284
9286
9288
9289
9293
9295
9296
9297
9300
9301
9303
9305
9307
9308
9311
9314
9316
9318
9319
9320
9321
9322
9324
9326
9327
9330
9334
9337
9343
9345
9348
9349
9353
9355
9356
9358
9360
9361
9363
9366
9367
9368
9369
9371
9374
9375
9376
9379
9380
9383
9384
9388
9391
9392
9393
9394
9398
9399
9404
9405
9406
9408
9410
9415
9417
9418
9419
9420
9423
9424
9426
9427
9428
9429
9432
9434
9435
9437
9438
9440
9441
9442
9444
9445
9446
9449
9453
9454
9455
9456
9458
9461
9462
9463
9465
9466
9468
9469
9472
9473
9474
9476
9484
9485
9487
9488
9489
9490
9494
9495
9498
9499
9500
9502
9504
9505
9506
9507
9508
9509
9511
9512
9514
9516
9522
9523
9524
9526
9527
9528
9530
9531
9532
9533
9536
9537
9545
9548
9549
9551
9552
9553
9555
9558
9560
9561
9562
9563
9565
9566
9567
9568
9569
9572
9573
9574
9575
9579
9583
9584
9588
9589
9590
9595
9596
9597
9598
9599
9604
9605
9606
9607
9608
9610
9612
9613
9622
9623
9625
9627
9629
9630
9634
9636
9637
9638
9639
9640
9641
9642
9643
9645
9647
9650
9653
9654
9656
9658
9659
9661
9662
9664
9665
9666
9668
9671
9674
9675
9676
9678
9685
9686
9688
9690
9691
9693
9694
9696
9697
9698
9699
9703
9704
9708
9710
9713
9715
9716
9717
9718
9719
9720
9722
9723
9724
9725
9730
9732
9733
9734
9735
9736
9737
9738
9739
9742
9743
9744
9746
9747
9748
9750
9751
9753
9757
9758
9759
9760
9761
9768
9773
9778
9780
9782
9783
9784
9786
9787
9788
9790
9792
9793
9794
9795
9796
9797
9800
9802
9803
9804
9806
9807
9816
9817
9821
9822
9824
9827
9828
9831
9832
9834
9838
9841
9843
9845
9852
9859
9860
9861
9862
9864
9870
9872
9873
9874
9877
9882
9883
9884
9887
9892
9893
9896
9897
9899
9900
9902
9903
9904
9905
9908
9910
9912
9914
9915
9916
9918
9919
9920
9921
9922
9927
9928
9931
9932
9933
9935
9937
9939
9942
9947
9948
9951
9954
9955
9957
9960
9961
9962
9963
9964
9966
9968
9970
9977
9980
9981
9982
9983
9987
9991
9992
9993
9994
9996
9999
10000
10001
10004
10005
10009
10011
10012
10013
10017
10019
10020
10021
10022
10024
10025
10028
10029
10031
10032
10033
10038
10039
10040
10042
10044
10045
10049
10050
10051
10053
10057
10058
10062
10063
10066
10067
10069
10072
10073
10075
10076
10077
10079
10081
10084
10085
10086
10087
10088
10090
10091
10094
10098
10099
10100
10101
10102
10103
10105
10107
10109
10110
10111
10113
10115
10117
10118
10120
10123
10124
10126
10128
10129
10134
10136
10139
10145
10150
10153
10155
10157
10159
10160
10161
10162
10163
10164
10165
10167
10170
10175
10177
10179
10180
10183
10184
10185
10188
10190
10191
10193
10194
10195
10198
10201
10202
10208
10210
10211
10214
10215
10216
10219
10221
10224
10228
10230
10231
10232
10234
10236
10237
10238
10242
10243
10254
10255
10258
10265
10266
10268
10269
10272
10277
10278
10279
10281
10282
10283
10284
10286
10287
10288
10295
10297
10298
10299
10300
10302
10303
10305
10306
10311
10314
10317
10318
10319
10320
10321
10324
10325
10327
10328
10329
10330
10331
10332
10334
10335
10339
10341
10343
10346
10349
10354
10355
10356
10358
10359
10361
10363
10365
10366
10367
10369
10370
10371
10372
10378
10379
10385
10387
10388
10389
10391
10392
10393
10399
10400
10402
10406
10407
10409
10410
10412
10413
10416
10417
10418
10420
10421
10423
10424
10425
10426
10432
10434
10435
10436
10438
10443
10447
10450
10451
10453
10455
10457
10458
10459
10460
10461
10462
10464
10465
10466
10468
10471
10474
10481
10485
10486
10488
10489
10493
10494
10495
10497
10499
10500
10501
10505
10507
10508
10509
10511
10513
10517
10518
10520
10521
10524
10525
10528
10531
10532
10533
10537
10539
10541
10542
10545
10546
10547
10549
10550
10551
10552
10554
10555
10557
10558
10563
10564
10567
10568
10569
10571
10573
10574
10577
10578
10581
10582
10583
10586
10591
10593
10594
10596
10597
10598
10599
10601
10603
10605
10607
10611
10614
10618
10619
10621
10622
10624
10626
10627
10630
10631
10635
10640
10641
10642
10645
10646
10647
10648
10649
10650
10653
10654
10655
10660
10661
10665
10666
10667
10668
10672
10675
10676
10677
10678
10679
10681
10682
10684
10685
10686
10687
10688
10689
10692
10696
10697
10698
10700
10701
10702
10704
10707
10708
10709
10711
10715
10716
10718
10719
10720
10721
10723
10725
10726
10727
10729
10733
10736
10739
10740
10742
10743
10744
10745
10746
10749
10750
10755
10758
10760
10763
10765
10770
10773
10774
10775
10777
10778
10779
10785
10787
10789
10793
10795
10797
10800
10802
10803
10805
10807
10809
10811
10814
10818
10823
10824
10825
10826
10827
10833
10835
10838
10840
10841
10844
10845
10846
10852
10855
10856
10858
10861
10863
10864
10868
10869
10870
10871
10872
10873
10874
10875
10876
10878
10880
10881
10882
10885
10887
10888
10890
10891
10892
10895
10896
10900
10901
10902
10903
10904
10906
10907
10909
10910
10911
10913
10916
10918
10927
10929
10931
10933
10937
10940
10942
10944
10945
10949
10950
10957
10959
10961
10963
10965
10966
10972
10979
10980
10983
10984
10987
10988
10990
10991
10992
10993
10994
10998
10999
11002
11003
11004
11007
11009
11010
11011
11013
11014
11015
11017
11018
11020
11021
11023
11024
11027
11028
11029
11030
11031
11033
11034
11038
11039
11040
11041
11044
11047
11049
11051
11052
11054
11059
11060
11062
11063
11064
11065
11068
11073
11075
11078
11080
11081
11082
11088
11090
11091
11093
11095
11099
11100
11101
11105
11106
11107
11108
11109
11110
11112
11114
11119
11120
11121
11123
11124
11125
11126
11128
11129
11130
11132
11133
11135
11137
11143
11144
11145
11148
11151
11152
11157
11159
11160
11163
11164
11168
11170
11171
11173
11174
11176
11179
11180
11181
11184
11185
11186
11188
11190
11191
11192
11193
11197
11199
11200
11201
11202
11203
11204
11205
11206
11208
11209
11210
11213
11214
11215
11217
11218
11220
11221
11223
11225
11226
11227
11228
11229
11230
11232
11233
11234
11238
11239
11242
11243
11244
11245
11246
11248
11249
11250
11255
11257
11258
11259
11262
11264
11265
11267
11269
11270
11271
11275
11277
11280
11281
11283
11284
11287
11288
11289
11290
11292
11297
11298
11300
11301
11302
11311
11314
11318
11319
11321
11325
11326
11328
11331
11333
11334
11335
11337
11339
11341
11343
11344
11347
11348
11349
11350
11351
11353
11355
11357
11358
11361
11363
11365
11367
11368
11371
11372
11373
11375
11378
11379
11380
11381
11382
11384
11385
11387
11389
11391
11393
11394
11399
11400
11401
11402
11406
11412
11413
11414
11415
11418
11420
11427
11429
11439
11440
11441
11444
11445
11446
11450
11451
11453
11457
11458
11461
11462
11463
11464
11466
11469
11471
11473
11475
11480
11481
11482
11483
11484
11485
11486
11487
11491
11492
11493
11494
11495
11496
11498
11500
11501
11504
11505
11506
11507
11508
11511
11512
11513
11514
11515
11517
11518
11519
11520
11521
11523
11524
11526
11527
11529
11530
11537
11538
11539
11540
11541
11544
11545
11549
11550
11551
11552
11553
11555
11556
11560
11561
11563
11572
11575
11579
11583
11584
11590
11594
11596
11599
11600
11602
11603
11606
11607
11609
11610
11612
11616
11617
11618
11619
11620
11621
11623
11624
11625
11632
11633
11636
11639
11640
11641
11645
11648
11649
11652
11653
11655
11656
11657
11659
11663
11667
11669
11670
11678
11686
11687
11688
11689
11690
11691
11692
11698
11699
11700
11704
11707
11711
11712
11714
11715
11717
11718
11724
11725
11728
11729
11730
11734
11737
11738
11739
11741
11742
11743
11745
11746
11748
11750
11751
11754
11757
11761
11764
11766
11767
11770
11773
11775
11778
11780
11781
11786
11789
11791
11792
11793
11795
11800
11801
11803
11804
11805
11807
11810
11811
11812
11813
11814
11816
11818
11819
11821
11823
11828
11829
11834
11835
11837
11838
11844
11847
11848
11849
11850
11851
11852
11854
11855
11857
11865
11866
11868
11869
11875
11879
11880
11881
11883
11884
11885
11886
11887
11890
11894
11898
11899
11901
11902
11903
11905
11908
11916
11918
11920
11921
11922
11923
11925
11926
11929
11932
11933
11935
11937
11939
11943
11947
11949
11950
11951
11952
11953
11954
11957
11963
11964
11969
11970
11971
11972
11974
11979
11980
11981
11986
11989
11991
12001
12002
12003
12004
12006
12008
12011
12013
12014
12016
12018
12021
12022
12023
12024
12025
12027
12030
12031
12032
12036
12038
12039
12040
12041
12043
12044
12045
12046
12049
12050
12052
12054
12056
12059
12061
12062
12065
12068
12069
12072
12073
12076
12077
12078
12085
12086
12087
12088
12089
12091
12092
12095
12097
12100
12106
12109
12110
12111
12112
12121
12122
12123
12126
12127
12128
12132
12133
12134
12135
12136
12137
12138
12139
12141
12145
12146
12147
12149
12150
12152
12158
12159
12161
12163
12164
12166
12170
12174
12175
12179
12180
12181
12182
12183
12184
12188
12192
12195
12197
12198
12204
12206
12207
12211
12212
12213
12216
12217
12218
12220
12224
12225
12226
12227
12229
12230
12231
12234
12239
12241
12242
12246
12247
12249
12251
12252
12253
12254
12256
12257
12258
12260
12265
12266
12267
12268
12270
12273
12278
12279
12281
12282
12285
12286
12287
12290
12291
12292
12293
12294
12297
12304
12305
12306
12307
12308
12309
12310
12312
12313
12316
12318
12321
12324
12325
12326
12330
12333
12334
12335
12336
12338
12339
12342
12344
12345
12346
12347
12348
12351
12355
12357
12361
12362
12365
12367
12368
12369
12370
12371
12372
12373
12376
12378
12379
12382
12386
12387
12392
12393
12394
12396
12398
12399
12401
12405
12406
12407
12409
12413
12414
12417
12418
12419
12420
12421
12425
12427
12428
12429
12430
12432
12433
12442
12443
12444
12445
12447
12448
12450
12453
12454
12455
12456
12459
12460
12462
12463
12464
12466
12468
12469
12471
12472
12474
12475
12482
12483
12486
12487
12488
12489
12492
12494
12495
12496
12501
12502
12503
12504
12507
12508
12509
12510
12511
12512
12514
12516
12517
12519
12521
12523
12524
12528
12529
12530
12533
12534
12537
12539
12542
12545
12546
12547
12551
12552
12553
12554
12558
12563
12564
12567
12568
12572
12574
12576
12577
12580
12584
12585
12588
12590
12591
12592
12593
12597
12598
12603
12604
12605
12607
12608
12609
12610
12614
12615
12617
12620
12622
12623
12626
12628
12631
12638
12640
12642
12643
12647
12648
12654
12656
12657
12658
12660
12665
12668
12669
12670
12671
12673
12674
12679
12680
12681
12685
12688
12692
12694
12695
12696
12697
12699
12703
12707
12708
12711
12712
12713
12714
12715
12717
12718
12719
12721
12722
12723
12724
12725
12728
12731
12734
12735
12738
12740
12741
12742
12743
12750
12751
12757
12758
12759
12760
12761
12762
12767
12768
12769
12770
12773
12774
12777
12780
12781
12783
12784
12787
12788
12791
12792
12793
12794
12795
12796
12797
12798
12800
12802
12804
12808
12812
12816
12817
12818
12821
12826
12828
12829
12831
12834
12835
12837
12842
12845
12848
12851
12853
12857
12858
12859
12860
12862
12866
12867
12869
12870
12873
12874
12876
12878
12879
12880
12881
12882
12885
12886
12889
12891
12895
12898
12899
12900
12902
12903
12904
12905
12906
12908
12909
12910
12911
12912
12919
12923
12924
12925
12929
12932
12933
12934
12936
12937
12938
12941
12942
12944
12945
12946
12947
12948
12950
12951
12953
12955
12957
12958
12959
12963
12964
12965
12968
12969
12970
12972
12973
12977
12978
12979
12980
12982
12983
12985
12987
12988
12990
12993
12994
12995
12996
13001
13002
13003
13009
13011
13013
13015
13016
13020
13021
13022
13030
13033
13036
13038
13039
13042
13043
13044
13048
13049
13050
13051
13054
13055
13058
13060
13061
13062
13067
13072
13076
13077
13078
13082
13088
13091
13093
13095
13097
13098
13104
13105
13106
13107
13109
13110
13111
13112
13113
13116
13117
13118
13119
13120
13121
13122
13124
13125
13132
13133
13135
13136
13138
13139
13140
13142
13147
13150
13151
13152
13155
13162
13163
13165
13166
13170
13171
13172
13174
13178
13179
13182
13183
13184
13187
13190
13196
13198
13200
13201
13203
13204
13206
13207
13208
13210
13211
13212
13214
13216
13217
13218
13219
13220
13222
13223
13225
13227
13229
13230
13232
13235
13238
13239
13241
13243
13244
13246
13248
13249
13250
13252
13253
13254
13255
13258
13262
13264
13267
13269
13270
13271
13275
13276
13284
13285
13287
13288
13292
13293
13294
13296
13298
13299
13300
13301
13302
13303
13304
13308
13313
13314
13318
13319
13320
13321
13322
13323
13324
13327
13328
13329
13331
13332
13334
13336
13338
13341
13343
13345
13346
13347
13348
13352
13354
13356
13359
13361
13365
13368
13369
13371
13372
13373
13374
13378
13379
13387
13388
13390
13391
13392
13395
13397
13398
13401
13403
13404
13405
13408
13411
13413
13414
13416
13422
13424
13426
13428
13429
13435
13437
13438
13439
13444
13449
13451
13453
13455
13456
13457
13459
13461
13462
13463
13466
13469
13470
13471
13472
13474
13475
13482
13483
13484
13485
13486
13487
13491
13492
13493
13503
13506
13508
13509
13510
13511
13512
13514
13518
13519
13520
13521
13522
13528
13529
13531
13533
13535
13537
13539
13540
13542
13547
13548
13550
13552
13555
13559
13562
13563
13565
13566
13568
13571
13573
13574
13578
13579
13583
13585
13588
13590
13591
13592
13595
13597
13599
13603
13604
13606
13607
13609
13614
13615
13616
13617
13623
13625
13626
13627
13629
13632
13633
13634
13635
13641
13642
13644
13646
13648
13650
13652
13653
13654
13655
13656
13658
13661
13665
13668
13672
13678
13679
13681
13682
13684
13686
13687
13693
13697
13700
13702
13703
13704
13705
13708
13709
13711
13712
13713
13715
13718
13719
13720
13722
13724
13725
13726
13728
13729
13733
13736
13739
13740
13743
13745
13746
13748
13751
13754
13755
13757
13760
13766
13767
13770
13772
13776
13780
13783
13786
13788
13789
13790
13791
13792
13795
13796
13798
13799
13800
13803
13805
13808
13809
13810
13812
13815
13819
13820
13823
13825
13827
13828
13829
13834
13837
13839
13841
13842
13843
13844
13845
13846
13847
13849
13850
13852
13853
13855
13860
13861
13863
13864
13865
13866
13867
13870
13872
13873
13874
13876
13877
13879
13882
13885
13886
13888
13895
13896
13902
13903
13905
13907
13909
13913
13915
13916
13918
13919
13920
13921
13923
13924
13926
13928
13929
13930
13931
13933
13935
13936
13937
13938
13939
13940
13941
13942
13943
13944
13945
13949
13950
13951
13953
13954
13955
13957
13958
13961
13963
13964
13967
13968
13969
13970
13973
13974
13975
13976
13980
13984
13986
13990
13993
13998
14001
14003
14004
14005
14006
14007
14008
14009
14012
14015
14017
14018
14019
14020
14021
14024
14026
14030
14033
14037
14038
14040
14042
14043
14045
14046
14047
14049
14051
14052
14055
14056
14061
14063
14067
14070
14071
14072
14080
14081
14085
14087
14091
14093
14095
14098
14099
14101
14103
14104
14106
14108
14111
14112
14113
14114
14115
14116
14117
14123
14127
14128
14130
14131
14132
14134
14138
14139
14140
14141
14142
14143
14145
14146
14148
14149
14150
14151
14153
14155
14156
14157
14158
14159
14162
14166
14167
14171
14172
14174
14176
14177
14179
14180
14182
14190
14192
14198
14203
14205
14207
14210
14212
14217
14218
14219
14220
14228
14229
14231
14232
14234
14236
14239
14242
14243
14244
14245
14248
14249
14251
14255
14257
14259
14260
14261
14263
14266
14270
14275
14277
14284
14286
14288
14290
14292
14293
14294
14296
14301
14303
14305
14306
14309
14311
14312
14314
14315
14317
14318
14319
14320
14322
14325
14327
14328
14329
14330
14331
14333
14335
14336
14338
14340
14343
14346
14347
14349
14350
14351
14352
14353
14354
14356
14360
14365
14366
14368
14371
14377
14378
14380
14382
14383
14384
14385
14386
14388
14390
14392
14394
14396
14398
14400
14402
14406
14410
14411
14412
14414
14415
14417
14418
14419
14421
14422
14423
14424
14425
14427
14429
14434
14437
14438
14439
14441
14442
14447
14449
14450
14452
14453
14455
14457
14459
14462
14464
14465
14467
14470
14472
14473
14476
14477
14478
14479
14480
14481
14485
14490
14491
14492
14495
14499
14502
14505
14508
14510
14511
14514
14515
14516
14518
14522
14523
14524
14525
14526
14530
14531
14532
14533
14534
14535
14537
14539
14540
14541
14545
14546
14547
14548
14549
14552
14554
14555
14556
14561
14563
14564
14568
14569
14572
14573
14574
14575
14576
14577
14578
14579
14580
14583
14584
14585
14590
14591
14595
14596
14597
14598
14608
14609
14610
14611
14612
14613
14615
14616
14618
14619
14624
14626
14628
14631
14632
14633
14634
14635
14638
14640
14644
14646
14649
14650
14651
14652
14653
14654
14655
14657
14658
14659
14660
14661
14662
14663
14664
14665
14667
14668
14669
14671
14674
14675
14676
14677
14678
14679
14680
14681
14688
14689
14692
14694
14695
14696
14697
14698
14699
14701
14702
14703
14705
14706
14708
14710
14711
14712
14714
14715
14722
14724
14726
14727
14728
14731
14732
14733
14738
14743
14746
14747
14748
14751
14753
14754
14756
14757
14758
14759
14761
14771
14772
14778
14779
14781
14783
14784
14788
14789
14791
14792
14794
14795
14796
14800
14802
14806
14807
14809
14812
14813
14815
14816
14818
14819
14820
14822
14823
14825
14826
14828
14834
14835
14836
14838
14839
14844
14847
14851
14852
14853
14857
14858
14859
14861
14863
14864
14867
14871
14873
14877
14878
14880
14881
14882
14886
14890
14891
14892
14893
14895
14896
14898
14902
14904
14905
14907
14908
14911
14914
14916
14919
14920
14921
14922
14923
14924
14925
14927
14929
14930
14931
14932
14933
14934
14941
14943
14945
14946
14947
14950
14952
14954
14955
14956
14958
14960
14961
14962
14963
14964
14968
14970
14971
14972
14973
14976
14977
14978
14981
14986
14987
14991
14992
14993
14994
14995
14996
15000
15003
15006
15009
15014
15017
15018
15020
15022
15024
15025
15027
15028
15030
15031
15032
15034
15037
15040
15042
15046
15049
15051
15052
15055
15059
15063
15066
15070
15071
15074
15075
15077
15078
15085
15087
15088
15091
15097
15101
15103
15105
15106
15107
15108
15113
15114
15116
15119
15123
15124
15125
15126
15127
15128
15129
15130
15131
15132
15133
15134
15136
15137
15140
15141
15142
15145
15146
15147
15148
15149
15153
15155
15160
15162
15170
15171
15172
15173
15174
15175
15176
15178
15182
15184
15185
15186
15187
15188
15190
15191
15193
15194
15196
15199
15200
15203
15205
15207
15208
15209
15210
15212
15213
15216
15217
15220
15223
15224
15228
15229
15230
15231
15233
15236
15241
15242
15244
15245
15246
15247
15249
15251
15252
15253
15255
15258
15260
15261
15262
15263
15265
15266
15270
15271
15275
15276
15277
15279
15280
15282
15283
15284
15285
15290
15293
15294
15295
15297
15298
15301
15304
15305
15306
15308
15309
15310
15312
15316
15318
15319
15320
15321
15322
15323
15324
15328
15331
15333
15334
15336
15337
15338
15342
15344
15346
15347
15348
15349
15351
15354
15355
15358
15359
15361
15365
15366
15370
15373
15374
15375
15376
15379
15380
15382
15383
15384
15385
15387
15388
15389
15390
15392
15394
15396
15397
15399
15403
15404
15406
15409
15414
15416
15417
15418
15421
15424
15426
15427
15429
15430
15431
15433
15438
15439
15441
15442
15443
15444
15446
15450
15451
15452
15454
15455
15457
15461
15463
15468
15472
15476
15477
15482
15484
15485
15486
15488
15489
15491
15493
15495
15496
15498
15499
15504
15507
15508
15511
15512
15513
15516
15517
15519
15521
15522
15529
15532
15533
15535
15536
15537
15540
15542
15543
15544
15545
15546
15547
15549
15550
15556
15557
15560
15561
15562
15563
15564
15565
15566
15567
15568
15569
15570
15571
15572
15574
15575
15576
15577
15578
15582
15584
15585
15588
15590
15591
15593
15596
15598
15601
15604
15606
15608
15610
15612
15613
15615
15617
15618
15619
15621
15622
15624
15626
15627
15629
15632
15633
15634
15636
15637
15638
15639
15641
15643
15646
15648
15650
15653
15655
15659
15660
15667
15668
15670
15672
15673
15675
15676
15677
15685
15686
15689
15692
15694
15697
15698
15701
15703
15704
15705
15708
15710
15712
15714
15715
15716
15718
15720
15722
15724
15725
15726
15727
15730
15731
15732
15734
15735
15738
15739
15741
15747
15748
15749
15750
15752
15753
15754
15755
15756
15761
15762
15763
15765
15767
15768
15771
15774
15775
15776
15778
15779
15781
15784
15786
15788
15789
15792
15795
15802
15804
15809
15812
15813
15815
15820
15821
15823
15824
15826
15827
15830
15831
15833
15834
15836
15838
15842
15844
15845
15846
15847
15848
15854
15855
15858
15860
15862
15863
15864
15865
15867
15869
15870
15872
15873
15875
15877
15878
15879
15880
15882
15884
15886
15888
15889
15890
15894
15896
15897
15898
15899
15902
15903
15904
15905
15907
15910
15911
15916
15917
15920
15921
15922
15923
15925
15929
15930
15931
15932
15933
15934
15938
15939
15940
15941
15945
15946
15948
15950
15951
15952
15954
15957
15958
15959
15961
15963
15964
15969
15970
15974
15975
15978
15983
15986
15987
15989
15990
15991
15993
15994
15997
15998
16002
16003
16006
16010
16011
16014
16016
16018
16019
16020
16028
16029
16030
16031
16032
16034
16036
16037
16039
16047
16048
16049
16051
16053
16060
16062
16063
16065
16071
16076
16077
16079
16080
16085
16086
16088
16090
16094
16095
16096
16100
16102
16103
16104
16106
16107
16108
16109
16110
16113
16116
16117
16119
16121
16125
16126
16129
16130
16134
16135
16136
16139
16142
16145
16149
16150
16153
16155
16157
16158
16160
16163
16164
16165
16166
16171
16172
16175
16176
16178
16179
16182
16183
16184
16186
16187
16188
16190
16191
16192
16193
16200
16204
16205
16208
16210
16213
16214
16215
16216
16218
16219
16220
16223
16224
16226
16228
16229
16230
16231
16233
16235
16239
16240
16247
16248
16249
16250
16251
16252
16254
16256
16257
16258
16259
16266
16269
16272
16274
16277
16281
16282
16283
16286
16291
16292
16294
16302
16303
16306
16309
16310
16311
16313
16315
16317
16318
16319
16320
16323
16325
16327
16329
16330
16336
16337
16339
16340
16342
16345
16347
16349
16356
16360
16362
16364
16366
16367
16369
16370
16372
16374
16377
16379
16380
16381
16382
16383
16384
16385
16387
16390
16391
16394
16395
16396
16398
16401
16403
16404
16405
16407
16408
16414
16416
16417
16418
16420
16421
16422
16424
16426
16427
16428
16430
16436
16438
16439
16440
16441
16442
16445
16446
16447
16448
16449
16450
16451
16454
16455
16462
16463
16466
16474
16475
16479
16480
16481
16485
16486
16489
16490
16491
16493
16495
16496
16498
16499
16500
16501
16502
16503
16504
16505
16506
16509
16514
16516
16517
16518
16519
16520
16522
16524
16525
16526
16527
16528
16535
16537
16538
16541
16543
16549
16550
16554
16556
16557
16558
16559
16560
16561
16563
16564
16565
16566
16570
16571
16572
16573
16575
16576
16578
16582
16584
16588
16590
16591
16592
16597
16598
16600
16602
16605
16610
16611
16612
16616
16617
16623
16624
16626
16628
16629
16630
16632
16634
16635
16638
16639
16641
16642
16643
16645
16646
16647
16648
16650
16651
16655
16657
16659
16662
16663
16669
16670
16671
16673
16674
16675
16676
16679
16681
16683
16684
16685
16688
16689
16692
16693
16696
16697
16699
16700
16701
16703
16709
16710
16711
16712
16714
16715
16716
16718
16720
16721
16722
16723
16728
16729
16733
16735
16738
16741
16744
16746
16747
16748
16753
16754
16757
16759
16764
16769
16770
16771
16772
16773
16774
16775
16778
16779
16783
16784
16787
16790
16791
16792
16796
16797
16798
16799
16800
16801
16803
16805
16807
16812
16815
16818
16819
16822
16827
16829
16830
16831
16833
16835
16836
16837
16838
16841
16843
16844
16853
16857
16858
16859
16860
16861
16863
16866
16867
16869
16870
16875
16877
16879
16882
16883
16884
16888
16889
16890
16891
16892
16894
16899
16902
16905
16906
16907
16912
16915
16916
16919
16921
16926
16927
16929
16931
16932
16933
16934
16936
16937
16939
16943
16947
16948
16949
16958
16961
16962
16963
16964
16967
16968
16972
16974
16975
16976
16978
16979
16982
16983
16985
16987
16989
16994
16996
16998
17002
17004
17005
17007
17008
17009
17011
17017
17018
17020
17021
17022
17025
17028
17030
17032
17035
17037
17038
17040
17041
17045
17046
17050
17051
17055
17056
17057
17058
17061
17063
17064
17066
17067
17070
17071
17072
17078
17083
17085
17086
17087
17090
17092
17094
17095
17097
17098
17099
17101
17105
17106
17107
17109
17113
17114
17115
17118
17119
17121
17123
17128
17132
17136
17138
17140
17141
17146
17150
17153
17154
17158
17159
17160
17165
17167
17171
17173
17175
17177
17178
17182
17183
17184
17186
17189
17190
17192
17193
17196
17197
17200
17202
17204
17207
17210
17211
17212
17213
17216
17217
17218
17220
17221
17224
17226
17231
17232
17237
17246
17248
17251
17253
17254
17257
17258
17260
17262
17264
17270
17271
17275
17276
17278
17279
17287
17292
17293
17296
17299
17304
17306
17308
17309
17311
17312
17313
17315
17316
17317
17322
17324
17325
17326
17327
17329
17334
17335
17336
17337
17342
17344
17347
17348
17353
17354
17356
17360
17362
17364
17365
17366
17368
17369
17371
17372
17374
17375
17376
17378
17379
17380
17381
17383
17384
17385
17386
17387
17388
17390
17392
17393
17395
17398
17399
17402
17403
17405
17408
17411
17417
17418
17419
17420
17422
17423
17426
17428
17431
17434
17437
17440
17443
17446
17447
17449
17451
17453
17455
17459
17461
17463
17466
17467
17469
17470
17472
17473
17474
17475
17477
17478
17482
17484
17485
17487
17492
17494
17495
17498
17499
17502
17503
17504
17505
17506
17508
17509
17512
17515
17522
17523
17526
17529
17530
17531
17532
17534
17537
17539
17541
17543
17544
17545
17546
17547
17550
17551
17555
17557
17558
17560
17565
17573
17575
17577
17580
17582
17583
17585
17586
17593
17595
17597
17598
17600
17601
17602
17603
17606
17609
17611
17612
17614
17615
17619
17620
17621
17622
17624
17625
17626
17627
17628
17629
17630
17631
17632
17633
17634
17636
17637
17638
17639
17641
17642
17648
17649
17653
17656
17657
17658
17659
17663
17664
17666
17668
17670
17673
17675
17676
17680
17681
17685
17687
17691
17693
17695
17696
17700
17702
17706
17708
17709
17716
17717
17720
17723
17725
17726
17727
17728
17729
17730
17731
17732
17737
17739
17741
17742
17746
17749
17754
17755
17757
17758
17760
17761
17762
17765
17768
17773
17774
17775
17776
17777
17778
17780
17781
17783
17784
17788
17791
17793
17794
17796
17797
17798
17801
17803
17805
17806
17810
17811
17815
17817
17819
17820
17822
17826
17829
17830
17831
17834
17835
17836
17840
17843
17844
17845
17846
17847
17848
17850
17851
17854
17856
17859
17860
17861
17863
17865
17867
17869
17870
17871
17872
17873
17878
17879
17883
17886
17889
17891
17893
17895
17896
17903
17904
17906
17908
17909
17910
17912
17914
17915
17916
17917
17918
17919
17921
17923
17924
17926
17927
17929
17931
17936
17939
17943
17944
17946
17947
17948
17949
17950
17951
17952
17953
17955
17956
17957
17958
17960
17963
17964
17965
17966
17967
17968
17970
17973
17979
17980
17983
17985
17987
17988
17991
17994
17997
17998
18000
18001
18004
18005
18009
18011
18017
18018
18019
18020
18022
18023
18024
18025
18026
18027
18030
18036
18038
18041
18043
18044
18045
18046
18047
18048
18049
18050
18052
18053
18055
18058
18059
18061
18066
18067
18068
18071
18073
18076
18080
18082
18083
18084
18085
18087
18090
18094
18095
18096
18097
18098
18099
18104
18107
18108
18110
18113
18114
18117
18121
18123
18124
18126
18127
18128
18129
18130
18132
18135
18136
18141
18142
18143
18145
18146
18148
18149
18151
18152
18156
18159
18160
18161
18164
18168
18170
18171
18172
18174
18177
18178
18180
18181
18183
18184
18185
18187
18188
18190
18191
18192
18193
18194
18197
18199
18200
18201
18202
18209
18213
18214
18221
18223
18224
18225
18226
18227
18233
18235
18236
18239
18241
18242
18245
18248
18249
18250
18251
18253
18254
18255
18257
18260
18261
18262
18265
18268
18269
18273
18276
18277
18279
18283
18284
18286
18288
18290
18293
18294
18295
18296
18298
18300
18301
18308
18309
18311
18313
18315
18316
18317
18319
18321
18322
18324
18325
18326
18327
18328
18329
18330
18332
18336
18341
18342
18344
18346
18350
18351
18352
18355
18356
18357
18358
18359
18362
18364
18367
18369
18370
18371
18373
18374
18377
18378
18380
18381
18386
18387
18390
18393
18395
18397
18400
18404
18405
18409
18410
18416
18417
18419
18420
18424
18426
18428
18430
18431
18434
18439
18445
18447
18450
18455
18456
18457
18459
18460
18463
18464
18465
18468
18470
18471
18472
18474
18477
18478
18479
18480
18481
18482
18484
18493
18495
18499
18502
18506
18507
18511
18515
18517
18519
18522
18523
18530
18531
18540
18541
18545
18548
18551
18554
18557
18558
18559
18560
18562
18564
18570
18573
18576
18578
18579
18584
18585
18586
18589
18590
18592
18593
18594
18596
18597
18598
18599
18600
18604
18605
18607
18609
18610
18611
18612
18613
18619
18620
18621
18624
18625
18626
18627
18629
18631
18633
18637
18640
18641
18642
18647
18652
18654
18655
18657
18658
18659
18663
18664
18666
18669
18671
18673
18674
18675
18678
18679
18681
18682
18685
18686
18687
18689
18690
18691
18696
18698
18699
18702
18703
18704
18705
18706
18707
18708
18709
18711
18713
18719
18720
18721
18722
18727
18728
18730
18732
18733
18734
18735
18736
18737
18743
18744
18745
18746
18748
18750
18751
18752
18753
18755
18759
18762
18763
18764
18765
18769
18770
18771
18777
18780
18781
18787
18792
18793
18794
18797
18802
18803
18804
18811
18819
18822
18823
18824
18827
18831
18832
18833
18835
18836
18839
18840
18841
18842
18848
18849
18850
18853
18854
18855
18856
18857
18860
18863
18866
18870
18872
18876
18878
18879
18880
18881
18885
18886
18887
18889
18890
18891
18894
18895
18897
18898
18900
18902
18903
18909
18914
18915
18917
18918
18919
18920
18921
18924
18927
18929
18930
18931
18935
18936
18938
18939
18941
18942
18947
18951
18957
18958
18959
18960
18962
18963
18965
18966
18969
18970
18973
18974
18976
18978
18979
18981
18982
18983
18984
18985
18987
18992
18993
18994
18995
19004
19009
19010
19011
19012
19015
19016
19018
19019
19021
19023
19024
19030
19033
19034
19036
19037
19040
19042
19046
19048
19049
19051
19052
19054
19056
19057
19058
19059
19065
19066
19068
19073
19074
19079
19080
19082
19083
19085
19086
19092
19093
19096
19098
19101
19102
19106
19107
19110
19111
19114
19116
19117
19118
19119
19121
19122
19126
19128
19133
19135
19136
19137
19138
19139
19146
19147
19151
19155
19156
19159
19160
19161
19163
19164
19166
19167
19168
19169
19170
19171
19172
19174
19175
19176
19180
19182
19183
19184
19185
19186
19188
19190
19191
19192
19193
19195
19197
19198
19199
19200
19201
19202
19205
19209
19210
19211
19212
19215
19219
19221
19223
19225
19227
19232
19236
19238
19239
19242
19244
19245
19246
19249
19255
19257
19258
19260
19261
19262
19263
19264
19265
19266
19268
19270
19271
19273
19275
19277
19278
19280
19289
19291
19292
19293
19295
19296
19298
19300
19302
19303
19305
19306
19307
19310
19315
19316
19317
19318
19320
19321
19323
19324
19325
19326
19330
19331
19333
19334
19335
19336
19338
19339
19341
19343
19344
19345
19346
19347
19348
19356
19358
19360
19362
19365
19368
19369
19370
19371
19372
19374
19375
19379
19380
19382
19383
19387
19388
19389
19390
19391
19394
19395
19396
19397
19401
19402
19405
19407
19410
19411
19414
19418
19420
19426
19428
19433
19434
19435
19436
19437
19438
19444
19446
19448
19449
19452
19454
19456
19464
19468
19469
19474
19475
19476
19478
19480
19484
19485
19487
19488
19489
19490
19492
19493
19497
19498
19499
19501
19503
19504
19507
19510
19511
19515
19516
19520
19521
19523
19524
19525
19526
19531
19532
19534
19535
19536
19537
19538
19539
19540
19541
19542
19543
19546
19547
19548
19549
19550
19551
19553
19556
19560
19561
19562
19567
19568
19569
19571
19572
19573
19574
19575
19579
19580
19583
19585
19587
19588
19589
19590
19593
19594
19595
19597
19599
19602
19604
19610
19611
19614
19618
19619
19620
19623
19625
19626
19629
19631
19632
19638
19645
19646
19648
19649
19650
19652
19653
19656
19658
19659
19662
19665
19666
19669
19676
19678
19680
19682
19684
19685
19687
19688
19694
19696
19697
19699
19700
19701
19702
19706
19708
19713
19714
19716
19719
19720
19721
19724
19727
19728
19729
19735
19737
19740
19741
19743
19744
19745
19746
19747
19748
19750
19754
19756
19757
19758
19764
19766
19774
19775
19776
19778
19779
19781
19782
19783
19784
19786
19788
19792
19797
19798
19801
19805
19808
19809
19810
19812
19813
19818
19819
19821
19822
19824
19825
19828
19829
19830
19831
19833
19836
19837
19838
19841
19846
19847
19849
19850
19851
19853
19856
19857
19858
19864
19868
19869
19871
19874
19879
19880
19881
19883
19884
19885
19886
19887
19889
19890
19894
19895
19896
19898
19899
19900
19902
19905
19906
19907
19908
19911
19913
19914
19916
19917
19919
19920
19922
19924
19925
19926
19928
19930
19931
19935
19937
19941
19942
19944
19948
19949
19952
19956
19958
19960
19961
19964
19965
19966
19967
19969
19972
19974
19975
19976
19979
19980
19983
19984
19985
19986
19987
19991
19992
19993
19994
19995
19996
19997
19999
20001
20002
20003
20004
20005
20006
20007
20011
20016
20019
20020
20022
20023
20028
20030
20031
20032
20033
20036
20037
20042
20043
20044
20047
20050
20051
20053
20054
20059
20061
20062
20063
20064
20066
20067
20068
20069
20070
20071
20073
20075
20077
20078
20079
20084
20085
20088
20091
20092
20093
20099
20101
20103
20104
20105
20106
20111
20113
20114
20115
20119
20121
20122
20124
20128
20130
20132
20133
20134
20135
20137
20138
20139
20140
20141
20142
20144
20149
20150
20153
20154
20157
20160
20161
20163
20164
20167
20168
20170
20171
20174
20178
20179
20180
20182
20185
20187
20191
20192
20196
20197
20199
20200
20201
20205
20207
20208
20211
20216
20219
20220
20221
20222
20223
20224
20225
20226
20227
20228
20232
20234
20235
20236
20238
20242
20243
20244
20245
20246
20252
20253
20256
20257
20258
20263
20267
20268
20269
20272
20275
20276
20278
20280
20284
20286
20287
20290
20291
20293
20296
20299
20301
20302
20303
20305
20307
20309
20310
20312
20313
20316
20317
20318
20321
20324
20325
20327
20328
20329
20333
20334
20336
20338
20341
20344
20345
20346
20351
20352
20353
20354
20355
20356
20357
20358
20360
20361
20362
20363
20365
20366
20367
20369
20377
20378
20380
20381
20382
20386
20389
20390
20393
20395
20396
20402
20403
20405
20406
20407
20408
20409
20410
20412
20415
20417
20419
20422
20423
20425
20427
20429
20430
20431
20432
20433
20435
20436
20437
20438
20441
20442
20443
20444
20445
20449
20450
20458
20459
20463
20465
20466
20467
20470
20471
20472
20477
20479
20480
20481
20482
20484
20485
20486
20487
20489
20490
20495
20496
20500
20505
20506
20507
20508
20509
20512
20516
20520
20527
20529
20530
20531
20532
20533
20534
20535
20537
20546
20549
20550
20553
20554
20555
20556
20557
20558
20561
20565
20567
20568
20574
20576
20577
20578
20581
20582
20589
20590
20591
20593
20597
20598
20599
20601
20602
20603
20606
20608
20609
20613
20614
20616
20618
20622
20624
20625
20627
20629
20631
20635
20637
20640
20642
20644
20645
20646
20647
20648
20649
20651
20653
20654
20657
20659
20663
20664
20668
20669
20671
20674
20675
20677
20683
20685
20686
20687
20690
20691
20693
20694
20696
20698
20700
20701
20705
20706
20707
20708
20711
20713
20715
20718
20721
20723
20724
20725
20726
20729
20731
20732
20734
20737
20738
20740
20742
20745
20746
20748
20753
20754
20755
20756
20758
20761
20763
20765
20766
20768
20770
20771
20773
20774
20775
20777
20780
20783
20787
20788
20793
20794
20795
20797
20798
20799
20800
20803
20804
20805
20806
20809
20813
20814
20815
20816
20818
20820
20821
20822
20825
20826
20827
20829
20830
20832
20834
20836
20841
20848
20850
20851
20853
20862
20866
20868
20869
20870
20871
20872
20874
20877
20878
20879
20880
20883
20884
20885
20888
20889
20891
20893
20895
20896
20898
20900
20902
20904
20908
20909
20910
20911
20913
20915
20917
20918
20919
20920
20921
20922
20926
20928
20931
20932
20933
20935
20936
20938
20939
20941
20945
20946
20958
20959
20960
20961
20965
20967
20968
20969
20974
20975
20976
20981
20982
20983
20988
20989
20998
20999
21000
21002
21004
21010
21011
21012
21014
21017
21018
21020
21021
21024
21025
21026
21027
21030
21031
21033
21034
21035
21037
21039
21043
21044
21045
21046
21047
21048
21050
21051
21052
21056
21059
21060
21063
21064
21065
21066
21067
21069
21071
21073
21075
21080
21083
21084
21085
21087
21088
21091
21093
21094
21095
21097
21101
21102
21103
21104
21106
21109
21110
21113
21114
21116
21121
21122
21125
21129
21130
21131
21132
21133
21134
21135
21137
21138
21139
21140
21141
21142
21143
21145
21146
21147
21148
21153
21155
21156
21159
21160
21163
21164
21165
21166
21170
21171
21179
21180
21182
21185
21194
21196
21198
21199
21201
21202
21204
21206
21209
21211
21212
21213
21216
21217
21220
21222
21224
21225
21227
21232
21235
21239
21242
21244
21247
21249
21250
21251
21252
21254
21255
21257
21258
21259
21264
21268
21273
21274
21275
21277
21278
21281
21283
21285
21286
21290
21295
21297
21304
21307
21308
21310
21311
21316
21319
21321
21323
21324
21325
21326
21329
21333
21334
21337
21338
21342
21349
21350
21353
21354
21355
21357
21360
21361
21362
21364
21366
21369
21370
21371
21375
21376
21381
21382
21383
21384
21386
21390
21392
21397
21401
21402
21403
21404
21406
21411
21413
21414
21417
21418
21419
21425
21427
21432
21436
21437
21438
21441
21444
21445
21446
21447
21448
21453
21458
21459
21460
21464
21465
21466
21469
21470
21473
21474
21475
21477
21478
21484
21485
21488
21493
21495
21497
21498
21499
21500
21501
21504
21505
21507
21508
21509
21510
21512
21513
21514
21515
21516
21517
21521
21523
21524
21525
21526
21527
21528
21529
21531
21532
21535
21536
21538
21542
21543
21546
21547
21548
21549
21551
21554
21556
21557
21558
21560
21561
21562
21563
21564
21565
21568
21569
21570
21571
21572
21573
21574
21576
21581
21584
21588
21590
21593
21596
21597
21598
21599
21601
21603
21604
21608
21609
21612
21614
21621
21624
21625
21629
21631
21633
21635
21640
21641
21643
21644
21646
21647
21650
21651
21653
21659
21661
21664
21665
21669
21670
21671
21672
21673
21678
21680
21684
21686
21688
21689
21690
21691
21693
21694
21697
21698
21699
21700
21702
21705
21706
21708
21709
21710
21711
21716
21718
21723
21724
21726
21729
21733
21735
21736
21737
21738
21740
21741
21743
21744
21745
21746
21747
21748
21749
21752
21753
21754
21755
21756
21757
21758
21762
21763
21765
21770
21771
21774
21775
21777
21780
21781
21783
21789
21790
21792
21795
21799
21801
21804
21808
21809
21810
21812
21816
21817
21822
21823
21824
21827
21828
21835
21836
21841
21842
21844
21846
21848
21850
21852
21856
21858
21859
21863
21865
21868
21869
21870
21871
21876
21877
21881
21883
21886
21892
21894
21895
21896
21897
21898
21900
21901
21902
21903
21904
21905
21906
21907
21908
21909
21913
21915
21916
21918
21921
21922
21923
21927
21929
21931
21932
21933
21934
21935
21938
21939
21940
21941
21943
21944
21945
21946
21947
21948
21949
21950
21951
21952
21953
21954
21955
21956
21957
21958
21960
21962
21963
21964
21966
21969
21971
21973
21975
21977
21978
21982
21983
21984
21988
21990
21991
21994
21995
21999
22000
22002
22003
22006
22009
22011
22013
22018
22019
22021
22023
22024
22025
22027
22029
22030
22033
22034
22035
22038
22039
22040
22041
22043
22044
22045
22047
22048
22050
22052
22055
22057
22064
22069
22073
22078
22079
22080
22084
22085
22092
22093
22096
22097
22098
22099
22100
22101
22102
22104
22105
22108
22110
22112
22115
22119
22120
22122
22123
22124
22128
22132
22134
22135
22136
22137
22138
22139
22141
22142
22143
22146
22149
22150
22151
22154
22160
22163
22164
22166
22168
22169
22170
22175
22176
22177
22184
22185
22191
22193
22194
22195
22197
22198
22200
22201
22205
22208
22210
22211
22217
22221
22223
22224
22225
22227
22228
22230
22231
22232
22235
22236
22238
22241
22246
22250
22253
22254
22255
22257
22259
22260
22263
22265
22268
22269
22270
22272
22273
22274
22276
22277
22278
22279
22280
22282
22283
22284
22285
22286
22288
22289
22290
22297
22298
22304
22305
22312
22315
22316
22317
22319
22320
22324
22325
22327
22329
22331
22335
22336
22339
22341
22342
22343
22344
22348
22349
22350
22354
22356
22359
22360
22361
22362
22363
22366
22368
22370
22371
22372
22375
22376
22377
22379
22381
22382
22384
22388
22389
22391
22394
22395
22396
22400
22404
22405
22408
22411
22412
22413
22415
22420
22421
22424
22426
22428
22430
22435
22436
22437
22438
22443
22449
22450
22456
22458
22459
22460
22461
22462
22465
22466
22468
22469
22474
22475
22476
22477
22480
22482
22483
22486
22488
22490
22492
22496
22497
22498
22501
22502
22505
22508
22509
22513
22514
22515
22517
22522
22526
22527
22528
22530
22531
22532
22534
22535
22537
22540
22541
22544
22545
22547
22553
22556
22557
22561
22562
22570
22572
22573
22574
22575
22576
22577
22580
22584
22585
22586
22588
22590
22591
22594
22595
22597
22599
22600
22603
22606
22608
22611
22612
22613
22615
22616
22618
22620
22622
22624
22625
22627
22628
22629
22630
22632
22633
22634
22637
22638
22642
22647
22653
22654
22655
22656
22661
22662
22663
22665
22669
22670
22672
22675
22678
22679
22680
22681
22683
22685
22687
22690
22694
22696
22700
22703
22706
22709
22711
22714
22716
22717
22720
22723
22724
22727
22732
22734
22735
22736
22739
22742
22743
22744
22745
22746
22747
22748
22750
22753
22754
22758
22760
22761
22763
22766
22767
22769
22770
22771
22773
22776
22777
22779
22781
22784
22785
22786
22788
22790
22791
22794
22795
22796
22801
22802
22804
22805
22808
22809
22810
22811
22818
22819
22824
22825
22828
22832
22835
22839
22840
22843
22846
22847
22849
22851
22853
22859
22860
22864
22865
22867
22868
22870
22871
22872
22873
22877
22878
22880
22881
22882
22884
22886
22888
22889
22890
22891
22893
22894
22897
22898
22900
22902
22903
22905
22907
22911
22912
22913
22915
22916
22918
22919
22921
22922
22923
22924
22925
22927
22928
22929
22930
22934
22939
22941
22942
22943
22945
22946
22948
22950
22953
22956
22960
22962
22963
22964
22968
22969
22972
22974
22977
22978
22979
22987
22988
22992
22993
22994
22998
22999
23000
23002
23004
23005
23008
23010
23012
23013
23014
23016
23017
23022
23023
23024
23025
23026
23027
23029
23033
23034
23035
23036
23040
23041
23042
23043
23046
23049
23051
23052
23053
23055
23056
23061
23062
23063
23064
23065
23066
23068
23069
23073
23074
23075
23078
23080
23084
23088
23089
23091
23092
23093
23094
23097
23098
23100
23103
23104
23105
23106
23107
23109
23111
23115
23116
23118
23119
23122
23124
23128
23129
23133
23135
23138
23140
23141
23143
23144
23145
23146
23148
23150
23152
23158
23159
23160
23163
23166
23167
23168
23170
23171
23172
23173
23174
23177
23178
23180
23181
23182
23184
23186
23188
23191
23192
23194
23195
23197
23198
23201
23202
23204
23205
23206
23209
23210
23211
23212
23213
23215
23216
23218
23220
23221
23222
23223
23224
23226
23227
23229
23231
23233
23238
23239
23241
23244
23247
23248
23250
23251
23256
23260
23262
23263
23264
23265
23266
23268
23269
23270
23272
23273
23274
23275
23279
23282
23284
23289
23291
23292
23294
23295
23296
23297
23298
23300
23307
23311
23312
23313
23317
23318
23319
23320
23321
23323
23324
23329
23330
23332
23335
23345
23346
23349
23351
23356
23357
23363
23366
23367
23373
23374
23375
23376
23378
23380
23383
23384
23389
23391
23392
23393
23396
23399
23400
23401
23405
23406
23407
23409
23411
23412
23413
23415
23417
23418
23419
23421
23425
23426
23429
23431
23432
23433
23434
23435
23436
23439
23441
23443
23446
23447
23448
23452
23453
23456
23459
23461
23462
23463
23465
23466
23468
23472
23473
23480
23481
23483
23485
23487
23489
23490
23491
23492
23494
23495
23496
23498
23499
23502
23503
23504
23505
23507
23508
23509
23512
23513
23514
23515
23516
23521
23524
23525
23527
23528
23529
23530
23531
23533
23534
23535
23540
23541
23543
23544
23547
23549
23550
23551
23556
23558
23561
23563
23564
23565
23566
23567
23571
23574
23576
23578
23579
23584
23586
23589
23590
23593
23598
23599
23603
23604
23605
23607
23610
23612
23617
23618
23619
23622
23626
23628
23630
23631
23633
23635
23637
23640
23642
23644
23646
23649
23650
23653
23654
23656
23659
23665
23666
23671
23673
23679
23683
23685
23688
23690
23691
23692
23694
23695
23696
23697
23698
23700
23701
23702
23703
23704
23707
23708
23709
23710
23714
23716
23717
23719
23721
23722
23723
23725
23728
23732
23734
23735
23736
23738
23740
23741
23742
23743
23744
23746
23750
23751
23754
23755
23758
23760
23761
23762
23764
23765
23767
23769
23771
23772
23773
23776
23779
23782
23783
23784
23785
23787
23789
23790
23793
23795
23796
23798
23800
23805
23809
23810
23811
23812
23813
23814
23817
23818
23820
23821
23824
23828
23831
23837
23839
23841
23842
23843
23844
23845
23848
23849
23850
23853
23855
23858
23863
23868
23870
23873
23874
23875
23876
23877
23878
23881
23882
23883
23888
23889
23890
23892
23893
23895
23896
23897
23898
23900
23902
23904
23905
23906
23907
23908
23913
23915
23916
23917
23919
23920
23922
23925
23928
23930
23935
23936
23937
23938
23939
23943
23945
23947
23948
23951
23953
23955
23957
23963
23964
23969
23970
23971
23972
23976
23978
23980
23982
23985
23986
23987
23990
23994
23996
24001
24002
24005
24006
24007
24008
24011
24014
24017
24020
24021
24023
24030
24031
24032
24033
24034
24036
24037
24039
24040
24042
24043
24044
24045
24046
24048
24049
24052
24053
24054
24056
24061
24062
24065
24066
24068
24069
24070
24071
24072
24073
24074
24075
24077
24082
24084
24085
24087
24089
24090
24091
24094
24095
24096
24099
24100
24101
24103
24104
24106
24107
24108
24112
24116
24117
24118
24120
24121
24122
24123
24126
24127
24130
24131
24132
24133
24135
24136
24137
24138
24144
24145
24146
24147
24154
24155
24159
24160
24161
24165
24167
24168
24176
24177
24179
24181
24183
24184
24188
24190
24195
24201
24202
24203
24204
24205
24207
24209
24211
24212
24213
24214
24216
24217
24218
24219
24221
24228
24229
24230
24233
24235
24237
24238
24240
24241
24242
24243
24245
24246
24247
24248
24249
24250
24255
24256
24261
24265
24266
24268
24269
24271
24273
24274
24275
24276
24282
24283
24285
24286
24288
24290
24291
24292
24294
24297
24298
24299
24303
24305
24312
24314
24316
24317
24318
24319
24320
24322
24323
24325
24326
24328
24329
24331
24332
24333
24334
24336
24340
24341
24343
24347
24348
24349
24351
24353
24354
24356
24358
24359
24361
24366
24367
24370
24371
24372
24374
24375
24376
24377
24378
24379
24380
24381
24388
24389
24390
24391
24392
24395
24396
24398
24399
24401
24403
24404
24405
24406
24408
24411
24413
24414
24416
24418
24419
24420
24421
24425
24426
24427
24431
24434
24435
24438
24443
24444
24445
24448
24450
24452
24453
24454
24455
24456
24457
24459
24461
24465
24467
24468
24469
24471
24473
24474
24475
24476
24479
24480
24481
24482
24484
24489
24490
24495
24497
24500
24503
24504
24507
24508
24514
24515
24518
24519
24525
24528
24529
24530
24531
24532
24534
24535
24539
24541
24542
24543
24545
24547
24548
24549
24551
24555
24556
24557
24559
24560
24562
24563
24564
24565
24566
24569
24570
24573
24574
24575
24577
24578
24579
24580
24581
24583
24584
24585
24586
24587
24590
24593
24594
24595
24597
24598
24604
24606
24607
24609
24610
24612
24613
24614
24616
24617
24621
24623
24628
24631
24634
24635
24638
24639
24640
24641
24646
24647
24652
24654
24656
24657
24661
24662
24665
24667
24673
24674
24675
24676
24677
24679
24680
24682
24683
24684
24685
24686
24688
24691
24692
24693
24694
24695
24696
24698
24705
24706
24708
24709
24711
24713
24715
24716
24717
24718
24719
24720
24722
24724
24729
24731
24734
24735
24736
24737
24740
24742
24744
24745
24746
24747
24752
24754
24755
24756
24757
24759
24761
24764
24766
24767
24770
24771
24773
24774
24776
24786
24787
24788
24793
24794
24799
24801
24803
24805
24809
24812
24817
24819
24820
24821
24823
24825
24827
24828
24832
24833
24835
24836
24837
24839
24840
24844
24845
24847
24849
24850
24852
24855
24857
24858
24859
24861
24863
24867
24868
24869
24870
24872
24874
24875
24879
24880
24881
24883
24890
24897
24898
24899
24901
24902
24903
24904
24906
24909
24910
24911
24912
24913
24914
24915
24916
24921
24922
24924
24925
24926
24927
24928
24929
24932
24933
24934
24936
24940
24944
24945
24947
24950
24954
24955
24956
24959
24960
24965
24967
24968
24969
24971
24972
24976
24979
24980
24982
24986
24988
24989
24990
24992
24993
24994
24998
24999
25001
25003
25004
25006
25010
25011
25012
25014
25015
25017
25019
25021
25022
25023
25027
25028
25030
25032
25033
25038
25039
25040
25041
25044
25045
25046
25047
25048
25049
25051
25052
25054
25057
25058
25060
25061
25062
25064
25067
25072
25073
25075
25076
25081
25082
25083
25084
25087
25088
25089
25095
25096
25097
25098
25099
25100
25104
25106
25108
25110
25111
25112
25113
25114
25115
25117
25118
25119
25122
25125
25126
25128
25129
25131
25132
25138
25139
25141
25142
25143
25144
25148
25149
25151
25152
25154
25155
25158
25159
25160
25161
25164
25167
25168
25170
25171
25172
25175
25177
25178
25180
25181
25182
25183
25185
25186
25187
25189
25193
25197
25200
25201
25202
25206
25209
25210
25211
25215
25216
25217
25218
25219
25220
25222
25223
25224
25227
25228
25234
25235
25236
25237
25239
25240
25241
25242
25243
25246
25251
25252
25253
25257
25259
25261
25263
25265
25266
25270
25276
25277
25281
25282
25283
25284
25286
25288
25289
25290
25291
25296
25300
25301
25303
25306
25307
25308
25309
25310
25312
25313
25317
25318
25320
25321
25323
25326
25327
25332
25339
25342
25349
25350
25351
25352
25355
25357
25359
25360
25362
25363
25367
25371
25372
25373
25375
25376
25380
25383
25384
25385
25387
25388
25392
25394
25397
25403
25406
25409
25410
25414
25416
25419
25420
25422
25423
25425
25426
25427
25429
25431
25432
25435
25436
25437
25439
25440
25441
25445
25446
25447
25450
25457
25458
25461
25463
25464
25467
25469
25470
25477
25478
25480
25482
25485
25486
25491
25495
25499
25504
25505
25507
25508
25510
25511
25517
25518
25523
25525
25526
25528
25529
25530
25533
25536
25537
25538
25540
25541
25542
25547
25548
25550
25551
25553
25555
25558
25559
25561
25563
25564
25565
25569
25575
25576
25577
25578
25580
25582
25583
25585
25587
25588
25589
25590
25592
25595
25597
25598
25600
25603
25605
25606
25609
25610
25611
25612
25616
25617
25618
25619
25621
25623
25626
25627
25629
25630
25631
25632
25633
25634
25635
25636
25640
25641
25642
25647
25649
25650
25651
25656
25657
25660
25666
25667
25668
25669
25670
25671
25673
25674
25675
25677
25679
25681
25683
25684
25686
25687
25688
25692
25693
25695
25696
25697
25698
25699
25702
25704
25705
25706
25707
25709
25710
25711
25712
25713
25714
25715
25716
25717
25718
25721
25722
25724
25726
25727
25728
25729
25731
25732
25734
25736
25738
25739
25742
25743
25744
25745
25746
25747
25748
25750
25751
25754
25759
25760
25762
25763
25764
25765
25767
25768
25769
25772
25773
25776
25777
25778
25780
25785
25786
25789
25792
25794
25796
25801
25803
25804
25805
25806
25807
25813
25814
25816
25817
25819
25820
25822
25825
25830
25832
25834
25835
25837
25841
25843
25844
25846
25850
25851
25852
25853
25856
25859
25862
25864
25869
25871
25873
25875
25879
25880
25882
25883
25887
25888
25890
25891
25894
25898
25901
25903
25907
25911
25912
25915
25916
25918
25920
25923
25924
25927
25928
25930
25932
25935
25936
25937
25938
25940
25949
25950
25951
25954
25956
25959
25961
25962
25964
25965
25967
25968
25970
25971
25973
25974
25975
25977
25978
25979
25984
25989
25991
25993
25995
25998
26002
26005
26008
26009
26010
26011
26012
26013
26014
26018
26025
26026
26029
26033
26035
26036
26037
26041
26042
26044
26046
26051
26054
26061
26063
26065
26067
26069
26070
26073
26074
26075
26078
26081
26082
26083
26084
26085
26086
26089
26093
26094
26096
26098
26100
26101
26102
26104
26106
26107
26110
26112
26115
26116
26117
26118
26119
26122
26125
26126
26129
26132
26133
26135
26137
26139
26141
26142
26144
26146
26148
26149
26152
26153
26157
26158
26160
26162
26164
26167
26168
26170
26171
26173
26174
26177
26178
26180
26182
26183
26186
26187
26188
26190
26191
26193
26194
26195
26198
26202
26206
26210
26211
26212
26213
26215
26222
26223
26225
26229
26230
26233
26235
26236
26237
26241
26243
26245
26246
26248
26249
26253
26254
26256
26257
26258
26259
26261
26262
26263
26264
26266
26267
26268
26271
26275
26276
26278
26279
26285
26287
26288
26290
26291
26296
26299
26300
26302
26304
26306
26309
26310
26315
26317
26320
26321
26322
26326
26327
26331
26334
26336
26337
26343
26344
26347
26348
26350
26351
26354
26355
26358
26360
26361
26362
26364
26365
26369
26372
26373
26374
26375
26376
26379
26381
26385
26387
26388
26389
26391
26393
26394
26399
26400
26401
26402
26403
26404
26405
26406
26407
26408
26410
26414
26415
26416
26417
26418
26420
26433
26434
26439
26440
26441
26443
26446
26447
26448
26449
26450
26453
26454
26458
26459
26462
26465
26466
26468
26470
26471
26477
26479
26481
26487
26491
26492
26498
26501
26502
26506
26508
26509
26510
26512
26513
26514
26516
26518
26519
26520
26524
26525
26526
26527
26529
26531
26539
26540
26541
26545
26548
26551
26553
26554
26555
26556
26559
26560
26565
26566
26567
26569
26571
26572
26578
26579
26580
26582
26593
26594
26595
26596
26598
26599
26600
26602
26603
26604
26607
26609
26611
26612
26615
26618
26619
26620
26621
26623
26624
26632
26633
26636
26642
26643
26644
26645
26647
26649
26651
26655
26656
26657
26658
26659
26660
26662
26664
26665
26667
26676
26677
26682
26683
26685
26686
26688
26691
26692
26693
26694
26695
26697
26698
26699
26700
26701
26702
26705
26708
26709
26711
26712
26715
26717
26720
26723
26725
26727
26733
26734
26735
26737
26738
26739
26741
26742
26746
26748
26749
26750
26751
26752
26757
26758
26759
26761
26763
26764
26765
26766
26769
26771
26772
26774
26776
26777
26778
26779
26781
26782
26785
26786
26787
26789
26790
26792
26793
26794
26797
26798
26799
26800
26802
26805
26806
26807
26813
26815
26816
26818
26819
26823
26827
26829
26830
26831
26833
26834
26835
26837
26838
26839
26841
26842
26844
26847
26848
26851
26852
26854
26858
26859
26861
26865
26867
26868
26869
26871
26872
26874
26877
26879
26881
26882
26884
26885
26886
26887
26888
26893
26894
26898
26900
26902
26903
26904
26909
26912
26914
26915
26916
26918
26920
26921
26922
26926
26929
26931
26932
26933
26936
26938
26939
26941
26942
26943
26948
26950
26953
26956
26958
26960
26962
26966
26967
26969
26970
26974
26975
26977
26979
26983
26985
26989
26991
26992
26995
26996
26997
26999
27001
27002
27003
27005
27007
27009
27011
27013
27015
27018
27020
27021
27023
27026
27031
27036
27037
27038
27039
27043
27044
27046
27049
27054
27063
27066
27067
27070
27071
27073
27078
27080
27085
27086
27088
27090
27093
27094
27096
27100
27101
27102
27104
27106
27107
27108
27109
27111
27112
27115
27116
27118
27123
27125
27127
27135
27138
27139
27140
27141
27142
27144
27146
27148
27149
27151
27152
27153
27155
27157
27158
27161
27162
27166
27167
27168
27171
27174
27175
27178
27181
27183
27184
27185
27188
27190
27192
27193
27198
27199
27200
27201
27203
27204
27207
27213
27214
27215
27216
27218
27220
27221
27222
27223
27224
27227
27228
27234
27235
27238
27243
27244
27246
27247
27248
27249
27252
27253
27256
27257
27258
27259
27260
27261
27263
27266
27269
27272
27273
27277
27279
27280
27283
27285
27286
27287
27288
27290
27294
27295
27296
27298
27300
27304
27305
27306
27308
27311
27314
27315
27317
27318
27319
27325
27328
27330
27332
27333
27334
27336
27340
27341
27342
27343
27344
27345
27347
27349
27350
27355
27356
27359
27360
27364
27366
27367
27368
27370
27371
27372
27377
27379
27380
27381
27384
27385
27386
27387
27390
27392
27394
27395
27399
27400
27401
27406
27407
27410
27412
27413
27414
27416
27418
27419
27420
27421
27426
27427
27428
27429
27430
27435
27438
27439
27441
27443
27446
27447
27448
27449
27450
27451
27452
27453
27454
27459
27460
27461
27463
27467
27470
27471
27474
27476
27478
27483
27484
27486
27489
27495
27496
27497
27498
27499
27500
27501
27503
27507
27509
27511
27512
27515
27517
27521
27523
27524
27528
27529
27530
27531
27532
27537
27539
27540
27541
27542
27545
27550
27551
27552
27553
27556
27557
27559
27560
27562
27565
27566
27570
27572
27573
27576
27577
27580
27581
27583
27584
27585
27586
27587
27589
27590
27592
27594
27595
27596
27599
27600
27602
27603
27606
27610
27611
27612
27614
27615
27616
27619
27620
27624
27625
27626
27628
27629
27631
27632
27634
27636
27638
27640
27642
27644
27645
27647
27648
27652
27654
27657
27659
27661
27662
27663
27667
27668
27671
27672
27673
27674
27676
27677
27679
27680
27681
27682
27684
27687
27689
27690
27691
27693
27694
27696
27699
27700
27703
27704
27706
27708
27711
27712
27713
27714
27719
27720
27721
27722
27724
27725
27727
27728
27731
27733
27734
27735
27738
27739
27743
27754
27756
27757
27761
27764
27765
27766
27767
27772
27773
27774
27775
27779
27781
27783
27784
27787
27788
27789
27790
27791
27795
27798
27801
27803
27815
27816
27820
27823
27825
27826
27827
27828
27829
27831
27833
27836
27838
27840
27844
27845
27846
27850
27853
27854
27855
27857
27862
27864
27866
27868
27872
27877
27881
27883
27884
27885
27887
27888
27889
27890
27893
27895
27898
27900
27902
27906
27908
27910
27911
27915
27916
27919
27922
27923
27926
27928
27929
27930
27932
27935
27936
27940
27942
27945
27948
27949
27951
27952
27957
27959
27960
27962
27964
27965
27966
27967
27968
27969
27971
27972
27976
27977
27978
27979
27980
27984
27985
27989
27990
27991
27993
27996
27997
27998
27999
28000
28001
28002
28004
28009
28011
28012
28013
28014
28019
28020
28024
28027
28029
28033
28034
28037
28039
28040
28048
28049
28050
28052
28054
28055
28056
28059
28064
28065
28066
28069
28083
28086
28087
28088
28089
28090
28092
28094
28095
28097
28098
28100
28101
28103
28104
28110
28111
28116
28117
28121
28122
28124
28125
28126
28127
28128
28129
28130
28131
28132
28134
28137
28142
28145
28146
28147
28148
28152
28154
28155
28159
28162
28163
28164
28165
28166
28167
28168
28169
28170
28171
28174
28175
28177
28178
28182
28184
28185
28193
28194
28195
28198
28200
28201
28202
28203
28204
28206
28207
28209
28210
28211
28213
28214
28215
28216
28221
28231
28232
28233
28234
28237
28238
28242
28248
28250
28252
28253
28254
28255
28256
28260
28262
28263
28266
28268
28269
28270
28274
28280
28283
28286
28287
28289
28290
28292
28293
28295
28296
28299
28301
28302
28305
28306
28308
28309
28310
28311
28312
28313
28320
28321
28327
28328
28331
28333
28334
28336
28337
28338
28340
28342
28343
28349
28354
28356
28357
28358
28362
28364
28365
28366
28367
28368
28369
28370
28371
28374
28375
28376
28379
28380
28381
28382
28383
28384
28385
28388
28392
28393
28395
28397
28398
28404
28405
28406
28407
28409
28410
28414
28415
28416
28417
28420
28422
28424
28425
28426
28428
28432
28433
28434
28435
28436
28442
28443
28444
28448
28449
28451
28452
28453
28454
28455
28456
28457
28458
28461
28462
28463
28464
28465
28466
28467
28469
28470
28471
28472
28475
28476
28478
28487
28489
28491
28497
28499
28500
28501
28503
28504
28505
28506
28507
28509
28511
28513
28514
28517
28519
28520
28523
28527
28528
28530
28532
28533
28534
28543
28545
28546
28551
28552
28553
28555
28558
28559
28560
28563
28566
28567
28568
28569
28570
28572
28573
28574
28576
28577
28578
28580
28583
28584
28585
28587
28588
28589
28590
28594
28597
28598
28599
28600
28602
28605
28606
28607
28608
28610
28614
28615
28616
28621
28623
28624
28625
28628
28629
28630
28631
28632
28633
28634
28637
28639
28641
28645
28646
28648
28650
28651
28653
28654
28655
28658
28662
28663
28664
28666
28667
28669
28670
28671
28674
28676
28678
28681
28682
28689
28690
28691
28692
28693
28695
28696
28697
28698
28699
28701
28704
28705
28706
28707
28709
28711
28715
28716
28720
28721
28724
28731
28733
28734
28735
28737
28738
28740
28742
28744
28745
28748
28749
28750
28753
28755
28757
28759
28760
28761
28762
28764
28765
28767
28775
28777
28778
28781
28786
28787
28791
28792
28794
28795
28797
28798
28800
28804
28805
28806
28809
28810
28813
28815
28819
28821
28826
28827
28829
28830
28835
28836
28837
28839
28840
28841
28842
28843
28844
28846
28849
28851
28852
28853
28855
28856
28857
28860
28861
28864
28865
28867
28869
28871
28876
28878
28879
28880
28885
28886
28891
28892
28893
28896
28897
28898
28900
28901
28902
28904
28906
28907
28909
28910
28913
28917
28918
28920
28921
28922
28923
28925
28926
28927
28929
28930
28931
28934
28935
28936
28938
28940
28942
28943
28945
28947
28948
28950
28952
28954
28955
28956
28959
28960
28961
28962
28963
28966
28967
28970
28971
28973
28979
28980
28981
28983
28984
28985
28987
28988
28989
28990
28994
28997
28998
29002
29005
29007
29008
29009
29010
29011
29014
29015
29016
29020
29024
29025
29027
29031
29032
29033
29034
29035
29036
29040
29041
29042
29043
29044
29049
29051
29054
29055
29057
29059
29060
29061
29063
29064
29066
29067
29068
29076
29077
29083
29090
29091
29092
29094
29096
29097
29099
29102
29106
29109
29110
29114
29116
29118
29119
29122
29124
29125
29127
29128
29130
29132
29133
29135
29136
29138
29139
29140
29141
29143
29145
29147
29149
29151
29155
29161
29163
29166
29167
29169
29170
29172
29174
29175
29178
29179
29180
29181
29187
29188
29190
29191
29192
29194
29195
29196
29198
29200
29201
29203
29206
29210
29212
29213
29214
29218
29219
29220
29221
29224
29226
29228
29229
29230
29231
29235
29236
29238
29242
29243
29245
29246
29248
29251
29253
29254
29255
29256
29259
29261
29262
29263
29264
29265
29266
29267
29269
29271
29272
29274
29279
29280
29281
29282
29284
29287
29288
29289
29294
29297
29298
29311
29314
29315
29316
29320
29323
29325
29326
29327
29331
29332
29333
29334
29335
29337
29338
29340
29344
29346
29350
29352
29353
29354
29355
29356
29357
29361
29362
29364
29367
29368
29370
29373
29374
29375
29377
29378
29381
29382
29384
29385
29386
29388
29390
29392
29393
29394
29396
29399
29400
29401
29403
29405
29407
29410
29411
29412
29416
29418
29419
29421
29427
29428
29429
29431
29432
29433
29436
29438
29441
29442
29445
29446
29447
29453
29454
29455
29457
29459
29460
29461
29464
29465
29466
29467
29468
29472
29473
29474
29476
29480
29482
29485
29490
29492
29493
29499
29501
29502
29505
29506
29507
29508
29509
29510
29511
29515
29516
29518
29523
29525
29528
29530
29531
29533
29534
29536
29537
29539
29540
29543
29545
29546
29547
29549
29550
29552
29553
29556
29557
29558
29559
29561
29564
29568
29569
29571
29572
29573
29574
29576
29577
29579
29581
29582
29585
29589
29591
29593
29596
29597
29598
29600
29605
29606
29607
29608
29611
29614
29615
29617
29618
29620
29621
29623
29626
29627
29628
29629
29630
29632
29634
29637
29638
29639
29642
29645
29646
29647
29649
29650
29651
29655
29656
29657
29658
29659
29660
29662
29663
29664
29669
29676
29677
29678
29679
29680
29681
29682
29683
29684
29685
29686
29692
29693
29694
29697
29699
29702
29703
29704
29707
29709
29712
29714
29717
29718
29720
29721
29722
29723
29724
29725
29728
29729
29730
29735
29736
29741
29744
29745
29746
29750
29752
29754
29755
29761
29765
29768
29769
29772
29775
29778
29781
29782
29785
29789
29790
29792
29793
29794
29799
29800
29801
29808
29809
29814
29817
29818
29820
29823
29824
29828
29830
29831
29835
29837
29842
29846
29848
29849
29852
29853
29854
29857
29858
29859
29861
29865
29866
29870
29874
29882
29883
29890
29891
29892
29893
29894
29895
29896
29897
29898
29899
29900
29902
29903
29906
29907
29908
29909
29911
29913
29915
29917
29919
29922
29924
29925
29928
29932
29934
29935
29937
29940
29942
29943
29944
29949
29950
29951
29952
29953
29958
29959
29961
29962
29964
29969
29971
29972
29973
29974
29975
29977
29979
29983
29986
29989
29991
29993
29997
29998
29999
30000
30002
30003
30006
30007
30009
30010
30016
30018
30019
30020
30023
30024
30026
30027
30028
30030
30031
30032
30033
30034
30036
30038
30039
30042
30043
30045
30047
30049
30051
30054
30055
30056
30058
30060
30063
30065
30066
30067
30070
30071
30072
30074
30075
30076
30077
30078
30079
30081
30082
30084
30087
30088
30093
30096
30097
30098
30099
30100
30101
30104
30105
30109
30110
30112
30113
30115
30116
30118
30120
30121
30123
30126
30128
30131
30133
30134
30137
30141
30142
30144
30145
30146
30156
30157
30158
30160
30161
30162
30163
30170
30171
30173
30175
30177
30178
30180
30184
30185
30186
30188
30189
30190
30191
30192
30193
30196
30197
30200
30201
30203
30204
30207
30208
30210
30211
30212
30214
30215
30216
30218
30219
30220
30221
30222
30226
30227
30228
30229
30232
30233
30237
30238
30239
30242
30243
30248
30251
30253
30254
30255
30258
30260
30261
30262
30263
30265
30266
30270
30273
30277
30278
30279
30280
30281
30282
30287
30293
30294
30296
30297
30298
30299
30300
30302
30303
30304
30306
30311
30314
30316
30317
30318
30320
30322
30325
30330
30333
30340
30344
30346
30347
30348
30349
30350
30351
30352
30354
30357
30358
30360
30361
30362
30363
30364
30365
30366
30368
30370
30371
30372
30376
30378
30380
30383
30387
30389
30391
30393
30394
30398
30401
30403
30405
30406
30407
30409
30410
30416
30417
30418
30420
30421
30422
30423
30424
30428
30430
30431
30432
30433
30435
30436
30438
30440
30441
30442
30446
30447
30449
30450
30455
30458
30462
30465
30469
30474
30475
30478
30481
30482
30483
30484
30489
30490
30492
30496
30497
30498
30501
30504
30505
30508
30513
30516
30518
30520
30521
30527
30529
30530
30531
30534
30535
30537
30539
30541
30545
30546
30547
30548
30552
30553
30558
30559
30560
30562
30564
30565
30566
30567
30569
30570
30574
30575
30576
30580
30585
30586
30588
30590
30591
30592
30594
30597
30600
30602
30603
30605
30607
30608
30609
30610
30612
30613
30614
30617
30618
30621
30622
30624
30625
30626
30629
30630
30631
30632
30633
30634
30636
30637
30643
30645
30646
30647
30648
30652
30653
30654
30655
30657
30659
30660
30661
30667
30668
30670
30671
30677
30678
30680
30681
30682
30683
30685
30686
30687
30690
30692
30704
30705
30706
30710
30713
30714
30717
30719
30720
30722
30727
30728
30729
30732
30733
30734
30736
30738
30743
30746
30747
30752
30753
30759
30762
30764
30767
30768
30770
30771
30772
30773
30774
30775
30777
30778
30780
30782
30783
30786
30787
30788
30790
30791
30792
30798
30801
30802
30803
30804
30807
30811
30814
30826
30827
30830
30835
30841
30844
30846
30848
30849
30850
30853
30854
30855
30858
30859
30862
30864
30872
30873
30876
30878
30883
30885
30886
30887
30894
30897
30904
30905
30907
30909
30910
30913
30914
30915
30916
30921
30922
30927
30929
30930
30932
30935
30937
30939
30944
30946
30947
30948
30950
30952
30953
30954
30955
30957
30960
30961
30962
30964
30965
30970
30971
30972
30973
30974
30980
30982
30983
30985
30987
30988
30990
30991
30992
30993
30996
30997
30998
31005
31007
31012
31016
31018
31019
31020
31021
31033
31035
31037
31038
31039
31041
31043
31044
31047
31051
31052
31055
31058
31059
31064
31066
31067
31069
31070
31071
31073
31077
31079
31080
31081
31082
31084
31086
31087
31089
31092
31094
31095
31099
31101
31102
31104
31105
31107
31108
31109
31110
31113
31119
31120
31121
31122
31123
31124
31128
31130
31132
31133
31134
31136
31137
31138
31139
31141
31142
31145
31151
31152
31154
31156
31157
31158
31163
31164
31165
31166
31168
31172
31175
31177
31178
31180
31182
31184
31186
31187
31189
31191
31193
31194
31197
31201
31202
31203
31205
31206
31208
31209
31211
31212
31214
31215
31217
31221
31224
31226
31227
31228
31230
31232
31236
31239
31240
31241
31242
31248
31249
31251
31253
31255
31258
31261
31262
31263
31265
31268
31269
31273
31275
31277
31278
31282
31284
31286
31290
31291
31292
31293
31298
31300
31301
31304
31306
31307
31308
31309
31310
31311
31312
31314
31317
31319
31323
31324
31329
31331
31333
31334
31336
31339
31340
31341
31345
31346
31347
31350
31352
31355
31356
31357
31360
31361
31364
31365
31366
31369
31370
31371
31372
31373
31376
31378
31379
31381
31382
31383
31384
31386
31389
31392
31393
31394
31396
31397
31398
31399
31401
31402
31404
31405
31407
31408
31411
31412
31413
31414
31415
31417
31418
31421
31424
31425
31426
31428
31430
31431
31432
31433
31435
31436
31437
31438
31444
31448
31449
31451
31453
31456
31458
31459
31460
31463
31464
31465
31466
31467
31469
31470
31472
31473
31474
31475
31478
31481
31482
31483
31484
31485
31486
31488
31489
31490
31492
31493
31495
31497
31498
31499
31501
31503
31505
31507
31509
31514
31518
31523
31524
31525
31527
31528
31530
31532
31536
31537
31538
31544
31546
31552
31553
31555
31556
31557
31559
31560
31561
31563
31566
31567
31572
31573
31575
31576
31579
31580
31581
31584
31586
31587
31588
31594
31599
31602
31603
31604
31605
31606
31607
31609
31610
31611
31612
31615
31617
31618
31619
31624
31626
31627
31628
31631
31634
31636
31637
31642
31645
31646
31648
31649
31653
31654
31658
31660
31661
31668
31670
31671
31674
31676
31679
31680
31681
31684
31685
31686
31691
31692
31693
31695
31697
31698
31699
31700
31703
31706
31710
31713
31714
31715
31717
31718
31720
31721
31723
31724
31731
31732
31733
31734
31737
31738
31739
31741
31742
31743
31745
31746
31747
31750
31752
31756
31758
31761
31765
31766
31767
31768
31769
31771
31772
31776
31777
31780
31783
31786
31790
31791
31793
31796
31797
31798
31800
31801
31803
31807
31808
31810
31811
31812
31813
31814
31816
31817
31819
31822
31823
31824
31827
31828
31830
31831
31832
31834
31836
31840
31841
31842
31843
31847
31848
31849
31851
31852
31854
31855
31857
31858
31859
31865
31866
31868
31869
31871
31872
31874
31875
31876
31878
31881
31883
31886
31887
31890
31892
31894
31896
31897
31899
31901
31902
31903
31912
31914
31920
31921
31922
31923
31924
31925
31927
31928
31930
31931
31934
31935
31938
31939
31943
31945
31948
31949
31952
31953
31956
31961
31962
31966
31968
31969
31971
31972
31975
31976
31978
31979
31980
31982
31983
31985
31989
31991
31993
32002
32003
32005
32007
32010
32011
32013
32014
32015
32017
32023
32024
32025
32026
32027
32030
32032
32034
32036
32037
32039
32041
32044
32045
32046
32049
32050
32051
32055
32057
32062
32063
32064
32065
32066
32067
32068
32069
32073
32074
32077
32079
32080
32084
32085
32087
32088
32089
32090
32091
32092
32093
32096
32099
32100
32101
32102
32105
32106
32108
32111
32113
32114
32120
32121
32123
32125
32126
32127
32128
32130
32132
32133
32138
32140
32141
32143
32144
32147
32148
32150
32154
32155
32157
32160
32161
32163
32166
32168
32170
32171
32176
32181
32182
32183
32186
32187
32188
32190
32195
32196
32198
32203
32204
32205
32210
32213
32214
32215
32216
32217
32218
32221
32223
32225
32227
32228
32229
32232
32234
32235
32236
32240
32242
32244
32245
32246
32247
32248
32249
32250
32256
32259
32260
32261
32262
32265
32266
32267
32270
32272
32274
32275
32277
32282
32284
32285
32286
32287
32288
32291
32292
32293
32294
32298
32300
32301
32303
32306
32313
32314
32316
32317
32319
32321
32323
32324
32325
32327
32328
32329
32331
32332
32334
32337
32338
32342
32344
32345
32350
32351
32354
32358
32360
32361
32362
32363
32364
32366
32370
32371
32375
32376
32377
32378
32379
32380
32383
32384
32385
32387
32389
32390
32392
32393
32394
32396
32397
32402
32407
32409
32410
32412
32413
32414
32423
32425
32427
32428
32429
32430
32433
32434
32435
32437
32439
32440
32441
32444
32451
32462
32463
32464
32465
32469
32471
32473
32474
32477
32480
32481
32482
32485
32486
32487
32490
32493
32495
32496
32499
32500
32504
32508
32510
32511
32513
32515
32517
32521
32522
32525
32529
32532
32533
32534
32535
32538
32539
32541
32542
32543
32544
32545
32546
32547
32548
32550
32554
32555
32559
32561
32562
32565
32566
32567
32570
32572
32574
32576
32577
32579
32581
32582
32583
32584
32586
32588
32590
32596
32597
32600
32605
32606
32608
32611
32612
32614
32617
32619
32621
32622
32624
32629
32630
32632
32633
32636
32637
32641
32642
32644
32645
32646
32649
32650
32653
32654
32655
32656
32658
32659
32661
32662
32664
32667
32669
32671
32672
32675
32676
32678
32681
32682
32683
32684
32685
32686
32688
32689
32691
32692
32695
32699
32702
32703
32705
32709
32710
32712
32713
32714
32717
32718
32719
32720
32721
32722
32724
32725
32726
32729
32732
32733
32734
32737
32739
32740
32744
32745
32746
32748
32749
32750
32751
32754
32757
32758
32760
32762
32764
32765
32768
32770
32771
32773
32775
32780
32781
32783
32784
32788
32790
32792
32793
32794
32795
32796
32799
32800
32801
32803
32804
32805
32806
32807
32810
32813
32815
32817
32819
32821
32822
32823
32824
32827
32830
32831
32832
32837
32838
32839
32842
32846
32850
32853
32855
32856
32858
32859
32860
32861
32862
32864
32865
32866
32870
32871
32872
32874
32876
32881
32882
32885
32888
32891
32892
32893
32894
32895
32896
32899
32900
32904
32907
32909
32911
32912
32914
32915
32917
32919
32920
32921
32922
32923
32925
32926
32928
32930
32931
32934
32936
32938
32939
32942
32943
32944
32945
32946
32956
32957
32958
32960
32961
32962
32963
32964
32970
32971
32973
32974
32976
32980
32981
32982
32983
32984
32988
32991
32994
32999
33000
33001
33003
33004
33007
33008
33009
33010
33014
33016
33017
33020
33021
33022
33024
33025
33027
33028
33029
33032
33033
33037
33038
33039
33040
33043
33044
33048
33049
33050
33051
33052
33053
33057
33058
33060
33061
33065
33068
33072
33073
33074
33075
33082
33083
33089
33090
33094
33095
33096
33097
33101
33102
33103
33104
33107
33109
33113
33116
33122
33123
33130
33131
33132
33133
33138
33139
33140
33143
33145
33147
33150
33152
33153
33154
33157
33158
33159
33162
33164
33166
33168
33170
33173
33174
33176
33177
33178
33180
33181
33182
33183
33186
33190
33192
33193
33194
33196
33199
33201
33202
33206
33207
33208
33209
33210
33211
33212
33215
33217
33219
33222
33223
33226
33230
33231
33233
33235
33236
33237
33239
33241
33244
33245
33247
33248
33253
33255
33257
33260
33261
33264
33265
33268
33271
33273
33274
33276
33277
33278
33279
33281
33282
33283
33286
33288
33290
33292
33293
33294
33296
33301
33306
33307
33308
33311
33312
33316
33319
33320
33323
33325
33326
33327
33328
33329
33330
33331
33332
33333
33334
33336
33338
33339
33342
33343
33344
33345
33348
33352
33353
33355
33359
33361
33362
33363
33364
33367
33368
33370
33372
33373
33374
33375
33376
33377
33378
33380
33381
33387
33388
33390
33393
33395
33396
33397
33401
33403
33405
33406
33408
33417
33423
33428
33431
33432
33435
33440
33441
33442
33447
33450
33451
33452
33453
33454
33456
33457
33458
33459
33460
33461
33462
33463
33464
33469
33470
33476
33478
33484
33487
33488
33490
33491
33494
33498
33500
33501
33504
33505
33507
33510
33513
33515
33516
33518
33519
33521
33524
33525
33526
33528
33531
33534
33535
33538
33539
33541
33542
33545
33549
33550
33551
33552
33554
33556
33557
33558
33559
33562
33567
33570
33571
33573
33574
33575
33577
33581
33583
33584
33585
33588
33590
33592
33594
33596
33597
33598
33604
33605
33608
33609
33611
33615
33617
33618
33619
33620
33621
33624
33630
33633
33634
33635
33637
33639
33641
33643
33646
33648
33650
33656
33659
33661
33662
33664
33665
33666
33667
33668
33670
33673
33674
33675
33681
33686
33688
33690
33695
33696
33697
33698
33699
33701
33704
33705
33706
33708
33710
33711
33715
33716
33717
33721
33722
33724
33726
33727
33728
33730
33731
33732
33733
33739
33740
33741
33744
33745
33746
33752
33753
33755
33756
33760
33761
33762
33763
33765
33770
33771
33773
33777
33778
33780
33783
33784
33790
33791
33795
33796
33797
33800
33802
33803
33806
33807
33813
33814
33821
33822
33823
33824
33826
33827
33829
33832
33833
33834
33837
33840
33843
33844
33845
33847
33850
33851
33852
33853
33854
33855
33856
33857
33862
33863
33865
33868
33869
33871
33873
33874
33875
33876
33877
33878
33879
33882
33883
33885
33886
33888
33889
33891
33893
33895
33896
33898
33901
33906
33909
33911
33912
33914
33915
33916
33917
33918
33919
33921
33922
33925
33927
33928
33929
33931
33932
33933
33934
33936
33938
33942
33943
33946
33947
33950
33951
33952
33954
33955
33956
33957
33959
33960
33961
33967
33969
33970
33975
33977
33978
33980
33982
33983
33984
33985
33988
33992
33993
33994
33998
33999
34000
34001
34002
34004
34005
34007
34011
34012
34014
34018
34019
34021
34022
34025
34028
34029
34030
34031
34032
34035
34040
34044
34045
34046
34047
34048
34049
34051
34052
34053
34054
34055
34056
34057
34061
34063
34067
34068
34071
34076
34078
34079
34080
34083
34086
34088
34089
34090
34091
34093
34097
34098
34099
34102
34103
34104
34106
34107
34108
34110
34114
34115
34117
34118
34119
34120
34121
34125
34129
34130
34133
34134
34136
34137
34138
34140
34143
34146
34149
34150
34152
34153
34155
34156
34157
34159
34162
34164
34166
34167
34168
34170
34171
34173
34174
34177
34180
34184
34186
34187
34188
34191
34192
34193
34194
34196
34200
34201
34203
34205
34211
34220
34222
34223
34226
34229
34231
34232
34233
34234
34237
34238
34239
34240
34242
34244
34245
34246
34247
34251
34253
34254
34255
34258
34263
34265
34267
34268
34271
34274
34276
34278
34281
34285
34288
34289
34291
34294
34295
34298
34302
34303
34306
34307
34308
34310
34313
34316
34317
34319
34320
34321
34323
34324
34326
34328
34329
34330
34332
34334
34335
34337
34340
34342
34345
34349
34351
34352
34353
34354
34355
34361
34366
34367
34368
34369
34370
34372
34373
34377
34378
34380
34381
34383
34384
34385
34387
34389
34390
34392
34396
34398
34399
34400
34406
34407
34410
34411
34412
34413
34416
34418
34419
34422
34423
34424
34428
34431
34434
34435
34436
34440
34442
34445
34446
34448
34451
34453
34454
34456
34459
34460
34463
34465
34467
34470
34471
34474
34475
34476
34478
34479
34480
34481
34485
34486
34487
34490
34491
34492
34494
34498
34500
34502
34504
34505
34507
34510
34512
34513
34519
34520
34522
34524
34526
34527
34528
34529
34530
34533
34534
34535
34536
34541
34543
34546
34547
34550
34551
34552
34553
34556
34560
34565
34567
34568
34570
34571
34572
34573
34574
34579
34584
34585
34589
34592
34594
34595
34596
34598
34599
34600
34601
34603
34604
34605
34606
34609
34611
34612
34616
34617
34618
34620
34621
34622
34627
34628
34631
34633
34634
34635
34637
34639
34640
34641
34642
34643
34644
34649
34650
34651
34653
34656
34657
34658
34662
34663
34664
34665
34666
34669
34671
34672
34673
34675
34678
34679
34683
34685
34689
34690
34693
34697
34698
34700
34702
34704
34705
34706
34709
34712
34713
34715
34717
34719
34720
34721
34722
34727
34728
34734
34737
34739
34742
34744
34749
34753
34758
34762
34763
34765
34766
34767
34768
34770
34771
34772
34774
34776
34777
34778
34781
34782
34785
34788
34791
34796
34797
34798
34799
34801
34805
34807
34808
34809
34810
34812
34813
34815
34816
34817
34820
34821
34822
34823
34829
34835
34838
34839
34844
34845
34850
34851
34853
34855
34856
34857
34860
34863
34865
34867
34868
34869
34872
34879
34880
34881
34886
34887
34889
34890
34891
34896
34897
34898
34899
34900
34901
34902
34903
34909
34910
34915
34916
34918
34919
34920
34921
34922
34923
34924
34926
34928
34929
34931
34937
34938
34949
34950
34951
34952
34953
34954
34956
34958
34959
34960
34961
34963
34964
34966
34967
34968
34969
34970
34972
34973
34974
34977
34978
34981
34982
34983
34985
34988
34989
34990
34999
35000
35001
35004
35005
35006
35007
35008
35009
35011
35012
35013
35014
35017
35019
35021
35022
35026
35027
35028
35037
35038
35040
35041
35042
35043
35045
35054
35055
35058
35060
35061
35063
35064
35065
35068
35069
35070
35071
35072
35073
35076
35079
35080
35082
35083
35084
35086
35089
35091
35092
35095
35098
35099
35100
35102
35105
35108
35111
35113
35114
35115
35117
35118
35120
35122
35127
35129
35130
35133
35136
35137
35144
35146
35150
35151
35157
35161
35164
35165
35167
35171
35172
35174
35178
35179
35180
35181
35182
35184
35185
35187
35194
35197
35199
35200
35201
35202
35205
35206
35207
35210
35211
35213
35214
35215
35221
35222
35223
35225
35226
35228
35230
35232
35233
35234
35235
35236
35237
35238
35239
35242
35243
35244
35246
35249
35250
35251
35253
35255
35256
35257
35258
35260
35261
35263
35266
35267
35271
35273
35274
35277
35279
35280
35281
35282
35284
35285
35287
35288
35292
35293
35298
35300
35302
35303
35305
35306
35307
35308
35311
35316
35318
35319
35320
35325
35326
35327
35329
35330
35331
35332
35333
35339
35340
35341
35342
35343
35350
35351
35352
35353
35354
35357
35361
35362
35364
35368
35373
35374
35376
35382
35391
35392
35396
35398
35401
35402
35406
35407
35409
35411
35417
35419
35422
35426
35428
35429
35431
35433
35437
35438
35439
35441
35449
35450
35451
35454
35456
35457
35462
35465
35470
35471
35472
35473
35476
35478
35479
35482
35483
35485
35486
35488
35492
35494
35495
35499
35501
35508
35513
35515
35516
35518
35519
35520
35521
35522
35523
35524
35525
35527
35529
35532
35533
35534
35535
35536
35539
35543
35544
35547
35548
35551
35554
35555
35557
35562
35563
35565
35566
35567
35568
35572
35580
35582
35583
35584
35586
35587
35590
35591
35593
35596
35598
35599
35604
35608
35610
35614
35615
35617
35629
35630
35631
35632
35633
35635
35636
35637
35638
35640
35641
35644
35646
35648
35649
35650
35653
35654
35655
35657
35658
35659
35660
35661
35665
35666
35667
35669
35670
35671
35673
35680
35681
35682
35683
35684
35686
35688
35689
35691
35692
35696
35698
35699
35700
35701
35703
35705
35708
35709
35711
35712
35713
35714
35715
35716
35724
35725
35733
35734
35735
35736
35738
35741
35744
35745
35748
35749
35750
35753
35754
35758
35759
35761
35764
35765
35766
35767
35773
35774
35775
35778
35780
35781
35782
35783
35789
35793
35794
35796
35800
35802
35805
35807
35808
35810
35811
35812
35813
35814
35815
35821
35822
35824
35830
35831
35833
35834
35836
35838
35839
35840
35841
35843
35844
35847
35848
35849
35851
35852
35855
35857
35858
35861
35864
35865
35867
35868
35869
35871
35873
35876
35877
35881
35884
35886
35888
35889
35890
35891
35893
35894
35898
35900
35901
35903
35905
35906
35907
35909
35910
35911
35914
35920
35921
35925
35926
35927
35928
35929
35931
35932
35933
35934
35937
35939
35943
35945
35947
35948
35951
35953
35955
35959
35960
35965
35967
35969
35970
35972
35973
35974
35976
35977
35978
35979
35980
35981
35986
35989
35991
35993
35995
35997
35998
35999
36000
36004
36006
36008
36009
36010
36011
36013
36014
36016
36020
36021
36022
36025
36026
36028
36031
36032
36036
36037
36038
36039
36043
36044
36045
36047
36051
36055
36056
36058
36060
36061
36065
36067
36068
36069
36070
36071
36074
36077
36081
36082
36083
36084
36085
36086
36087
36091
36092
36094
36096
36099
36100
36102
36109
36112
36113
36115
36117
36120
36121
36125
36130
36133
36139
36141
36147
36148
36150
36151
36153
36154
36156
36159
36160
36162
36163
36164
36168
36171
36172
36173
36174
36175
36176
36179
36181
36187
36189
36190
36192
36194
36196
36197
36198
36201
36207
36209
36211
36212
36214
36216
36217
36222
36223
36226
36228
36229
36230
36231
36233
36236
36237
36239
36241
36242
36243
36244
36250
36252
36254
36255
36266
36267
36269
36276
36277
36278
36283
36286
36290
36291
36295
36296
36301
36305
36310
36311
36313
36314
36315
36317
36319
36321
36323
36324
36328
36331
36332
36333
36334
36337
36338
36340
36341
36342
36343
36346
36349
36350
36360
36361
36363
36369
36371
36372
36374
36377
36378
36380
36383
36384
36385
36388
36390
36391
36393
36396
36397
36401
36402
36408
36409
36410
36412
36416
36417
36418
36419
36420
36422
36424
36425
36426
36427
36428
36429
36432
36435
36436
36439
36444
36447
36448
36450
36451
36452
36453
36455
36460
36461
36462
36463
36464
36465
36467
36468
36469
36470
36471
36472
36473
36474
36477
36478
36480
36481
36483
36484
36486
36488
36489
36491
36493
36494
36495
36498
36499
36501
36502
36504
36508
36509
36514
36515
36516
36519
36521
36523
36524
36525
36527
36528
36529
36530
36531
36533
36534
36535
36536
36537
36538
36540
36541
36543
36545
36546
36547
36551
36553
36554
36556
36558
36560
36561
36563
36568
36571
36572
36574
36575
36576
36578
36581
36583
36584
36585
36591
36592
36595
36599
36600
36601
36602
36604
36605
36608
36609
36610
36614
36615
36618
36620
36623
36624
36625
36626
36628
36629
36630
36631
36632
36640
36641
36643
36647
36650
36659
36664
36666
36667
36670
36671
36674
36675
36676
36677
36678
36679
36680
36681
36683
36685
36688
36689
36692
36695
36697
36699
36700
36701
36702
36703
36704
36705
36707
36708
36709
36710
36711
36712
36714
36716
36721
36727
36728
36730
36732
36733
36734
36741
36743
36744
36747
36748
36751
36754
36756
36757
36758
36759
36760
36761
36762
36765
36766
36767
36769
36772
36773
36774
36775
36776
36778
36780
36781
36784
36785
36787
36788
36793
36794
36796
36798
36799
36802
36803
36804
36806
36808
36810
36811
36814
36815
36819
36821
36822
36823
36829
36830
36832
36833
36834
36838
36841
36842
36844
36849
36850
36851
36852
36853
36857
36858
36859
36860
36861
36863
36865
36866
36868
36869
36872
36873
36874
36875
36877
36880
36890
36893
36894
36895
36902
36904
36905
36906
36907
36909
36910
36911
36913
36914
36915
36917
36919
36921
36925
36927
36932
36937
36938
36943
36946
36947
36957
36960
36963
36965
36966
36967
36970
36971
36975
36976
36977
36979
36981
36982
36983
36986
36990
36992
36993
36995
36998
37002
37006
37010
37011
37012
37013
37014
37015
37017
37019
37023
37025
37026
37028
37034
37037
37040
37041
37042
37045
37046
37048
37050
37051
37053
37054
37055
37058
37061
37063
37065
37068
37069
37072
37073
37075
37076
37077
37079
37080
37081
37083
37084
37085
37089
37090
37093
37095
37098
37099
37100
37101
37104
37106
37107
37108
37109
37111
37120
37124
37125
37126
37128
37134
37141
37144
37145
37147
37148
37150
37152
37153
37155
37157
37162
37165
37168
37170
37171
37172
37173
37174
37175
37183
37184
37185
37187
37190
37196
37197
37200
37201
37206
37208
37209
37210
37212
37213
37215
37218
37219
37220
37221
37222
37224
37226
37227
37229
37232
37233
37238
37241
37244
37245
37246
37247
37253
37254
37255
37256
37257
37259
37262
37265
37270
37275
37282
37283
37285
37286
37290
37293
37295
37297
37298
37300
37302
37307
37309
37311
37312
37314
37318
37319
37322
37326
37327
37329
37330
37331
37332
37333
37334
37339
37342
37343
37346
37347
37350
37353
37354
37356
37357
37358
37359
37365
37366
37368
37373
37375
37382
37384
37385
37386
37387
37388
37392
37394
37395
37396
37397
37400
37401
37402
37403
37406
37407
37414
37415
37416
37421
37422
37423
37424
37426
37429
37432
37439
37440
37442
37445
37446
37448
37450
37452
37453
37454
37457
37459
37460
37462
37463
37464
37467
37468
37470
37475
37479
37482
37483
37487
37489
37490
37491
37492
37495
37496
37497
37498
37503
37508
37509
37517
37518
37519
37521
37525
37526
37528
37529
37530
37531
37532
37533
37535
37537
37538
37539
37540
37543
37547
37548
37553
37555
37557
37558
37560
37561
37565
37567
37568
37569
37570
37571
37572
37573
37574
37577
37580
37582
37583
37587
37588
37589
37591
37592
37596
37597
37602
37603
37605
37606
37607
37608
37609
37613
37614
37616
37617
37618
37619
37622
37623
37624
37628
37630
37631
37636
37637
37639
37642
37644
37645
37649
37650
37652
37653
37654
37655
37656
37658
37661
37663
37664
37666
37671
37673
37674
37678
37681
37682
37687
37688
37689
37690
37691
37693
37696
37697
37700
37702
37704
37706
37709
37713
37720
37723
37724
37725
37727
37729
37732
37734
37735
37736
37737
37738
37739
37741
37743
37747
37749
37751
37752
37754
37755
37758
37761
37762
37764
37766
37768
37769
37770
37772
37773
37776
37777
37778
37780
37787
37790
37793
37795
37796
37799
37803
37806
37807
37808
37810
37811
37813
37818
37821
37822
37825
37826
37827
37828
37830
37832
37833
37836
37838
37839
37843
37844
37845
37846
37847
37848
37850
37852
37854
37855
37856
37860
37861
37862
37863
37864
37868
37869
37871
37874
37875
37876
37877
37878
37881
37882
37886
37888
37891
37895
37896
37897
37898
37901
37902
37903
37908
37909
37910
37911
37919
37920
37923
37928
37929
37930
37932
37933
37935
37936
37938
37939
37940
37941
37942
37943
37945
37946
37947
37948
37952
37954
37955
37957
37960
37961
37962
37963
37964
37965
37967
37968
37969
37970
37971
37972
37974
37977
37978
37985
37990
37991
37997
37998
38000
38001
38002
38003
38006
38008
38011
38013
38014
38016
38017
38019
38022
38023
38024
38025
38026
38028
38029
38030
38032
38033
38034
38035
38036
38038
38039
38041
38043
38044
38049
38051
38058
38060
38061
38062
38064
38066
38069
38072
38073
38074
38075
38078
38080
38081
38082
38083
38084
38085
38086
38087
38089
38090
38093
38094
38096
38097
38098
38103
38104
38105
38106
38109
38111
38112
38113
38114
38115
38117
38120
38124
38125
38128
38130
38131
38132
38133
38136
38139
38141
38142
38144
38148
38153
38154
38156
38159
38163
38164
38165
38166
38167
38170
38172
38173
38177
38178
38179
38181
38183
38184
38185
38186
38187
38188
38190
38192
38193
38194
38197
38199
38200
38201
38202
38206
38208
38209
38211
38212
38213
38218
38219
38220
38229
38231
38232
38233
38236
38237
38238
38240
38241
38242
38243
38244
38248
38250
38252
38253
38258
38260
38261
38262
38263
38264
38267
38268
38269
38270
38271
38274
38275
38276
38277
38278
38281
38282
38284
38286
38287
38288
38289
38292
38293
38294
38295
38296
38298
38301
38302
38304
38306
38308
38310
38314
38315
38316
38319
38321
38322
38325
38331
38333
38334
38335
38336
38338
38341
38342
38345
38350
38351
38353
38357
38359
38360
38361
38363
38368
38369
38370
38372
38373
38374
38375
38376
38378
38379
38380
38381
38383
38384
38387
38388
38389
38391
38392
38395
38396
38398
38402
38403
38404
38405
38407
38411
38414
38416
38418
38421
38422
38424
38427
38432
38433
38434
38436
38437
38438
38439
38440
38441
38442
38443
38447
38451
38453
38454
38455
38456
38457
38460
38461
38463
38466
38468
38471
38472
38473
38475
38476
38477
38478
38481
38483
38484
38486
38491
38493
38494
38496
38498
38500
38502
38503
38504
38505
38506
38510
38511
38512
38515
38517
38518
38519
38523
38529
38531
38532
38533
38537
38538
38539
38543
38544
38546
38547
38552
38553
38554
38555
38556
38557
38563
38569
38570
38573
38574
38576
38579
38581
38587
38588
38589
38590
38592
38595
38598
38599
38600
38601
38607
38609
38610
38612
38613
38617
38630
38632
38634
38635
38636
38639
38640
38641
38643
38644
38645
38647
38649
38650
38652
38653
38654
38656
38657
38660
38663
38667
38668
38669
38670
38674
38676
38678
38681
38686
38689
38690
38693
38697
38699
38700
38703
38704
38707
38714
38718
38719
38720
38722
38723
38724
38725
38726
38729
38732
38734
38736
38742
38744
38746
38748
38749
38752
38753
38756
38760
38761
38762
38764
38767
38768
38772
38774
38776
38782
38783
38784
38785
38787
38788
38789
38792
38793
38794
38795
38796
38797
38798
38800
38802
38804
38806
38807
38808
38810
38811
38813
38815
38816
38817
38819
38820
38821
38825
38827
38830
38832
38833
38835
38836
38837
38838
38839
38840
38845
38846
38847
38853
38855
38856
38859
38860
38863
38865
38866
38867
38868
38874
38875
38876
38877
38879
38880
38888
38889
38890
38891
38892
38897
38898
38901
38902
38904
38906
38908
38909
38911
38914
38915
38917
38921
38922
38923
38930
38933
38935
38936
38937
38938
38941
38944
38945
38946
38948
38952
38954
38955
38956
38963
38964
38965
38968
38970
38971
38973
38975
38976
38982
38983
38984
38986
38987
38990
38992
38994
38995
38997
38999
39000
39002
39003
39004
39006
39007
39009
39011
39012
39013
39016
39017
39018
39020
39021
39022
39034
39035
39037
39038
39039
39040
39041
39043
39044
39046
39047
39048
39050
39052
39055
39057
39059
39060
39061
39065
39068
39071
39072
39073
39075
39076
39078
39079
39081
39082
39083
39085
39091
39092
39095
39096
39101
39103
39105
39106
39107
39108
39109
39113
39114
39116
39118
39119
39120
39123
39125
39126
39127
39128
39130
39132
39134
39135
39139
39141
39142
39143
39145
39147
39152
39153
39155
39161
39164
39166
39169
39173
39174
39176
39182
39183
39185
39187
39191
39192
39196
39199
39201
39202
39204
39205
39207
39209
39211
39212
39213
39215
39216
39221
39225
39227
39228
39229
39230
39231
39232
39237
39238
39239
39241
39242
39244
39245
39246
39247
39249
39250
39251
39252
39254
39256
39257
39258
39259
39261
39262
39263
39265
39266
39267
39268
39269
39272
39274
39275
39276
39279
39281
39282
39284
39285
39286
39288
39292
39293
39295
39296
39297
39302
39303
39306
39307
39309
39311
39313
39316
39317
39319
39321
39323
39324
39327
39328
39329
39331
39334
39336
39339
39342
39343
39344
39345
39348
39353
39354
39357
39358
39360
39363
39364
39365
39366
39367
39369
39373
39377
39378
39381
39383
39384
39385
39386
39392
39393
39395
39401
39402
39404
39406
39409
39410
39412
39413
39415
39420
39421
39423
39425
39428
39429
39430
39431
39433
39434
39435
39436
39438
39440
39441
39443
39446
39447
39448
39451
39452
39453
39457
39461
39465
39466
39469
39471
39472
39473
39474
39475
39476
39477
39478
39479
39483
39485
39489
39490
39492
39493
39494
39498
39500
39501
39503
39504
39510
39511
39512
39517
39518
39520
39521
39522
39523
39526
39527
39529
39531
39532
39533
39537
39540
39541
39542
39543
39546
39547
39549
39551
39555
39558
39562
39563
39564
39565
39568
39570
39571
39572
39577
39580
39582
39583
39588
39590
39591
39594
39595
39597
39598
39599
39600
39601
39603
39604
39605
39606
39607
39609
39611
39612
39617
39619
39621
39622
39624
39625
39626
39632
39634
39638
39640
39642
39643
39644
39646
39648
39649
39651
39653
39654
39658
39659
39660
39661
39662
39663
39665
39668
39669
39670
39672
39674
39676
39677
39678
39679
39680
39682
39685
39692
39693
39694
39696
39697
39701
39703
39704
39705
39706
39707
39708
39710
39711
39713
39715
39716
39722
39723
39724
39725
39731
39736
39741
39743
39744
39745
39748
39753
39754
39759
39761
39762
39763
39765
39767
39768
39774
39777
39778
39779
39784
39787
39788
39793
39794
39795
39796
39797
39798
39800
39806
39807
39808
39811
39812
39816
39820
39824
39825
39826
39828
39830
39834
39835
39837
39838
39840
39843
39846
39849
39850
39851
39852
39856
39864
39865
39866
39868
39870
39872
39876
39877
39879
39883
39885
39887
39888
39889
39890
39893
39894
39895
39897
39898
39899
39901
39902
39906
39908
39910
39911
39913
39914
39915
39919
39923
39928
39933
39935
39937
39938
39939
39940
39944
39945
39949
39950
39951
39954
39955
39957
39958
39961
39962
39963
39965
39966
39970
39971
39972
39974
39975
39977
39979
39980
39981
39984
39986
39987
39988
39990
39994
39996
39998
39999
40001
40002
40003
40006
40008
40011
40014
40015
40016
40020
40023
40025
40026
40028
40029
40030
40035
40036
40040
40041
40043
40044
40046
40047
40049
40051
40053
40054
40056
40059
40060
40066
40067
40072
40073
40074
40077
40078
40082
40085
40086
40087
40089
40092
40093
40095
40096
40097
40100
40101
40102
40103
40105
40109
40111
40112
40114
40115
40121
40126
40128
40129
40130
40132
40133
40134
40136
40138
40139
40142
40143
40144
40149
40150
40151
40152
40154
40155
40156
40159
40160
40161
40162
40163
40165
40167
40173
40174
40175
40176
40178
40179
40180
40184
40187
40192
40193
40194
40195
40198
40199
40200
40201
40202
40203
40204
40206
40208
40210
40212
40213
40214
40218
40219
40223
40225
40228
40229
40230
40231
40234
40236
40238
40239
40242
40243
40244
40246
40248
40251
40253
40255
40259
40260
40265
40269
40272
40273
40275
40276
40278
40279
40280
40281
40284
40286
40289
40291
40293
40294
40296
40298
40300
40301
40303
40309
40310
40313
40314
40316
40317
40319
40325
40326
40328
40330
40333
40334
40335
40337
40338
40339
40340
40342
40343
40344
40348
40352
40353
40354
40358
40359
40363
40365
40370
40372
40381
40382
40386
40388
40390
40392
40393
40400
40401
40402
40404
40405
40406
40407
40408
40413
40414
40416
40417
40419
40420
40422
40423
40424
40425
40427
40429
40431
40432
40434
40435
40436
40440
40441
40443
40444
40445
40446
40447
40448
40451
40454
40455
40458
40461
40462
40463
40464
40465
40466
40467
40470
40474
40477
40478
40480
40482
40483
40484
40493
40495
40500
40501
40502
40503
40505
40507
40508
40509
40510
40512
40513
40516
40520
40523
40524
40525
40530
40532
40534
40537
40538
40540
40541
40544
40545
40546
40549
40550
40551
40555
40556
40557
40558
40561
40562
40563
40564
40565
40566
40567
40570
40572
40573
40574
40575
40579
40583
40584
40585
40586
40587
40588
40589
40590
40591
40593
40594
40595
40598
40599
40601
40603
40605
40608
40610
40611
40612
40613
40616
40617
40618
40621
40623
40624
40626
40627
40633
40634
40635
40636
40637
40638
40641
40645
40648
40650
40651
40652
40654
40658
40661
40662
40663
40665
40666
40669
40670
40679
40680
40682
40686
40687
40689
40691
40693
40696
40698
40702
40705
40706
40708
40709
40710
40711
40712
40713
40715
40718
40719
40720
40723
40725
40728
40730
40737
40741
40743
40744
40745
40746
40748
40751
40752
40753
40755
40757
40762
40763
40765
40766
40768
40769
40770
40773
40774
40776
40779
40780
40781
40784
40785
40787
40788
40789
40793
40794
40797
40798
40799
40802
40805
40806
40810
40813
40816
40818
40820
40821
40822
40824
40825
40826
40828
40829
40831
40836
40837
40838
40839
40840
40842
40843
40844
40845
40847
40848
40855
40857
40858
40860
40862
40863
40864
40868
40869
40870
40871
40874
40875
40876
40879
40884
40886
40887
40889
40890
40891
40894
40895
40896
40897
40898
40900
40902
40904
40906
40910
40913
40915
40919
40921
40923
40924
40926
40927
40930
40931
40933
40934
40935
40938
40941
40945
40948
40950
40951
40953
40955
40956
40957
40962
40963
40964
40967
40968
40970
40971
40975
40976
40977
40978
40979
40981
40982
40986
40990
40991
40992
40993
40995
40998
41000
41003
41004
41006
41007
41008
41009
41012
41013
41014
41016
41022
41023
41026
41028
41034
41036
41037
41038
41041
41046
41047
41048
41050
41052
41056
41058
41059
41060
41061
41065
41066
41070
41075
41076
41080
41081
41082
41083
41085
41086
41087
41089
41090
41091
41093
41095
41096
41098
41100
41101
41103
41104
41107
41108
41110
41111
41112
41113
41115
41116
41117
41119
41124
41130
41131
41135
41137
41138
41139
41140
41143
41145
41146
41147
41148
41149
41150
41155
41156
41157
41158
41159
41161
41166
41168
41171
41174
41177
41179
41180
41181
41183
41184
41186
41187
41188
41190
41191
41193
41194
41195
41197
41198
41200
41202
41205
41207
41208
41211
41212
41214
41215
41216
41219
41220
41221
41222
41223
41224
41227
41231
41232
41233
41235
41237
41239
41240
41244
41246
41248
41249
41251
41253
41254
41258
41259
41260
41263
41265
41266
41271
41272
41273
41274
41275
41277
41278
41282
41283
41285
41288
41293
41295
41297
41302
41303
41305
41306
41308
41309
41312
41313
41314
41316
41318
41321
41322
41323
41325
41328
41330
41334
41335
41336
41337
41340
41341
41344
41345
41348
41349
41351
41352
41353
41355
41356
41357
41358
41359
41360
41361
41362
41366
41367
41368
41370
41373
41376
41379
41380
41381
41382
41383
41384
41385
41387
41388
41390
41391
41393
41394
41395
41397
41400
41401
41403
41405
41410
41411
41412
41413
41415
41417
41420
41422
41427
41430
41432
41435
41441
41444
41446
41447
41448
41452
41456
41459
41460
41464
41465
41466
41467
41468
41472
41473
41474
41476
41477
41478
41479
41481
41482
41485
41486
41488
41493
41500
41502
41506
41507
41509
41510
41511
41512
41514
41518
41519
41520
41523
41525
41528
41530
41531
41532
41533
41534
41536
41537
41538
41541
41544
41545
41549
41552
41555
41560
41561
41566
41567
41568
41570
41573
41574
41576
41579
41580
41581
41582
41584
41586
41589
41592
41593
41598
41603
41604
41605
41607
41609
41610
41612
41617
41621
41622
41623
41624
41625
41627
41630
41631
41632
41633
41635
41636
41639
41640
41642
41645
41647
41648
41650
41651
41653
41656
41657
41658
41660
41661
41664
41665
41667
41670
41672
41674
41675
41678
41680
41684
41688
41689
41690
41691
41692
41694
41697
41698
41699
41703
41704
41705
41709
41717
41718
41719
41721
41727
41729
41730
41732
41733
41738
41741
41742
41743
41745
41749
41750
41751
41753
41757
41758
41760
41763
41764
41765
41770
41771
41772
41773
41775
41776
41778
41779
41780
41781
41782
41783
41784
41785
41787
41793
41800
41803
41809
41811
41814
41816
41820
41821
41823
41824
41827
41828
41831
41832
41837
41839
41841
41842
41843
41845
41846
41848
41850
41862
41865
41868
41871
41875
41879
41881
41882
41885
41886
41888
41889
41892
41893
41894
41899
41900
41902
41903
41904
41905
41906
41907
41910
41911
41912
41916
41918
41921
41922
41925
41926
41927
41928
41929
41931
41932
41934
41936
41937
41938
41939
41941
41943
41944
41946
41949
41951
41952
41954
41956
41958
41960
41962
41964
41969
41972
41973
41975
41976
41977
41978
41980
41981
41982
41986
41988
41989
41990
41997
41998
41999
42001
42006
42008
42010
42011
42012
42013
42014
42017
42019
42021
42024
42025
42026
42027
42028
42029
42030
42031
42034
42037
42038
42039
42041
42042
42044
42045
42047
42048
42053
42054
42058
42059
42061
42062
42064
42065
42067
42068
42070
42071
42073
42074
42075
42078
42079
42080
42081
42082
42084
42085
42087
42089
42090
42094
42097
42098
42102
42103
42104
42105
42108
42110
42112
42115
42118
42119
42120
42121
42122
42127
42132
42133
42134
42135
42136
42139
42141
42145
42147
42149
42151
42152
42154
42156
42159
42160
42162
42167
42168
42171
42172
42173
42174
42175
42177
42179
42180
42181
42183
42185
42186
42188
42191
42192
42193
42195
42198
42199
42202
42203
42205
42206
42207
42208
42209
42210
42211
42214
42217
42220
42221
42223
42224
42225
42226
42227
42228
42229
42230
42233
42236
42239
42240
42242
42243
42244
42248
42249
42250
42251
42252
42253
42255
42256
42257
42260
42265
42271
42274
42275
42276
42277
42278
42279
42280
42282
42284
42288
42294
42296
42298
42302
42303
42305
42306
42310
42312
42318
42319
42323
42324
42325
42327
42328
42331
42333
42335
42337
42340
42343
42347
42350
42351
42353
42356
42360
42361
42362
42363
42364
42366
42368
42369
42373
42375
42377
42378
42379
42380
42381
42386
42387
42389
42390
42391
42392
42393
42394
42395
42396
42398
42399
42401
42403
42406
42408
42409
42410
42412
42413
42415
42420
42421
42423
42429
42431
42434
42438
42439
42441
42442
42443
42447
42453
42454
42456
42457
42459
42460
42461
42464
42466
42467
42468
42477
42478
42479
42482
42484
42486
42487
42488
42493
42495
42500
42501
42502
42504
42505
42506
42508
42509
42513
42516
42517
42519
42520
42522
42524
42525
42527
42529
42531
42533
42536
42537
42538
42540
42542
42543
42544
42546
42547
42548
42549
42550
42553
42554
42557
42560
42563
42564
42567
42569
42571
42573
42575
42576
42578
42579
42581
42583
42584
42585
42587
42588
42592
42593
42594
42595
42598
42600
42601
42605
42606
42608
42609
42610
42612
42613
42614
42615
42618
42620
42621
42622
42623
42626
42628
42629
42630
42632
42635
42638
42639
42642
42644
42645
42646
42647
42649
42652
42653
42654
42655
42660
42661
42663
42667
42668
42669
42670
42671
42673
42674
42676
42677
42678
42679
42681
42682
42683
42684
42687
42688
42689
42690
42700
42701
42702
42704
42705
42707
42708
42710
42712
42713
42714
42717
42721
42722
42723
42726
42727
42728
42732
42735
42736
42737
42738
42739
42741
42742
42743
42749
42752
42755
42756
42757
42758
42759
42761
42765
42767
42769
42770
42771
42772
42780
42784
42785
42786
42790
42793
42794
42795
42797
42799
42800
42802
42803
42805
42806
42809
42810
42811
42818
42820
42823
42825
42829
42831
42832
42833
42838
42839
42840
42843
42848
42849
42853
42857
42858
42860
42861
42862
42865
42866
42868
42871
42873
42874
42875
42878
42881
42890
42893
42894
42895
42899
42900
42901
42907
42909
42914
42916
42918
42923
42924
42925
42926
42928
42929
42932
42933
42934
42937
42938
42939
42940
42944
42945
42947
42948
42949
42950
42952
42953
42954
42955
42956
42957
42960
42961
42964
42968
42970
42971
42973
42974
42975
42981
42982
42983
42985
42989
42990
42993
42994
42996
42997
42998
43000
43003
43004
43012
43013
43014
43018
43022
43023
43026
43031
43032
43033
43036
43037
43041
43045
43048
43052
43055
43056
43060
43063
43067
43068
43070
43071
43074
43075
43083
43086
43088
43090
43091
43092
43093
43100
43101
43102
43103
43104
43106
43108
43109
43112
43113
43119
43121
43124
43125
43126
43127
43130
43131
43134
43135
43138
43139
43140
43141
43142
43143
43145
43146
43148
43149
43150
43153
43155
43156
43157
43159
43160
43161
43163
43164
43168
43171
43175
43177
43178
43179
43180
43181
43186
43192
43193
43196
43200
43202
43204
43205
43207
43208
43215
43217
43218
43219
43220
43222
43224
43229
43233
43235
43236
43237
43240
43243
43248
43249
43250
43251
43252
43257
43263
43264
43266
43269
43270
43272
43274
43276
43277
43282
43289
43290
43295
43296
43297
43299
43300
43301
43303
43304
43305
43306
43310
43312
43313
43315
43318
43320
43323
43324
43325
43327
43331
43335
43338
43342
43343
43345
43350
43352
43353
43356
43359
43360
43361
43363
43364
43365
43366
43367
43368
43369
43370
43371
43373
43376
43377
43379
43381
43382
43384
43385
43388
43389
43390
43391
43392
43395
43397
43400
43401
43402
43406
43408
43419
43422
43423
43425
43427
43428
43432
43434
43437
43440
43442
43446
43448
43451
43452
43456
43459
43461
43462
43463
43464
43465
43469
43470
43472
43476
43480
43481
43482
43484
43485
43487
43490
43492
43495
43496
43498
43499
43501
43502
43504
43505
43506
43507
43509
43510
43511
43514
43515
43516
43518
43521
43527
43528
43529
43532
43535
43537
43538
43539
43540
43541
43544
43550
43551
43553
43554
43555
43558
43559
43561
43564
43568
43569
43572
43575
43576
43577
43578
43579
43580
43582
43583
43584
43586
43587
43590
43591
43592
43593
43594
43596
43597
43599
43600
43601
43604
43606
43607
43608
43610
43612
43614
43621
43624
43625
43628
43629
43630
43631
43633
43636
43639
43641
43642
43643
43650
43652
43653
43656
43658
43660
43667
43669
43670
43671
43673
43676
43677
43686
43688
43689
43690
43691
43692
43693
43696
43697
43698
43700
43701
43708
43711
43712
43713
43715
43716
43719
43720
43722
43723
43724
43725
43726
43728
43732
43733
43734
43735
43736
43737
43743
43744
43746
43748
43749
43752
43755
43760
43763
43764
43765
43768
43770
43776
43777
43780
43783
43784
43786
43787
43788
43789
43790
43793
43795
43796
43799
43803
43804
43807
43808
43811
43812
43813
43814
43815
43816
43818
43821
43825
43826
43827
43830
43834
43835
43836
43837
43838
43842
43847
43852
43854
43855
43859
43860
43862
43863
43864
43869
43870
43871
43876
43879
43880
43882
43883
43884
43888
43892
43893
43894
43897
43902
43903
43904
43905
43906
43909
43910
43911
43912
43913
43914
43915
43916
43918
43921
43923
43924
43925
43926
43927
43932
43937
43938
43939
43940
43945
43946
43948
43949
43957
43959
43963
43964
43965
43967
43968
43970
43971
43972
43975
43976
43977
43978
43981
43983
43984
43985
43987
43988
43989
43991
43993
43996
43998
43999
44001
44002
44003
44004
44006
44007
44010
44011
44014
44015
44016
44017
44019
44021
44023
44026
44027
44031
44033
44034
44037
44046
44047
44049
44051
44052
44053
44054
44055
44057
44058
44060
44061
44062
44064
44065
44067
44068
44074
44076
44080
44081
44082
44083
44084
44086
44087
44088
44089
44090
44091
44094
44095
44099
44100
44101
44104
44106
44108
44109
44115
44116
44120
44121
44122
44123
44125
44128
44129
44131
44133
44135
44136
44137
44139
44140
44141
44144
44148
44149
44154
44155
44156
44160
44161
44162
44165
44169
44170
44171
44178
44179
44180
44181
44183
44188
44189
44190
44191
44192
44194
44195
44198
44199
44200
44201
44202
44204
44205
44206
44207
44213
44215
44218
44219
44220
44225
44226
44227
44228
44229
44231
44232
44233
44235
44238
44241
44242
44244
44247
44248
44249
44251
44255
44256
44257
44258
44259
44261
44262
44263
44264
44265
44268
44270
44271
44272
44273
44274
44276
44277
44278
44280
44283
44285
44289
44292
44293
44294
44295
44296
44301
44302
44306
44307
44309
44310
44313
44316
44319
44321
44323
44328
44329
44334
44336
44339
44340
44341
44342
44343
44348
44351
44352
44353
44354
44355
44359
44361
44366
44367
44370
44371
44373
44374
44377
44379
44380
44381
44383
44386
44388
44395
44400
44405
44407
44409
44413
44414
44416
44417
44418
44420
44421
44422
44423
44424
44425
44427
44430
44433
44435
44436
44437
44438
44443
44445
44446
44447
44450
44451
44452
44454
44456
44459
44460
44461
44462
44463
44464
44465
44466
44468
44469
44470
44472
44473
44475
44477
44480
44486
44488
44490
44491
44493
44494
44496
44499
44501
44502
44503
44509
44514
44515
44517
44519
44520
44521
44522
44523
44525
44526
44527
44528
44530
44531
44533
44534
44535
44538
44539
44540
44541
44542
44543
44545
44546
44549
44550
44551
44552
44553
44554
44555
44557
44558
44559
44560
44561
44562
44564
44566
44567
44568
44575
44576
44579
44581
44582
44585
44586
44589
44591
44592
44594
44597
44598
44599
44600
44601
44603
44604
44605
44606
44612
44614
44617
44618
44624
44625
44626
44627
44629
44631
44632
44634
44635
44636
44639
44643
44644
44645
44646
44647
44648
44651
44653
44654
44655
44661
44663
44665
44666
44667
44669
44670
44671
44672
44674
44675
44676
44677
44679
44683
44684
44685
44687
44690
44693
44694
44695
44696
44698
44699
44701
44702
44704
44710
44713
44715
44716
44721
44723
44725
44726
44727
44730
44732
44734
44735
44736
44738
44739
44740
44741
44742
44744
44748
44756
44757
44758
44760
44761
44762
44765
44768
44769
44771
44773
44774
44777
44780
44782
44785
44786
44788
44791
44793
44794
44797
44801
44803
44806
44808
44809
44811
44813
44814
44818
44819
44825
44827
44832
44837
44839
44841
44842
44845
44851
44852
44853
44854
44855
44856
44860
44861
44863
44866
44868
44869
44877
44879
44880
44881
44883
44885
44886
44888
44894
44895
44897
44898
44900
44903
44905
44906
44907
44909
44910
44911
44914
44915
44916
44917
44918
44919
44920
44921
44923
44926
44928
44929
44930
44931
44932
44937
44943
44945
44946
44947
44948
44949
44950
44951
44952
44954
44956
44957
44959
44960
44964
44967
44968
44972
44974
44977
44979
44980
44981
44983
44988
44991
44994
44997
44999
45003
45006
45008
45009
45014
45016
45017
45018
45021
45022
45023
45025
45028
45029
45031
45032
45036
45037
45038
45040
45042
45043
45044
45045
45047
45051
45054
45059
45060
45061
45062
45064
45065
45067
45074
45075
45077
45078
45079
45080
45081
45082
45084
45085
45089
45092
45094
45096
45097
45098
45100
45102
45105
45109
45111
45114
45115
45118
45119
45122
45123
45125
45126
45127
45129
45130
45132
45134
45138
45140
45141
45142
45144
45145
45146
45147
45150
45151
45153
45155
45157
45162
45164
45165
45168
45169
45170
45171
45172
45173
45174
45175
45176
45179
45180
45181
45182
45184
45188
45189
45193
45195
45197
45198
45200
45203
45205
45208
45210
45211
45212
45214
45217
45218
45219
45220
45223
45230
45231
45237
45240
45242
45244
45246
45247
45248
45253
45254
45259
45262
45263
45264
45269
45271
45272
45274
45275
45276
45277
45278
45283
45284
45285
45288
45289
45291
45294
45296
45298
45301
45303
45305
45306
45310
45311
45312
45314
45315
45317
45319
45320
45321
45323
45325
45326
45327
45331
45332
45334
45335
45337
45342
45345
45346
45347
45348
45350
45354
45358
45360
45361
45363
45364
45365
45366
45367
45368
45369
45373
45374
45378
45379
45386
45388
45390
45391
45392
45395
45396
45397
45402
45403
45404
45405
45406
45407
45409
45412
45415
45417
45421
45422
45426
45428
45429
45430
45432
45434
45436
45437
45438
45439
45440
45441
45444
45445
45446
45448
45452
45453
45454
45459
45461
45462
45463
45465
45466
45477
45478
45479
45480
45481
45483
45485
45486
45487
45490
45491
45492
45493
45496
45499
45506
45507
45511
45512
45513
45516
45519
45520
45522
45526
45529
45531
45532
45536
45538
45539
45540
45541
45542
45544
45545
45547
45549
45550
45551
45553
45554
45555
45557
45560
45562
45563
45565
45566
45567
45568
45569
45570
45571
45572
45573
45575
45577
45578
45586
45587
45588
45589
45593
45594
45595
45598
45600
45601
45603
45604
45606
45608
45609
45612
45613
45616
45617
45622
45623
45626
45627
45628
45629
45630
45635
45637
45639
45641
45642
45643
45650
45652
45655
45658
45659
45662
45663
45664
45669
45675
45676
45678
45679
45682
45683
45684
45685
45687
45688
45691
45692
45694
45695
45698
45699
45700
45701
45702
45707
45708
45709
45711
45714
45716
45717
45719
45720
45723
45726
45729
45730
45732
45733
45734
45736
45738
45739
45746
45747
45750
45752
45754
45755
45757
45758
45761
45764
45765
45767
45769
45773
45774
45779
45782
45783
45786
45789
45796
45798
45799
45800
45804
45805
45806
45808
45810
45811
45812
45814
45815
45816
45817
45818
45820
45823
45825
45826
45831
45832
45838
45842
45843
45844
45847
45848
45849
45852
45854
45863
45864
45867
45871
45873
45874
45876
45877
45878
45882
45883
45884
45885
45887
45888
45889
45891
45893
45894
45902
45904
45905
45906
45908
45910
45911
45912
45913
45914
45915
45916
45917
45918
45921
45922
45927
45929
45931
45933
45934
45935
45936
45937
45938
45940
45945
45948
45951
45959
45961
45963
45967
45969
45970
45971
45972
45973
45974
45979
45980
45982
45983
45984
45986
45989
45991
45993
45995
45997
45998
46000
46002
46003
46004
46005
46006
46009
46010
46012
46019
46020
46023
46026
46027
46029
46030
46032
46033
46034
46037
46039
46043
46044
46045
46046
46049
46050
46057
46058
46061
46062
46064
46065
46066
46069
46072
46077
46079
46080
46081
46086
46088
46093
46095
46098
46101
46104
46107
46110
46114
46115
46116
46117
46121
46125
46126
46129
46130
46132
46136
46138
46139
46145
46147
46151
46154
46158
46161
46162
46169
46170
46171
46172
46174
46176
46180
46181
46186
46187
46188
46191
46196
46198
46200
46202
46205
46207
46208
46209
46211
46212
46215
46216
46218
46220
46221
46222
46224
46227
46228
46233
46238
46239
46243
46245
46247
46249
46255
46258
46259
46260
46261
46262
46263
46266
46267
46268
46269
46271
46272
46273
46274
46275
46276
46278
46279
46280
46281
46282
46283
46285
46287
46288
46291
46293
46299
46302
46303
46304
46309
46310
46312
46315
46317
46320
46321
46322
46326
46331
46332
46335
46336
46337
46339
46342
46343
46344
46346
46348
46349
46353
46356
46357
46358
46360
46362
46363
46364
46366
46367
46369
46371
46372
46374
46375
46378
46379
46380
46381
46392
46393
46397
46401
46402
46405
46406
46410
46413
46414
46415
46417
46418
46420
46421
46423
46429
46430
46433
46435
46439
46440
46444
46445
46446
46448
46449
46451
46454
46456
46457
46459
46460
46461
46463
46466
46467
46468
46470
46471
46472
46473
46475
46477
46480
46481
46483
46489
46492
46493
46496
46498
46499
46500
46501
46503
46504
46507
46508
46509
46511
46517
46518
46519
46521
46522
46524
46526
46527
46528
46529
46532
46533
46534
46535
46539
46541
46544
46548
46550
46551
46552
46553
46555
46556
46562
46563
46564
46567
46569
46570
46573
46574
46576
46577
46578
46580
46582
46586
46589
46591
46592
46593
46597
46599
46604
46605
46607
46608
46609
46610
46611
46613
46614
46618
46622
46625
46626
46628
46629
46630
46631
46633
46634
46639
46640
46641
46643
46646
46648
46652
46656
46657
46660
46661
46663
46666
46667
46668
46670
46672
46673
46674
46675
46677
46679
46682
46683
46684
46685
46688
46689
46692
46695
46699
46702
46704
46707
46710
46712
46713
46714
46715
46718
46719
46720
46722
46727
46730
46731
46732
46735
46737
46739
46740
46741
46742
46744
46745
46755
46757
46758
46760
46761
46762
46767
46771
46773
46775
46776
46777
46778
46780
46786
46788
46790
46794
46799
46800
46802
46803
46804
46806
46807
46808
46810
46812
46814
46816
46818
46819
46820
46822
46823
46825
46826
46827
46828
46829
46832
46843
46847
46848
46849
46850
46851
46852
46853
46855
46858
46860
46861
46863
46866
46867
46873
46874
46878
46879
46880
46881
46885
46890
46891
46892
46893
46894
46897
46898
46902
46905
46907
46908
46909
46910
46911
46913
46916
46917
46920
46923
46926
46929
46931
46934
46935
46937
46939
46940
46943
46946
46947
46948
46949
46958
46959
46960
46961
46964
46968
46975
46979
46980
46982
46989
46991
46992
46993
46995
47000
47001
47003
47005
47006
47008
47009
47014
47015
47017
47018
47019
47020
47023
47024
47025
47027
47029
47030
47031
47032
47033
47034
47036
47040
47041
47042
47043
47045
47049
47051
47052
47055
47056
47057
47059
47061
47063
47064
47065
47066
47067
47069
47071
47074
47075
47077
47078
47080
47085
47087
47088
47089
47090
47091
47095
47096
47099
47100
47103
47106
47107
47108
47111
47116
47117
47119
47120
47122
47123
47127
47129
47130
47131
47132
47133
47136
47138
47141
47142
47143
47145
47146
47147
47148
47151
47152
47153
47155
47157
47158
47159
47163
47164
47169
47170
47171
47172
47174
47177
47179
47182
47183
47184
47185
47188
47190
47192
47193
47194
47195
47199
47203
47207
47209
47210
47211
47212
47213
47215
47218
47220
47221
47223
47224
47225
47228
47229
47231
47232
47233
47234
47235
47238
47241
47242
47244
47245
47246
47253
47254
47257
47258
47262
47263
47265
47271
47272
47273
47274
47277
47279
47280
47282
47283
47284
47285
47288
47290
47291
47292
47294
47295
47298
47299
47304
47306
47309
47310
47311
47316
47317
47318
47319
47326
47327
47330
47331
47332
47333
47337
47338
47339
47340
47349
47350
47351
47353
47354
47355
47357
47358
47359
47361
47365
47368
47369
47376
47378
47379
47383
47384
47385
47386
47387
47388
47392
47394
47395
47397
47399
47402
47403
47405
47408
47410
47414
47416
47417
47418
47419
47422
47423
47425
47426
47428
47429
47430
47433
47436
47437
47439
47441
47443
47448
47449
47450
47451
47454
47455
47458
47461
47464
47468
47469
47470
47475
47479
47480
47484
47487
47490
47492
47493
47494
47498
47504
47506
47509
47510
47511
47514
47515
47517
47518
47519
47520
47522
47523
47524
47525
47528
47530
47531
47535
47536
47540
47541
47543
47544
47546
47547
47550
47552
47555
47556
47557
47558
47559
47560
47562
47563
47565
47566
47567
47570
47571
47576
47577
47579
47580
47581
47583
47585
47587
47588
47589
47590
47593
47595
47596
47601
47602
47605
47609
47610
47612
47613
47614
47616
47617
47620
47622
47624
47625
47627
47632
47634
47635
47636
47638
47639
47640
47641
47642
47645
47647
47649
47652
47654
47658
47660
47661
47662
47663
47666
47667
47669
47670
47675
47677
47679
47680
47681
47682
47683
47685
47688
47689
47690
47691
47692
47693
47694
47696
47697
47701
47702
47705
47706
47708
47713
47714
47715
47716
47721
47722
47723
47725
47726
47727
47729
47730
47734
47735
47737
47738
47740
47742
47744
47747
47748
47749
47751
47752
47758
47760
47761
47762
47765
47766
47768
47769
47770
47772
47773
47774
47775
47778
47779
47782
47784
47786
47787
47788
47789
47790
47792
47793
47795
47797
47799
47801
47802
47805
47808
47809
47813
47819
47821
47824
47826
47832
47837
47841
47843
47845
47846
47849
47851
47852
47853
47856
47857
47858
47859
47860
47865
47866
47869
47873
47875
47878
47879
47880
47881
47883
47884
47885
47886
47888
47890
47891
47893
47895
47898
47899
47903
47904
47906
47908
47909
47912
47913
47914
47915
47917
47920
47922
47924
47927
47930
47931
47933
47934
47935
47936
47938
47939
47941
47942
47944
47948
47950
47952
47954
47955
47956
47957
47958
47959
47962
47964
47966
47967
47970
47971
47973
47974
47977
47978
47980
47982
47984
47985
47986
47987
47988
47989
47992
47993
47994
47996
47999
48002
48005
48006
48008
48009
48011
48014
48016
48019
48022
48023
48024
48029
48035
48036
48037
48038
48039
48041
48043
48045
48046
48047
48049
48052
48055
48057
48059
48061
48062
48065
48067
48068
48069
48070
48071
48073
48074
48075
48077
48079
48080
48082
48083
48086
48087
48088
48091
48094
48095
48096
48097
48102
48104
48108
48110
48111
48113
48117
48118
48119
48122
48123
48124
48125
48127
48129
48131
48133
48135
48136
48137
48139
48140
48143
48146
48147
48148
48150
48152
48153
48154
48155
48156
48157
48158
48160
48166
48167
48168
48169
48171
48172
48173
48174
48179
48182
48183
48185
48186
48190
48191
48192
48196
48201
48205
48206
48209
48210
48213
48215
48216
48219
48220
48221
48222
48223
48224
48225
48226
48228
48229
48231
48234
48238
48239
48241
48242
48243
48244
48245
48246
48248
48249
48250
48251
48253
48254
48255
48256
48261
48262
48264
48266
48268
48270
48272
48274
48275
48277
48278
48279
48280
48282
48283
48284
48286
48289
48292
48295
48300
48304
48307
48308
48310
48311
48312
48314
48315
48317
48319
48320
48321
48323
48324
48325
48326
48327
48329
48332
48334
48335
48336
48341
48342
48345
48346
48348
48350
48352
48353
48354
48355
48358
48360
48361
48362
48363
48364
48366
48367
48368
48370
48371
48372
48373
48374
48376
48377
48379
48382
48385
48387
48390
48393
48394
48395
48396
48401
48402
48403
48404
48405
48406
48407
48408
48410
48411
48412
48414
48417
48422
48424
48427
48428
48429
48431
48432
48433
48434
48436
48437
48438
48443
48446
48447
48449
48450
48451
48459
48461
48462
48463
48464
48467
48468
48470
48471
48472
48474
48476
48477
48481
48486
48491
48495
48497
48498
48499
48500
48501
48502
48506
48508
48514
48515
48516
48517
48520
48521
48522
48530
48532
48534
48535
48538
48540
48541
48542
48546
48548
48550
48552
48555
48558
48559
48561
48563
48568
48569
48570
48573
48578
48580
48581
48582
48583
48587
48588
48590
48591
48592
48595
48597
48599
48601
48602
48606
48611
48612
48613
48614
48616
48617
48618
48619
48620
48622
48624
48627
48630
48634
48635
48640
48641
48642
48643
48644
48647
48649
48650
48651
48655
48656
48658
48660
48661
48665
48667
48672
48675
48677
48680
48681
48683
48684
48685
48686
48687
48688
48689
48690
48693
48695
48697
48700
48702
48704
48706
48707
48708
48709
48711
48713
48714
48715
48718
48719
48723
48726
48729
48730
48735
48737
48739
48740
48741
48744
48747
48748
48750
48751
48752
48753
48755
48758
48761
48762
48763
48764
48766
48767
48769
48771
48775
48776
48778
48779
48780
48789
48792
48793
48795
48797
48798
48802
48803
48804
48805
48807
48809
48810
48811
48813
48815
48816
48818
48820
48821
48822
48823
48824
48825
48826
48827
48828
48831
48832
48833
48834
48836
48838
48839
48840
48843
48844
48846
48847
48849
48850
48851
48852
48854
48855
48856
48863
48864
48868
48869
48871
48875
48880
48882
48884
48885
48886
48887
48890
48892
48894
48896
48898
48904
48906
48908
48911
48915
48917
48918
48919
48921
48922
48925
48926
48928
48930
48931
48934
48935
48937
48939
48940
48942
48945
48949
48953
48954
48955
48956
48958
48959
48961
48962
48965
48966
48967
48970
48978
48979
48981
48982
48983
48984
48985
48987
48988
48989
48990
48991
48992
48996
48997
48998
49001
49002
49004
49007
49008
49009
49011
49012
49014
49015
49024
49026
49030
49033
49034
49037
49038
49039
49041
49045
49048
49052
49053
49054
49056
49057
49058
49061
49063
49067
49068
49069
49074
49075
49076
49077
49079
49083
49085
49088
49091
49092
49093
49095
49096
49097
49102
49104
49108
49110
49113
49114
49115
49117
49118
49121
49122
49123
49125
49126
49127
49128
49129
49130
49131
49132
49134
49138
49139
49140
49142
49143
49146
49147
49148
49152
49153
49155
49156
49158
49161
49164
49166
49167
49169
49172
49173
49174
49176
49177
49180
49185
49189
49191
49192
49194
49196
49197
49198
49201
49202
49204
49206
49208
49211
49212
49213
49215
49220
49222
49225
49226
49228
49229
49230
49231
49232
49233
49235
49236
49239
49240
49241
49244
49246
49247
49248
49252
49253
49256
49262
49263
49265
49268
49269
49271
49272
49273
49274
49275
49277
49280
49281
49282
49284
49285
49286
49290
49292
49295
49296
49299
49300
49303
49304
49305
49306
49307
49309
49310
49314
49315
49316
49317
49322
49325
49329
49331
49332
49334
49335
49337
49338
49339
49340
49344
49346
49347
49348
49349
49353
49355
49356
49359
49360
49362
49363
49364
49365
49370
49372
49373
49375
49376
49379
49383
49385
49395
49396
49397
49400
49401
49402
49403
49404
49405
49407
49413
49414
49415
49416
49419
49420
49424
49425
49428
49429
49430
49431
49432
49433
49435
49440
49442
49444
49445
49447
49454
49457
49458
49460
49464
49465
49467
49469
49470
49471
49472
49474
49476
49477
49478
49480
49481
49482
49483
49484
49485
49486
49487
49489
49490
49491
49493
49494
49498
49501
49503
49505
49508
49511
49513
49516
49517
49519
49520
49521
49524
49528
49529
49530
49531
49532
49533
49534
49538
49541
49542
49545
49546
49549
49550
49555
49556
49557
49560
49561
49563
49567
49570
49571
49572
49573
49574
49575
49577
49580
49585
49588
49589
49591
49592
49593
49595
49596
49602
49603
49606
49609
49610
49612
49617
49618
49622
49624
49626
49629
49633
49635
49638
49641
49642
49644
49645
49648
49650
49653
49656
49657
49660
49661
49662
49663
49669
49673
49675
49676
49679
49680
49681
49683
49684
49686
49687
49688
49690
49694
49695
49697
49698
49700
49702
49703
49709
49710
49711
49712
49713
49714
49716
49717
49723
49724
49726
49729
49731
49732
49734
49743
49744
49747
49749
49750
49753
49755
49756
49759
49762
49765
49766
49768
49769
49770
49771
49772
49774
49776
49781
49783
49787
49788
49793
49796
49802
49803
49804
49805
49806
49808
49809
49812
49813
49816
49818
49820
49821
49822
49824
49825
49826
49828
49833
49839
49840
49841
49842
49843
49844
49846
49847
49851
49854
49855
49857
49864
49869
49873
49875
49876
49878
49880
49882
49883
49887
49888
49890
49891
49894
49899
49900
49904
49905
49907
49908
49912
49914
49915
49919
49921
49924
49925
49926
49927
49928
49929
49930
49931
49933
49936
49937
49938
49940
49941
49947
49949
49951
49952
49958
49960
49961
49962
49963
49965
49966
49970
49971
49980
49982
49983
49986
49988
49989
49991
49992
49994
49995
49996
49998
49999
